rank,neighbor_sample_id,distance,target_value,shared_feature_count,shared_feature_examples,top_weighted_shared_features,query_sample_id,target_property,scenario,method
1,petroleum_fraction_db_009,0.308593,0.8498,74,gc_fid:pca:pc1; gc_fid:pca:pc2; gc_fid:pca:pc3; gc_fid:pca:pc4; gc_fid:pca:pc5; gc_fid:pls:bp_20:lv1; gc_fid:pls:bp_20:lv2; gc_fid:pls:bp_20:lv3; gc_fid:pls:bp_20:lv4; gc_fid:pls:bp_35:lv1; gc_fid:pls:bp_35:lv2; gc_fid:pls:bp_35:lv3,gc_fid:pca:pc1(1.000); gc_fid:pca:pc2(1.000); gc_fid:pca:pc3(1.000); gc_fid:pca:pc4(1.000); gc_fid:pca:pc5(1.000); gc_fid:pls:bp_20:lv1(1.000); gc_fid:pls:bp_20:lv2(1.000); gc_fid:pls:bp_20:lv3(1.000),petroleum_fraction_db_007,density_20c,analysis_only,equal_weight
2,petroleum_fraction_db_031,0.413172,0.8653,74,gc_fid:pca:pc1; gc_fid:pca:pc2; gc_fid:pca:pc3; gc_fid:pca:pc4; gc_fid:pca:pc5; gc_fid:pls:bp_20:lv1; gc_fid:pls:bp_20:lv2; gc_fid:pls:bp_20:lv3; gc_fid:pls:bp_20:lv4; gc_fid:pls:bp_35:lv1; gc_fid:pls:bp_35:lv2; gc_fid:pls:bp_35:lv3,gc_fid:pca:pc1(1.000); gc_fid:pca:pc2(1.000); gc_fid:pca:pc3(1.000); gc_fid:pca:pc4(1.000); gc_fid:pca:pc5(1.000); gc_fid:pls:bp_20:lv1(1.000); gc_fid:pls:bp_20:lv2(1.000); gc_fid:pls:bp_20:lv3(1.000),petroleum_fraction_db_007,density_20c,analysis_only,equal_weight
3,petroleum_fraction_db_035,0.496066,0.9004,74,gc_fid:pca:pc1; gc_fid:pca:pc2; gc_fid:pca:pc3; gc_fid:pca:pc4; gc_fid:pca:pc5; gc_fid:pls:bp_20:lv1; gc_fid:pls:bp_20:lv2; gc_fid:pls:bp_20:lv3; gc_fid:pls:bp_20:lv4; gc_fid:pls:bp_35:lv1; gc_fid:pls:bp_35:lv2; gc_fid:pls:bp_35:lv3,gc_fid:pca:pc1(1.000); gc_fid:pca:pc2(1.000); gc_fid:pca:pc3(1.000); gc_fid:pca:pc4(1.000); gc_fid:pca:pc5(1.000); gc_fid:pls:bp_20:lv1(1.000); gc_fid:pls:bp_20:lv2(1.000); gc_fid:pls:bp_20:lv3(1.000),petroleum_fraction_db_007,density_20c,analysis_only,equal_weight
4,petroleum_fraction_db_026,0.558906,0.8348,33,gc_fid:pca:pc1; gc_fid:pca:pc2; gc_fid:pca:pc3; gc_fid:pca:pc4; gc_fid:pca:pc5; gc_fid:pls:bp_20:lv1; gc_fid:pls:bp_20:lv2; gc_fid:pls:bp_20:lv3; gc_fid:pls:bp_20:lv4; gc_fid:pls:bp_35:lv1; gc_fid:pls:bp_35:lv2; gc_fid:pls:bp_35:lv3,gc_fid:pca:pc1(1.000); gc_fid:pca:pc2(1.000); gc_fid:pca:pc3(1.000); gc_fid:pca:pc4(1.000); gc_fid:pca:pc5(1.000); gc_fid:pls:bp_20:lv1(1.000); gc_fid:pls:bp_20:lv2(1.000); gc_fid:pls:bp_20:lv3(1.000),petroleum_fraction_db_007,density_20c,analysis_only,equal_weight
1,petroleum_fraction_db_009,0.345293,0.8498,74,gc_fid:pca:pc1; gc_fid:pca:pc2; gc_fid:pca:pc3; gc_fid:pca:pc4; gc_fid:pca:pc5; gc_fid:pls:bp_20:lv1; gc_fid:pls:bp_20:lv2; gc_fid:pls:bp_20:lv3; gc_fid:pls:bp_20:lv4; gc_fid:pls:bp_35:lv1; gc_fid:pls:bp_35:lv2; gc_fid:pls:bp_35:lv3,ir:weighted_x_q90(0.728); ir_spectrum:pls:density_20c:lv2(0.727); ir_spectrum:pls:saturates:lv2(0.716); ir_spectrum:pls:density_20c:lv1(0.649); ir_spectrum:pls:saturates:lv1(0.629); ir_spectrum:pls:bp_35:lv1(0.628); ir_spectrum:pca:pc1(0.615); ir_spectrum:pls:bp_65:lv1(0.615),petroleum_fraction_db_007,density_20c,analysis_only,correlation_weighted
2,petroleum_fraction_db_031,0.425972,0.8653,74,gc_fid:pca:pc1; gc_fid:pca:pc2; gc_fid:pca:pc3; gc_fid:pca:pc4; gc_fid:pca:pc5; gc_fid:pls:bp_20:lv1; gc_fid:pls:bp_20:lv2; gc_fid:pls:bp_20:lv3; gc_fid:pls:bp_20:lv4; gc_fid:pls:bp_35:lv1; gc_fid:pls:bp_35:lv2; gc_fid:pls:bp_35:lv3,ir:weighted_x_q90(0.728); ir_spectrum:pls:density_20c:lv2(0.727); ir_spectrum:pls:saturates:lv2(0.716); ir_spectrum:pls:density_20c:lv1(0.649); ir_spectrum:pls:saturates:lv1(0.629); ir_spectrum:pls:bp_35:lv1(0.628); ir_spectrum:pca:pc1(0.615); ir_spectrum:pls:bp_65:lv1(0.615),petroleum_fraction_db_007,density_20c,analysis_only,correlation_weighted
3,petroleum_fraction_db_066,0.509441,0.8712,74,gc_fid:pca:pc1; gc_fid:pca:pc2; gc_fid:pca:pc3; gc_fid:pca:pc4; gc_fid:pca:pc5; gc_fid:pls:bp_20:lv1; gc_fid:pls:bp_20:lv2; gc_fid:pls:bp_20:lv3; gc_fid:pls:bp_20:lv4; gc_fid:pls:bp_35:lv1; gc_fid:pls:bp_35:lv2; gc_fid:pls:bp_35:lv3,ir:weighted_x_q90(0.728); ir_spectrum:pls:density_20c:lv2(0.727); ir_spectrum:pls:saturates:lv2(0.716); ir_spectrum:pls:density_20c:lv1(0.649); ir_spectrum:pls:saturates:lv1(0.629); ir_spectrum:pls:bp_35:lv1(0.628); ir_spectrum:pca:pc1(0.615); ir_spectrum:pls:bp_65:lv1(0.615),petroleum_fraction_db_007,density_20c,analysis_only,correlation_weighted
4,petroleum_fraction_db_035,0.511669,0.9004,74,gc_fid:pca:pc1; gc_fid:pca:pc2; gc_fid:pca:pc3; gc_fid:pca:pc4; gc_fid:pca:pc5; gc_fid:pls:bp_20:lv1; gc_fid:pls:bp_20:lv2; gc_fid:pls:bp_20:lv3; gc_fid:pls:bp_20:lv4; gc_fid:pls:bp_35:lv1; gc_fid:pls:bp_35:lv2; gc_fid:pls:bp_35:lv3,ir:weighted_x_q90(0.728); ir_spectrum:pls:density_20c:lv2(0.727); ir_spectrum:pls:saturates:lv2(0.716); ir_spectrum:pls:density_20c:lv1(0.649); ir_spectrum:pls:saturates:lv1(0.629); ir_spectrum:pls:bp_35:lv1(0.628); ir_spectrum:pca:pc1(0.615); ir_spectrum:pls:bp_65:lv1(0.615),petroleum_fraction_db_007,density_20c,analysis_only,correlation_weighted
1,petroleum_fraction_db_009,0.29803,0.8498,80,bulk_property:bp_20; bulk_property:bp_35; bulk_property:bp_50; bulk_property:bp_65; bulk_property:bp_80; bulk_property:saturates; gc_fid:pca:pc1; gc_fid:pca:pc2; gc_fid:pca:pc3; gc_fid:pca:pc4; gc_fid:pca:pc5; gc_fid:pls:bp_20:lv1,bulk_property:bp_20(1.000); bulk_property:bp_35(1.000); bulk_property:bp_50(1.000); bulk_property:bp_65(1.000); bulk_property:bp_80(1.000); bulk_property:saturates(1.000); gc_fid:pca:pc1(1.000); gc_fid:pca:pc2(1.000),petroleum_fraction_db_007,density_20c,analysis_plus_non_target_bulk,equal_weight
2,petroleum_fraction_db_031,0.417917,0.8653,80,bulk_property:bp_20; bulk_property:bp_35; bulk_property:bp_50; bulk_property:bp_65; bulk_property:bp_80; bulk_property:saturates; gc_fid:pca:pc1; gc_fid:pca:pc2; gc_fid:pca:pc3; gc_fid:pca:pc4; gc_fid:pca:pc5; gc_fid:pls:bp_20:lv1,bulk_property:bp_20(1.000); bulk_property:bp_35(1.000); bulk_property:bp_50(1.000); bulk_property:bp_65(1.000); bulk_property:bp_80(1.000); bulk_property:saturates(1.000); gc_fid:pca:pc1(1.000); gc_fid:pca:pc2(1.000),petroleum_fraction_db_007,density_20c,analysis_plus_non_target_bulk,equal_weight
3,petroleum_fraction_db_026,0.514985,0.8348,39,bulk_property:bp_20; bulk_property:bp_35; bulk_property:bp_50; bulk_property:bp_65; bulk_property:bp_80; bulk_property:saturates; gc_fid:pca:pc1; gc_fid:pca:pc2; gc_fid:pca:pc3; gc_fid:pca:pc4; gc_fid:pca:pc5; gc_fid:pls:bp_20:lv1,bulk_property:bp_20(1.000); bulk_property:bp_35(1.000); bulk_property:bp_50(1.000); bulk_property:bp_65(1.000); bulk_property:bp_80(1.000); bulk_property:saturates(1.000); gc_fid:pca:pc1(1.000); gc_fid:pca:pc2(1.000),petroleum_fraction_db_007,density_20c,analysis_plus_non_target_bulk,equal_weight
4,petroleum_fraction_db_035,0.528596,0.9004,80,bulk_property:bp_20; bulk_property:bp_35; bulk_property:bp_50; bulk_property:bp_65; bulk_property:bp_80; bulk_property:saturates; gc_fid:pca:pc1; gc_fid:pca:pc2; gc_fid:pca:pc3; gc_fid:pca:pc4; gc_fid:pca:pc5; gc_fid:pls:bp_20:lv1,bulk_property:bp_20(1.000); bulk_property:bp_35(1.000); bulk_property:bp_50(1.000); bulk_property:bp_65(1.000); bulk_property:bp_80(1.000); bulk_property:saturates(1.000); gc_fid:pca:pc1(1.000); gc_fid:pca:pc2(1.000),petroleum_fraction_db_007,density_20c,analysis_plus_non_target_bulk,equal_weight
1,petroleum_fraction_db_009,0.328162,0.8498,80,bulk_property:bp_20; bulk_property:bp_35; bulk_property:bp_50; bulk_property:bp_65; bulk_property:bp_80; bulk_property:saturates; gc_fid:pca:pc1; gc_fid:pca:pc2; gc_fid:pca:pc3; gc_fid:pca:pc4; gc_fid:pca:pc5; gc_fid:pls:bp_20:lv1,bulk_property:saturates(0.895); ir:weighted_x_q90(0.728); ir_spectrum:pls:density_20c:lv2(0.727); ir_spectrum:pls:saturates:lv2(0.716); ir_spectrum:pls:density_20c:lv1(0.649); ir_spectrum:pls:saturates:lv1(0.629); ir_spectrum:pls:bp_35:lv1(0.628); ir_spectrum:pca:pc1(0.615),petroleum_fraction_db_007,density_20c,analysis_plus_non_target_bulk,correlation_weighted
2,petroleum_fraction_db_031,0.432284,0.8653,80,bulk_property:bp_20; bulk_property:bp_35; bulk_property:bp_50; bulk_property:bp_65; bulk_property:bp_80; bulk_property:saturates; gc_fid:pca:pc1; gc_fid:pca:pc2; gc_fid:pca:pc3; gc_fid:pca:pc4; gc_fid:pca:pc5; gc_fid:pls:bp_20:lv1,bulk_property:saturates(0.895); ir:weighted_x_q90(0.728); ir_spectrum:pls:density_20c:lv2(0.727); ir_spectrum:pls:saturates:lv2(0.716); ir_spectrum:pls:density_20c:lv1(0.649); ir_spectrum:pls:saturates:lv1(0.629); ir_spectrum:pls:bp_35:lv1(0.628); ir_spectrum:pca:pc1(0.615),petroleum_fraction_db_007,density_20c,analysis_plus_non_target_bulk,correlation_weighted
3,petroleum_fraction_db_026,0.473741,0.8348,39,bulk_property:bp_20; bulk_property:bp_35; bulk_property:bp_50; bulk_property:bp_65; bulk_property:bp_80; bulk_property:saturates; gc_fid:pca:pc1; gc_fid:pca:pc2; gc_fid:pca:pc3; gc_fid:pca:pc4; gc_fid:pca:pc5; gc_fid:pls:bp_20:lv1,bulk_property:saturates(0.895); gc_fid:pls:density_20c:lv3(0.478); bulk_property:bp_80(0.449); bulk_property:bp_65(0.439); bulk_property:bp_50(0.425); bulk_property:bp_35(0.415); gc_fid:pls:density_20c:lv1(0.413); bulk_property:bp_20(0.398),petroleum_fraction_db_007,density_20c,analysis_plus_non_target_bulk,correlation_weighted
4,petroleum_fraction_db_066,0.504099,0.8712,80,bulk_property:bp_20; bulk_property:bp_35; bulk_property:bp_50; bulk_property:bp_65; bulk_property:bp_80; bulk_property:saturates; gc_fid:pca:pc1; gc_fid:pca:pc2; gc_fid:pca:pc3; gc_fid:pca:pc4; gc_fid:pca:pc5; gc_fid:pls:bp_20:lv1,bulk_property:saturates(0.895); ir:weighted_x_q90(0.728); ir_spectrum:pls:density_20c:lv2(0.727); ir_spectrum:pls:saturates:lv2(0.716); ir_spectrum:pls:density_20c:lv1(0.649); ir_spectrum:pls:saturates:lv1(0.629); ir_spectrum:pls:bp_35:lv1(0.628); ir_spectrum:pca:pc1(0.615),petroleum_fraction_db_007,density_20c,analysis_plus_non_target_bulk,correlation_weighted
1,petroleum_fraction_db_009,0.308593,88.64878937776648,74,gc_fid:pca:pc1; gc_fid:pca:pc2; gc_fid:pca:pc3; gc_fid:pca:pc4; gc_fid:pca:pc5; gc_fid:pls:bp_20:lv1; gc_fid:pls:bp_20:lv2; gc_fid:pls:bp_20:lv3; gc_fid:pls:bp_20:lv4; gc_fid:pls:bp_35:lv1; gc_fid:pls:bp_35:lv2; gc_fid:pls:bp_35:lv3,gc_fid:pca:pc1(1.000); gc_fid:pca:pc2(1.000); gc_fid:pca:pc3(1.000); gc_fid:pca:pc4(1.000); gc_fid:pca:pc5(1.000); gc_fid:pls:bp_20:lv1(1.000); gc_fid:pls:bp_20:lv2(1.000); gc_fid:pls:bp_20:lv3(1.000),petroleum_fraction_db_007,saturates,analysis_only,equal_weight
2,petroleum_fraction_db_031,0.413172,84.03912079048061,74,gc_fid:pca:pc1; gc_fid:pca:pc2; gc_fid:pca:pc3; gc_fid:pca:pc4; gc_fid:pca:pc5; gc_fid:pls:bp_20:lv1; gc_fid:pls:bp_20:lv2; gc_fid:pls:bp_20:lv3; gc_fid:pls:bp_20:lv4; gc_fid:pls:bp_35:lv1; gc_fid:pls:bp_35:lv2; gc_fid:pls:bp_35:lv3,gc_fid:pca:pc1(1.000); gc_fid:pca:pc2(1.000); gc_fid:pca:pc3(1.000); gc_fid:pca:pc4(1.000); gc_fid:pca:pc5(1.000); gc_fid:pls:bp_20:lv1(1.000); gc_fid:pls:bp_20:lv2(1.000); gc_fid:pls:bp_20:lv3(1.000),petroleum_fraction_db_007,saturates,analysis_only,equal_weight
3,petroleum_fraction_db_035,0.496066,71.55463275369856,74,gc_fid:pca:pc1; gc_fid:pca:pc2; gc_fid:pca:pc3; gc_fid:pca:pc4; gc_fid:pca:pc5; gc_fid:pls:bp_20:lv1; gc_fid:pls:bp_20:lv2; gc_fid:pls:bp_20:lv3; gc_fid:pls:bp_20:lv4; gc_fid:pls:bp_35:lv1; gc_fid:pls:bp_35:lv2; gc_fid:pls:bp_35:lv3,gc_fid:pca:pc1(1.000); gc_fid:pca:pc2(1.000); gc_fid:pca:pc3(1.000); gc_fid:pca:pc4(1.000); gc_fid:pca:pc5(1.000); gc_fid:pls:bp_20:lv1(1.000); gc_fid:pls:bp_20:lv2(1.000); gc_fid:pls:bp_20:lv3(1.000),petroleum_fraction_db_007,saturates,analysis_only,equal_weight
4,petroleum_fraction_db_026,0.558906,96.2717114725061,33,gc_fid:pca:pc1; gc_fid:pca:pc2; gc_fid:pca:pc3; gc_fid:pca:pc4; gc_fid:pca:pc5; gc_fid:pls:bp_20:lv1; gc_fid:pls:bp_20:lv2; gc_fid:pls:bp_20:lv3; gc_fid:pls:bp_20:lv4; gc_fid:pls:bp_35:lv1; gc_fid:pls:bp_35:lv2; gc_fid:pls:bp_35:lv3,gc_fid:pca:pc1(1.000); gc_fid:pca:pc2(1.000); gc_fid:pca:pc3(1.000); gc_fid:pca:pc4(1.000); gc_fid:pca:pc5(1.000); gc_fid:pls:bp_20:lv1(1.000); gc_fid:pls:bp_20:lv2(1.000); gc_fid:pls:bp_20:lv3(1.000),petroleum_fraction_db_007,saturates,analysis_only,equal_weight
1,petroleum_fraction_db_009,0.354559,88.64878937776648,74,gc_fid:pca:pc1; gc_fid:pca:pc2; gc_fid:pca:pc3; gc_fid:pca:pc4; gc_fid:pca:pc5; gc_fid:pls:bp_20:lv1; gc_fid:pls:bp_20:lv2; gc_fid:pls:bp_20:lv3; gc_fid:pls:bp_20:lv4; gc_fid:pls:bp_35:lv1; gc_fid:pls:bp_35:lv2; gc_fid:pls:bp_35:lv3,ir:weighted_x_q90(0.703); ir_spectrum:pls:density_20c:lv1(0.668); ir_spectrum:pls:saturates:lv1(0.668); ir_spectrum:pca:pc1(0.656); ir:weighted_x_mean(0.613); ir_spectrum:pls:bp_80:lv1(0.577); ir_spectrum:pls:saturates:lv2(0.568); ir:weighted_x_q50(0.567),petroleum_fraction_db_007,saturates,analysis_only,correlation_weighted
2,petroleum_fraction_db_031,0.417865,84.03912079048061,74,gc_fid:pca:pc1; gc_fid:pca:pc2; gc_fid:pca:pc3; gc_fid:pca:pc4; gc_fid:pca:pc5; gc_fid:pls:bp_20:lv1; gc_fid:pls:bp_20:lv2; gc_fid:pls:bp_20:lv3; gc_fid:pls:bp_20:lv4; gc_fid:pls:bp_35:lv1; gc_fid:pls:bp_35:lv2; gc_fid:pls:bp_35:lv3,ir:weighted_x_q90(0.703); ir_spectrum:pls:density_20c:lv1(0.668); ir_spectrum:pls:saturates:lv1(0.668); ir_spectrum:pca:pc1(0.656); ir:weighted_x_mean(0.613); ir_spectrum:pls:bp_80:lv1(0.577); ir_spectrum:pls:saturates:lv2(0.568); ir:weighted_x_q50(0.567),petroleum_fraction_db_007,saturates,analysis_only,correlation_weighted
3,petroleum_fraction_db_035,0.511471,71.55463275369856,74,gc_fid:pca:pc1; gc_fid:pca:pc2; gc_fid:pca:pc3; gc_fid:pca:pc4; gc_fid:pca:pc5; gc_fid:pls:bp_20:lv1; gc_fid:pls:bp_20:lv2; gc_fid:pls:bp_20:lv3; gc_fid:pls:bp_20:lv4; gc_fid:pls:bp_35:lv1; gc_fid:pls:bp_35:lv2; gc_fid:pls:bp_35:lv3,ir:weighted_x_q90(0.703); ir_spectrum:pls:density_20c:lv1(0.668); ir_spectrum:pls:saturates:lv1(0.668); ir_spectrum:pca:pc1(0.656); ir:weighted_x_mean(0.613); ir_spectrum:pls:bp_80:lv1(0.577); ir_spectrum:pls:saturates:lv2(0.568); ir:weighted_x_q50(0.567),petroleum_fraction_db_007,saturates,analysis_only,correlation_weighted
4,petroleum_fraction_db_026,0.518571,96.2717114725061,33,gc_fid:pca:pc1; gc_fid:pca:pc2; gc_fid:pca:pc3; gc_fid:pca:pc4; gc_fid:pca:pc5; gc_fid:pls:bp_20:lv1; gc_fid:pls:bp_20:lv2; gc_fid:pls:bp_20:lv3; gc_fid:pls:bp_20:lv4; gc_fid:pls:bp_35:lv1; gc_fid:pls:bp_35:lv2; gc_fid:pls:bp_35:lv3,gc_fid:pca:pc3(0.469); gc_fid:pls:bp_65:lv2(0.447); gc_fid:pls:bp_80:lv2(0.447); gc_fid:pls:bp_50:lv2(0.440); gc_fid:pls:density_20c:lv2(0.431); gc_fid:pls:bp_35:lv2(0.431); gc_fid:pls:bp_20:lv2(0.413); gc_fid:pls:density_20c:lv1(0.386),petroleum_fraction_db_007,saturates,analysis_only,correlation_weighted
1,petroleum_fraction_db_009,0.302101,88.64878937776648,80,bulk_property:bp_20; bulk_property:bp_35; bulk_property:bp_50; bulk_property:bp_65; bulk_property:bp_80; bulk_property:density_20c; gc_fid:pca:pc1; gc_fid:pca:pc2; gc_fid:pca:pc3; gc_fid:pca:pc4; gc_fid:pca:pc5; gc_fid:pls:bp_20:lv1,bulk_property:bp_20(1.000); bulk_property:bp_35(1.000); bulk_property:bp_50(1.000); bulk_property:bp_65(1.000); bulk_property:bp_80(1.000); bulk_property:density_20c(1.000); gc_fid:pca:pc1(1.000); gc_fid:pca:pc2(1.000),petroleum_fraction_db_007,saturates,analysis_plus_non_target_bulk,equal_weight
2,petroleum_fraction_db_031,0.414685,84.03912079048061,80,bulk_property:bp_20; bulk_property:bp_35; bulk_property:bp_50; bulk_property:bp_65; bulk_property:bp_80; bulk_property:density_20c; gc_fid:pca:pc1; gc_fid:pca:pc2; gc_fid:pca:pc3; gc_fid:pca:pc4; gc_fid:pca:pc5; gc_fid:pls:bp_20:lv1,bulk_property:bp_20(1.000); bulk_property:bp_35(1.000); bulk_property:bp_50(1.000); bulk_property:bp_65(1.000); bulk_property:bp_80(1.000); bulk_property:density_20c(1.000); gc_fid:pca:pc1(1.000); gc_fid:pca:pc2(1.000),petroleum_fraction_db_007,saturates,analysis_plus_non_target_bulk,equal_weight
3,petroleum_fraction_db_035,0.513004,71.55463275369856,80,bulk_property:bp_20; bulk_property:bp_35; bulk_property:bp_50; bulk_property:bp_65; bulk_property:bp_80; bulk_property:density_20c; gc_fid:pca:pc1; gc_fid:pca:pc2; gc_fid:pca:pc3; gc_fid:pca:pc4; gc_fid:pca:pc5; gc_fid:pls:bp_20:lv1,bulk_property:bp_20(1.000); bulk_property:bp_35(1.000); bulk_property:bp_50(1.000); bulk_property:bp_65(1.000); bulk_property:bp_80(1.000); bulk_property:density_20c(1.000); gc_fid:pca:pc1(1.000); gc_fid:pca:pc2(1.000),petroleum_fraction_db_007,saturates,analysis_plus_non_target_bulk,equal_weight
4,petroleum_fraction_db_026,0.528473,96.2717114725061,39,bulk_property:bp_20; bulk_property:bp_35; bulk_property:bp_50; bulk_property:bp_65; bulk_property:bp_80; bulk_property:density_20c; gc_fid:pca:pc1; gc_fid:pca:pc2; gc_fid:pca:pc3; gc_fid:pca:pc4; gc_fid:pca:pc5; gc_fid:pls:bp_20:lv1,bulk_property:bp_20(1.000); bulk_property:bp_35(1.000); bulk_property:bp_50(1.000); bulk_property:bp_65(1.000); bulk_property:bp_80(1.000); bulk_property:density_20c(1.000); gc_fid:pca:pc1(1.000); gc_fid:pca:pc2(1.000),petroleum_fraction_db_007,saturates,analysis_plus_non_target_bulk,equal_weight
1,petroleum_fraction_db_009,0.347395,88.64878937776648,80,bulk_property:bp_20; bulk_property:bp_35; bulk_property:bp_50; bulk_property:bp_65; bulk_property:bp_80; bulk_property:density_20c; gc_fid:pca:pc1; gc_fid:pca:pc2; gc_fid:pca:pc3; gc_fid:pca:pc4; gc_fid:pca:pc5; gc_fid:pls:bp_20:lv1,bulk_property:density_20c(0.895); ir:weighted_x_q90(0.703); ir_spectrum:pls:density_20c:lv1(0.668); ir_spectrum:pls:saturates:lv1(0.668); ir_spectrum:pca:pc1(0.656); ir:weighted_x_mean(0.613); ir_spectrum:pls:bp_80:lv1(0.577); ir_spectrum:pls:saturates:lv2(0.568),petroleum_fraction_db_007,saturates,analysis_plus_non_target_bulk,correlation_weighted
2,petroleum_fraction_db_031,0.417002,84.03912079048061,80,bulk_property:bp_20; bulk_property:bp_35; bulk_property:bp_50; bulk_property:bp_65; bulk_property:bp_80; bulk_property:density_20c; gc_fid:pca:pc1; gc_fid:pca:pc2; gc_fid:pca:pc3; gc_fid:pca:pc4; gc_fid:pca:pc5; gc_fid:pls:bp_20:lv1,bulk_property:density_20c(0.895); ir:weighted_x_q90(0.703); ir_spectrum:pls:density_20c:lv1(0.668); ir_spectrum:pls:saturates:lv1(0.668); ir_spectrum:pca:pc1(0.656); ir:weighted_x_mean(0.613); ir_spectrum:pls:bp_80:lv1(0.577); ir_spectrum:pls:saturates:lv2(0.568),petroleum_fraction_db_007,saturates,analysis_plus_non_target_bulk,correlation_weighted
3,petroleum_fraction_db_026,0.504798,96.2717114725061,39,bulk_property:bp_20; bulk_property:bp_35; bulk_property:bp_50; bulk_property:bp_65; bulk_property:bp_80; bulk_property:density_20c; gc_fid:pca:pc1; gc_fid:pca:pc2; gc_fid:pca:pc3; gc_fid:pca:pc4; gc_fid:pca:pc5; gc_fid:pls:bp_20:lv1,bulk_property:density_20c(0.895); gc_fid:pca:pc3(0.469); bulk_property:bp_80(0.451); gc_fid:pls:bp_65:lv2(0.447); gc_fid:pls:bp_80:lv2(0.447); gc_fid:pls:bp_50:lv2(0.440); gc_fid:pls:density_20c:lv2(0.431); gc_fid:pls:bp_35:lv2(0.431),petroleum_fraction_db_007,saturates,analysis_plus_non_target_bulk,correlation_weighted
4,petroleum_fraction_db_066,0.521091,90.26486049332767,80,bulk_property:bp_20; bulk_property:bp_35; bulk_property:bp_50; bulk_property:bp_65; bulk_property:bp_80; bulk_property:density_20c; gc_fid:pca:pc1; gc_fid:pca:pc2; gc_fid:pca:pc3; gc_fid:pca:pc4; gc_fid:pca:pc5; gc_fid:pls:bp_20:lv1,bulk_property:density_20c(0.895); ir:weighted_x_q90(0.703); ir_spectrum:pls:density_20c:lv1(0.668); ir_spectrum:pls:saturates:lv1(0.668); ir_spectrum:pca:pc1(0.656); ir:weighted_x_mean(0.613); ir_spectrum:pls:bp_80:lv1(0.577); ir_spectrum:pls:saturates:lv2(0.568),petroleum_fraction_db_007,saturates,analysis_plus_non_target_bulk,correlation_weighted
1,petroleum_fraction_db_009,0.308593,358.4,74,gc_fid:pca:pc1; gc_fid:pca:pc2; gc_fid:pca:pc3; gc_fid:pca:pc4; gc_fid:pca:pc5; gc_fid:pls:bp_20:lv1; gc_fid:pls:bp_20:lv2; gc_fid:pls:bp_20:lv3; gc_fid:pls:bp_20:lv4; gc_fid:pls:bp_35:lv1; gc_fid:pls:bp_35:lv2; gc_fid:pls:bp_35:lv3,gc_fid:pca:pc1(1.000); gc_fid:pca:pc2(1.000); gc_fid:pca:pc3(1.000); gc_fid:pca:pc4(1.000); gc_fid:pca:pc5(1.000); gc_fid:pls:bp_20:lv1(1.000); gc_fid:pls:bp_20:lv2(1.000); gc_fid:pls:bp_20:lv3(1.000),petroleum_fraction_db_007,BP_20,analysis_only,equal_weight
2,petroleum_fraction_db_031,0.413172,366.0,74,gc_fid:pca:pc1; gc_fid:pca:pc2; gc_fid:pca:pc3; gc_fid:pca:pc4; gc_fid:pca:pc5; gc_fid:pls:bp_20:lv1; gc_fid:pls:bp_20:lv2; gc_fid:pls:bp_20:lv3; gc_fid:pls:bp_20:lv4; gc_fid:pls:bp_35:lv1; gc_fid:pls:bp_35:lv2; gc_fid:pls:bp_35:lv3,gc_fid:pca:pc1(1.000); gc_fid:pca:pc2(1.000); gc_fid:pca:pc3(1.000); gc_fid:pca:pc4(1.000); gc_fid:pca:pc5(1.000); gc_fid:pls:bp_20:lv1(1.000); gc_fid:pls:bp_20:lv2(1.000); gc_fid:pls:bp_20:lv3(1.000),petroleum_fraction_db_007,BP_20,analysis_only,equal_weight
3,petroleum_fraction_db_035,0.496066,378.4,74,gc_fid:pca:pc1; gc_fid:pca:pc2; gc_fid:pca:pc3; gc_fid:pca:pc4; gc_fid:pca:pc5; gc_fid:pls:bp_20:lv1; gc_fid:pls:bp_20:lv2; gc_fid:pls:bp_20:lv3; gc_fid:pls:bp_20:lv4; gc_fid:pls:bp_35:lv1; gc_fid:pls:bp_35:lv2; gc_fid:pls:bp_35:lv3,gc_fid:pca:pc1(1.000); gc_fid:pca:pc2(1.000); gc_fid:pca:pc3(1.000); gc_fid:pca:pc4(1.000); gc_fid:pca:pc5(1.000); gc_fid:pls:bp_20:lv1(1.000); gc_fid:pls:bp_20:lv2(1.000); gc_fid:pls:bp_20:lv3(1.000),petroleum_fraction_db_007,BP_20,analysis_only,equal_weight
4,petroleum_fraction_db_026,0.558906,351.2,33,gc_fid:pca:pc1; gc_fid:pca:pc2; gc_fid:pca:pc3; gc_fid:pca:pc4; gc_fid:pca:pc5; gc_fid:pls:bp_20:lv1; gc_fid:pls:bp_20:lv2; gc_fid:pls:bp_20:lv3; gc_fid:pls:bp_20:lv4; gc_fid:pls:bp_35:lv1; gc_fid:pls:bp_35:lv2; gc_fid:pls:bp_35:lv3,gc_fid:pca:pc1(1.000); gc_fid:pca:pc2(1.000); gc_fid:pca:pc3(1.000); gc_fid:pca:pc4(1.000); gc_fid:pca:pc5(1.000); gc_fid:pls:bp_20:lv1(1.000); gc_fid:pls:bp_20:lv2(1.000); gc_fid:pls:bp_20:lv3(1.000),petroleum_fraction_db_007,BP_20,analysis_only,equal_weight
1,petroleum_fraction_db_009,0.295591,358.4,74,gc_fid:pca:pc1; gc_fid:pca:pc2; gc_fid:pca:pc3; gc_fid:pca:pc4; gc_fid:pca:pc5; gc_fid:pls:bp_20:lv1; gc_fid:pls:bp_20:lv2; gc_fid:pls:bp_20:lv3; gc_fid:pls:bp_20:lv4; gc_fid:pls:bp_35:lv1; gc_fid:pls:bp_35:lv2; gc_fid:pls:bp_35:lv3,gc_fid:pls:density_20c:lv1(0.948); gc_fid:pls:bp_20:lv1(0.940); gc_fid:pls:bp_35:lv1(0.939); gc_fid:pls:bp_50:lv1(0.938); gc_fid:pls:bp_65:lv1(0.936); gc_fid:pls:bp_80:lv1(0.934); gc_fid:pls:saturates:lv1(0.928); gc_fid:pca:pc1(0.914),petroleum_fraction_db_007,BP_20,analysis_only,correlation_weighted
2,petroleum_fraction_db_026,0.426596,351.2,33,gc_fid:pca:pc1; gc_fid:pca:pc2; gc_fid:pca:pc3; gc_fid:pca:pc4; gc_fid:pca:pc5; gc_fid:pls:bp_20:lv1; gc_fid:pls:bp_20:lv2; gc_fid:pls:bp_20:lv3; gc_fid:pls:bp_20:lv4; gc_fid:pls:bp_35:lv1; gc_fid:pls:bp_35:lv2; gc_fid:pls:bp_35:lv3,gc_fid:pls:density_20c:lv1(0.948); gc_fid:pls:bp_20:lv1(0.940); gc_fid:pls:bp_35:lv1(0.939); gc_fid:pls:bp_50:lv1(0.938); gc_fid:pls:bp_65:lv1(0.936); gc_fid:pls:bp_80:lv1(0.934); gc_fid:pls:saturates:lv1(0.928); gc_fid:pca:pc1(0.914),petroleum_fraction_db_007,BP_20,analysis_only,correlation_weighted
3,petroleum_fraction_db_031,0.444246,366.0,74,gc_fid:pca:pc1; gc_fid:pca:pc2; gc_fid:pca:pc3; gc_fid:pca:pc4; gc_fid:pca:pc5; gc_fid:pls:bp_20:lv1; gc_fid:pls:bp_20:lv2; gc_fid:pls:bp_20:lv3; gc_fid:pls:bp_20:lv4; gc_fid:pls:bp_35:lv1; gc_fid:pls:bp_35:lv2; gc_fid:pls:bp_35:lv3,gc_fid:pls:density_20c:lv1(0.948); gc_fid:pls:bp_20:lv1(0.940); gc_fid:pls:bp_35:lv1(0.939); gc_fid:pls:bp_50:lv1(0.938); gc_fid:pls:bp_65:lv1(0.936); gc_fid:pls:bp_80:lv1(0.934); gc_fid:pls:saturates:lv1(0.928); gc_fid:pca:pc1(0.914),petroleum_fraction_db_007,BP_20,analysis_only,correlation_weighted
4,petroleum_fraction_db_035,0.448284,378.4,74,gc_fid:pca:pc1; gc_fid:pca:pc2; gc_fid:pca:pc3; gc_fid:pca:pc4; gc_fid:pca:pc5; gc_fid:pls:bp_20:lv1; gc_fid:pls:bp_20:lv2; gc_fid:pls:bp_20:lv3; gc_fid:pls:bp_20:lv4; gc_fid:pls:bp_35:lv1; gc_fid:pls:bp_35:lv2; gc_fid:pls:bp_35:lv3,gc_fid:pls:density_20c:lv1(0.948); gc_fid:pls:bp_20:lv1(0.940); gc_fid:pls:bp_35:lv1(0.939); gc_fid:pls:bp_50:lv1(0.938); gc_fid:pls:bp_65:lv1(0.936); gc_fid:pls:bp_80:lv1(0.934); gc_fid:pls:saturates:lv1(0.928); gc_fid:pca:pc1(0.914),petroleum_fraction_db_007,BP_20,analysis_only,correlation_weighted
1,petroleum_fraction_db_009,0.302348,358.4,80,bulk_property:bp_35; bulk_property:bp_50; bulk_property:bp_65; bulk_property:bp_80; bulk_property:density_20c; bulk_property:saturates; gc_fid:pca:pc1; gc_fid:pca:pc2; gc_fid:pca:pc3; gc_fid:pca:pc4; gc_fid:pca:pc5; gc_fid:pls:bp_20:lv1,bulk_property:bp_35(1.000); bulk_property:bp_50(1.000); bulk_property:bp_65(1.000); bulk_property:bp_80(1.000); bulk_property:density_20c(1.000); bulk_property:saturates(1.000); gc_fid:pca:pc1(1.000); gc_fid:pca:pc2(1.000),petroleum_fraction_db_007,BP_20,analysis_plus_non_target_bulk,equal_weight
2,petroleum_fraction_db_031,0.417049,366.0,80,bulk_property:bp_35; bulk_property:bp_50; bulk_property:bp_65; bulk_property:bp_80; bulk_property:density_20c; bulk_property:saturates; gc_fid:pca:pc1; gc_fid:pca:pc2; gc_fid:pca:pc3; gc_fid:pca:pc4; gc_fid:pca:pc5; gc_fid:pls:bp_20:lv1,bulk_property:bp_35(1.000); bulk_property:bp_50(1.000); bulk_property:bp_65(1.000); bulk_property:bp_80(1.000); bulk_property:density_20c(1.000); bulk_property:saturates(1.000); gc_fid:pca:pc1(1.000); gc_fid:pca:pc2(1.000),petroleum_fraction_db_007,BP_20,analysis_plus_non_target_bulk,equal_weight
3,petroleum_fraction_db_035,0.530531,378.4,80,bulk_property:bp_35; bulk_property:bp_50; bulk_property:bp_65; bulk_property:bp_80; bulk_property:density_20c; bulk_property:saturates; gc_fid:pca:pc1; gc_fid:pca:pc2; gc_fid:pca:pc3; gc_fid:pca:pc4; gc_fid:pca:pc5; gc_fid:pls:bp_20:lv1,bulk_property:bp_35(1.000); bulk_property:bp_50(1.000); bulk_property:bp_65(1.000); bulk_property:bp_80(1.000); bulk_property:density_20c(1.000); bulk_property:saturates(1.000); gc_fid:pca:pc1(1.000); gc_fid:pca:pc2(1.000),petroleum_fraction_db_007,BP_20,analysis_plus_non_target_bulk,equal_weight
4,petroleum_fraction_db_026,0.531143,351.2,39,bulk_property:bp_35; bulk_property:bp_50; bulk_property:bp_65; bulk_property:bp_80; bulk_property:density_20c; bulk_property:saturates; gc_fid:pca:pc1; gc_fid:pca:pc2; gc_fid:pca:pc3; gc_fid:pca:pc4; gc_fid:pca:pc5; gc_fid:pls:bp_20:lv1,bulk_property:bp_35(1.000); bulk_property:bp_50(1.000); bulk_property:bp_65(1.000); bulk_property:bp_80(1.000); bulk_property:density_20c(1.000); bulk_property:saturates(1.000); gc_fid:pca:pc1(1.000); gc_fid:pca:pc2(1.000),petroleum_fraction_db_007,BP_20,analysis_plus_non_target_bulk,equal_weight
1,petroleum_fraction_db_009,0.279582,358.4,80,bulk_property:bp_35; bulk_property:bp_50; bulk_property:bp_65; bulk_property:bp_80; bulk_property:density_20c; bulk_property:saturates; gc_fid:pca:pc1; gc_fid:pca:pc2; gc_fid:pca:pc3; gc_fid:pca:pc4; gc_fid:pca:pc5; gc_fid:pls:bp_20:lv1,bulk_property:bp_35(1.040); bulk_property:bp_50(1.015); bulk_property:bp_65(0.986); gc_fid:pls:density_20c:lv1(0.948); gc_fid:pls:bp_20:lv1(0.940); gc_fid:pls:bp_35:lv1(0.939); bulk_property:bp_80(0.939); gc_fid:pls:bp_50:lv1(0.938),petroleum_fraction_db_007,BP_20,analysis_plus_non_target_bulk,correlation_weighted
2,petroleum_fraction_db_026,0.387161,351.2,39,bulk_property:bp_35; bulk_property:bp_50; bulk_property:bp_65; bulk_property:bp_80; bulk_property:density_20c; bulk_property:saturates; gc_fid:pca:pc1; gc_fid:pca:pc2; gc_fid:pca:pc3; gc_fid:pca:pc4; gc_fid:pca:pc5; gc_fid:pls:bp_20:lv1,bulk_property:bp_35(1.040); bulk_property:bp_50(1.015); bulk_property:bp_65(0.986); gc_fid:pls:density_20c:lv1(0.948); gc_fid:pls:bp_20:lv1(0.940); gc_fid:pls:bp_35:lv1(0.939); bulk_property:bp_80(0.939); gc_fid:pls:bp_50:lv1(0.938),petroleum_fraction_db_007,BP_20,analysis_plus_non_target_bulk,correlation_weighted
3,petroleum_fraction_db_029,0.450702,366.4,80,bulk_property:bp_35; bulk_property:bp_50; bulk_property:bp_65; bulk_property:bp_80; bulk_property:density_20c; bulk_property:saturates; gc_fid:pca:pc1; gc_fid:pca:pc2; gc_fid:pca:pc3; gc_fid:pca:pc4; gc_fid:pca:pc5; gc_fid:pls:bp_20:lv1,bulk_property:bp_35(1.040); bulk_property:bp_50(1.015); bulk_property:bp_65(0.986); gc_fid:pls:density_20c:lv1(0.948); gc_fid:pls:bp_20:lv1(0.940); gc_fid:pls:bp_35:lv1(0.939); bulk_property:bp_80(0.939); gc_fid:pls:bp_50:lv1(0.938),petroleum_fraction_db_007,BP_20,analysis_plus_non_target_bulk,correlation_weighted
4,petroleum_fraction_db_031,0.451599,366.0,80,bulk_property:bp_35; bulk_property:bp_50; bulk_property:bp_65; bulk_property:bp_80; bulk_property:density_20c; bulk_property:saturates; gc_fid:pca:pc1; gc_fid:pca:pc2; gc_fid:pca:pc3; gc_fid:pca:pc4; gc_fid:pca:pc5; gc_fid:pls:bp_20:lv1,bulk_property:bp_35(1.040); bulk_property:bp_50(1.015); bulk_property:bp_65(0.986); gc_fid:pls:density_20c:lv1(0.948); gc_fid:pls:bp_20:lv1(0.940); gc_fid:pls:bp_35:lv1(0.939); bulk_property:bp_80(0.939); gc_fid:pls:bp_50:lv1(0.938),petroleum_fraction_db_007,BP_20,analysis_plus_non_target_bulk,correlation_weighted
1,petroleum_fraction_db_009,0.308593,378.0,74,gc_fid:pca:pc1; gc_fid:pca:pc2; gc_fid:pca:pc3; gc_fid:pca:pc4; gc_fid:pca:pc5; gc_fid:pls:bp_20:lv1; gc_fid:pls:bp_20:lv2; gc_fid:pls:bp_20:lv3; gc_fid:pls:bp_20:lv4; gc_fid:pls:bp_35:lv1; gc_fid:pls:bp_35:lv2; gc_fid:pls:bp_35:lv3,gc_fid:pca:pc1(1.000); gc_fid:pca:pc2(1.000); gc_fid:pca:pc3(1.000); gc_fid:pca:pc4(1.000); gc_fid:pca:pc5(1.000); gc_fid:pls:bp_20:lv1(1.000); gc_fid:pls:bp_20:lv2(1.000); gc_fid:pls:bp_20:lv3(1.000),petroleum_fraction_db_007,BP_35,analysis_only,equal_weight
2,petroleum_fraction_db_031,0.413172,400.2,74,gc_fid:pca:pc1; gc_fid:pca:pc2; gc_fid:pca:pc3; gc_fid:pca:pc4; gc_fid:pca:pc5; gc_fid:pls:bp_20:lv1; gc_fid:pls:bp_20:lv2; gc_fid:pls:bp_20:lv3; gc_fid:pls:bp_20:lv4; gc_fid:pls:bp_35:lv1; gc_fid:pls:bp_35:lv2; gc_fid:pls:bp_35:lv3,gc_fid:pca:pc1(1.000); gc_fid:pca:pc2(1.000); gc_fid:pca:pc3(1.000); gc_fid:pca:pc4(1.000); gc_fid:pca:pc5(1.000); gc_fid:pls:bp_20:lv1(1.000); gc_fid:pls:bp_20:lv2(1.000); gc_fid:pls:bp_20:lv3(1.000),petroleum_fraction_db_007,BP_35,analysis_only,equal_weight
3,petroleum_fraction_db_035,0.496066,411.2,74,gc_fid:pca:pc1; gc_fid:pca:pc2; gc_fid:pca:pc3; gc_fid:pca:pc4; gc_fid:pca:pc5; gc_fid:pls:bp_20:lv1; gc_fid:pls:bp_20:lv2; gc_fid:pls:bp_20:lv3; gc_fid:pls:bp_20:lv4; gc_fid:pls:bp_35:lv1; gc_fid:pls:bp_35:lv2; gc_fid:pls:bp_35:lv3,gc_fid:pca:pc1(1.000); gc_fid:pca:pc2(1.000); gc_fid:pca:pc3(1.000); gc_fid:pca:pc4(1.000); gc_fid:pca:pc5(1.000); gc_fid:pls:bp_20:lv1(1.000); gc_fid:pls:bp_20:lv2(1.000); gc_fid:pls:bp_20:lv3(1.000),petroleum_fraction_db_007,BP_35,analysis_only,equal_weight
4,petroleum_fraction_db_026,0.558906,381.2,33,gc_fid:pca:pc1; gc_fid:pca:pc2; gc_fid:pca:pc3; gc_fid:pca:pc4; gc_fid:pca:pc5; gc_fid:pls:bp_20:lv1; gc_fid:pls:bp_20:lv2; gc_fid:pls:bp_20:lv3; gc_fid:pls:bp_20:lv4; gc_fid:pls:bp_35:lv1; gc_fid:pls:bp_35:lv2; gc_fid:pls:bp_35:lv3,gc_fid:pca:pc1(1.000); gc_fid:pca:pc2(1.000); gc_fid:pca:pc3(1.000); gc_fid:pca:pc4(1.000); gc_fid:pca:pc5(1.000); gc_fid:pls:bp_20:lv1(1.000); gc_fid:pls:bp_20:lv2(1.000); gc_fid:pls:bp_20:lv3(1.000),petroleum_fraction_db_007,BP_35,analysis_only,equal_weight
1,petroleum_fraction_db_009,0.294253,378.0,74,gc_fid:pca:pc1; gc_fid:pca:pc2; gc_fid:pca:pc3; gc_fid:pca:pc4; gc_fid:pca:pc5; gc_fid:pls:bp_20:lv1; gc_fid:pls:bp_20:lv2; gc_fid:pls:bp_20:lv3; gc_fid:pls:bp_20:lv4; gc_fid:pls:bp_35:lv1; gc_fid:pls:bp_35:lv2; gc_fid:pls:bp_35:lv3,gc_fid:pls:density_20c:lv1(0.967); gc_fid:pls:bp_35:lv1(0.949); gc_fid:pls:saturates:lv1(0.948); gc_fid:pls:bp_20:lv1(0.948); gc_fid:pls:bp_50:lv1(0.948); gc_fid:pls:bp_65:lv1(0.947); gc_fid:pls:bp_80:lv1(0.946); gc_fid:pca:pc1(0.921),petroleum_fraction_db_007,BP_35,analysis_only,correlation_weighted
2,petroleum_fraction_db_026,0.418294,381.2,33,gc_fid:pca:pc1; gc_fid:pca:pc2; gc_fid:pca:pc3; gc_fid:pca:pc4; gc_fid:pca:pc5; gc_fid:pls:bp_20:lv1; gc_fid:pls:bp_20:lv2; gc_fid:pls:bp_20:lv3; gc_fid:pls:bp_20:lv4; gc_fid:pls:bp_35:lv1; gc_fid:pls:bp_35:lv2; gc_fid:pls:bp_35:lv3,gc_fid:pls:density_20c:lv1(0.967); gc_fid:pls:bp_35:lv1(0.949); gc_fid:pls:saturates:lv1(0.948); gc_fid:pls:bp_20:lv1(0.948); gc_fid:pls:bp_50:lv1(0.948); gc_fid:pls:bp_65:lv1(0.947); gc_fid:pls:bp_80:lv1(0.946); gc_fid:pca:pc1(0.921),petroleum_fraction_db_007,BP_35,analysis_only,correlation_weighted
3,petroleum_fraction_db_031,0.444999,400.2,74,gc_fid:pca:pc1; gc_fid:pca:pc2; gc_fid:pca:pc3; gc_fid:pca:pc4; gc_fid:pca:pc5; gc_fid:pls:bp_20:lv1; gc_fid:pls:bp_20:lv2; gc_fid:pls:bp_20:lv3; gc_fid:pls:bp_20:lv4; gc_fid:pls:bp_35:lv1; gc_fid:pls:bp_35:lv2; gc_fid:pls:bp_35:lv3,gc_fid:pls:density_20c:lv1(0.967); gc_fid:pls:bp_35:lv1(0.949); gc_fid:pls:saturates:lv1(0.948); gc_fid:pls:bp_20:lv1(0.948); gc_fid:pls:bp_50:lv1(0.948); gc_fid:pls:bp_65:lv1(0.947); gc_fid:pls:bp_80:lv1(0.946); gc_fid:pca:pc1(0.921),petroleum_fraction_db_007,BP_35,analysis_only,correlation_weighted
4,petroleum_fraction_db_035,0.45588,411.2,74,gc_fid:pca:pc1; gc_fid:pca:pc2; gc_fid:pca:pc3; gc_fid:pca:pc4; gc_fid:pca:pc5; gc_fid:pls:bp_20:lv1; gc_fid:pls:bp_20:lv2; gc_fid:pls:bp_20:lv3; gc_fid:pls:bp_20:lv4; gc_fid:pls:bp_35:lv1; gc_fid:pls:bp_35:lv2; gc_fid:pls:bp_35:lv3,gc_fid:pls:density_20c:lv1(0.967); gc_fid:pls:bp_35:lv1(0.949); gc_fid:pls:saturates:lv1(0.948); gc_fid:pls:bp_20:lv1(0.948); gc_fid:pls:bp_50:lv1(0.948); gc_fid:pls:bp_65:lv1(0.947); gc_fid:pls:bp_80:lv1(0.946); gc_fid:pca:pc1(0.921),petroleum_fraction_db_007,BP_35,analysis_only,correlation_weighted
1,petroleum_fraction_db_009,0.302753,378.0,80,bulk_property:bp_20; bulk_property:bp_50; bulk_property:bp_65; bulk_property:bp_80; bulk_property:density_20c; bulk_property:saturates; gc_fid:pca:pc1; gc_fid:pca:pc2; gc_fid:pca:pc3; gc_fid:pca:pc4; gc_fid:pca:pc5; gc_fid:pls:bp_20:lv1,bulk_property:bp_20(1.000); bulk_property:bp_50(1.000); bulk_property:bp_65(1.000); bulk_property:bp_80(1.000); bulk_property:density_20c(1.000); bulk_property:saturates(1.000); gc_fid:pca:pc1(1.000); gc_fid:pca:pc2(1.000),petroleum_fraction_db_007,BP_35,analysis_plus_non_target_bulk,equal_weight
2,petroleum_fraction_db_031,0.415905,400.2,80,bulk_property:bp_20; bulk_property:bp_50; bulk_property:bp_65; bulk_property:bp_80; bulk_property:density_20c; bulk_property:saturates; gc_fid:pca:pc1; gc_fid:pca:pc2; gc_fid:pca:pc3; gc_fid:pca:pc4; gc_fid:pca:pc5; gc_fid:pls:bp_20:lv1,bulk_property:bp_20(1.000); bulk_property:bp_50(1.000); bulk_property:bp_65(1.000); bulk_property:bp_80(1.000); bulk_property:density_20c(1.000); bulk_property:saturates(1.000); gc_fid:pca:pc1(1.000); gc_fid:pca:pc2(1.000),petroleum_fraction_db_007,BP_35,analysis_plus_non_target_bulk,equal_weight
3,petroleum_fraction_db_035,0.529414,411.2,80,bulk_property:bp_20; bulk_property:bp_50; bulk_property:bp_65; bulk_property:bp_80; bulk_property:density_20c; bulk_property:saturates; gc_fid:pca:pc1; gc_fid:pca:pc2; gc_fid:pca:pc3; gc_fid:pca:pc4; gc_fid:pca:pc5; gc_fid:pls:bp_20:lv1,bulk_property:bp_20(1.000); bulk_property:bp_50(1.000); bulk_property:bp_65(1.000); bulk_property:bp_80(1.000); bulk_property:density_20c(1.000); bulk_property:saturates(1.000); gc_fid:pca:pc1(1.000); gc_fid:pca:pc2(1.000),petroleum_fraction_db_007,BP_35,analysis_plus_non_target_bulk,equal_weight
4,petroleum_fraction_db_026,0.531077,381.2,39,bulk_property:bp_20; bulk_property:bp_50; bulk_property:bp_65; bulk_property:bp_80; bulk_property:density_20c; bulk_property:saturates; gc_fid:pca:pc1; gc_fid:pca:pc2; gc_fid:pca:pc3; gc_fid:pca:pc4; gc_fid:pca:pc5; gc_fid:pls:bp_20:lv1,bulk_property:bp_20(1.000); bulk_property:bp_50(1.000); bulk_property:bp_65(1.000); bulk_property:bp_80(1.000); bulk_property:density_20c(1.000); bulk_property:saturates(1.000); gc_fid:pca:pc1(1.000); gc_fid:pca:pc2(1.000),petroleum_fraction_db_007,BP_35,analysis_plus_non_target_bulk,equal_weight
1,petroleum_fraction_db_009,0.279407,378.0,80,bulk_property:bp_20; bulk_property:bp_50; bulk_property:bp_65; bulk_property:bp_80; bulk_property:density_20c; bulk_property:saturates; gc_fid:pca:pc1; gc_fid:pca:pc2; gc_fid:pca:pc3; gc_fid:pca:pc4; gc_fid:pca:pc5; gc_fid:pls:bp_20:lv1,bulk_property:bp_20(1.040); bulk_property:bp_50(1.040); bulk_property:bp_65(1.020); bulk_property:bp_80(0.982); gc_fid:pls:density_20c:lv1(0.967); gc_fid:pls:bp_35:lv1(0.949); gc_fid:pls:saturates:lv1(0.948); gc_fid:pls:bp_20:lv1(0.948),petroleum_fraction_db_007,BP_35,analysis_plus_non_target_bulk,correlation_weighted
2,petroleum_fraction_db_026,0.380175,381.2,39,bulk_property:bp_20; bulk_property:bp_50; bulk_property:bp_65; bulk_property:bp_80; bulk_property:density_20c; bulk_property:saturates; gc_fid:pca:pc1; gc_fid:pca:pc2; gc_fid:pca:pc3; gc_fid:pca:pc4; gc_fid:pca:pc5; gc_fid:pls:bp_20:lv1,bulk_property:bp_20(1.040); bulk_property:bp_50(1.040); bulk_property:bp_65(1.020); bulk_property:bp_80(0.982); gc_fid:pls:density_20c:lv1(0.967); gc_fid:pls:bp_35:lv1(0.949); gc_fid:pls:saturates:lv1(0.948); gc_fid:pls:bp_20:lv1(0.948),petroleum_fraction_db_007,BP_35,analysis_plus_non_target_bulk,correlation_weighted
3,petroleum_fraction_db_029,0.441241,382.6,80,bulk_property:bp_20; bulk_property:bp_50; bulk_property:bp_65; bulk_property:bp_80; bulk_property:density_20c; bulk_property:saturates; gc_fid:pca:pc1; gc_fid:pca:pc2; gc_fid:pca:pc3; gc_fid:pca:pc4; gc_fid:pca:pc5; gc_fid:pls:bp_20:lv1,bulk_property:bp_20(1.040); bulk_property:bp_50(1.040); bulk_property:bp_65(1.020); bulk_property:bp_80(0.982); gc_fid:pls:density_20c:lv1(0.967); gc_fid:pls:bp_35:lv1(0.949); gc_fid:pls:saturates:lv1(0.948); gc_fid:pls:bp_20:lv1(0.948),petroleum_fraction_db_007,BP_35,analysis_plus_non_target_bulk,correlation_weighted
4,petroleum_fraction_db_031,0.449657,400.2,80,bulk_property:bp_20; bulk_property:bp_50; bulk_property:bp_65; bulk_property:bp_80; bulk_property:density_20c; bulk_property:saturates; gc_fid:pca:pc1; gc_fid:pca:pc2; gc_fid:pca:pc3; gc_fid:pca:pc4; gc_fid:pca:pc5; gc_fid:pls:bp_20:lv1,bulk_property:bp_20(1.040); bulk_property:bp_50(1.040); bulk_property:bp_65(1.020); bulk_property:bp_80(0.982); gc_fid:pls:density_20c:lv1(0.967); gc_fid:pls:bp_35:lv1(0.949); gc_fid:pls:saturates:lv1(0.948); gc_fid:pls:bp_20:lv1(0.948),petroleum_fraction_db_007,BP_35,analysis_plus_non_target_bulk,correlation_weighted
1,petroleum_fraction_db_009,0.308593,395.6,74,gc_fid:pca:pc1; gc_fid:pca:pc2; gc_fid:pca:pc3; gc_fid:pca:pc4; gc_fid:pca:pc5; gc_fid:pls:bp_20:lv1; gc_fid:pls:bp_20:lv2; gc_fid:pls:bp_20:lv3; gc_fid:pls:bp_20:lv4; gc_fid:pls:bp_35:lv1; gc_fid:pls:bp_35:lv2; gc_fid:pls:bp_35:lv3,gc_fid:pca:pc1(1.000); gc_fid:pca:pc2(1.000); gc_fid:pca:pc3(1.000); gc_fid:pca:pc4(1.000); gc_fid:pca:pc5(1.000); gc_fid:pls:bp_20:lv1(1.000); gc_fid:pls:bp_20:lv2(1.000); gc_fid:pls:bp_20:lv3(1.000),petroleum_fraction_db_007,BP_50,analysis_only,equal_weight
2,petroleum_fraction_db_031,0.413172,428.0,74,gc_fid:pca:pc1; gc_fid:pca:pc2; gc_fid:pca:pc3; gc_fid:pca:pc4; gc_fid:pca:pc5; gc_fid:pls:bp_20:lv1; gc_fid:pls:bp_20:lv2; gc_fid:pls:bp_20:lv3; gc_fid:pls:bp_20:lv4; gc_fid:pls:bp_35:lv1; gc_fid:pls:bp_35:lv2; gc_fid:pls:bp_35:lv3,gc_fid:pca:pc1(1.000); gc_fid:pca:pc2(1.000); gc_fid:pca:pc3(1.000); gc_fid:pca:pc4(1.000); gc_fid:pca:pc5(1.000); gc_fid:pls:bp_20:lv1(1.000); gc_fid:pls:bp_20:lv2(1.000); gc_fid:pls:bp_20:lv3(1.000),petroleum_fraction_db_007,BP_50,analysis_only,equal_weight
3,petroleum_fraction_db_035,0.496066,438.0,74,gc_fid:pca:pc1; gc_fid:pca:pc2; gc_fid:pca:pc3; gc_fid:pca:pc4; gc_fid:pca:pc5; gc_fid:pls:bp_20:lv1; gc_fid:pls:bp_20:lv2; gc_fid:pls:bp_20:lv3; gc_fid:pls:bp_20:lv4; gc_fid:pls:bp_35:lv1; gc_fid:pls:bp_35:lv2; gc_fid:pls:bp_35:lv3,gc_fid:pca:pc1(1.000); gc_fid:pca:pc2(1.000); gc_fid:pca:pc3(1.000); gc_fid:pca:pc4(1.000); gc_fid:pca:pc5(1.000); gc_fid:pls:bp_20:lv1(1.000); gc_fid:pls:bp_20:lv2(1.000); gc_fid:pls:bp_20:lv3(1.000),petroleum_fraction_db_007,BP_50,analysis_only,equal_weight
4,petroleum_fraction_db_026,0.558906,402.8,33,gc_fid:pca:pc1; gc_fid:pca:pc2; gc_fid:pca:pc3; gc_fid:pca:pc4; gc_fid:pca:pc5; gc_fid:pls:bp_20:lv1; gc_fid:pls:bp_20:lv2; gc_fid:pls:bp_20:lv3; gc_fid:pls:bp_20:lv4; gc_fid:pls:bp_35:lv1; gc_fid:pls:bp_35:lv2; gc_fid:pls:bp_35:lv3,gc_fid:pca:pc1(1.000); gc_fid:pca:pc2(1.000); gc_fid:pca:pc3(1.000); gc_fid:pca:pc4(1.000); gc_fid:pca:pc5(1.000); gc_fid:pls:bp_20:lv1(1.000); gc_fid:pls:bp_20:lv2(1.000); gc_fid:pls:bp_20:lv3(1.000),petroleum_fraction_db_007,BP_50,analysis_only,equal_weight
1,petroleum_fraction_db_009,0.292267,395.6,74,gc_fid:pca:pc1; gc_fid:pca:pc2; gc_fid:pca:pc3; gc_fid:pca:pc4; gc_fid:pca:pc5; gc_fid:pls:bp_20:lv1; gc_fid:pls:bp_20:lv2; gc_fid:pls:bp_20:lv3; gc_fid:pls:bp_20:lv4; gc_fid:pls:bp_35:lv1; gc_fid:pls:bp_35:lv2; gc_fid:pls:bp_35:lv3,gc_fid:pls:density_20c:lv1(0.977); gc_fid:pls:saturates:lv1(0.960); gc_fid:pls:bp_50:lv1(0.951); gc_fid:pls:bp_80:lv1(0.951); gc_fid:pls:bp_35:lv1(0.951); gc_fid:pls:bp_65:lv1(0.951); gc_fid:pls:bp_20:lv1(0.949); gc_fid:pca:pc1(0.923),petroleum_fraction_db_007,BP_50,analysis_only,correlation_weighted
2,petroleum_fraction_db_026,0.408747,402.8,33,gc_fid:pca:pc1; gc_fid:pca:pc2; gc_fid:pca:pc3; gc_fid:pca:pc4; gc_fid:pca:pc5; gc_fid:pls:bp_20:lv1; gc_fid:pls:bp_20:lv2; gc_fid:pls:bp_20:lv3; gc_fid:pls:bp_20:lv4; gc_fid:pls:bp_35:lv1; gc_fid:pls:bp_35:lv2; gc_fid:pls:bp_35:lv3,gc_fid:pls:density_20c:lv1(0.977); gc_fid:pls:saturates:lv1(0.960); gc_fid:pls:bp_50:lv1(0.951); gc_fid:pls:bp_80:lv1(0.951); gc_fid:pls:bp_35:lv1(0.951); gc_fid:pls:bp_65:lv1(0.951); gc_fid:pls:bp_20:lv1(0.949); gc_fid:pca:pc1(0.923),petroleum_fraction_db_007,BP_50,analysis_only,correlation_weighted
3,petroleum_fraction_db_031,0.446485,428.0,74,gc_fid:pca:pc1; gc_fid:pca:pc2; gc_fid:pca:pc3; gc_fid:pca:pc4; gc_fid:pca:pc5; gc_fid:pls:bp_20:lv1; gc_fid:pls:bp_20:lv2; gc_fid:pls:bp_20:lv3; gc_fid:pls:bp_20:lv4; gc_fid:pls:bp_35:lv1; gc_fid:pls:bp_35:lv2; gc_fid:pls:bp_35:lv3,gc_fid:pls:density_20c:lv1(0.977); gc_fid:pls:saturates:lv1(0.960); gc_fid:pls:bp_50:lv1(0.951); gc_fid:pls:bp_80:lv1(0.951); gc_fid:pls:bp_35:lv1(0.951); gc_fid:pls:bp_65:lv1(0.951); gc_fid:pls:bp_20:lv1(0.949); gc_fid:pca:pc1(0.923),petroleum_fraction_db_007,BP_50,analysis_only,correlation_weighted
4,petroleum_fraction_db_029,0.453911,398.6,74,gc_fid:pca:pc1; gc_fid:pca:pc2; gc_fid:pca:pc3; gc_fid:pca:pc4; gc_fid:pca:pc5; gc_fid:pls:bp_20:lv1; gc_fid:pls:bp_20:lv2; gc_fid:pls:bp_20:lv3; gc_fid:pls:bp_20:lv4; gc_fid:pls:bp_35:lv1; gc_fid:pls:bp_35:lv2; gc_fid:pls:bp_35:lv3,gc_fid:pls:density_20c:lv1(0.977); gc_fid:pls:saturates:lv1(0.960); gc_fid:pls:bp_50:lv1(0.951); gc_fid:pls:bp_80:lv1(0.951); gc_fid:pls:bp_35:lv1(0.951); gc_fid:pls:bp_65:lv1(0.951); gc_fid:pls:bp_20:lv1(0.949); gc_fid:pca:pc1(0.923),petroleum_fraction_db_007,BP_50,analysis_only,correlation_weighted
1,petroleum_fraction_db_009,0.302672,395.6,80,bulk_property:bp_20; bulk_property:bp_35; bulk_property:bp_65; bulk_property:bp_80; bulk_property:density_20c; bulk_property:saturates; gc_fid:pca:pc1; gc_fid:pca:pc2; gc_fid:pca:pc3; gc_fid:pca:pc4; gc_fid:pca:pc5; gc_fid:pls:bp_20:lv1,bulk_property:bp_20(1.000); bulk_property:bp_35(1.000); bulk_property:bp_65(1.000); bulk_property:bp_80(1.000); bulk_property:density_20c(1.000); bulk_property:saturates(1.000); gc_fid:pca:pc1(1.000); gc_fid:pca:pc2(1.000),petroleum_fraction_db_007,BP_50,analysis_plus_non_target_bulk,equal_weight
2,petroleum_fraction_db_031,0.414444,428.0,80,bulk_property:bp_20; bulk_property:bp_35; bulk_property:bp_65; bulk_property:bp_80; bulk_property:density_20c; bulk_property:saturates; gc_fid:pca:pc1; gc_fid:pca:pc2; gc_fid:pca:pc3; gc_fid:pca:pc4; gc_fid:pca:pc5; gc_fid:pls:bp_20:lv1,bulk_property:bp_20(1.000); bulk_property:bp_35(1.000); bulk_property:bp_65(1.000); bulk_property:bp_80(1.000); bulk_property:density_20c(1.000); bulk_property:saturates(1.000); gc_fid:pca:pc1(1.000); gc_fid:pca:pc2(1.000),petroleum_fraction_db_007,BP_50,analysis_plus_non_target_bulk,equal_weight
3,petroleum_fraction_db_035,0.52812,438.0,80,bulk_property:bp_20; bulk_property:bp_35; bulk_property:bp_65; bulk_property:bp_80; bulk_property:density_20c; bulk_property:saturates; gc_fid:pca:pc1; gc_fid:pca:pc2; gc_fid:pca:pc3; gc_fid:pca:pc4; gc_fid:pca:pc5; gc_fid:pls:bp_20:lv1,bulk_property:bp_20(1.000); bulk_property:bp_35(1.000); bulk_property:bp_65(1.000); bulk_property:bp_80(1.000); bulk_property:density_20c(1.000); bulk_property:saturates(1.000); gc_fid:pca:pc1(1.000); gc_fid:pca:pc2(1.000),petroleum_fraction_db_007,BP_50,analysis_plus_non_target_bulk,equal_weight
4,petroleum_fraction_db_026,0.531051,402.8,39,bulk_property:bp_20; bulk_property:bp_35; bulk_property:bp_65; bulk_property:bp_80; bulk_property:density_20c; bulk_property:saturates; gc_fid:pca:pc1; gc_fid:pca:pc2; gc_fid:pca:pc3; gc_fid:pca:pc4; gc_fid:pca:pc5; gc_fid:pls:bp_20:lv1,bulk_property:bp_20(1.000); bulk_property:bp_35(1.000); bulk_property:bp_65(1.000); bulk_property:bp_80(1.000); bulk_property:density_20c(1.000); bulk_property:saturates(1.000); gc_fid:pca:pc1(1.000); gc_fid:pca:pc2(1.000),petroleum_fraction_db_007,BP_50,analysis_plus_non_target_bulk,equal_weight
1,petroleum_fraction_db_009,0.277295,395.6,80,bulk_property:bp_20; bulk_property:bp_35; bulk_property:bp_65; bulk_property:bp_80; bulk_property:density_20c; bulk_property:saturates; gc_fid:pca:pc1; gc_fid:pca:pc2; gc_fid:pca:pc3; gc_fid:pca:pc4; gc_fid:pca:pc5; gc_fid:pls:bp_20:lv1,bulk_property:bp_65(1.042); bulk_property:bp_35(1.040); bulk_property:bp_80(1.018); bulk_property:bp_20(1.015); gc_fid:pls:density_20c:lv1(0.977); gc_fid:pls:saturates:lv1(0.960); gc_fid:pls:bp_50:lv1(0.951); gc_fid:pls:bp_80:lv1(0.951),petroleum_fraction_db_007,BP_50,analysis_plus_non_target_bulk,correlation_weighted
2,petroleum_fraction_db_026,0.372512,402.8,39,bulk_property:bp_20; bulk_property:bp_35; bulk_property:bp_65; bulk_property:bp_80; bulk_property:density_20c; bulk_property:saturates; gc_fid:pca:pc1; gc_fid:pca:pc2; gc_fid:pca:pc3; gc_fid:pca:pc4; gc_fid:pca:pc5; gc_fid:pls:bp_20:lv1,bulk_property:bp_65(1.042); bulk_property:bp_35(1.040); bulk_property:bp_80(1.018); bulk_property:bp_20(1.015); gc_fid:pls:density_20c:lv1(0.977); gc_fid:pls:saturates:lv1(0.960); gc_fid:pls:bp_50:lv1(0.951); gc_fid:pls:bp_80:lv1(0.951),petroleum_fraction_db_007,BP_50,analysis_plus_non_target_bulk,correlation_weighted
3,petroleum_fraction_db_029,0.424689,398.6,80,bulk_property:bp_20; bulk_property:bp_35; bulk_property:bp_65; bulk_property:bp_80; bulk_property:density_20c; bulk_property:saturates; gc_fid:pca:pc1; gc_fid:pca:pc2; gc_fid:pca:pc3; gc_fid:pca:pc4; gc_fid:pca:pc5; gc_fid:pls:bp_20:lv1,bulk_property:bp_65(1.042); bulk_property:bp_35(1.040); bulk_property:bp_80(1.018); bulk_property:bp_20(1.015); gc_fid:pls:density_20c:lv1(0.977); gc_fid:pls:saturates:lv1(0.960); gc_fid:pls:bp_50:lv1(0.951); gc_fid:pls:bp_80:lv1(0.951),petroleum_fraction_db_007,BP_50,analysis_plus_non_target_bulk,correlation_weighted
4,petroleum_fraction_db_031,0.447635,428.0,80,bulk_property:bp_20; bulk_property:bp_35; bulk_property:bp_65; bulk_property:bp_80; bulk_property:density_20c; bulk_property:saturates; gc_fid:pca:pc1; gc_fid:pca:pc2; gc_fid:pca:pc3; gc_fid:pca:pc4; gc_fid:pca:pc5; gc_fid:pls:bp_20:lv1,bulk_property:bp_65(1.042); bulk_property:bp_35(1.040); bulk_property:bp_80(1.018); bulk_property:bp_20(1.015); gc_fid:pls:density_20c:lv1(0.977); gc_fid:pls:saturates:lv1(0.960); gc_fid:pls:bp_50:lv1(0.951); gc_fid:pls:bp_80:lv1(0.951),petroleum_fraction_db_007,BP_50,analysis_plus_non_target_bulk,correlation_weighted
1,petroleum_fraction_db_009,0.308593,412.8,74,gc_fid:pca:pc1; gc_fid:pca:pc2; gc_fid:pca:pc3; gc_fid:pca:pc4; gc_fid:pca:pc5; gc_fid:pls:bp_20:lv1; gc_fid:pls:bp_20:lv2; gc_fid:pls:bp_20:lv3; gc_fid:pls:bp_20:lv4; gc_fid:pls:bp_35:lv1; gc_fid:pls:bp_35:lv2; gc_fid:pls:bp_35:lv3,gc_fid:pca:pc1(1.000); gc_fid:pca:pc2(1.000); gc_fid:pca:pc3(1.000); gc_fid:pca:pc4(1.000); gc_fid:pca:pc5(1.000); gc_fid:pls:bp_20:lv1(1.000); gc_fid:pls:bp_20:lv2(1.000); gc_fid:pls:bp_20:lv3(1.000),petroleum_fraction_db_007,BP_65,analysis_only,equal_weight
2,petroleum_fraction_db_031,0.413172,449.4,74,gc_fid:pca:pc1; gc_fid:pca:pc2; gc_fid:pca:pc3; gc_fid:pca:pc4; gc_fid:pca:pc5; gc_fid:pls:bp_20:lv1; gc_fid:pls:bp_20:lv2; gc_fid:pls:bp_20:lv3; gc_fid:pls:bp_20:lv4; gc_fid:pls:bp_35:lv1; gc_fid:pls:bp_35:lv2; gc_fid:pls:bp_35:lv3,gc_fid:pca:pc1(1.000); gc_fid:pca:pc2(1.000); gc_fid:pca:pc3(1.000); gc_fid:pca:pc4(1.000); gc_fid:pca:pc5(1.000); gc_fid:pls:bp_20:lv1(1.000); gc_fid:pls:bp_20:lv2(1.000); gc_fid:pls:bp_20:lv3(1.000),petroleum_fraction_db_007,BP_65,analysis_only,equal_weight
3,petroleum_fraction_db_035,0.496066,467.2,74,gc_fid:pca:pc1; gc_fid:pca:pc2; gc_fid:pca:pc3; gc_fid:pca:pc4; gc_fid:pca:pc5; gc_fid:pls:bp_20:lv1; gc_fid:pls:bp_20:lv2; gc_fid:pls:bp_20:lv3; gc_fid:pls:bp_20:lv4; gc_fid:pls:bp_35:lv1; gc_fid:pls:bp_35:lv2; gc_fid:pls:bp_35:lv3,gc_fid:pca:pc1(1.000); gc_fid:pca:pc2(1.000); gc_fid:pca:pc3(1.000); gc_fid:pca:pc4(1.000); gc_fid:pca:pc5(1.000); gc_fid:pls:bp_20:lv1(1.000); gc_fid:pls:bp_20:lv2(1.000); gc_fid:pls:bp_20:lv3(1.000),petroleum_fraction_db_007,BP_65,analysis_only,equal_weight
4,petroleum_fraction_db_026,0.558906,420.8,33,gc_fid:pca:pc1; gc_fid:pca:pc2; gc_fid:pca:pc3; gc_fid:pca:pc4; gc_fid:pca:pc5; gc_fid:pls:bp_20:lv1; gc_fid:pls:bp_20:lv2; gc_fid:pls:bp_20:lv3; gc_fid:pls:bp_20:lv4; gc_fid:pls:bp_35:lv1; gc_fid:pls:bp_35:lv2; gc_fid:pls:bp_35:lv3,gc_fid:pca:pc1(1.000); gc_fid:pca:pc2(1.000); gc_fid:pca:pc3(1.000); gc_fid:pca:pc4(1.000); gc_fid:pca:pc5(1.000); gc_fid:pls:bp_20:lv1(1.000); gc_fid:pls:bp_20:lv2(1.000); gc_fid:pls:bp_20:lv3(1.000),petroleum_fraction_db_007,BP_65,analysis_only,equal_weight
1,petroleum_fraction_db_009,0.290454,412.8,74,gc_fid:pca:pc1; gc_fid:pca:pc2; gc_fid:pca:pc3; gc_fid:pca:pc4; gc_fid:pca:pc5; gc_fid:pls:bp_20:lv1; gc_fid:pls:bp_20:lv2; gc_fid:pls:bp_20:lv3; gc_fid:pls:bp_20:lv4; gc_fid:pls:bp_35:lv1; gc_fid:pls:bp_35:lv2; gc_fid:pls:bp_35:lv3,gc_fid:pls:density_20c:lv1(0.980); gc_fid:pls:saturates:lv1(0.965); gc_fid:pls:bp_80:lv1(0.952); gc_fid:pls:bp_65:lv1(0.951); gc_fid:pls:bp_50:lv1(0.951); gc_fid:pls:bp_35:lv1(0.950); gc_fid:pls:bp_20:lv1(0.947); gc_fid:pca:pc1(0.922),petroleum_fraction_db_007,BP_65,analysis_only,correlation_weighted
2,petroleum_fraction_db_026,0.413831,420.8,33,gc_fid:pca:pc1; gc_fid:pca:pc2; gc_fid:pca:pc3; gc_fid:pca:pc4; gc_fid:pca:pc5; gc_fid:pls:bp_20:lv1; gc_fid:pls:bp_20:lv2; gc_fid:pls:bp_20:lv3; gc_fid:pls:bp_20:lv4; gc_fid:pls:bp_35:lv1; gc_fid:pls:bp_35:lv2; gc_fid:pls:bp_35:lv3,gc_fid:pls:density_20c:lv1(0.980); gc_fid:pls:saturates:lv1(0.965); gc_fid:pls:bp_80:lv1(0.952); gc_fid:pls:bp_65:lv1(0.951); gc_fid:pls:bp_50:lv1(0.951); gc_fid:pls:bp_35:lv1(0.950); gc_fid:pls:bp_20:lv1(0.947); gc_fid:pca:pc1(0.922),petroleum_fraction_db_007,BP_65,analysis_only,correlation_weighted
3,petroleum_fraction_db_031,0.447824,449.4,74,gc_fid:pca:pc1; gc_fid:pca:pc2; gc_fid:pca:pc3; gc_fid:pca:pc4; gc_fid:pca:pc5; gc_fid:pls:bp_20:lv1; gc_fid:pls:bp_20:lv2; gc_fid:pls:bp_20:lv3; gc_fid:pls:bp_20:lv4; gc_fid:pls:bp_35:lv1; gc_fid:pls:bp_35:lv2; gc_fid:pls:bp_35:lv3,gc_fid:pls:density_20c:lv1(0.980); gc_fid:pls:saturates:lv1(0.965); gc_fid:pls:bp_80:lv1(0.952); gc_fid:pls:bp_65:lv1(0.951); gc_fid:pls:bp_50:lv1(0.951); gc_fid:pls:bp_35:lv1(0.950); gc_fid:pls:bp_20:lv1(0.947); gc_fid:pca:pc1(0.922),petroleum_fraction_db_007,BP_65,analysis_only,correlation_weighted
4,petroleum_fraction_db_029,0.461588,411.6,74,gc_fid:pca:pc1; gc_fid:pca:pc2; gc_fid:pca:pc3; gc_fid:pca:pc4; gc_fid:pca:pc5; gc_fid:pls:bp_20:lv1; gc_fid:pls:bp_20:lv2; gc_fid:pls:bp_20:lv3; gc_fid:pls:bp_20:lv4; gc_fid:pls:bp_35:lv1; gc_fid:pls:bp_35:lv2; gc_fid:pls:bp_35:lv3,gc_fid:pls:density_20c:lv1(0.980); gc_fid:pls:saturates:lv1(0.965); gc_fid:pls:bp_80:lv1(0.952); gc_fid:pls:bp_65:lv1(0.951); gc_fid:pls:bp_50:lv1(0.951); gc_fid:pls:bp_35:lv1(0.950); gc_fid:pls:bp_20:lv1(0.947); gc_fid:pca:pc1(0.922),petroleum_fraction_db_007,BP_65,analysis_only,correlation_weighted
1,petroleum_fraction_db_009,0.302527,412.8,80,bulk_property:bp_20; bulk_property:bp_35; bulk_property:bp_50; bulk_property:bp_80; bulk_property:density_20c; bulk_property:saturates; gc_fid:pca:pc1; gc_fid:pca:pc2; gc_fid:pca:pc3; gc_fid:pca:pc4; gc_fid:pca:pc5; gc_fid:pls:bp_20:lv1,bulk_property:bp_20(1.000); bulk_property:bp_35(1.000); bulk_property:bp_50(1.000); bulk_property:bp_80(1.000); bulk_property:density_20c(1.000); bulk_property:saturates(1.000); gc_fid:pca:pc1(1.000); gc_fid:pca:pc2(1.000),petroleum_fraction_db_007,BP_65,analysis_plus_non_target_bulk,equal_weight
2,petroleum_fraction_db_031,0.414279,449.4,80,bulk_property:bp_20; bulk_property:bp_35; bulk_property:bp_50; bulk_property:bp_80; bulk_property:density_20c; bulk_property:saturates; gc_fid:pca:pc1; gc_fid:pca:pc2; gc_fid:pca:pc3; gc_fid:pca:pc4; gc_fid:pca:pc5; gc_fid:pls:bp_20:lv1,bulk_property:bp_20(1.000); bulk_property:bp_35(1.000); bulk_property:bp_50(1.000); bulk_property:bp_80(1.000); bulk_property:density_20c(1.000); bulk_property:saturates(1.000); gc_fid:pca:pc1(1.000); gc_fid:pca:pc2(1.000),petroleum_fraction_db_007,BP_65,analysis_plus_non_target_bulk,equal_weight
3,petroleum_fraction_db_035,0.525747,467.2,80,bulk_property:bp_20; bulk_property:bp_35; bulk_property:bp_50; bulk_property:bp_80; bulk_property:density_20c; bulk_property:saturates; gc_fid:pca:pc1; gc_fid:pca:pc2; gc_fid:pca:pc3; gc_fid:pca:pc4; gc_fid:pca:pc5; gc_fid:pls:bp_20:lv1,bulk_property:bp_20(1.000); bulk_property:bp_35(1.000); bulk_property:bp_50(1.000); bulk_property:bp_80(1.000); bulk_property:density_20c(1.000); bulk_property:saturates(1.000); gc_fid:pca:pc1(1.000); gc_fid:pca:pc2(1.000),petroleum_fraction_db_007,BP_65,analysis_plus_non_target_bulk,equal_weight
4,petroleum_fraction_db_026,0.531124,420.8,39,bulk_property:bp_20; bulk_property:bp_35; bulk_property:bp_50; bulk_property:bp_80; bulk_property:density_20c; bulk_property:saturates; gc_fid:pca:pc1; gc_fid:pca:pc2; gc_fid:pca:pc3; gc_fid:pca:pc4; gc_fid:pca:pc5; gc_fid:pls:bp_20:lv1,bulk_property:bp_20(1.000); bulk_property:bp_35(1.000); bulk_property:bp_50(1.000); bulk_property:bp_80(1.000); bulk_property:density_20c(1.000); bulk_property:saturates(1.000); gc_fid:pca:pc1(1.000); gc_fid:pca:pc2(1.000),petroleum_fraction_db_007,BP_65,analysis_plus_non_target_bulk,equal_weight
1,petroleum_fraction_db_009,0.275362,412.8,80,bulk_property:bp_20; bulk_property:bp_35; bulk_property:bp_50; bulk_property:bp_80; bulk_property:density_20c; bulk_property:saturates; gc_fid:pca:pc1; gc_fid:pca:pc2; gc_fid:pca:pc3; gc_fid:pca:pc4; gc_fid:pca:pc5; gc_fid:pls:bp_20:lv1,bulk_property:bp_50(1.042); bulk_property:bp_80(1.039); bulk_property:bp_35(1.020); bulk_property:bp_20(0.986); gc_fid:pls:density_20c:lv1(0.980); gc_fid:pls:saturates:lv1(0.965); gc_fid:pls:bp_80:lv1(0.952); gc_fid:pls:bp_65:lv1(0.951),petroleum_fraction_db_007,BP_65,analysis_plus_non_target_bulk,correlation_weighted
2,petroleum_fraction_db_026,0.37751,420.8,39,bulk_property:bp_20; bulk_property:bp_35; bulk_property:bp_50; bulk_property:bp_80; bulk_property:density_20c; bulk_property:saturates; gc_fid:pca:pc1; gc_fid:pca:pc2; gc_fid:pca:pc3; gc_fid:pca:pc4; gc_fid:pca:pc5; gc_fid:pls:bp_20:lv1,bulk_property:bp_50(1.042); bulk_property:bp_80(1.039); bulk_property:bp_35(1.020); bulk_property:bp_20(0.986); gc_fid:pls:density_20c:lv1(0.980); gc_fid:pls:saturates:lv1(0.965); gc_fid:pls:bp_80:lv1(0.952); gc_fid:pls:bp_65:lv1(0.951),petroleum_fraction_db_007,BP_65,analysis_plus_non_target_bulk,correlation_weighted
3,petroleum_fraction_db_029,0.430924,411.6,80,bulk_property:bp_20; bulk_property:bp_35; bulk_property:bp_50; bulk_property:bp_80; bulk_property:density_20c; bulk_property:saturates; gc_fid:pca:pc1; gc_fid:pca:pc2; gc_fid:pca:pc3; gc_fid:pca:pc4; gc_fid:pca:pc5; gc_fid:pls:bp_20:lv1,bulk_property:bp_50(1.042); bulk_property:bp_80(1.039); bulk_property:bp_35(1.020); bulk_property:bp_20(0.986); gc_fid:pls:density_20c:lv1(0.980); gc_fid:pls:saturates:lv1(0.965); gc_fid:pls:bp_80:lv1(0.952); gc_fid:pls:bp_65:lv1(0.951),petroleum_fraction_db_007,BP_65,analysis_plus_non_target_bulk,correlation_weighted
4,petroleum_fraction_db_031,0.448622,449.4,80,bulk_property:bp_20; bulk_property:bp_35; bulk_property:bp_50; bulk_property:bp_80; bulk_property:density_20c; bulk_property:saturates; gc_fid:pca:pc1; gc_fid:pca:pc2; gc_fid:pca:pc3; gc_fid:pca:pc4; gc_fid:pca:pc5; gc_fid:pls:bp_20:lv1,bulk_property:bp_50(1.042); bulk_property:bp_80(1.039); bulk_property:bp_35(1.020); bulk_property:bp_20(0.986); gc_fid:pls:density_20c:lv1(0.980); gc_fid:pls:saturates:lv1(0.965); gc_fid:pls:bp_80:lv1(0.952); gc_fid:pls:bp_65:lv1(0.951),petroleum_fraction_db_007,BP_65,analysis_plus_non_target_bulk,correlation_weighted
1,petroleum_fraction_db_009,0.308593,434.0,74,gc_fid:pca:pc1; gc_fid:pca:pc2; gc_fid:pca:pc3; gc_fid:pca:pc4; gc_fid:pca:pc5; gc_fid:pls:bp_20:lv1; gc_fid:pls:bp_20:lv2; gc_fid:pls:bp_20:lv3; gc_fid:pls:bp_20:lv4; gc_fid:pls:bp_35:lv1; gc_fid:pls:bp_35:lv2; gc_fid:pls:bp_35:lv3,gc_fid:pca:pc1(1.000); gc_fid:pca:pc2(1.000); gc_fid:pca:pc3(1.000); gc_fid:pca:pc4(1.000); gc_fid:pca:pc5(1.000); gc_fid:pls:bp_20:lv1(1.000); gc_fid:pls:bp_20:lv2(1.000); gc_fid:pls:bp_20:lv3(1.000),petroleum_fraction_db_007,BP_80,analysis_only,equal_weight
2,petroleum_fraction_db_031,0.413172,483.2,74,gc_fid:pca:pc1; gc_fid:pca:pc2; gc_fid:pca:pc3; gc_fid:pca:pc4; gc_fid:pca:pc5; gc_fid:pls:bp_20:lv1; gc_fid:pls:bp_20:lv2; gc_fid:pls:bp_20:lv3; gc_fid:pls:bp_20:lv4; gc_fid:pls:bp_35:lv1; gc_fid:pls:bp_35:lv2; gc_fid:pls:bp_35:lv3,gc_fid:pca:pc1(1.000); gc_fid:pca:pc2(1.000); gc_fid:pca:pc3(1.000); gc_fid:pca:pc4(1.000); gc_fid:pca:pc5(1.000); gc_fid:pls:bp_20:lv1(1.000); gc_fid:pls:bp_20:lv2(1.000); gc_fid:pls:bp_20:lv3(1.000),petroleum_fraction_db_007,BP_80,analysis_only,equal_weight
3,petroleum_fraction_db_035,0.496066,499.8,74,gc_fid:pca:pc1; gc_fid:pca:pc2; gc_fid:pca:pc3; gc_fid:pca:pc4; gc_fid:pca:pc5; gc_fid:pls:bp_20:lv1; gc_fid:pls:bp_20:lv2; gc_fid:pls:bp_20:lv3; gc_fid:pls:bp_20:lv4; gc_fid:pls:bp_35:lv1; gc_fid:pls:bp_35:lv2; gc_fid:pls:bp_35:lv3,gc_fid:pca:pc1(1.000); gc_fid:pca:pc2(1.000); gc_fid:pca:pc3(1.000); gc_fid:pca:pc4(1.000); gc_fid:pca:pc5(1.000); gc_fid:pls:bp_20:lv1(1.000); gc_fid:pls:bp_20:lv2(1.000); gc_fid:pls:bp_20:lv3(1.000),petroleum_fraction_db_007,BP_80,analysis_only,equal_weight
4,petroleum_fraction_db_026,0.558906,437.4,33,gc_fid:pca:pc1; gc_fid:pca:pc2; gc_fid:pca:pc3; gc_fid:pca:pc4; gc_fid:pca:pc5; gc_fid:pls:bp_20:lv1; gc_fid:pls:bp_20:lv2; gc_fid:pls:bp_20:lv3; gc_fid:pls:bp_20:lv4; gc_fid:pls:bp_35:lv1; gc_fid:pls:bp_35:lv2; gc_fid:pls:bp_35:lv3,gc_fid:pca:pc1(1.000); gc_fid:pca:pc2(1.000); gc_fid:pca:pc3(1.000); gc_fid:pca:pc4(1.000); gc_fid:pca:pc5(1.000); gc_fid:pls:bp_20:lv1(1.000); gc_fid:pls:bp_20:lv2(1.000); gc_fid:pls:bp_20:lv3(1.000),petroleum_fraction_db_007,BP_80,analysis_only,equal_weight
1,petroleum_fraction_db_009,0.288637,434.0,74,gc_fid:pca:pc1; gc_fid:pca:pc2; gc_fid:pca:pc3; gc_fid:pca:pc4; gc_fid:pca:pc5; gc_fid:pls:bp_20:lv1; gc_fid:pls:bp_20:lv2; gc_fid:pls:bp_20:lv3; gc_fid:pls:bp_20:lv4; gc_fid:pls:bp_35:lv1; gc_fid:pls:bp_35:lv2; gc_fid:pls:bp_35:lv3,gc_fid:pls:density_20c:lv1(0.973); gc_fid:pls:saturates:lv1(0.962); gc_fid:pls:bp_80:lv1(0.945); gc_fid:pls:bp_65:lv1(0.942); gc_fid:pls:bp_50:lv1(0.941); gc_fid:pls:bp_35:lv1(0.939); gc_fid:pls:bp_20:lv1(0.935); gc_fid:pca:pc1(0.913),petroleum_fraction_db_007,BP_80,analysis_only,correlation_weighted
2,petroleum_fraction_db_026,0.436822,437.4,33,gc_fid:pca:pc1; gc_fid:pca:pc2; gc_fid:pca:pc3; gc_fid:pca:pc4; gc_fid:pca:pc5; gc_fid:pls:bp_20:lv1; gc_fid:pls:bp_20:lv2; gc_fid:pls:bp_20:lv3; gc_fid:pls:bp_20:lv4; gc_fid:pls:bp_35:lv1; gc_fid:pls:bp_35:lv2; gc_fid:pls:bp_35:lv3,gc_fid:pls:density_20c:lv1(0.973); gc_fid:pls:saturates:lv1(0.962); gc_fid:pls:bp_80:lv1(0.945); gc_fid:pls:bp_65:lv1(0.942); gc_fid:pls:bp_50:lv1(0.941); gc_fid:pls:bp_35:lv1(0.939); gc_fid:pls:bp_20:lv1(0.935); gc_fid:pca:pc1(0.913),petroleum_fraction_db_007,BP_80,analysis_only,correlation_weighted
3,petroleum_fraction_db_031,0.448993,483.2,74,gc_fid:pca:pc1; gc_fid:pca:pc2; gc_fid:pca:pc3; gc_fid:pca:pc4; gc_fid:pca:pc5; gc_fid:pls:bp_20:lv1; gc_fid:pls:bp_20:lv2; gc_fid:pls:bp_20:lv3; gc_fid:pls:bp_20:lv4; gc_fid:pls:bp_35:lv1; gc_fid:pls:bp_35:lv2; gc_fid:pls:bp_35:lv3,gc_fid:pls:density_20c:lv1(0.973); gc_fid:pls:saturates:lv1(0.962); gc_fid:pls:bp_80:lv1(0.945); gc_fid:pls:bp_65:lv1(0.942); gc_fid:pls:bp_50:lv1(0.941); gc_fid:pls:bp_35:lv1(0.939); gc_fid:pls:bp_20:lv1(0.935); gc_fid:pca:pc1(0.913),petroleum_fraction_db_007,BP_80,analysis_only,correlation_weighted
4,petroleum_fraction_db_035,0.465875,499.8,74,gc_fid:pca:pc1; gc_fid:pca:pc2; gc_fid:pca:pc3; gc_fid:pca:pc4; gc_fid:pca:pc5; gc_fid:pls:bp_20:lv1; gc_fid:pls:bp_20:lv2; gc_fid:pls:bp_20:lv3; gc_fid:pls:bp_20:lv4; gc_fid:pls:bp_35:lv1; gc_fid:pls:bp_35:lv2; gc_fid:pls:bp_35:lv3,gc_fid:pls:density_20c:lv1(0.973); gc_fid:pls:saturates:lv1(0.962); gc_fid:pls:bp_80:lv1(0.945); gc_fid:pls:bp_65:lv1(0.942); gc_fid:pls:bp_50:lv1(0.941); gc_fid:pls:bp_35:lv1(0.939); gc_fid:pls:bp_20:lv1(0.935); gc_fid:pca:pc1(0.913),petroleum_fraction_db_007,BP_80,analysis_only,correlation_weighted
1,petroleum_fraction_db_009,0.302417,434.0,80,bulk_property:bp_20; bulk_property:bp_35; bulk_property:bp_50; bulk_property:bp_65; bulk_property:density_20c; bulk_property:saturates; gc_fid:pca:pc1; gc_fid:pca:pc2; gc_fid:pca:pc3; gc_fid:pca:pc4; gc_fid:pca:pc5; gc_fid:pls:bp_20:lv1,bulk_property:bp_20(1.000); bulk_property:bp_35(1.000); bulk_property:bp_50(1.000); bulk_property:bp_65(1.000); bulk_property:density_20c(1.000); bulk_property:saturates(1.000); gc_fid:pca:pc1(1.000); gc_fid:pca:pc2(1.000),petroleum_fraction_db_007,BP_80,analysis_plus_non_target_bulk,equal_weight
2,petroleum_fraction_db_031,0.412124,483.2,80,bulk_property:bp_20; bulk_property:bp_35; bulk_property:bp_50; bulk_property:bp_65; bulk_property:density_20c; bulk_property:saturates; gc_fid:pca:pc1; gc_fid:pca:pc2; gc_fid:pca:pc3; gc_fid:pca:pc4; gc_fid:pca:pc5; gc_fid:pls:bp_20:lv1,bulk_property:bp_20(1.000); bulk_property:bp_35(1.000); bulk_property:bp_50(1.000); bulk_property:bp_65(1.000); bulk_property:density_20c(1.000); bulk_property:saturates(1.000); gc_fid:pca:pc1(1.000); gc_fid:pca:pc2(1.000),petroleum_fraction_db_007,BP_80,analysis_plus_non_target_bulk,equal_weight
3,petroleum_fraction_db_035,0.52408,499.8,80,bulk_property:bp_20; bulk_property:bp_35; bulk_property:bp_50; bulk_property:bp_65; bulk_property:density_20c; bulk_property:saturates; gc_fid:pca:pc1; gc_fid:pca:pc2; gc_fid:pca:pc3; gc_fid:pca:pc4; gc_fid:pca:pc5; gc_fid:pls:bp_20:lv1,bulk_property:bp_20(1.000); bulk_property:bp_35(1.000); bulk_property:bp_50(1.000); bulk_property:bp_65(1.000); bulk_property:density_20c(1.000); bulk_property:saturates(1.000); gc_fid:pca:pc1(1.000); gc_fid:pca:pc2(1.000),petroleum_fraction_db_007,BP_80,analysis_plus_non_target_bulk,equal_weight
4,petroleum_fraction_db_026,0.531011,437.4,39,bulk_property:bp_20; bulk_property:bp_35; bulk_property:bp_50; bulk_property:bp_65; bulk_property:density_20c; bulk_property:saturates; gc_fid:pca:pc1; gc_fid:pca:pc2; gc_fid:pca:pc3; gc_fid:pca:pc4; gc_fid:pca:pc5; gc_fid:pls:bp_20:lv1,bulk_property:bp_20(1.000); bulk_property:bp_35(1.000); bulk_property:bp_50(1.000); bulk_property:bp_65(1.000); bulk_property:density_20c(1.000); bulk_property:saturates(1.000); gc_fid:pca:pc1(1.000); gc_fid:pca:pc2(1.000),petroleum_fraction_db_007,BP_80,analysis_plus_non_target_bulk,equal_weight
1,petroleum_fraction_db_009,0.273785,434.0,80,bulk_property:bp_20; bulk_property:bp_35; bulk_property:bp_50; bulk_property:bp_65; bulk_property:density_20c; bulk_property:saturates; gc_fid:pca:pc1; gc_fid:pca:pc2; gc_fid:pca:pc3; gc_fid:pca:pc4; gc_fid:pca:pc5; gc_fid:pls:bp_20:lv1,bulk_property:bp_65(1.039); bulk_property:bp_50(1.018); bulk_property:bp_35(0.982); gc_fid:pls:density_20c:lv1(0.973); gc_fid:pls:saturates:lv1(0.962); gc_fid:pls:bp_80:lv1(0.945); gc_fid:pls:bp_65:lv1(0.942); gc_fid:pls:bp_50:lv1(0.941),petroleum_fraction_db_007,BP_80,analysis_plus_non_target_bulk,correlation_weighted
2,petroleum_fraction_db_026,0.396612,437.4,39,bulk_property:bp_20; bulk_property:bp_35; bulk_property:bp_50; bulk_property:bp_65; bulk_property:density_20c; bulk_property:saturates; gc_fid:pca:pc1; gc_fid:pca:pc2; gc_fid:pca:pc3; gc_fid:pca:pc4; gc_fid:pca:pc5; gc_fid:pls:bp_20:lv1,bulk_property:bp_65(1.039); bulk_property:bp_50(1.018); bulk_property:bp_35(0.982); gc_fid:pls:density_20c:lv1(0.973); gc_fid:pls:saturates:lv1(0.962); gc_fid:pls:bp_80:lv1(0.945); gc_fid:pls:bp_65:lv1(0.942); gc_fid:pls:bp_50:lv1(0.941),petroleum_fraction_db_007,BP_80,analysis_plus_non_target_bulk,correlation_weighted
3,petroleum_fraction_db_031,0.444371,483.2,80,bulk_property:bp_20; bulk_property:bp_35; bulk_property:bp_50; bulk_property:bp_65; bulk_property:density_20c; bulk_property:saturates; gc_fid:pca:pc1; gc_fid:pca:pc2; gc_fid:pca:pc3; gc_fid:pca:pc4; gc_fid:pca:pc5; gc_fid:pls:bp_20:lv1,bulk_property:bp_65(1.039); bulk_property:bp_50(1.018); bulk_property:bp_35(0.982); gc_fid:pls:density_20c:lv1(0.973); gc_fid:pls:saturates:lv1(0.962); gc_fid:pls:bp_80:lv1(0.945); gc_fid:pls:bp_65:lv1(0.942); gc_fid:pls:bp_50:lv1(0.941),petroleum_fraction_db_007,BP_80,analysis_plus_non_target_bulk,correlation_weighted
4,petroleum_fraction_db_029,0.447933,429.0,80,bulk_property:bp_20; bulk_property:bp_35; bulk_property:bp_50; bulk_property:bp_65; bulk_property:density_20c; bulk_property:saturates; gc_fid:pca:pc1; gc_fid:pca:pc2; gc_fid:pca:pc3; gc_fid:pca:pc4; gc_fid:pca:pc5; gc_fid:pls:bp_20:lv1,bulk_property:bp_65(1.039); bulk_property:bp_50(1.018); bulk_property:bp_35(0.982); gc_fid:pls:density_20c:lv1(0.973); gc_fid:pls:saturates:lv1(0.962); gc_fid:pls:bp_80:lv1(0.945); gc_fid:pls:bp_65:lv1(0.942); gc_fid:pls:bp_50:lv1(0.941),petroleum_fraction_db_007,BP_80,analysis_plus_non_target_bulk,correlation_weighted
1,petroleum_fraction_db_052,0.792536,0.9183,74,gc_fid:pca:pc1; gc_fid:pca:pc2; gc_fid:pca:pc3; gc_fid:pca:pc4; gc_fid:pca:pc5; gc_fid:pls:bp_20:lv1; gc_fid:pls:bp_20:lv2; gc_fid:pls:bp_20:lv3; gc_fid:pls:bp_20:lv4; gc_fid:pls:bp_35:lv1; gc_fid:pls:bp_35:lv2; gc_fid:pls:bp_35:lv3,gc_fid:pca:pc1(1.000); gc_fid:pca:pc2(1.000); gc_fid:pca:pc3(1.000); gc_fid:pca:pc4(1.000); gc_fid:pca:pc5(1.000); gc_fid:pls:bp_20:lv1(1.000); gc_fid:pls:bp_20:lv2(1.000); gc_fid:pls:bp_20:lv3(1.000),petroleum_fraction_db_013,density_20c,analysis_only,equal_weight
2,petroleum_fraction_db_060,1.27312,0.8782,74,gc_fid:pca:pc1; gc_fid:pca:pc2; gc_fid:pca:pc3; gc_fid:pca:pc4; gc_fid:pca:pc5; gc_fid:pls:bp_20:lv1; gc_fid:pls:bp_20:lv2; gc_fid:pls:bp_20:lv3; gc_fid:pls:bp_20:lv4; gc_fid:pls:bp_35:lv1; gc_fid:pls:bp_35:lv2; gc_fid:pls:bp_35:lv3,gc_fid:pca:pc1(1.000); gc_fid:pca:pc2(1.000); gc_fid:pca:pc3(1.000); gc_fid:pca:pc4(1.000); gc_fid:pca:pc5(1.000); gc_fid:pls:bp_20:lv1(1.000); gc_fid:pls:bp_20:lv2(1.000); gc_fid:pls:bp_20:lv3(1.000),petroleum_fraction_db_013,density_20c,analysis_only,equal_weight
3,petroleum_fraction_db_059,1.318778,0.8737,74,gc_fid:pca:pc1; gc_fid:pca:pc2; gc_fid:pca:pc3; gc_fid:pca:pc4; gc_fid:pca:pc5; gc_fid:pls:bp_20:lv1; gc_fid:pls:bp_20:lv2; gc_fid:pls:bp_20:lv3; gc_fid:pls:bp_20:lv4; gc_fid:pls:bp_35:lv1; gc_fid:pls:bp_35:lv2; gc_fid:pls:bp_35:lv3,gc_fid:pca:pc1(1.000); gc_fid:pca:pc2(1.000); gc_fid:pca:pc3(1.000); gc_fid:pca:pc4(1.000); gc_fid:pca:pc5(1.000); gc_fid:pls:bp_20:lv1(1.000); gc_fid:pls:bp_20:lv2(1.000); gc_fid:pls:bp_20:lv3(1.000),petroleum_fraction_db_013,density_20c,analysis_only,equal_weight
4,petroleum_fraction_db_050,1.333916,0.8712,74,gc_fid:pca:pc1; gc_fid:pca:pc2; gc_fid:pca:pc3; gc_fid:pca:pc4; gc_fid:pca:pc5; gc_fid:pls:bp_20:lv1; gc_fid:pls:bp_20:lv2; gc_fid:pls:bp_20:lv3; gc_fid:pls:bp_20:lv4; gc_fid:pls:bp_35:lv1; gc_fid:pls:bp_35:lv2; gc_fid:pls:bp_35:lv3,gc_fid:pca:pc1(1.000); gc_fid:pca:pc2(1.000); gc_fid:pca:pc3(1.000); gc_fid:pca:pc4(1.000); gc_fid:pca:pc5(1.000); gc_fid:pls:bp_20:lv1(1.000); gc_fid:pls:bp_20:lv2(1.000); gc_fid:pls:bp_20:lv3(1.000),petroleum_fraction_db_013,density_20c,analysis_only,equal_weight
1,petroleum_fraction_db_052,0.801486,0.9183,74,gc_fid:pca:pc1; gc_fid:pca:pc2; gc_fid:pca:pc3; gc_fid:pca:pc4; gc_fid:pca:pc5; gc_fid:pls:bp_20:lv1; gc_fid:pls:bp_20:lv2; gc_fid:pls:bp_20:lv3; gc_fid:pls:bp_20:lv4; gc_fid:pls:bp_35:lv1; gc_fid:pls:bp_35:lv2; gc_fid:pls:bp_35:lv3,ir:weighted_x_q90(0.728); ir_spectrum:pls:density_20c:lv2(0.727); ir_spectrum:pls:saturates:lv2(0.716); ir_spectrum:pls:density_20c:lv1(0.649); ir_spectrum:pls:saturates:lv1(0.629); ir_spectrum:pls:bp_35:lv1(0.628); ir_spectrum:pca:pc1(0.615); ir_spectrum:pls:bp_65:lv1(0.615),petroleum_fraction_db_013,density_20c,analysis_only,correlation_weighted
2,petroleum_fraction_db_050,1.330875,0.8712,74,gc_fid:pca:pc1; gc_fid:pca:pc2; gc_fid:pca:pc3; gc_fid:pca:pc4; gc_fid:pca:pc5; gc_fid:pls:bp_20:lv1; gc_fid:pls:bp_20:lv2; gc_fid:pls:bp_20:lv3; gc_fid:pls:bp_20:lv4; gc_fid:pls:bp_35:lv1; gc_fid:pls:bp_35:lv2; gc_fid:pls:bp_35:lv3,ir:weighted_x_q90(0.728); ir_spectrum:pls:density_20c:lv2(0.727); ir_spectrum:pls:saturates:lv2(0.716); ir_spectrum:pls:density_20c:lv1(0.649); ir_spectrum:pls:saturates:lv1(0.629); ir_spectrum:pls:bp_35:lv1(0.628); ir_spectrum:pca:pc1(0.615); ir_spectrum:pls:bp_65:lv1(0.615),petroleum_fraction_db_013,density_20c,analysis_only,correlation_weighted
3,petroleum_fraction_db_060,1.333956,0.8782,74,gc_fid:pca:pc1; gc_fid:pca:pc2; gc_fid:pca:pc3; gc_fid:pca:pc4; gc_fid:pca:pc5; gc_fid:pls:bp_20:lv1; gc_fid:pls:bp_20:lv2; gc_fid:pls:bp_20:lv3; gc_fid:pls:bp_20:lv4; gc_fid:pls:bp_35:lv1; gc_fid:pls:bp_35:lv2; gc_fid:pls:bp_35:lv3,ir:weighted_x_q90(0.728); ir_spectrum:pls:density_20c:lv2(0.727); ir_spectrum:pls:saturates:lv2(0.716); ir_spectrum:pls:density_20c:lv1(0.649); ir_spectrum:pls:saturates:lv1(0.629); ir_spectrum:pls:bp_35:lv1(0.628); ir_spectrum:pca:pc1(0.615); ir_spectrum:pls:bp_65:lv1(0.615),petroleum_fraction_db_013,density_20c,analysis_only,correlation_weighted
4,petroleum_fraction_db_010,1.348387,0.8619,74,gc_fid:pca:pc1; gc_fid:pca:pc2; gc_fid:pca:pc3; gc_fid:pca:pc4; gc_fid:pca:pc5; gc_fid:pls:bp_20:lv1; gc_fid:pls:bp_20:lv2; gc_fid:pls:bp_20:lv3; gc_fid:pls:bp_20:lv4; gc_fid:pls:bp_35:lv1; gc_fid:pls:bp_35:lv2; gc_fid:pls:bp_35:lv3,ir:weighted_x_q90(0.728); ir_spectrum:pls:density_20c:lv2(0.727); ir_spectrum:pls:saturates:lv2(0.716); ir_spectrum:pls:density_20c:lv1(0.649); ir_spectrum:pls:saturates:lv1(0.629); ir_spectrum:pls:bp_35:lv1(0.628); ir_spectrum:pca:pc1(0.615); ir_spectrum:pls:bp_65:lv1(0.615),petroleum_fraction_db_013,density_20c,analysis_only,correlation_weighted
1,petroleum_fraction_db_052,0.769955,0.9183,80,bulk_property:bp_20; bulk_property:bp_35; bulk_property:bp_50; bulk_property:bp_65; bulk_property:bp_80; bulk_property:saturates; gc_fid:pca:pc1; gc_fid:pca:pc2; gc_fid:pca:pc3; gc_fid:pca:pc4; gc_fid:pca:pc5; gc_fid:pls:bp_20:lv1,bulk_property:bp_20(1.000); bulk_property:bp_35(1.000); bulk_property:bp_50(1.000); bulk_property:bp_65(1.000); bulk_property:bp_80(1.000); bulk_property:saturates(1.000); gc_fid:pca:pc1(1.000); gc_fid:pca:pc2(1.000),petroleum_fraction_db_013,density_20c,analysis_plus_non_target_bulk,equal_weight
2,petroleum_fraction_db_060,1.240428,0.8782,80,bulk_property:bp_20; bulk_property:bp_35; bulk_property:bp_50; bulk_property:bp_65; bulk_property:bp_80; bulk_property:saturates; gc_fid:pca:pc1; gc_fid:pca:pc2; gc_fid:pca:pc3; gc_fid:pca:pc4; gc_fid:pca:pc5; gc_fid:pls:bp_20:lv1,bulk_property:bp_20(1.000); bulk_property:bp_35(1.000); bulk_property:bp_50(1.000); bulk_property:bp_65(1.000); bulk_property:bp_80(1.000); bulk_property:saturates(1.000); gc_fid:pca:pc1(1.000); gc_fid:pca:pc2(1.000),petroleum_fraction_db_013,density_20c,analysis_plus_non_target_bulk,equal_weight
3,petroleum_fraction_db_059,1.277236,0.8737,80,bulk_property:bp_20; bulk_property:bp_35; bulk_property:bp_50; bulk_property:bp_65; bulk_property:bp_80; bulk_property:saturates; gc_fid:pca:pc1; gc_fid:pca:pc2; gc_fid:pca:pc3; gc_fid:pca:pc4; gc_fid:pca:pc5; gc_fid:pls:bp_20:lv1,bulk_property:bp_20(1.000); bulk_property:bp_35(1.000); bulk_property:bp_50(1.000); bulk_property:bp_65(1.000); bulk_property:bp_80(1.000); bulk_property:saturates(1.000); gc_fid:pca:pc1(1.000); gc_fid:pca:pc2(1.000),petroleum_fraction_db_013,density_20c,analysis_plus_non_target_bulk,equal_weight
4,petroleum_fraction_db_064,1.334422,0.9008,80,bulk_property:bp_20; bulk_property:bp_35; bulk_property:bp_50; bulk_property:bp_65; bulk_property:bp_80; bulk_property:saturates; gc_fid:pca:pc1; gc_fid:pca:pc2; gc_fid:pca:pc3; gc_fid:pca:pc4; gc_fid:pca:pc5; gc_fid:pls:bp_20:lv1,bulk_property:bp_20(1.000); bulk_property:bp_35(1.000); bulk_property:bp_50(1.000); bulk_property:bp_65(1.000); bulk_property:bp_80(1.000); bulk_property:saturates(1.000); gc_fid:pca:pc1(1.000); gc_fid:pca:pc2(1.000),petroleum_fraction_db_013,density_20c,analysis_plus_non_target_bulk,equal_weight
1,petroleum_fraction_db_052,0.769368,0.9183,80,bulk_property:bp_20; bulk_property:bp_35; bulk_property:bp_50; bulk_property:bp_65; bulk_property:bp_80; bulk_property:saturates; gc_fid:pca:pc1; gc_fid:pca:pc2; gc_fid:pca:pc3; gc_fid:pca:pc4; gc_fid:pca:pc5; gc_fid:pls:bp_20:lv1,bulk_property:saturates(0.895); ir:weighted_x_q90(0.728); ir_spectrum:pls:density_20c:lv2(0.727); ir_spectrum:pls:saturates:lv2(0.716); ir_spectrum:pls:density_20c:lv1(0.649); ir_spectrum:pls:saturates:lv1(0.629); ir_spectrum:pls:bp_35:lv1(0.628); ir_spectrum:pca:pc1(0.615),petroleum_fraction_db_013,density_20c,analysis_plus_non_target_bulk,correlation_weighted
2,petroleum_fraction_db_060,1.278915,0.8782,80,bulk_property:bp_20; bulk_property:bp_35; bulk_property:bp_50; bulk_property:bp_65; bulk_property:bp_80; bulk_property:saturates; gc_fid:pca:pc1; gc_fid:pca:pc2; gc_fid:pca:pc3; gc_fid:pca:pc4; gc_fid:pca:pc5; gc_fid:pls:bp_20:lv1,bulk_property:saturates(0.895); ir:weighted_x_q90(0.728); ir_spectrum:pls:density_20c:lv2(0.727); ir_spectrum:pls:saturates:lv2(0.716); ir_spectrum:pls:density_20c:lv1(0.649); ir_spectrum:pls:saturates:lv1(0.629); ir_spectrum:pls:bp_35:lv1(0.628); ir_spectrum:pca:pc1(0.615),petroleum_fraction_db_013,density_20c,analysis_plus_non_target_bulk,correlation_weighted
3,petroleum_fraction_db_059,1.29144,0.8737,80,bulk_property:bp_20; bulk_property:bp_35; bulk_property:bp_50; bulk_property:bp_65; bulk_property:bp_80; bulk_property:saturates; gc_fid:pca:pc1; gc_fid:pca:pc2; gc_fid:pca:pc3; gc_fid:pca:pc4; gc_fid:pca:pc5; gc_fid:pls:bp_20:lv1,bulk_property:saturates(0.895); ir:weighted_x_q90(0.728); ir_spectrum:pls:density_20c:lv2(0.727); ir_spectrum:pls:saturates:lv2(0.716); ir_spectrum:pls:density_20c:lv1(0.649); ir_spectrum:pls:saturates:lv1(0.629); ir_spectrum:pls:bp_35:lv1(0.628); ir_spectrum:pca:pc1(0.615),petroleum_fraction_db_013,density_20c,analysis_plus_non_target_bulk,correlation_weighted
4,petroleum_fraction_db_058,1.377865,0.8559,80,bulk_property:bp_20; bulk_property:bp_35; bulk_property:bp_50; bulk_property:bp_65; bulk_property:bp_80; bulk_property:saturates; gc_fid:pca:pc1; gc_fid:pca:pc2; gc_fid:pca:pc3; gc_fid:pca:pc4; gc_fid:pca:pc5; gc_fid:pls:bp_20:lv1,bulk_property:saturates(0.895); ir:weighted_x_q90(0.728); ir_spectrum:pls:density_20c:lv2(0.727); ir_spectrum:pls:saturates:lv2(0.716); ir_spectrum:pls:density_20c:lv1(0.649); ir_spectrum:pls:saturates:lv1(0.629); ir_spectrum:pls:bp_35:lv1(0.628); ir_spectrum:pca:pc1(0.615),petroleum_fraction_db_013,density_20c,analysis_plus_non_target_bulk,correlation_weighted
1,petroleum_fraction_db_052,0.792536,74.06340057636729,74,gc_fid:pca:pc1; gc_fid:pca:pc2; gc_fid:pca:pc3; gc_fid:pca:pc4; gc_fid:pca:pc5; gc_fid:pls:bp_20:lv1; gc_fid:pls:bp_20:lv2; gc_fid:pls:bp_20:lv3; gc_fid:pls:bp_20:lv4; gc_fid:pls:bp_35:lv1; gc_fid:pls:bp_35:lv2; gc_fid:pls:bp_35:lv3,gc_fid:pca:pc1(1.000); gc_fid:pca:pc2(1.000); gc_fid:pca:pc3(1.000); gc_fid:pca:pc4(1.000); gc_fid:pca:pc5(1.000); gc_fid:pls:bp_20:lv1(1.000); gc_fid:pls:bp_20:lv2(1.000); gc_fid:pls:bp_20:lv3(1.000),petroleum_fraction_db_013,saturates,analysis_only,equal_weight
2,petroleum_fraction_db_060,1.27312,75.83022553720595,74,gc_fid:pca:pc1; gc_fid:pca:pc2; gc_fid:pca:pc3; gc_fid:pca:pc4; gc_fid:pca:pc5; gc_fid:pls:bp_20:lv1; gc_fid:pls:bp_20:lv2; gc_fid:pls:bp_20:lv3; gc_fid:pls:bp_20:lv4; gc_fid:pls:bp_35:lv1; gc_fid:pls:bp_35:lv2; gc_fid:pls:bp_35:lv3,gc_fid:pca:pc1(1.000); gc_fid:pca:pc2(1.000); gc_fid:pca:pc3(1.000); gc_fid:pca:pc4(1.000); gc_fid:pca:pc5(1.000); gc_fid:pls:bp_20:lv1(1.000); gc_fid:pls:bp_20:lv2(1.000); gc_fid:pls:bp_20:lv3(1.000),petroleum_fraction_db_013,saturates,analysis_only,equal_weight
3,petroleum_fraction_db_059,1.318778,85.86303939962495,74,gc_fid:pca:pc1; gc_fid:pca:pc2; gc_fid:pca:pc3; gc_fid:pca:pc4; gc_fid:pca:pc5; gc_fid:pls:bp_20:lv1; gc_fid:pls:bp_20:lv2; gc_fid:pls:bp_20:lv3; gc_fid:pls:bp_20:lv4; gc_fid:pls:bp_35:lv1; gc_fid:pls:bp_35:lv2; gc_fid:pls:bp_35:lv3,gc_fid:pca:pc1(1.000); gc_fid:pca:pc2(1.000); gc_fid:pca:pc3(1.000); gc_fid:pca:pc4(1.000); gc_fid:pca:pc5(1.000); gc_fid:pls:bp_20:lv1(1.000); gc_fid:pls:bp_20:lv2(1.000); gc_fid:pls:bp_20:lv3(1.000),petroleum_fraction_db_013,saturates,analysis_only,equal_weight
4,petroleum_fraction_db_050,1.333916,90.1720590985581,74,gc_fid:pca:pc1; gc_fid:pca:pc2; gc_fid:pca:pc3; gc_fid:pca:pc4; gc_fid:pca:pc5; gc_fid:pls:bp_20:lv1; gc_fid:pls:bp_20:lv2; gc_fid:pls:bp_20:lv3; gc_fid:pls:bp_20:lv4; gc_fid:pls:bp_35:lv1; gc_fid:pls:bp_35:lv2; gc_fid:pls:bp_35:lv3,gc_fid:pca:pc1(1.000); gc_fid:pca:pc2(1.000); gc_fid:pca:pc3(1.000); gc_fid:pca:pc4(1.000); gc_fid:pca:pc5(1.000); gc_fid:pls:bp_20:lv1(1.000); gc_fid:pls:bp_20:lv2(1.000); gc_fid:pls:bp_20:lv3(1.000),petroleum_fraction_db_013,saturates,analysis_only,equal_weight
1,petroleum_fraction_db_052,0.778888,74.06340057636729,74,gc_fid:pca:pc1; gc_fid:pca:pc2; gc_fid:pca:pc3; gc_fid:pca:pc4; gc_fid:pca:pc5; gc_fid:pls:bp_20:lv1; gc_fid:pls:bp_20:lv2; gc_fid:pls:bp_20:lv3; gc_fid:pls:bp_20:lv4; gc_fid:pls:bp_35:lv1; gc_fid:pls:bp_35:lv2; gc_fid:pls:bp_35:lv3,ir:weighted_x_q90(0.703); ir_spectrum:pls:density_20c:lv1(0.668); ir_spectrum:pls:saturates:lv1(0.668); ir_spectrum:pca:pc1(0.656); ir:weighted_x_mean(0.613); ir_spectrum:pls:bp_80:lv1(0.577); ir_spectrum:pls:saturates:lv2(0.568); ir:weighted_x_q50(0.567),petroleum_fraction_db_013,saturates,analysis_only,correlation_weighted
2,petroleum_fraction_db_050,1.291304,90.1720590985581,74,gc_fid:pca:pc1; gc_fid:pca:pc2; gc_fid:pca:pc3; gc_fid:pca:pc4; gc_fid:pca:pc5; gc_fid:pls:bp_20:lv1; gc_fid:pls:bp_20:lv2; gc_fid:pls:bp_20:lv3; gc_fid:pls:bp_20:lv4; gc_fid:pls:bp_35:lv1; gc_fid:pls:bp_35:lv2; gc_fid:pls:bp_35:lv3,ir:weighted_x_q90(0.703); ir_spectrum:pls:density_20c:lv1(0.668); ir_spectrum:pls:saturates:lv1(0.668); ir_spectrum:pca:pc1(0.656); ir:weighted_x_mean(0.613); ir_spectrum:pls:bp_80:lv1(0.577); ir_spectrum:pls:saturates:lv2(0.568); ir:weighted_x_q50(0.567),petroleum_fraction_db_013,saturates,analysis_only,correlation_weighted
3,petroleum_fraction_db_049,1.321192,95.99030400969616,74,gc_fid:pca:pc1; gc_fid:pca:pc2; gc_fid:pca:pc3; gc_fid:pca:pc4; gc_fid:pca:pc5; gc_fid:pls:bp_20:lv1; gc_fid:pls:bp_20:lv2; gc_fid:pls:bp_20:lv3; gc_fid:pls:bp_20:lv4; gc_fid:pls:bp_35:lv1; gc_fid:pls:bp_35:lv2; gc_fid:pls:bp_35:lv3,ir:weighted_x_q90(0.703); ir_spectrum:pls:density_20c:lv1(0.668); ir_spectrum:pls:saturates:lv1(0.668); ir_spectrum:pca:pc1(0.656); ir:weighted_x_mean(0.613); ir_spectrum:pls:bp_80:lv1(0.577); ir_spectrum:pls:saturates:lv2(0.568); ir:weighted_x_q50(0.567),petroleum_fraction_db_013,saturates,analysis_only,correlation_weighted
4,petroleum_fraction_db_060,1.332389,75.83022553720595,74,gc_fid:pca:pc1; gc_fid:pca:pc2; gc_fid:pca:pc3; gc_fid:pca:pc4; gc_fid:pca:pc5; gc_fid:pls:bp_20:lv1; gc_fid:pls:bp_20:lv2; gc_fid:pls:bp_20:lv3; gc_fid:pls:bp_20:lv4; gc_fid:pls:bp_35:lv1; gc_fid:pls:bp_35:lv2; gc_fid:pls:bp_35:lv3,ir:weighted_x_q90(0.703); ir_spectrum:pls:density_20c:lv1(0.668); ir_spectrum:pls:saturates:lv1(0.668); ir_spectrum:pca:pc1(0.656); ir:weighted_x_mean(0.613); ir_spectrum:pls:bp_80:lv1(0.577); ir_spectrum:pls:saturates:lv2(0.568); ir:weighted_x_q50(0.567),petroleum_fraction_db_013,saturates,analysis_only,correlation_weighted
1,petroleum_fraction_db_052,0.771757,74.06340057636729,80,bulk_property:bp_20; bulk_property:bp_35; bulk_property:bp_50; bulk_property:bp_65; bulk_property:bp_80; bulk_property:density_20c; gc_fid:pca:pc1; gc_fid:pca:pc2; gc_fid:pca:pc3; gc_fid:pca:pc4; gc_fid:pca:pc5; gc_fid:pls:bp_20:lv1,bulk_property:bp_20(1.000); bulk_property:bp_35(1.000); bulk_property:bp_50(1.000); bulk_property:bp_65(1.000); bulk_property:bp_80(1.000); bulk_property:density_20c(1.000); gc_fid:pca:pc1(1.000); gc_fid:pca:pc2(1.000),petroleum_fraction_db_013,saturates,analysis_plus_non_target_bulk,equal_weight
2,petroleum_fraction_db_060,1.239606,75.83022553720595,80,bulk_property:bp_20; bulk_property:bp_35; bulk_property:bp_50; bulk_property:bp_65; bulk_property:bp_80; bulk_property:density_20c; gc_fid:pca:pc1; gc_fid:pca:pc2; gc_fid:pca:pc3; gc_fid:pca:pc4; gc_fid:pca:pc5; gc_fid:pls:bp_20:lv1,bulk_property:bp_20(1.000); bulk_property:bp_35(1.000); bulk_property:bp_50(1.000); bulk_property:bp_65(1.000); bulk_property:bp_80(1.000); bulk_property:density_20c(1.000); gc_fid:pca:pc1(1.000); gc_fid:pca:pc2(1.000),petroleum_fraction_db_013,saturates,analysis_plus_non_target_bulk,equal_weight
3,petroleum_fraction_db_059,1.277292,85.86303939962495,80,bulk_property:bp_20; bulk_property:bp_35; bulk_property:bp_50; bulk_property:bp_65; bulk_property:bp_80; bulk_property:density_20c; gc_fid:pca:pc1; gc_fid:pca:pc2; gc_fid:pca:pc3; gc_fid:pca:pc4; gc_fid:pca:pc5; gc_fid:pls:bp_20:lv1,bulk_property:bp_20(1.000); bulk_property:bp_35(1.000); bulk_property:bp_50(1.000); bulk_property:bp_65(1.000); bulk_property:bp_80(1.000); bulk_property:density_20c(1.000); gc_fid:pca:pc1(1.000); gc_fid:pca:pc2(1.000),petroleum_fraction_db_013,saturates,analysis_plus_non_target_bulk,equal_weight
4,petroleum_fraction_db_034,1.331655,60.6094578067661,80,bulk_property:bp_20; bulk_property:bp_35; bulk_property:bp_50; bulk_property:bp_65; bulk_property:bp_80; bulk_property:density_20c; gc_fid:pca:pc1; gc_fid:pca:pc2; gc_fid:pca:pc3; gc_fid:pca:pc4; gc_fid:pca:pc5; gc_fid:pls:bp_20:lv1,bulk_property:bp_20(1.000); bulk_property:bp_35(1.000); bulk_property:bp_50(1.000); bulk_property:bp_65(1.000); bulk_property:bp_80(1.000); bulk_property:density_20c(1.000); gc_fid:pca:pc1(1.000); gc_fid:pca:pc2(1.000),petroleum_fraction_db_013,saturates,analysis_plus_non_target_bulk,equal_weight
1,petroleum_fraction_db_052,0.755864,74.06340057636729,80,bulk_property:bp_20; bulk_property:bp_35; bulk_property:bp_50; bulk_property:bp_65; bulk_property:bp_80; bulk_property:density_20c; gc_fid:pca:pc1; gc_fid:pca:pc2; gc_fid:pca:pc3; gc_fid:pca:pc4; gc_fid:pca:pc5; gc_fid:pls:bp_20:lv1,bulk_property:density_20c(0.895); ir:weighted_x_q90(0.703); ir_spectrum:pls:density_20c:lv1(0.668); ir_spectrum:pls:saturates:lv1(0.668); ir_spectrum:pca:pc1(0.656); ir:weighted_x_mean(0.613); ir_spectrum:pls:bp_80:lv1(0.577); ir_spectrum:pls:saturates:lv2(0.568),petroleum_fraction_db_013,saturates,analysis_plus_non_target_bulk,correlation_weighted
2,petroleum_fraction_db_060,1.279069,75.83022553720595,80,bulk_property:bp_20; bulk_property:bp_35; bulk_property:bp_50; bulk_property:bp_65; bulk_property:bp_80; bulk_property:density_20c; gc_fid:pca:pc1; gc_fid:pca:pc2; gc_fid:pca:pc3; gc_fid:pca:pc4; gc_fid:pca:pc5; gc_fid:pls:bp_20:lv1,bulk_property:density_20c(0.895); ir:weighted_x_q90(0.703); ir_spectrum:pls:density_20c:lv1(0.668); ir_spectrum:pls:saturates:lv1(0.668); ir_spectrum:pca:pc1(0.656); ir:weighted_x_mean(0.613); ir_spectrum:pls:bp_80:lv1(0.577); ir_spectrum:pls:saturates:lv2(0.568),petroleum_fraction_db_013,saturates,analysis_plus_non_target_bulk,correlation_weighted
3,petroleum_fraction_db_059,1.343644,85.86303939962495,80,bulk_property:bp_20; bulk_property:bp_35; bulk_property:bp_50; bulk_property:bp_65; bulk_property:bp_80; bulk_property:density_20c; gc_fid:pca:pc1; gc_fid:pca:pc2; gc_fid:pca:pc3; gc_fid:pca:pc4; gc_fid:pca:pc5; gc_fid:pls:bp_20:lv1,bulk_property:density_20c(0.895); ir:weighted_x_q90(0.703); ir_spectrum:pls:density_20c:lv1(0.668); ir_spectrum:pls:saturates:lv1(0.668); ir_spectrum:pca:pc1(0.656); ir:weighted_x_mean(0.613); ir_spectrum:pls:bp_80:lv1(0.577); ir_spectrum:pls:saturates:lv2(0.568),petroleum_fraction_db_013,saturates,analysis_plus_non_target_bulk,correlation_weighted
4,petroleum_fraction_db_022,1.380619,62.3645320197054,80,bulk_property:bp_20; bulk_property:bp_35; bulk_property:bp_50; bulk_property:bp_65; bulk_property:bp_80; bulk_property:density_20c; gc_fid:pca:pc1; gc_fid:pca:pc2; gc_fid:pca:pc3; gc_fid:pca:pc4; gc_fid:pca:pc5; gc_fid:pls:bp_20:lv1,bulk_property:density_20c(0.895); ir:weighted_x_q90(0.703); ir_spectrum:pls:density_20c:lv1(0.668); ir_spectrum:pls:saturates:lv1(0.668); ir_spectrum:pca:pc1(0.656); ir:weighted_x_mean(0.613); ir_spectrum:pls:bp_80:lv1(0.577); ir_spectrum:pls:saturates:lv2(0.568),petroleum_fraction_db_013,saturates,analysis_plus_non_target_bulk,correlation_weighted
1,petroleum_fraction_db_052,0.792536,469.0,74,gc_fid:pca:pc1; gc_fid:pca:pc2; gc_fid:pca:pc3; gc_fid:pca:pc4; gc_fid:pca:pc5; gc_fid:pls:bp_20:lv1; gc_fid:pls:bp_20:lv2; gc_fid:pls:bp_20:lv3; gc_fid:pls:bp_20:lv4; gc_fid:pls:bp_35:lv1; gc_fid:pls:bp_35:lv2; gc_fid:pls:bp_35:lv3,gc_fid:pca:pc1(1.000); gc_fid:pca:pc2(1.000); gc_fid:pca:pc3(1.000); gc_fid:pca:pc4(1.000); gc_fid:pca:pc5(1.000); gc_fid:pls:bp_20:lv1(1.000); gc_fid:pls:bp_20:lv2(1.000); gc_fid:pls:bp_20:lv3(1.000),petroleum_fraction_db_013,BP_20,analysis_only,equal_weight
2,petroleum_fraction_db_060,1.27312,432.6,74,gc_fid:pca:pc1; gc_fid:pca:pc2; gc_fid:pca:pc3; gc_fid:pca:pc4; gc_fid:pca:pc5; gc_fid:pls:bp_20:lv1; gc_fid:pls:bp_20:lv2; gc_fid:pls:bp_20:lv3; gc_fid:pls:bp_20:lv4; gc_fid:pls:bp_35:lv1; gc_fid:pls:bp_35:lv2; gc_fid:pls:bp_35:lv3,gc_fid:pca:pc1(1.000); gc_fid:pca:pc2(1.000); gc_fid:pca:pc3(1.000); gc_fid:pca:pc4(1.000); gc_fid:pca:pc5(1.000); gc_fid:pls:bp_20:lv1(1.000); gc_fid:pls:bp_20:lv2(1.000); gc_fid:pls:bp_20:lv3(1.000),petroleum_fraction_db_013,BP_20,analysis_only,equal_weight
3,petroleum_fraction_db_059,1.318778,443.4,74,gc_fid:pca:pc1; gc_fid:pca:pc2; gc_fid:pca:pc3; gc_fid:pca:pc4; gc_fid:pca:pc5; gc_fid:pls:bp_20:lv1; gc_fid:pls:bp_20:lv2; gc_fid:pls:bp_20:lv3; gc_fid:pls:bp_20:lv4; gc_fid:pls:bp_35:lv1; gc_fid:pls:bp_35:lv2; gc_fid:pls:bp_35:lv3,gc_fid:pca:pc1(1.000); gc_fid:pca:pc2(1.000); gc_fid:pca:pc3(1.000); gc_fid:pca:pc4(1.000); gc_fid:pca:pc5(1.000); gc_fid:pls:bp_20:lv1(1.000); gc_fid:pls:bp_20:lv2(1.000); gc_fid:pls:bp_20:lv3(1.000),petroleum_fraction_db_013,BP_20,analysis_only,equal_weight
4,petroleum_fraction_db_050,1.333916,287.2,74,gc_fid:pca:pc1; gc_fid:pca:pc2; gc_fid:pca:pc3; gc_fid:pca:pc4; gc_fid:pca:pc5; gc_fid:pls:bp_20:lv1; gc_fid:pls:bp_20:lv2; gc_fid:pls:bp_20:lv3; gc_fid:pls:bp_20:lv4; gc_fid:pls:bp_35:lv1; gc_fid:pls:bp_35:lv2; gc_fid:pls:bp_35:lv3,gc_fid:pca:pc1(1.000); gc_fid:pca:pc2(1.000); gc_fid:pca:pc3(1.000); gc_fid:pca:pc4(1.000); gc_fid:pca:pc5(1.000); gc_fid:pls:bp_20:lv1(1.000); gc_fid:pls:bp_20:lv2(1.000); gc_fid:pls:bp_20:lv3(1.000),petroleum_fraction_db_013,BP_20,analysis_only,equal_weight
1,petroleum_fraction_db_052,0.741018,469.0,74,gc_fid:pca:pc1; gc_fid:pca:pc2; gc_fid:pca:pc3; gc_fid:pca:pc4; gc_fid:pca:pc5; gc_fid:pls:bp_20:lv1; gc_fid:pls:bp_20:lv2; gc_fid:pls:bp_20:lv3; gc_fid:pls:bp_20:lv4; gc_fid:pls:bp_35:lv1; gc_fid:pls:bp_35:lv2; gc_fid:pls:bp_35:lv3,gc_fid:pls:density_20c:lv1(0.948); gc_fid:pls:bp_20:lv1(0.940); gc_fid:pls:bp_35:lv1(0.939); gc_fid:pls:bp_50:lv1(0.938); gc_fid:pls:bp_65:lv1(0.936); gc_fid:pls:bp_80:lv1(0.934); gc_fid:pls:saturates:lv1(0.928); gc_fid:pca:pc1(0.914),petroleum_fraction_db_013,BP_20,analysis_only,correlation_weighted
2,petroleum_fraction_db_059,1.107762,443.4,74,gc_fid:pca:pc1; gc_fid:pca:pc2; gc_fid:pca:pc3; gc_fid:pca:pc4; gc_fid:pca:pc5; gc_fid:pls:bp_20:lv1; gc_fid:pls:bp_20:lv2; gc_fid:pls:bp_20:lv3; gc_fid:pls:bp_20:lv4; gc_fid:pls:bp_35:lv1; gc_fid:pls:bp_35:lv2; gc_fid:pls:bp_35:lv3,gc_fid:pls:density_20c:lv1(0.948); gc_fid:pls:bp_20:lv1(0.940); gc_fid:pls:bp_35:lv1(0.939); gc_fid:pls:bp_50:lv1(0.938); gc_fid:pls:bp_65:lv1(0.936); gc_fid:pls:bp_80:lv1(0.934); gc_fid:pls:saturates:lv1(0.928); gc_fid:pca:pc1(0.914),petroleum_fraction_db_013,BP_20,analysis_only,correlation_weighted
3,petroleum_fraction_db_014,1.110379,382.8,33,gc_fid:pca:pc1; gc_fid:pca:pc2; gc_fid:pca:pc3; gc_fid:pca:pc4; gc_fid:pca:pc5; gc_fid:pls:bp_20:lv1; gc_fid:pls:bp_20:lv2; gc_fid:pls:bp_20:lv3; gc_fid:pls:bp_20:lv4; gc_fid:pls:bp_35:lv1; gc_fid:pls:bp_35:lv2; gc_fid:pls:bp_35:lv3,gc_fid:pls:density_20c:lv1(0.948); gc_fid:pls:bp_20:lv1(0.940); gc_fid:pls:bp_35:lv1(0.939); gc_fid:pls:bp_50:lv1(0.938); gc_fid:pls:bp_65:lv1(0.936); gc_fid:pls:bp_80:lv1(0.934); gc_fid:pls:saturates:lv1(0.928); gc_fid:pca:pc1(0.914),petroleum_fraction_db_013,BP_20,analysis_only,correlation_weighted
4,petroleum_fraction_db_060,1.140426,432.6,74,gc_fid:pca:pc1; gc_fid:pca:pc2; gc_fid:pca:pc3; gc_fid:pca:pc4; gc_fid:pca:pc5; gc_fid:pls:bp_20:lv1; gc_fid:pls:bp_20:lv2; gc_fid:pls:bp_20:lv3; gc_fid:pls:bp_20:lv4; gc_fid:pls:bp_35:lv1; gc_fid:pls:bp_35:lv2; gc_fid:pls:bp_35:lv3,gc_fid:pls:density_20c:lv1(0.948); gc_fid:pls:bp_20:lv1(0.940); gc_fid:pls:bp_35:lv1(0.939); gc_fid:pls:bp_50:lv1(0.938); gc_fid:pls:bp_65:lv1(0.936); gc_fid:pls:bp_80:lv1(0.934); gc_fid:pls:saturates:lv1(0.928); gc_fid:pca:pc1(0.914),petroleum_fraction_db_013,BP_20,analysis_only,correlation_weighted
1,petroleum_fraction_db_052,0.772714,469.0,80,bulk_property:bp_35; bulk_property:bp_50; bulk_property:bp_65; bulk_property:bp_80; bulk_property:density_20c; bulk_property:saturates; gc_fid:pca:pc1; gc_fid:pca:pc2; gc_fid:pca:pc3; gc_fid:pca:pc4; gc_fid:pca:pc5; gc_fid:pls:bp_20:lv1,bulk_property:bp_35(1.000); bulk_property:bp_50(1.000); bulk_property:bp_65(1.000); bulk_property:bp_80(1.000); bulk_property:density_20c(1.000); bulk_property:saturates(1.000); gc_fid:pca:pc1(1.000); gc_fid:pca:pc2(1.000),petroleum_fraction_db_013,BP_20,analysis_plus_non_target_bulk,equal_weight
2,petroleum_fraction_db_060,1.234764,432.6,80,bulk_property:bp_35; bulk_property:bp_50; bulk_property:bp_65; bulk_property:bp_80; bulk_property:density_20c; bulk_property:saturates; gc_fid:pca:pc1; gc_fid:pca:pc2; gc_fid:pca:pc3; gc_fid:pca:pc4; gc_fid:pca:pc5; gc_fid:pls:bp_20:lv1,bulk_property:bp_35(1.000); bulk_property:bp_50(1.000); bulk_property:bp_65(1.000); bulk_property:bp_80(1.000); bulk_property:density_20c(1.000); bulk_property:saturates(1.000); gc_fid:pca:pc1(1.000); gc_fid:pca:pc2(1.000),petroleum_fraction_db_013,BP_20,analysis_plus_non_target_bulk,equal_weight
3,petroleum_fraction_db_059,1.273757,443.4,80,bulk_property:bp_35; bulk_property:bp_50; bulk_property:bp_65; bulk_property:bp_80; bulk_property:density_20c; bulk_property:saturates; gc_fid:pca:pc1; gc_fid:pca:pc2; gc_fid:pca:pc3; gc_fid:pca:pc4; gc_fid:pca:pc5; gc_fid:pls:bp_20:lv1,bulk_property:bp_35(1.000); bulk_property:bp_50(1.000); bulk_property:bp_65(1.000); bulk_property:bp_80(1.000); bulk_property:density_20c(1.000); bulk_property:saturates(1.000); gc_fid:pca:pc1(1.000); gc_fid:pca:pc2(1.000),petroleum_fraction_db_013,BP_20,analysis_plus_non_target_bulk,equal_weight
4,petroleum_fraction_db_064,1.332651,453.4,80,bulk_property:bp_35; bulk_property:bp_50; bulk_property:bp_65; bulk_property:bp_80; bulk_property:density_20c; bulk_property:saturates; gc_fid:pca:pc1; gc_fid:pca:pc2; gc_fid:pca:pc3; gc_fid:pca:pc4; gc_fid:pca:pc5; gc_fid:pls:bp_20:lv1,bulk_property:bp_35(1.000); bulk_property:bp_50(1.000); bulk_property:bp_65(1.000); bulk_property:bp_80(1.000); bulk_property:density_20c(1.000); bulk_property:saturates(1.000); gc_fid:pca:pc1(1.000); gc_fid:pca:pc2(1.000),petroleum_fraction_db_013,BP_20,analysis_plus_non_target_bulk,equal_weight
1,petroleum_fraction_db_052,0.700423,469.0,80,bulk_property:bp_35; bulk_property:bp_50; bulk_property:bp_65; bulk_property:bp_80; bulk_property:density_20c; bulk_property:saturates; gc_fid:pca:pc1; gc_fid:pca:pc2; gc_fid:pca:pc3; gc_fid:pca:pc4; gc_fid:pca:pc5; gc_fid:pls:bp_20:lv1,bulk_property:bp_35(1.040); bulk_property:bp_50(1.015); bulk_property:bp_65(0.986); gc_fid:pls:density_20c:lv1(0.948); gc_fid:pls:bp_20:lv1(0.940); gc_fid:pls:bp_35:lv1(0.939); bulk_property:bp_80(0.939); gc_fid:pls:bp_50:lv1(0.938),petroleum_fraction_db_013,BP_20,analysis_plus_non_target_bulk,correlation_weighted
2,petroleum_fraction_db_059,1.036533,443.4,80,bulk_property:bp_35; bulk_property:bp_50; bulk_property:bp_65; bulk_property:bp_80; bulk_property:density_20c; bulk_property:saturates; gc_fid:pca:pc1; gc_fid:pca:pc2; gc_fid:pca:pc3; gc_fid:pca:pc4; gc_fid:pca:pc5; gc_fid:pls:bp_20:lv1,bulk_property:bp_35(1.040); bulk_property:bp_50(1.015); bulk_property:bp_65(0.986); gc_fid:pls:density_20c:lv1(0.948); gc_fid:pls:bp_20:lv1(0.940); gc_fid:pls:bp_35:lv1(0.939); bulk_property:bp_80(0.939); gc_fid:pls:bp_50:lv1(0.938),petroleum_fraction_db_013,BP_20,analysis_plus_non_target_bulk,correlation_weighted
3,petroleum_fraction_db_060,1.078019,432.6,80,bulk_property:bp_35; bulk_property:bp_50; bulk_property:bp_65; bulk_property:bp_80; bulk_property:density_20c; bulk_property:saturates; gc_fid:pca:pc1; gc_fid:pca:pc2; gc_fid:pca:pc3; gc_fid:pca:pc4; gc_fid:pca:pc5; gc_fid:pls:bp_20:lv1,bulk_property:bp_35(1.040); bulk_property:bp_50(1.015); bulk_property:bp_65(0.986); gc_fid:pls:density_20c:lv1(0.948); gc_fid:pls:bp_20:lv1(0.940); gc_fid:pls:bp_35:lv1(0.939); bulk_property:bp_80(0.939); gc_fid:pls:bp_50:lv1(0.938),petroleum_fraction_db_013,BP_20,analysis_plus_non_target_bulk,correlation_weighted
4,petroleum_fraction_db_064,1.094383,453.4,80,bulk_property:bp_35; bulk_property:bp_50; bulk_property:bp_65; bulk_property:bp_80; bulk_property:density_20c; bulk_property:saturates; gc_fid:pca:pc1; gc_fid:pca:pc2; gc_fid:pca:pc3; gc_fid:pca:pc4; gc_fid:pca:pc5; gc_fid:pls:bp_20:lv1,bulk_property:bp_35(1.040); bulk_property:bp_50(1.015); bulk_property:bp_65(0.986); gc_fid:pls:density_20c:lv1(0.948); gc_fid:pls:bp_20:lv1(0.940); gc_fid:pls:bp_35:lv1(0.939); bulk_property:bp_80(0.939); gc_fid:pls:bp_50:lv1(0.938),petroleum_fraction_db_013,BP_20,analysis_plus_non_target_bulk,correlation_weighted
1,petroleum_fraction_db_052,0.792536,508.6,74,gc_fid:pca:pc1; gc_fid:pca:pc2; gc_fid:pca:pc3; gc_fid:pca:pc4; gc_fid:pca:pc5; gc_fid:pls:bp_20:lv1; gc_fid:pls:bp_20:lv2; gc_fid:pls:bp_20:lv3; gc_fid:pls:bp_20:lv4; gc_fid:pls:bp_35:lv1; gc_fid:pls:bp_35:lv2; gc_fid:pls:bp_35:lv3,gc_fid:pca:pc1(1.000); gc_fid:pca:pc2(1.000); gc_fid:pca:pc3(1.000); gc_fid:pca:pc4(1.000); gc_fid:pca:pc5(1.000); gc_fid:pls:bp_20:lv1(1.000); gc_fid:pls:bp_20:lv2(1.000); gc_fid:pls:bp_20:lv3(1.000),petroleum_fraction_db_013,BP_35,analysis_only,equal_weight
2,petroleum_fraction_db_060,1.27312,472.2,74,gc_fid:pca:pc1; gc_fid:pca:pc2; gc_fid:pca:pc3; gc_fid:pca:pc4; gc_fid:pca:pc5; gc_fid:pls:bp_20:lv1; gc_fid:pls:bp_20:lv2; gc_fid:pls:bp_20:lv3; gc_fid:pls:bp_20:lv4; gc_fid:pls:bp_35:lv1; gc_fid:pls:bp_35:lv2; gc_fid:pls:bp_35:lv3,gc_fid:pca:pc1(1.000); gc_fid:pca:pc2(1.000); gc_fid:pca:pc3(1.000); gc_fid:pca:pc4(1.000); gc_fid:pca:pc5(1.000); gc_fid:pls:bp_20:lv1(1.000); gc_fid:pls:bp_20:lv2(1.000); gc_fid:pls:bp_20:lv3(1.000),petroleum_fraction_db_013,BP_35,analysis_only,equal_weight
3,petroleum_fraction_db_059,1.318778,463.8,74,gc_fid:pca:pc1; gc_fid:pca:pc2; gc_fid:pca:pc3; gc_fid:pca:pc4; gc_fid:pca:pc5; gc_fid:pls:bp_20:lv1; gc_fid:pls:bp_20:lv2; gc_fid:pls:bp_20:lv3; gc_fid:pls:bp_20:lv4; gc_fid:pls:bp_35:lv1; gc_fid:pls:bp_35:lv2; gc_fid:pls:bp_35:lv3,gc_fid:pca:pc1(1.000); gc_fid:pca:pc2(1.000); gc_fid:pca:pc3(1.000); gc_fid:pca:pc4(1.000); gc_fid:pca:pc5(1.000); gc_fid:pls:bp_20:lv1(1.000); gc_fid:pls:bp_20:lv2(1.000); gc_fid:pls:bp_20:lv3(1.000),petroleum_fraction_db_013,BP_35,analysis_only,equal_weight
4,petroleum_fraction_db_050,1.333916,313.0,74,gc_fid:pca:pc1; gc_fid:pca:pc2; gc_fid:pca:pc3; gc_fid:pca:pc4; gc_fid:pca:pc5; gc_fid:pls:bp_20:lv1; gc_fid:pls:bp_20:lv2; gc_fid:pls:bp_20:lv3; gc_fid:pls:bp_20:lv4; gc_fid:pls:bp_35:lv1; gc_fid:pls:bp_35:lv2; gc_fid:pls:bp_35:lv3,gc_fid:pca:pc1(1.000); gc_fid:pca:pc2(1.000); gc_fid:pca:pc3(1.000); gc_fid:pca:pc4(1.000); gc_fid:pca:pc5(1.000); gc_fid:pls:bp_20:lv1(1.000); gc_fid:pls:bp_20:lv2(1.000); gc_fid:pls:bp_20:lv3(1.000),petroleum_fraction_db_013,BP_35,analysis_only,equal_weight
1,petroleum_fraction_db_052,0.735802,508.6,74,gc_fid:pca:pc1; gc_fid:pca:pc2; gc_fid:pca:pc3; gc_fid:pca:pc4; gc_fid:pca:pc5; gc_fid:pls:bp_20:lv1; gc_fid:pls:bp_20:lv2; gc_fid:pls:bp_20:lv3; gc_fid:pls:bp_20:lv4; gc_fid:pls:bp_35:lv1; gc_fid:pls:bp_35:lv2; gc_fid:pls:bp_35:lv3,gc_fid:pls:density_20c:lv1(0.967); gc_fid:pls:bp_35:lv1(0.949); gc_fid:pls:saturates:lv1(0.948); gc_fid:pls:bp_20:lv1(0.948); gc_fid:pls:bp_50:lv1(0.948); gc_fid:pls:bp_65:lv1(0.947); gc_fid:pls:bp_80:lv1(0.946); gc_fid:pca:pc1(0.921),petroleum_fraction_db_013,BP_35,analysis_only,correlation_weighted
2,petroleum_fraction_db_014,1.10176,415.8,33,gc_fid:pca:pc1; gc_fid:pca:pc2; gc_fid:pca:pc3; gc_fid:pca:pc4; gc_fid:pca:pc5; gc_fid:pls:bp_20:lv1; gc_fid:pls:bp_20:lv2; gc_fid:pls:bp_20:lv3; gc_fid:pls:bp_20:lv4; gc_fid:pls:bp_35:lv1; gc_fid:pls:bp_35:lv2; gc_fid:pls:bp_35:lv3,gc_fid:pls:density_20c:lv1(0.967); gc_fid:pls:bp_35:lv1(0.949); gc_fid:pls:saturates:lv1(0.948); gc_fid:pls:bp_20:lv1(0.948); gc_fid:pls:bp_50:lv1(0.948); gc_fid:pls:bp_65:lv1(0.947); gc_fid:pls:bp_80:lv1(0.946); gc_fid:pca:pc1(0.921),petroleum_fraction_db_013,BP_35,analysis_only,correlation_weighted
3,petroleum_fraction_db_059,1.114344,463.8,74,gc_fid:pca:pc1; gc_fid:pca:pc2; gc_fid:pca:pc3; gc_fid:pca:pc4; gc_fid:pca:pc5; gc_fid:pls:bp_20:lv1; gc_fid:pls:bp_20:lv2; gc_fid:pls:bp_20:lv3; gc_fid:pls:bp_20:lv4; gc_fid:pls:bp_35:lv1; gc_fid:pls:bp_35:lv2; gc_fid:pls:bp_35:lv3,gc_fid:pls:density_20c:lv1(0.967); gc_fid:pls:bp_35:lv1(0.949); gc_fid:pls:saturates:lv1(0.948); gc_fid:pls:bp_20:lv1(0.948); gc_fid:pls:bp_50:lv1(0.948); gc_fid:pls:bp_65:lv1(0.947); gc_fid:pls:bp_80:lv1(0.946); gc_fid:pca:pc1(0.921),petroleum_fraction_db_013,BP_35,analysis_only,correlation_weighted
4,petroleum_fraction_db_060,1.131313,472.2,74,gc_fid:pca:pc1; gc_fid:pca:pc2; gc_fid:pca:pc3; gc_fid:pca:pc4; gc_fid:pca:pc5; gc_fid:pls:bp_20:lv1; gc_fid:pls:bp_20:lv2; gc_fid:pls:bp_20:lv3; gc_fid:pls:bp_20:lv4; gc_fid:pls:bp_35:lv1; gc_fid:pls:bp_35:lv2; gc_fid:pls:bp_35:lv3,gc_fid:pls:density_20c:lv1(0.967); gc_fid:pls:bp_35:lv1(0.949); gc_fid:pls:saturates:lv1(0.948); gc_fid:pls:bp_20:lv1(0.948); gc_fid:pls:bp_50:lv1(0.948); gc_fid:pls:bp_65:lv1(0.947); gc_fid:pls:bp_80:lv1(0.946); gc_fid:pca:pc1(0.921),petroleum_fraction_db_013,BP_35,analysis_only,correlation_weighted
1,petroleum_fraction_db_052,0.774166,508.6,80,bulk_property:bp_20; bulk_property:bp_50; bulk_property:bp_65; bulk_property:bp_80; bulk_property:density_20c; bulk_property:saturates; gc_fid:pca:pc1; gc_fid:pca:pc2; gc_fid:pca:pc3; gc_fid:pca:pc4; gc_fid:pca:pc5; gc_fid:pls:bp_20:lv1,bulk_property:bp_20(1.000); bulk_property:bp_50(1.000); bulk_property:bp_65(1.000); bulk_property:bp_80(1.000); bulk_property:density_20c(1.000); bulk_property:saturates(1.000); gc_fid:pca:pc1(1.000); gc_fid:pca:pc2(1.000),petroleum_fraction_db_013,BP_35,analysis_plus_non_target_bulk,equal_weight
2,petroleum_fraction_db_060,1.238881,472.2,80,bulk_property:bp_20; bulk_property:bp_50; bulk_property:bp_65; bulk_property:bp_80; bulk_property:density_20c; bulk_property:saturates; gc_fid:pca:pc1; gc_fid:pca:pc2; gc_fid:pca:pc3; gc_fid:pca:pc4; gc_fid:pca:pc5; gc_fid:pls:bp_20:lv1,bulk_property:bp_20(1.000); bulk_property:bp_50(1.000); bulk_property:bp_65(1.000); bulk_property:bp_80(1.000); bulk_property:density_20c(1.000); bulk_property:saturates(1.000); gc_fid:pca:pc1(1.000); gc_fid:pca:pc2(1.000),petroleum_fraction_db_013,BP_35,analysis_plus_non_target_bulk,equal_weight
3,petroleum_fraction_db_059,1.274993,463.8,80,bulk_property:bp_20; bulk_property:bp_50; bulk_property:bp_65; bulk_property:bp_80; bulk_property:density_20c; bulk_property:saturates; gc_fid:pca:pc1; gc_fid:pca:pc2; gc_fid:pca:pc3; gc_fid:pca:pc4; gc_fid:pca:pc5; gc_fid:pls:bp_20:lv1,bulk_property:bp_20(1.000); bulk_property:bp_50(1.000); bulk_property:bp_65(1.000); bulk_property:bp_80(1.000); bulk_property:density_20c(1.000); bulk_property:saturates(1.000); gc_fid:pca:pc1(1.000); gc_fid:pca:pc2(1.000),petroleum_fraction_db_013,BP_35,analysis_plus_non_target_bulk,equal_weight
4,petroleum_fraction_db_064,1.333947,478.4,80,bulk_property:bp_20; bulk_property:bp_50; bulk_property:bp_65; bulk_property:bp_80; bulk_property:density_20c; bulk_property:saturates; gc_fid:pca:pc1; gc_fid:pca:pc2; gc_fid:pca:pc3; gc_fid:pca:pc4; gc_fid:pca:pc5; gc_fid:pls:bp_20:lv1,bulk_property:bp_20(1.000); bulk_property:bp_50(1.000); bulk_property:bp_65(1.000); bulk_property:bp_80(1.000); bulk_property:density_20c(1.000); bulk_property:saturates(1.000); gc_fid:pca:pc1(1.000); gc_fid:pca:pc2(1.000),petroleum_fraction_db_013,BP_35,analysis_plus_non_target_bulk,equal_weight
1,petroleum_fraction_db_052,0.699697,508.6,80,bulk_property:bp_20; bulk_property:bp_50; bulk_property:bp_65; bulk_property:bp_80; bulk_property:density_20c; bulk_property:saturates; gc_fid:pca:pc1; gc_fid:pca:pc2; gc_fid:pca:pc3; gc_fid:pca:pc4; gc_fid:pca:pc5; gc_fid:pls:bp_20:lv1,bulk_property:bp_20(1.040); bulk_property:bp_50(1.040); bulk_property:bp_65(1.020); bulk_property:bp_80(0.982); gc_fid:pls:density_20c:lv1(0.967); gc_fid:pls:bp_35:lv1(0.949); gc_fid:pls:saturates:lv1(0.948); gc_fid:pls:bp_20:lv1(0.948),petroleum_fraction_db_013,BP_35,analysis_plus_non_target_bulk,correlation_weighted
2,petroleum_fraction_db_059,1.044918,463.8,80,bulk_property:bp_20; bulk_property:bp_50; bulk_property:bp_65; bulk_property:bp_80; bulk_property:density_20c; bulk_property:saturates; gc_fid:pca:pc1; gc_fid:pca:pc2; gc_fid:pca:pc3; gc_fid:pca:pc4; gc_fid:pca:pc5; gc_fid:pls:bp_20:lv1,bulk_property:bp_20(1.040); bulk_property:bp_50(1.040); bulk_property:bp_65(1.020); bulk_property:bp_80(0.982); gc_fid:pls:density_20c:lv1(0.967); gc_fid:pls:bp_35:lv1(0.949); gc_fid:pls:saturates:lv1(0.948); gc_fid:pls:bp_20:lv1(0.948),petroleum_fraction_db_013,BP_35,analysis_plus_non_target_bulk,correlation_weighted
3,petroleum_fraction_db_060,1.081742,472.2,80,bulk_property:bp_20; bulk_property:bp_50; bulk_property:bp_65; bulk_property:bp_80; bulk_property:density_20c; bulk_property:saturates; gc_fid:pca:pc1; gc_fid:pca:pc2; gc_fid:pca:pc3; gc_fid:pca:pc4; gc_fid:pca:pc5; gc_fid:pls:bp_20:lv1,bulk_property:bp_20(1.040); bulk_property:bp_50(1.040); bulk_property:bp_65(1.020); bulk_property:bp_80(0.982); gc_fid:pls:density_20c:lv1(0.967); gc_fid:pls:bp_35:lv1(0.949); gc_fid:pls:saturates:lv1(0.948); gc_fid:pls:bp_20:lv1(0.948),petroleum_fraction_db_013,BP_35,analysis_plus_non_target_bulk,correlation_weighted
4,petroleum_fraction_db_064,1.097103,478.4,80,bulk_property:bp_20; bulk_property:bp_50; bulk_property:bp_65; bulk_property:bp_80; bulk_property:density_20c; bulk_property:saturates; gc_fid:pca:pc1; gc_fid:pca:pc2; gc_fid:pca:pc3; gc_fid:pca:pc4; gc_fid:pca:pc5; gc_fid:pls:bp_20:lv1,bulk_property:bp_20(1.040); bulk_property:bp_50(1.040); bulk_property:bp_65(1.020); bulk_property:bp_80(0.982); gc_fid:pls:density_20c:lv1(0.967); gc_fid:pls:bp_35:lv1(0.949); gc_fid:pls:saturates:lv1(0.948); gc_fid:pls:bp_20:lv1(0.948),petroleum_fraction_db_013,BP_35,analysis_plus_non_target_bulk,correlation_weighted
1,petroleum_fraction_db_052,0.792536,530.0,74,gc_fid:pca:pc1; gc_fid:pca:pc2; gc_fid:pca:pc3; gc_fid:pca:pc4; gc_fid:pca:pc5; gc_fid:pls:bp_20:lv1; gc_fid:pls:bp_20:lv2; gc_fid:pls:bp_20:lv3; gc_fid:pls:bp_20:lv4; gc_fid:pls:bp_35:lv1; gc_fid:pls:bp_35:lv2; gc_fid:pls:bp_35:lv3,gc_fid:pca:pc1(1.000); gc_fid:pca:pc2(1.000); gc_fid:pca:pc3(1.000); gc_fid:pca:pc4(1.000); gc_fid:pca:pc5(1.000); gc_fid:pls:bp_20:lv1(1.000); gc_fid:pls:bp_20:lv2(1.000); gc_fid:pls:bp_20:lv3(1.000),petroleum_fraction_db_013,BP_50,analysis_only,equal_weight
2,petroleum_fraction_db_060,1.27312,524.4,74,gc_fid:pca:pc1; gc_fid:pca:pc2; gc_fid:pca:pc3; gc_fid:pca:pc4; gc_fid:pca:pc5; gc_fid:pls:bp_20:lv1; gc_fid:pls:bp_20:lv2; gc_fid:pls:bp_20:lv3; gc_fid:pls:bp_20:lv4; gc_fid:pls:bp_35:lv1; gc_fid:pls:bp_35:lv2; gc_fid:pls:bp_35:lv3,gc_fid:pca:pc1(1.000); gc_fid:pca:pc2(1.000); gc_fid:pca:pc3(1.000); gc_fid:pca:pc4(1.000); gc_fid:pca:pc5(1.000); gc_fid:pls:bp_20:lv1(1.000); gc_fid:pls:bp_20:lv2(1.000); gc_fid:pls:bp_20:lv3(1.000),petroleum_fraction_db_013,BP_50,analysis_only,equal_weight
3,petroleum_fraction_db_059,1.318778,481.0,74,gc_fid:pca:pc1; gc_fid:pca:pc2; gc_fid:pca:pc3; gc_fid:pca:pc4; gc_fid:pca:pc5; gc_fid:pls:bp_20:lv1; gc_fid:pls:bp_20:lv2; gc_fid:pls:bp_20:lv3; gc_fid:pls:bp_20:lv4; gc_fid:pls:bp_35:lv1; gc_fid:pls:bp_35:lv2; gc_fid:pls:bp_35:lv3,gc_fid:pca:pc1(1.000); gc_fid:pca:pc2(1.000); gc_fid:pca:pc3(1.000); gc_fid:pca:pc4(1.000); gc_fid:pca:pc5(1.000); gc_fid:pls:bp_20:lv1(1.000); gc_fid:pls:bp_20:lv2(1.000); gc_fid:pls:bp_20:lv3(1.000),petroleum_fraction_db_013,BP_50,analysis_only,equal_weight
4,petroleum_fraction_db_050,1.333916,332.6,74,gc_fid:pca:pc1; gc_fid:pca:pc2; gc_fid:pca:pc3; gc_fid:pca:pc4; gc_fid:pca:pc5; gc_fid:pls:bp_20:lv1; gc_fid:pls:bp_20:lv2; gc_fid:pls:bp_20:lv3; gc_fid:pls:bp_20:lv4; gc_fid:pls:bp_35:lv1; gc_fid:pls:bp_35:lv2; gc_fid:pls:bp_35:lv3,gc_fid:pca:pc1(1.000); gc_fid:pca:pc2(1.000); gc_fid:pca:pc3(1.000); gc_fid:pca:pc4(1.000); gc_fid:pca:pc5(1.000); gc_fid:pls:bp_20:lv1(1.000); gc_fid:pls:bp_20:lv2(1.000); gc_fid:pls:bp_20:lv3(1.000),petroleum_fraction_db_013,BP_50,analysis_only,equal_weight
1,petroleum_fraction_db_052,0.727404,530.0,74,gc_fid:pca:pc1; gc_fid:pca:pc2; gc_fid:pca:pc3; gc_fid:pca:pc4; gc_fid:pca:pc5; gc_fid:pls:bp_20:lv1; gc_fid:pls:bp_20:lv2; gc_fid:pls:bp_20:lv3; gc_fid:pls:bp_20:lv4; gc_fid:pls:bp_35:lv1; gc_fid:pls:bp_35:lv2; gc_fid:pls:bp_35:lv3,gc_fid:pls:density_20c:lv1(0.977); gc_fid:pls:saturates:lv1(0.960); gc_fid:pls:bp_50:lv1(0.951); gc_fid:pls:bp_80:lv1(0.951); gc_fid:pls:bp_35:lv1(0.951); gc_fid:pls:bp_65:lv1(0.951); gc_fid:pls:bp_20:lv1(0.949); gc_fid:pca:pc1(0.923),petroleum_fraction_db_013,BP_50,analysis_only,correlation_weighted
2,petroleum_fraction_db_014,1.107772,453.4,33,gc_fid:pca:pc1; gc_fid:pca:pc2; gc_fid:pca:pc3; gc_fid:pca:pc4; gc_fid:pca:pc5; gc_fid:pls:bp_20:lv1; gc_fid:pls:bp_20:lv2; gc_fid:pls:bp_20:lv3; gc_fid:pls:bp_20:lv4; gc_fid:pls:bp_35:lv1; gc_fid:pls:bp_35:lv2; gc_fid:pls:bp_35:lv3,gc_fid:pls:density_20c:lv1(0.977); gc_fid:pls:saturates:lv1(0.960); gc_fid:pls:bp_50:lv1(0.951); gc_fid:pls:bp_80:lv1(0.951); gc_fid:pls:bp_35:lv1(0.951); gc_fid:pls:bp_65:lv1(0.951); gc_fid:pls:bp_20:lv1(0.949); gc_fid:pca:pc1(0.923),petroleum_fraction_db_013,BP_50,analysis_only,correlation_weighted
3,petroleum_fraction_db_060,1.125287,524.4,74,gc_fid:pca:pc1; gc_fid:pca:pc2; gc_fid:pca:pc3; gc_fid:pca:pc4; gc_fid:pca:pc5; gc_fid:pls:bp_20:lv1; gc_fid:pls:bp_20:lv2; gc_fid:pls:bp_20:lv3; gc_fid:pls:bp_20:lv4; gc_fid:pls:bp_35:lv1; gc_fid:pls:bp_35:lv2; gc_fid:pls:bp_35:lv3,gc_fid:pls:density_20c:lv1(0.977); gc_fid:pls:saturates:lv1(0.960); gc_fid:pls:bp_50:lv1(0.951); gc_fid:pls:bp_80:lv1(0.951); gc_fid:pls:bp_35:lv1(0.951); gc_fid:pls:bp_65:lv1(0.951); gc_fid:pls:bp_20:lv1(0.949); gc_fid:pca:pc1(0.923),petroleum_fraction_db_013,BP_50,analysis_only,correlation_weighted
4,petroleum_fraction_db_059,1.125392,481.0,74,gc_fid:pca:pc1; gc_fid:pca:pc2; gc_fid:pca:pc3; gc_fid:pca:pc4; gc_fid:pca:pc5; gc_fid:pls:bp_20:lv1; gc_fid:pls:bp_20:lv2; gc_fid:pls:bp_20:lv3; gc_fid:pls:bp_20:lv4; gc_fid:pls:bp_35:lv1; gc_fid:pls:bp_35:lv2; gc_fid:pls:bp_35:lv3,gc_fid:pls:density_20c:lv1(0.977); gc_fid:pls:saturates:lv1(0.960); gc_fid:pls:bp_50:lv1(0.951); gc_fid:pls:bp_80:lv1(0.951); gc_fid:pls:bp_35:lv1(0.951); gc_fid:pls:bp_65:lv1(0.951); gc_fid:pls:bp_20:lv1(0.949); gc_fid:pca:pc1(0.923),petroleum_fraction_db_013,BP_50,analysis_only,correlation_weighted
1,petroleum_fraction_db_052,0.773602,530.0,80,bulk_property:bp_20; bulk_property:bp_35; bulk_property:bp_65; bulk_property:bp_80; bulk_property:density_20c; bulk_property:saturates; gc_fid:pca:pc1; gc_fid:pca:pc2; gc_fid:pca:pc3; gc_fid:pca:pc4; gc_fid:pca:pc5; gc_fid:pls:bp_20:lv1,bulk_property:bp_20(1.000); bulk_property:bp_35(1.000); bulk_property:bp_65(1.000); bulk_property:bp_80(1.000); bulk_property:density_20c(1.000); bulk_property:saturates(1.000); gc_fid:pca:pc1(1.000); gc_fid:pca:pc2(1.000),petroleum_fraction_db_013,BP_50,analysis_plus_non_target_bulk,equal_weight
2,petroleum_fraction_db_060,1.240392,524.4,80,bulk_property:bp_20; bulk_property:bp_35; bulk_property:bp_65; bulk_property:bp_80; bulk_property:density_20c; bulk_property:saturates; gc_fid:pca:pc1; gc_fid:pca:pc2; gc_fid:pca:pc3; gc_fid:pca:pc4; gc_fid:pca:pc5; gc_fid:pls:bp_20:lv1,bulk_property:bp_20(1.000); bulk_property:bp_35(1.000); bulk_property:bp_65(1.000); bulk_property:bp_80(1.000); bulk_property:density_20c(1.000); bulk_property:saturates(1.000); gc_fid:pca:pc1(1.000); gc_fid:pca:pc2(1.000),petroleum_fraction_db_013,BP_50,analysis_plus_non_target_bulk,equal_weight
3,petroleum_fraction_db_059,1.275959,481.0,80,bulk_property:bp_20; bulk_property:bp_35; bulk_property:bp_65; bulk_property:bp_80; bulk_property:density_20c; bulk_property:saturates; gc_fid:pca:pc1; gc_fid:pca:pc2; gc_fid:pca:pc3; gc_fid:pca:pc4; gc_fid:pca:pc5; gc_fid:pls:bp_20:lv1,bulk_property:bp_20(1.000); bulk_property:bp_35(1.000); bulk_property:bp_65(1.000); bulk_property:bp_80(1.000); bulk_property:density_20c(1.000); bulk_property:saturates(1.000); gc_fid:pca:pc1(1.000); gc_fid:pca:pc2(1.000),petroleum_fraction_db_013,BP_50,analysis_plus_non_target_bulk,equal_weight
4,petroleum_fraction_db_064,1.334403,494.0,80,bulk_property:bp_20; bulk_property:bp_35; bulk_property:bp_65; bulk_property:bp_80; bulk_property:density_20c; bulk_property:saturates; gc_fid:pca:pc1; gc_fid:pca:pc2; gc_fid:pca:pc3; gc_fid:pca:pc4; gc_fid:pca:pc5; gc_fid:pls:bp_20:lv1,bulk_property:bp_20(1.000); bulk_property:bp_35(1.000); bulk_property:bp_65(1.000); bulk_property:bp_80(1.000); bulk_property:density_20c(1.000); bulk_property:saturates(1.000); gc_fid:pca:pc1(1.000); gc_fid:pca:pc2(1.000),petroleum_fraction_db_013,BP_50,analysis_plus_non_target_bulk,equal_weight
1,petroleum_fraction_db_052,0.690288,530.0,80,bulk_property:bp_20; bulk_property:bp_35; bulk_property:bp_65; bulk_property:bp_80; bulk_property:density_20c; bulk_property:saturates; gc_fid:pca:pc1; gc_fid:pca:pc2; gc_fid:pca:pc3; gc_fid:pca:pc4; gc_fid:pca:pc5; gc_fid:pls:bp_20:lv1,bulk_property:bp_65(1.042); bulk_property:bp_35(1.040); bulk_property:bp_80(1.018); bulk_property:bp_20(1.015); gc_fid:pls:density_20c:lv1(0.977); gc_fid:pls:saturates:lv1(0.960); gc_fid:pls:bp_50:lv1(0.951); gc_fid:pls:bp_80:lv1(0.951),petroleum_fraction_db_013,BP_50,analysis_plus_non_target_bulk,correlation_weighted
2,petroleum_fraction_db_059,1.05659,481.0,80,bulk_property:bp_20; bulk_property:bp_35; bulk_property:bp_65; bulk_property:bp_80; bulk_property:density_20c; bulk_property:saturates; gc_fid:pca:pc1; gc_fid:pca:pc2; gc_fid:pca:pc3; gc_fid:pca:pc4; gc_fid:pca:pc5; gc_fid:pls:bp_20:lv1,bulk_property:bp_65(1.042); bulk_property:bp_35(1.040); bulk_property:bp_80(1.018); bulk_property:bp_20(1.015); gc_fid:pls:density_20c:lv1(0.977); gc_fid:pls:saturates:lv1(0.960); gc_fid:pls:bp_50:lv1(0.951); gc_fid:pls:bp_80:lv1(0.951),petroleum_fraction_db_013,BP_50,analysis_plus_non_target_bulk,correlation_weighted
3,petroleum_fraction_db_060,1.080313,524.4,80,bulk_property:bp_20; bulk_property:bp_35; bulk_property:bp_65; bulk_property:bp_80; bulk_property:density_20c; bulk_property:saturates; gc_fid:pca:pc1; gc_fid:pca:pc2; gc_fid:pca:pc3; gc_fid:pca:pc4; gc_fid:pca:pc5; gc_fid:pls:bp_20:lv1,bulk_property:bp_65(1.042); bulk_property:bp_35(1.040); bulk_property:bp_80(1.018); bulk_property:bp_20(1.015); gc_fid:pls:density_20c:lv1(0.977); gc_fid:pls:saturates:lv1(0.960); gc_fid:pls:bp_50:lv1(0.951); gc_fid:pls:bp_80:lv1(0.951),petroleum_fraction_db_013,BP_50,analysis_plus_non_target_bulk,correlation_weighted
4,petroleum_fraction_db_064,1.100453,494.0,80,bulk_property:bp_20; bulk_property:bp_35; bulk_property:bp_65; bulk_property:bp_80; bulk_property:density_20c; bulk_property:saturates; gc_fid:pca:pc1; gc_fid:pca:pc2; gc_fid:pca:pc3; gc_fid:pca:pc4; gc_fid:pca:pc5; gc_fid:pls:bp_20:lv1,bulk_property:bp_65(1.042); bulk_property:bp_35(1.040); bulk_property:bp_80(1.018); bulk_property:bp_20(1.015); gc_fid:pls:density_20c:lv1(0.977); gc_fid:pls:saturates:lv1(0.960); gc_fid:pls:bp_50:lv1(0.951); gc_fid:pls:bp_80:lv1(0.951),petroleum_fraction_db_013,BP_50,analysis_plus_non_target_bulk,correlation_weighted
1,petroleum_fraction_db_052,0.792536,548.4,74,gc_fid:pca:pc1; gc_fid:pca:pc2; gc_fid:pca:pc3; gc_fid:pca:pc4; gc_fid:pca:pc5; gc_fid:pls:bp_20:lv1; gc_fid:pls:bp_20:lv2; gc_fid:pls:bp_20:lv3; gc_fid:pls:bp_20:lv4; gc_fid:pls:bp_35:lv1; gc_fid:pls:bp_35:lv2; gc_fid:pls:bp_35:lv3,gc_fid:pca:pc1(1.000); gc_fid:pca:pc2(1.000); gc_fid:pca:pc3(1.000); gc_fid:pca:pc4(1.000); gc_fid:pca:pc5(1.000); gc_fid:pls:bp_20:lv1(1.000); gc_fid:pls:bp_20:lv2(1.000); gc_fid:pls:bp_20:lv3(1.000),petroleum_fraction_db_013,BP_65,analysis_only,equal_weight
2,petroleum_fraction_db_060,1.27312,558.8,74,gc_fid:pca:pc1; gc_fid:pca:pc2; gc_fid:pca:pc3; gc_fid:pca:pc4; gc_fid:pca:pc5; gc_fid:pls:bp_20:lv1; gc_fid:pls:bp_20:lv2; gc_fid:pls:bp_20:lv3; gc_fid:pls:bp_20:lv4; gc_fid:pls:bp_35:lv1; gc_fid:pls:bp_35:lv2; gc_fid:pls:bp_35:lv3,gc_fid:pca:pc1(1.000); gc_fid:pca:pc2(1.000); gc_fid:pca:pc3(1.000); gc_fid:pca:pc4(1.000); gc_fid:pca:pc5(1.000); gc_fid:pls:bp_20:lv1(1.000); gc_fid:pls:bp_20:lv2(1.000); gc_fid:pls:bp_20:lv3(1.000),petroleum_fraction_db_013,BP_65,analysis_only,equal_weight
3,petroleum_fraction_db_059,1.318778,498.2,74,gc_fid:pca:pc1; gc_fid:pca:pc2; gc_fid:pca:pc3; gc_fid:pca:pc4; gc_fid:pca:pc5; gc_fid:pls:bp_20:lv1; gc_fid:pls:bp_20:lv2; gc_fid:pls:bp_20:lv3; gc_fid:pls:bp_20:lv4; gc_fid:pls:bp_35:lv1; gc_fid:pls:bp_35:lv2; gc_fid:pls:bp_35:lv3,gc_fid:pca:pc1(1.000); gc_fid:pca:pc2(1.000); gc_fid:pca:pc3(1.000); gc_fid:pca:pc4(1.000); gc_fid:pca:pc5(1.000); gc_fid:pls:bp_20:lv1(1.000); gc_fid:pls:bp_20:lv2(1.000); gc_fid:pls:bp_20:lv3(1.000),petroleum_fraction_db_013,BP_65,analysis_only,equal_weight
4,petroleum_fraction_db_050,1.333916,348.6,74,gc_fid:pca:pc1; gc_fid:pca:pc2; gc_fid:pca:pc3; gc_fid:pca:pc4; gc_fid:pca:pc5; gc_fid:pls:bp_20:lv1; gc_fid:pls:bp_20:lv2; gc_fid:pls:bp_20:lv3; gc_fid:pls:bp_20:lv4; gc_fid:pls:bp_35:lv1; gc_fid:pls:bp_35:lv2; gc_fid:pls:bp_35:lv3,gc_fid:pca:pc1(1.000); gc_fid:pca:pc2(1.000); gc_fid:pca:pc3(1.000); gc_fid:pca:pc4(1.000); gc_fid:pca:pc5(1.000); gc_fid:pls:bp_20:lv1(1.000); gc_fid:pls:bp_20:lv2(1.000); gc_fid:pls:bp_20:lv3(1.000),petroleum_fraction_db_013,BP_65,analysis_only,equal_weight
1,petroleum_fraction_db_052,0.715394,548.4,74,gc_fid:pca:pc1; gc_fid:pca:pc2; gc_fid:pca:pc3; gc_fid:pca:pc4; gc_fid:pca:pc5; gc_fid:pls:bp_20:lv1; gc_fid:pls:bp_20:lv2; gc_fid:pls:bp_20:lv3; gc_fid:pls:bp_20:lv4; gc_fid:pls:bp_35:lv1; gc_fid:pls:bp_35:lv2; gc_fid:pls:bp_35:lv3,gc_fid:pls:density_20c:lv1(0.980); gc_fid:pls:saturates:lv1(0.965); gc_fid:pls:bp_80:lv1(0.952); gc_fid:pls:bp_65:lv1(0.951); gc_fid:pls:bp_50:lv1(0.951); gc_fid:pls:bp_35:lv1(0.950); gc_fid:pls:bp_20:lv1(0.947); gc_fid:pca:pc1(0.922),petroleum_fraction_db_013,BP_65,analysis_only,correlation_weighted
2,petroleum_fraction_db_060,1.128538,558.8,74,gc_fid:pca:pc1; gc_fid:pca:pc2; gc_fid:pca:pc3; gc_fid:pca:pc4; gc_fid:pca:pc5; gc_fid:pls:bp_20:lv1; gc_fid:pls:bp_20:lv2; gc_fid:pls:bp_20:lv3; gc_fid:pls:bp_20:lv4; gc_fid:pls:bp_35:lv1; gc_fid:pls:bp_35:lv2; gc_fid:pls:bp_35:lv3,gc_fid:pls:density_20c:lv1(0.980); gc_fid:pls:saturates:lv1(0.965); gc_fid:pls:bp_80:lv1(0.952); gc_fid:pls:bp_65:lv1(0.951); gc_fid:pls:bp_50:lv1(0.951); gc_fid:pls:bp_35:lv1(0.950); gc_fid:pls:bp_20:lv1(0.947); gc_fid:pca:pc1(0.922),petroleum_fraction_db_013,BP_65,analysis_only,correlation_weighted
3,petroleum_fraction_db_059,1.139423,498.2,74,gc_fid:pca:pc1; gc_fid:pca:pc2; gc_fid:pca:pc3; gc_fid:pca:pc4; gc_fid:pca:pc5; gc_fid:pls:bp_20:lv1; gc_fid:pls:bp_20:lv2; gc_fid:pls:bp_20:lv3; gc_fid:pls:bp_20:lv4; gc_fid:pls:bp_35:lv1; gc_fid:pls:bp_35:lv2; gc_fid:pls:bp_35:lv3,gc_fid:pls:density_20c:lv1(0.980); gc_fid:pls:saturates:lv1(0.965); gc_fid:pls:bp_80:lv1(0.952); gc_fid:pls:bp_65:lv1(0.951); gc_fid:pls:bp_50:lv1(0.951); gc_fid:pls:bp_35:lv1(0.950); gc_fid:pls:bp_20:lv1(0.947); gc_fid:pca:pc1(0.922),petroleum_fraction_db_013,BP_65,analysis_only,correlation_weighted
4,petroleum_fraction_db_014,1.185361,498.6,33,gc_fid:pca:pc1; gc_fid:pca:pc2; gc_fid:pca:pc3; gc_fid:pca:pc4; gc_fid:pca:pc5; gc_fid:pls:bp_20:lv1; gc_fid:pls:bp_20:lv2; gc_fid:pls:bp_20:lv3; gc_fid:pls:bp_20:lv4; gc_fid:pls:bp_35:lv1; gc_fid:pls:bp_35:lv2; gc_fid:pls:bp_35:lv3,gc_fid:pls:density_20c:lv1(0.980); gc_fid:pls:saturates:lv1(0.965); gc_fid:pls:bp_80:lv1(0.952); gc_fid:pls:bp_65:lv1(0.951); gc_fid:pls:bp_50:lv1(0.951); gc_fid:pls:bp_35:lv1(0.950); gc_fid:pls:bp_20:lv1(0.947); gc_fid:pca:pc1(0.922),petroleum_fraction_db_013,BP_65,analysis_only,correlation_weighted
1,petroleum_fraction_db_052,0.772822,548.4,80,bulk_property:bp_20; bulk_property:bp_35; bulk_property:bp_50; bulk_property:bp_80; bulk_property:density_20c; bulk_property:saturates; gc_fid:pca:pc1; gc_fid:pca:pc2; gc_fid:pca:pc3; gc_fid:pca:pc4; gc_fid:pca:pc5; gc_fid:pls:bp_20:lv1,bulk_property:bp_20(1.000); bulk_property:bp_35(1.000); bulk_property:bp_50(1.000); bulk_property:bp_80(1.000); bulk_property:density_20c(1.000); bulk_property:saturates(1.000); gc_fid:pca:pc1(1.000); gc_fid:pca:pc2(1.000),petroleum_fraction_db_013,BP_65,analysis_plus_non_target_bulk,equal_weight
2,petroleum_fraction_db_060,1.238826,558.8,80,bulk_property:bp_20; bulk_property:bp_35; bulk_property:bp_50; bulk_property:bp_80; bulk_property:density_20c; bulk_property:saturates; gc_fid:pca:pc1; gc_fid:pca:pc2; gc_fid:pca:pc3; gc_fid:pca:pc4; gc_fid:pca:pc5; gc_fid:pls:bp_20:lv1,bulk_property:bp_20(1.000); bulk_property:bp_35(1.000); bulk_property:bp_50(1.000); bulk_property:bp_80(1.000); bulk_property:density_20c(1.000); bulk_property:saturates(1.000); gc_fid:pca:pc1(1.000); gc_fid:pca:pc2(1.000),petroleum_fraction_db_013,BP_65,analysis_plus_non_target_bulk,equal_weight
3,petroleum_fraction_db_059,1.276675,498.2,80,bulk_property:bp_20; bulk_property:bp_35; bulk_property:bp_50; bulk_property:bp_80; bulk_property:density_20c; bulk_property:saturates; gc_fid:pca:pc1; gc_fid:pca:pc2; gc_fid:pca:pc3; gc_fid:pca:pc4; gc_fid:pca:pc5; gc_fid:pls:bp_20:lv1,bulk_property:bp_20(1.000); bulk_property:bp_35(1.000); bulk_property:bp_50(1.000); bulk_property:bp_80(1.000); bulk_property:density_20c(1.000); bulk_property:saturates(1.000); gc_fid:pca:pc1(1.000); gc_fid:pca:pc2(1.000),petroleum_fraction_db_013,BP_65,analysis_plus_non_target_bulk,equal_weight
4,petroleum_fraction_db_064,1.334537,505.4,80,bulk_property:bp_20; bulk_property:bp_35; bulk_property:bp_50; bulk_property:bp_80; bulk_property:density_20c; bulk_property:saturates; gc_fid:pca:pc1; gc_fid:pca:pc2; gc_fid:pca:pc3; gc_fid:pca:pc4; gc_fid:pca:pc5; gc_fid:pls:bp_20:lv1,bulk_property:bp_20(1.000); bulk_property:bp_35(1.000); bulk_property:bp_50(1.000); bulk_property:bp_80(1.000); bulk_property:density_20c(1.000); bulk_property:saturates(1.000); gc_fid:pca:pc1(1.000); gc_fid:pca:pc2(1.000),petroleum_fraction_db_013,BP_65,analysis_plus_non_target_bulk,equal_weight
1,petroleum_fraction_db_052,0.677329,548.4,80,bulk_property:bp_20; bulk_property:bp_35; bulk_property:bp_50; bulk_property:bp_80; bulk_property:density_20c; bulk_property:saturates; gc_fid:pca:pc1; gc_fid:pca:pc2; gc_fid:pca:pc3; gc_fid:pca:pc4; gc_fid:pca:pc5; gc_fid:pls:bp_20:lv1,bulk_property:bp_50(1.042); bulk_property:bp_80(1.039); bulk_property:bp_35(1.020); bulk_property:bp_20(0.986); gc_fid:pls:density_20c:lv1(0.980); gc_fid:pls:saturates:lv1(0.965); gc_fid:pls:bp_80:lv1(0.952); gc_fid:pls:bp_65:lv1(0.951),petroleum_fraction_db_013,BP_65,analysis_plus_non_target_bulk,correlation_weighted
2,petroleum_fraction_db_059,1.070411,498.2,80,bulk_property:bp_20; bulk_property:bp_35; bulk_property:bp_50; bulk_property:bp_80; bulk_property:density_20c; bulk_property:saturates; gc_fid:pca:pc1; gc_fid:pca:pc2; gc_fid:pca:pc3; gc_fid:pca:pc4; gc_fid:pca:pc5; gc_fid:pls:bp_20:lv1,bulk_property:bp_50(1.042); bulk_property:bp_80(1.039); bulk_property:bp_35(1.020); bulk_property:bp_20(0.986); gc_fid:pls:density_20c:lv1(0.980); gc_fid:pls:saturates:lv1(0.965); gc_fid:pls:bp_80:lv1(0.952); gc_fid:pls:bp_65:lv1(0.951),petroleum_fraction_db_013,BP_65,analysis_plus_non_target_bulk,correlation_weighted
3,petroleum_fraction_db_060,1.077614,558.8,80,bulk_property:bp_20; bulk_property:bp_35; bulk_property:bp_50; bulk_property:bp_80; bulk_property:density_20c; bulk_property:saturates; gc_fid:pca:pc1; gc_fid:pca:pc2; gc_fid:pca:pc3; gc_fid:pca:pc4; gc_fid:pca:pc5; gc_fid:pls:bp_20:lv1,bulk_property:bp_50(1.042); bulk_property:bp_80(1.039); bulk_property:bp_35(1.020); bulk_property:bp_20(0.986); gc_fid:pls:density_20c:lv1(0.980); gc_fid:pls:saturates:lv1(0.965); gc_fid:pls:bp_80:lv1(0.952); gc_fid:pls:bp_65:lv1(0.951),petroleum_fraction_db_013,BP_65,analysis_plus_non_target_bulk,correlation_weighted
4,petroleum_fraction_db_064,1.104384,505.4,80,bulk_property:bp_20; bulk_property:bp_35; bulk_property:bp_50; bulk_property:bp_80; bulk_property:density_20c; bulk_property:saturates; gc_fid:pca:pc1; gc_fid:pca:pc2; gc_fid:pca:pc3; gc_fid:pca:pc4; gc_fid:pca:pc5; gc_fid:pls:bp_20:lv1,bulk_property:bp_50(1.042); bulk_property:bp_80(1.039); bulk_property:bp_35(1.020); bulk_property:bp_20(0.986); gc_fid:pls:density_20c:lv1(0.980); gc_fid:pls:saturates:lv1(0.965); gc_fid:pls:bp_80:lv1(0.952); gc_fid:pls:bp_65:lv1(0.951),petroleum_fraction_db_013,BP_65,analysis_plus_non_target_bulk,correlation_weighted
1,petroleum_fraction_db_052,0.792536,569.0,74,gc_fid:pca:pc1; gc_fid:pca:pc2; gc_fid:pca:pc3; gc_fid:pca:pc4; gc_fid:pca:pc5; gc_fid:pls:bp_20:lv1; gc_fid:pls:bp_20:lv2; gc_fid:pls:bp_20:lv3; gc_fid:pls:bp_20:lv4; gc_fid:pls:bp_35:lv1; gc_fid:pls:bp_35:lv2; gc_fid:pls:bp_35:lv3,gc_fid:pca:pc1(1.000); gc_fid:pca:pc2(1.000); gc_fid:pca:pc3(1.000); gc_fid:pca:pc4(1.000); gc_fid:pca:pc5(1.000); gc_fid:pls:bp_20:lv1(1.000); gc_fid:pls:bp_20:lv2(1.000); gc_fid:pls:bp_20:lv3(1.000),petroleum_fraction_db_013,BP_80,analysis_only,equal_weight
2,petroleum_fraction_db_060,1.27312,607.0,74,gc_fid:pca:pc1; gc_fid:pca:pc2; gc_fid:pca:pc3; gc_fid:pca:pc4; gc_fid:pca:pc5; gc_fid:pls:bp_20:lv1; gc_fid:pls:bp_20:lv2; gc_fid:pls:bp_20:lv3; gc_fid:pls:bp_20:lv4; gc_fid:pls:bp_35:lv1; gc_fid:pls:bp_35:lv2; gc_fid:pls:bp_35:lv3,gc_fid:pca:pc1(1.000); gc_fid:pca:pc2(1.000); gc_fid:pca:pc3(1.000); gc_fid:pca:pc4(1.000); gc_fid:pca:pc5(1.000); gc_fid:pls:bp_20:lv1(1.000); gc_fid:pls:bp_20:lv2(1.000); gc_fid:pls:bp_20:lv3(1.000),petroleum_fraction_db_013,BP_80,analysis_only,equal_weight
3,petroleum_fraction_db_059,1.318778,518.8,74,gc_fid:pca:pc1; gc_fid:pca:pc2; gc_fid:pca:pc3; gc_fid:pca:pc4; gc_fid:pca:pc5; gc_fid:pls:bp_20:lv1; gc_fid:pls:bp_20:lv2; gc_fid:pls:bp_20:lv3; gc_fid:pls:bp_20:lv4; gc_fid:pls:bp_35:lv1; gc_fid:pls:bp_35:lv2; gc_fid:pls:bp_35:lv3,gc_fid:pca:pc1(1.000); gc_fid:pca:pc2(1.000); gc_fid:pca:pc3(1.000); gc_fid:pca:pc4(1.000); gc_fid:pca:pc5(1.000); gc_fid:pls:bp_20:lv1(1.000); gc_fid:pls:bp_20:lv2(1.000); gc_fid:pls:bp_20:lv3(1.000),petroleum_fraction_db_013,BP_80,analysis_only,equal_weight
4,petroleum_fraction_db_050,1.333916,363.4,74,gc_fid:pca:pc1; gc_fid:pca:pc2; gc_fid:pca:pc3; gc_fid:pca:pc4; gc_fid:pca:pc5; gc_fid:pls:bp_20:lv1; gc_fid:pls:bp_20:lv2; gc_fid:pls:bp_20:lv3; gc_fid:pls:bp_20:lv4; gc_fid:pls:bp_35:lv1; gc_fid:pls:bp_35:lv2; gc_fid:pls:bp_35:lv3,gc_fid:pca:pc1(1.000); gc_fid:pca:pc2(1.000); gc_fid:pca:pc3(1.000); gc_fid:pca:pc4(1.000); gc_fid:pca:pc5(1.000); gc_fid:pls:bp_20:lv1(1.000); gc_fid:pls:bp_20:lv2(1.000); gc_fid:pls:bp_20:lv3(1.000),petroleum_fraction_db_013,BP_80,analysis_only,equal_weight
1,petroleum_fraction_db_052,0.698427,569.0,74,gc_fid:pca:pc1; gc_fid:pca:pc2; gc_fid:pca:pc3; gc_fid:pca:pc4; gc_fid:pca:pc5; gc_fid:pls:bp_20:lv1; gc_fid:pls:bp_20:lv2; gc_fid:pls:bp_20:lv3; gc_fid:pls:bp_20:lv4; gc_fid:pls:bp_35:lv1; gc_fid:pls:bp_35:lv2; gc_fid:pls:bp_35:lv3,gc_fid:pls:density_20c:lv1(0.973); gc_fid:pls:saturates:lv1(0.962); gc_fid:pls:bp_80:lv1(0.945); gc_fid:pls:bp_65:lv1(0.942); gc_fid:pls:bp_50:lv1(0.941); gc_fid:pls:bp_35:lv1(0.939); gc_fid:pls:bp_20:lv1(0.935); gc_fid:pca:pc1(0.913),petroleum_fraction_db_013,BP_80,analysis_only,correlation_weighted
2,petroleum_fraction_db_060,1.144275,607.0,74,gc_fid:pca:pc1; gc_fid:pca:pc2; gc_fid:pca:pc3; gc_fid:pca:pc4; gc_fid:pca:pc5; gc_fid:pls:bp_20:lv1; gc_fid:pls:bp_20:lv2; gc_fid:pls:bp_20:lv3; gc_fid:pls:bp_20:lv4; gc_fid:pls:bp_35:lv1; gc_fid:pls:bp_35:lv2; gc_fid:pls:bp_35:lv3,gc_fid:pls:density_20c:lv1(0.973); gc_fid:pls:saturates:lv1(0.962); gc_fid:pls:bp_80:lv1(0.945); gc_fid:pls:bp_65:lv1(0.942); gc_fid:pls:bp_50:lv1(0.941); gc_fid:pls:bp_35:lv1(0.939); gc_fid:pls:bp_20:lv1(0.935); gc_fid:pca:pc1(0.913),petroleum_fraction_db_013,BP_80,analysis_only,correlation_weighted
3,petroleum_fraction_db_059,1.163481,518.8,74,gc_fid:pca:pc1; gc_fid:pca:pc2; gc_fid:pca:pc3; gc_fid:pca:pc4; gc_fid:pca:pc5; gc_fid:pls:bp_20:lv1; gc_fid:pls:bp_20:lv2; gc_fid:pls:bp_20:lv3; gc_fid:pls:bp_20:lv4; gc_fid:pls:bp_35:lv1; gc_fid:pls:bp_35:lv2; gc_fid:pls:bp_35:lv3,gc_fid:pls:density_20c:lv1(0.973); gc_fid:pls:saturates:lv1(0.962); gc_fid:pls:bp_80:lv1(0.945); gc_fid:pls:bp_65:lv1(0.942); gc_fid:pls:bp_50:lv1(0.941); gc_fid:pls:bp_35:lv1(0.939); gc_fid:pls:bp_20:lv1(0.935); gc_fid:pca:pc1(0.913),petroleum_fraction_db_013,BP_80,analysis_only,correlation_weighted
4,petroleum_fraction_db_064,1.198566,523.2,74,gc_fid:pca:pc1; gc_fid:pca:pc2; gc_fid:pca:pc3; gc_fid:pca:pc4; gc_fid:pca:pc5; gc_fid:pls:bp_20:lv1; gc_fid:pls:bp_20:lv2; gc_fid:pls:bp_20:lv3; gc_fid:pls:bp_20:lv4; gc_fid:pls:bp_35:lv1; gc_fid:pls:bp_35:lv2; gc_fid:pls:bp_35:lv3,gc_fid:pls:density_20c:lv1(0.973); gc_fid:pls:saturates:lv1(0.962); gc_fid:pls:bp_80:lv1(0.945); gc_fid:pls:bp_65:lv1(0.942); gc_fid:pls:bp_50:lv1(0.941); gc_fid:pls:bp_35:lv1(0.939); gc_fid:pls:bp_20:lv1(0.935); gc_fid:pca:pc1(0.913),petroleum_fraction_db_013,BP_80,analysis_only,correlation_weighted
1,petroleum_fraction_db_052,0.771994,569.0,80,bulk_property:bp_20; bulk_property:bp_35; bulk_property:bp_50; bulk_property:bp_65; bulk_property:density_20c; bulk_property:saturates; gc_fid:pca:pc1; gc_fid:pca:pc2; gc_fid:pca:pc3; gc_fid:pca:pc4; gc_fid:pca:pc5; gc_fid:pls:bp_20:lv1,bulk_property:bp_20(1.000); bulk_property:bp_35(1.000); bulk_property:bp_50(1.000); bulk_property:bp_65(1.000); bulk_property:density_20c(1.000); bulk_property:saturates(1.000); gc_fid:pca:pc1(1.000); gc_fid:pca:pc2(1.000),petroleum_fraction_db_013,BP_80,analysis_plus_non_target_bulk,equal_weight
2,petroleum_fraction_db_060,1.234409,607.0,80,bulk_property:bp_20; bulk_property:bp_35; bulk_property:bp_50; bulk_property:bp_65; bulk_property:density_20c; bulk_property:saturates; gc_fid:pca:pc1; gc_fid:pca:pc2; gc_fid:pca:pc3; gc_fid:pca:pc4; gc_fid:pca:pc5; gc_fid:pls:bp_20:lv1,bulk_property:bp_20(1.000); bulk_property:bp_35(1.000); bulk_property:bp_50(1.000); bulk_property:bp_65(1.000); bulk_property:density_20c(1.000); bulk_property:saturates(1.000); gc_fid:pca:pc1(1.000); gc_fid:pca:pc2(1.000),petroleum_fraction_db_013,BP_80,analysis_plus_non_target_bulk,equal_weight
3,petroleum_fraction_db_059,1.277243,518.8,80,bulk_property:bp_20; bulk_property:bp_35; bulk_property:bp_50; bulk_property:bp_65; bulk_property:density_20c; bulk_property:saturates; gc_fid:pca:pc1; gc_fid:pca:pc2; gc_fid:pca:pc3; gc_fid:pca:pc4; gc_fid:pca:pc5; gc_fid:pls:bp_20:lv1,bulk_property:bp_20(1.000); bulk_property:bp_35(1.000); bulk_property:bp_50(1.000); bulk_property:bp_65(1.000); bulk_property:density_20c(1.000); bulk_property:saturates(1.000); gc_fid:pca:pc1(1.000); gc_fid:pca:pc2(1.000),petroleum_fraction_db_013,BP_80,analysis_plus_non_target_bulk,equal_weight
4,petroleum_fraction_db_064,1.334811,523.2,80,bulk_property:bp_20; bulk_property:bp_35; bulk_property:bp_50; bulk_property:bp_65; bulk_property:density_20c; bulk_property:saturates; gc_fid:pca:pc1; gc_fid:pca:pc2; gc_fid:pca:pc3; gc_fid:pca:pc4; gc_fid:pca:pc5; gc_fid:pls:bp_20:lv1,bulk_property:bp_20(1.000); bulk_property:bp_35(1.000); bulk_property:bp_50(1.000); bulk_property:bp_65(1.000); bulk_property:density_20c(1.000); bulk_property:saturates(1.000); gc_fid:pca:pc1(1.000); gc_fid:pca:pc2(1.000),petroleum_fraction_db_013,BP_80,analysis_plus_non_target_bulk,equal_weight
1,petroleum_fraction_db_052,0.66035,569.0,80,bulk_property:bp_20; bulk_property:bp_35; bulk_property:bp_50; bulk_property:bp_65; bulk_property:density_20c; bulk_property:saturates; gc_fid:pca:pc1; gc_fid:pca:pc2; gc_fid:pca:pc3; gc_fid:pca:pc4; gc_fid:pca:pc5; gc_fid:pls:bp_20:lv1,bulk_property:bp_65(1.039); bulk_property:bp_50(1.018); bulk_property:bp_35(0.982); gc_fid:pls:density_20c:lv1(0.973); gc_fid:pls:saturates:lv1(0.962); gc_fid:pls:bp_80:lv1(0.945); gc_fid:pls:bp_65:lv1(0.942); gc_fid:pls:bp_50:lv1(0.941),petroleum_fraction_db_013,BP_80,analysis_plus_non_target_bulk,correlation_weighted
2,petroleum_fraction_db_060,1.077689,607.0,80,bulk_property:bp_20; bulk_property:bp_35; bulk_property:bp_50; bulk_property:bp_65; bulk_property:density_20c; bulk_property:saturates; gc_fid:pca:pc1; gc_fid:pca:pc2; gc_fid:pca:pc3; gc_fid:pca:pc4; gc_fid:pca:pc5; gc_fid:pls:bp_20:lv1,bulk_property:bp_65(1.039); bulk_property:bp_50(1.018); bulk_property:bp_35(0.982); gc_fid:pls:density_20c:lv1(0.973); gc_fid:pls:saturates:lv1(0.962); gc_fid:pls:bp_80:lv1(0.945); gc_fid:pls:bp_65:lv1(0.942); gc_fid:pls:bp_50:lv1(0.941),petroleum_fraction_db_013,BP_80,analysis_plus_non_target_bulk,correlation_weighted
3,petroleum_fraction_db_059,1.093669,518.8,80,bulk_property:bp_20; bulk_property:bp_35; bulk_property:bp_50; bulk_property:bp_65; bulk_property:density_20c; bulk_property:saturates; gc_fid:pca:pc1; gc_fid:pca:pc2; gc_fid:pca:pc3; gc_fid:pca:pc4; gc_fid:pca:pc5; gc_fid:pls:bp_20:lv1,bulk_property:bp_65(1.039); bulk_property:bp_50(1.018); bulk_property:bp_35(0.982); gc_fid:pls:density_20c:lv1(0.973); gc_fid:pls:saturates:lv1(0.962); gc_fid:pls:bp_80:lv1(0.945); gc_fid:pls:bp_65:lv1(0.942); gc_fid:pls:bp_50:lv1(0.941),petroleum_fraction_db_013,BP_80,analysis_plus_non_target_bulk,correlation_weighted
4,petroleum_fraction_db_064,1.112397,523.2,80,bulk_property:bp_20; bulk_property:bp_35; bulk_property:bp_50; bulk_property:bp_65; bulk_property:density_20c; bulk_property:saturates; gc_fid:pca:pc1; gc_fid:pca:pc2; gc_fid:pca:pc3; gc_fid:pca:pc4; gc_fid:pca:pc5; gc_fid:pls:bp_20:lv1,bulk_property:bp_65(1.039); bulk_property:bp_50(1.018); bulk_property:bp_35(0.982); gc_fid:pls:density_20c:lv1(0.973); gc_fid:pls:saturates:lv1(0.962); gc_fid:pls:bp_80:lv1(0.945); gc_fid:pls:bp_65:lv1(0.942); gc_fid:pls:bp_50:lv1(0.941),petroleum_fraction_db_013,BP_80,analysis_plus_non_target_bulk,correlation_weighted
1,petroleum_fraction_db_014,0.4826,1.0752,33,gc_fid:pca:pc1; gc_fid:pca:pc2; gc_fid:pca:pc3; gc_fid:pca:pc4; gc_fid:pca:pc5; gc_fid:pls:bp_20:lv1; gc_fid:pls:bp_20:lv2; gc_fid:pls:bp_20:lv3; gc_fid:pls:bp_20:lv4; gc_fid:pls:bp_35:lv1; gc_fid:pls:bp_35:lv2; gc_fid:pls:bp_35:lv3,gc_fid:pca:pc1(1.000); gc_fid:pca:pc2(1.000); gc_fid:pca:pc3(1.000); gc_fid:pca:pc4(1.000); gc_fid:pca:pc5(1.000); gc_fid:pls:bp_20:lv1(1.000); gc_fid:pls:bp_20:lv2(1.000); gc_fid:pls:bp_20:lv3(1.000),petroleum_fraction_db_015,density_20c,analysis_only,equal_weight
2,petroleum_fraction_db_035,0.775453,0.9004,33,gc_fid:pca:pc1; gc_fid:pca:pc2; gc_fid:pca:pc3; gc_fid:pca:pc4; gc_fid:pca:pc5; gc_fid:pls:bp_20:lv1; gc_fid:pls:bp_20:lv2; gc_fid:pls:bp_20:lv3; gc_fid:pls:bp_20:lv4; gc_fid:pls:bp_35:lv1; gc_fid:pls:bp_35:lv2; gc_fid:pls:bp_35:lv3,gc_fid:pca:pc1(1.000); gc_fid:pca:pc2(1.000); gc_fid:pca:pc3(1.000); gc_fid:pca:pc4(1.000); gc_fid:pca:pc5(1.000); gc_fid:pls:bp_20:lv1(1.000); gc_fid:pls:bp_20:lv2(1.000); gc_fid:pls:bp_20:lv3(1.000),petroleum_fraction_db_015,density_20c,analysis_only,equal_weight
3,petroleum_fraction_db_051,0.824239,0.9046,33,gc_fid:pca:pc1; gc_fid:pca:pc2; gc_fid:pca:pc3; gc_fid:pca:pc4; gc_fid:pca:pc5; gc_fid:pls:bp_20:lv1; gc_fid:pls:bp_20:lv2; gc_fid:pls:bp_20:lv3; gc_fid:pls:bp_20:lv4; gc_fid:pls:bp_35:lv1; gc_fid:pls:bp_35:lv2; gc_fid:pls:bp_35:lv3,gc_fid:pca:pc1(1.000); gc_fid:pca:pc2(1.000); gc_fid:pca:pc3(1.000); gc_fid:pca:pc4(1.000); gc_fid:pca:pc5(1.000); gc_fid:pls:bp_20:lv1(1.000); gc_fid:pls:bp_20:lv2(1.000); gc_fid:pls:bp_20:lv3(1.000),petroleum_fraction_db_015,density_20c,analysis_only,equal_weight
4,petroleum_fraction_db_033,0.867104,0.9002,33,gc_fid:pca:pc1; gc_fid:pca:pc2; gc_fid:pca:pc3; gc_fid:pca:pc4; gc_fid:pca:pc5; gc_fid:pls:bp_20:lv1; gc_fid:pls:bp_20:lv2; gc_fid:pls:bp_20:lv3; gc_fid:pls:bp_20:lv4; gc_fid:pls:bp_35:lv1; gc_fid:pls:bp_35:lv2; gc_fid:pls:bp_35:lv3,gc_fid:pca:pc1(1.000); gc_fid:pca:pc2(1.000); gc_fid:pca:pc3(1.000); gc_fid:pca:pc4(1.000); gc_fid:pca:pc5(1.000); gc_fid:pls:bp_20:lv1(1.000); gc_fid:pls:bp_20:lv2(1.000); gc_fid:pls:bp_20:lv3(1.000),petroleum_fraction_db_015,density_20c,analysis_only,equal_weight
1,petroleum_fraction_db_014,0.513066,1.0752,33,gc_fid:pca:pc1; gc_fid:pca:pc2; gc_fid:pca:pc3; gc_fid:pca:pc4; gc_fid:pca:pc5; gc_fid:pls:bp_20:lv1; gc_fid:pls:bp_20:lv2; gc_fid:pls:bp_20:lv3; gc_fid:pls:bp_20:lv4; gc_fid:pls:bp_35:lv1; gc_fid:pls:bp_35:lv2; gc_fid:pls:bp_35:lv3,gc_fid:pls:density_20c:lv3(0.478); gc_fid:pls:density_20c:lv1(0.413); gc_fid:pls:saturates:lv1(0.395); gc_fid:pls:density_20c:lv2(0.384); gc_fid:pca:pc3(0.372); gc_fid:pls:bp_65:lv2(0.368); gc_fid:pls:bp_20:lv2(0.366); gc_fid:pls:bp_50:lv2(0.365),petroleum_fraction_db_015,density_20c,analysis_only,correlation_weighted
2,petroleum_fraction_db_035,0.849274,0.9004,33,gc_fid:pca:pc1; gc_fid:pca:pc2; gc_fid:pca:pc3; gc_fid:pca:pc4; gc_fid:pca:pc5; gc_fid:pls:bp_20:lv1; gc_fid:pls:bp_20:lv2; gc_fid:pls:bp_20:lv3; gc_fid:pls:bp_20:lv4; gc_fid:pls:bp_35:lv1; gc_fid:pls:bp_35:lv2; gc_fid:pls:bp_35:lv3,gc_fid:pls:density_20c:lv3(0.478); gc_fid:pls:density_20c:lv1(0.413); gc_fid:pls:saturates:lv1(0.395); gc_fid:pls:density_20c:lv2(0.384); gc_fid:pca:pc3(0.372); gc_fid:pls:bp_65:lv2(0.368); gc_fid:pls:bp_20:lv2(0.366); gc_fid:pls:bp_50:lv2(0.365),petroleum_fraction_db_015,density_20c,analysis_only,correlation_weighted
3,petroleum_fraction_db_051,0.896971,0.9046,33,gc_fid:pca:pc1; gc_fid:pca:pc2; gc_fid:pca:pc3; gc_fid:pca:pc4; gc_fid:pca:pc5; gc_fid:pls:bp_20:lv1; gc_fid:pls:bp_20:lv2; gc_fid:pls:bp_20:lv3; gc_fid:pls:bp_20:lv4; gc_fid:pls:bp_35:lv1; gc_fid:pls:bp_35:lv2; gc_fid:pls:bp_35:lv3,gc_fid:pls:density_20c:lv3(0.478); gc_fid:pls:density_20c:lv1(0.413); gc_fid:pls:saturates:lv1(0.395); gc_fid:pls:density_20c:lv2(0.384); gc_fid:pca:pc3(0.372); gc_fid:pls:bp_65:lv2(0.368); gc_fid:pls:bp_20:lv2(0.366); gc_fid:pls:bp_50:lv2(0.365),petroleum_fraction_db_015,density_20c,analysis_only,correlation_weighted
4,petroleum_fraction_db_033,0.945073,0.9002,33,gc_fid:pca:pc1; gc_fid:pca:pc2; gc_fid:pca:pc3; gc_fid:pca:pc4; gc_fid:pca:pc5; gc_fid:pls:bp_20:lv1; gc_fid:pls:bp_20:lv2; gc_fid:pls:bp_20:lv3; gc_fid:pls:bp_20:lv4; gc_fid:pls:bp_35:lv1; gc_fid:pls:bp_35:lv2; gc_fid:pls:bp_35:lv3,gc_fid:pls:density_20c:lv3(0.478); gc_fid:pls:density_20c:lv1(0.413); gc_fid:pls:saturates:lv1(0.395); gc_fid:pls:density_20c:lv2(0.384); gc_fid:pca:pc3(0.372); gc_fid:pls:bp_65:lv2(0.368); gc_fid:pls:bp_20:lv2(0.366); gc_fid:pls:bp_50:lv2(0.365),petroleum_fraction_db_015,density_20c,analysis_only,correlation_weighted
1,petroleum_fraction_db_014,0.462923,1.0752,39,bulk_property:bp_20; bulk_property:bp_35; bulk_property:bp_50; bulk_property:bp_65; bulk_property:bp_80; bulk_property:saturates; gc_fid:pca:pc1; gc_fid:pca:pc2; gc_fid:pca:pc3; gc_fid:pca:pc4; gc_fid:pca:pc5; gc_fid:pls:bp_20:lv1,bulk_property:bp_20(1.000); bulk_property:bp_35(1.000); bulk_property:bp_50(1.000); bulk_property:bp_65(1.000); bulk_property:bp_80(1.000); bulk_property:saturates(1.000); gc_fid:pca:pc1(1.000); gc_fid:pca:pc2(1.000),petroleum_fraction_db_015,density_20c,analysis_plus_non_target_bulk,equal_weight
2,petroleum_fraction_db_001,0.907651,1.0109,39,bulk_property:bp_20; bulk_property:bp_35; bulk_property:bp_50; bulk_property:bp_65; bulk_property:bp_80; bulk_property:saturates; gc_fid:pca:pc1; gc_fid:pca:pc2; gc_fid:pca:pc3; gc_fid:pca:pc4; gc_fid:pca:pc5; gc_fid:pls:bp_20:lv1,bulk_property:bp_20(1.000); bulk_property:bp_35(1.000); bulk_property:bp_50(1.000); bulk_property:bp_65(1.000); bulk_property:bp_80(1.000); bulk_property:saturates(1.000); gc_fid:pca:pc1(1.000); gc_fid:pca:pc2(1.000),petroleum_fraction_db_015,density_20c,analysis_plus_non_target_bulk,equal_weight
3,petroleum_fraction_db_035,0.914904,0.9004,39,bulk_property:bp_20; bulk_property:bp_35; bulk_property:bp_50; bulk_property:bp_65; bulk_property:bp_80; bulk_property:saturates; gc_fid:pca:pc1; gc_fid:pca:pc2; gc_fid:pca:pc3; gc_fid:pca:pc4; gc_fid:pca:pc5; gc_fid:pls:bp_20:lv1,bulk_property:bp_20(1.000); bulk_property:bp_35(1.000); bulk_property:bp_50(1.000); bulk_property:bp_65(1.000); bulk_property:bp_80(1.000); bulk_property:saturates(1.000); gc_fid:pca:pc1(1.000); gc_fid:pca:pc2(1.000),petroleum_fraction_db_015,density_20c,analysis_plus_non_target_bulk,equal_weight
4,petroleum_fraction_db_004,0.944869,0.9149,39,bulk_property:bp_20; bulk_property:bp_35; bulk_property:bp_50; bulk_property:bp_65; bulk_property:bp_80; bulk_property:saturates; gc_fid:pca:pc1; gc_fid:pca:pc2; gc_fid:pca:pc3; gc_fid:pca:pc4; gc_fid:pca:pc5; gc_fid:pls:bp_20:lv1,bulk_property:bp_20(1.000); bulk_property:bp_35(1.000); bulk_property:bp_50(1.000); bulk_property:bp_65(1.000); bulk_property:bp_80(1.000); bulk_property:saturates(1.000); gc_fid:pca:pc1(1.000); gc_fid:pca:pc2(1.000),petroleum_fraction_db_015,density_20c,analysis_plus_non_target_bulk,equal_weight
1,petroleum_fraction_db_014,0.47468,1.0752,39,bulk_property:bp_20; bulk_property:bp_35; bulk_property:bp_50; bulk_property:bp_65; bulk_property:bp_80; bulk_property:saturates; gc_fid:pca:pc1; gc_fid:pca:pc2; gc_fid:pca:pc3; gc_fid:pca:pc4; gc_fid:pca:pc5; gc_fid:pls:bp_20:lv1,bulk_property:saturates(0.895); gc_fid:pls:density_20c:lv3(0.478); bulk_property:bp_80(0.449); bulk_property:bp_65(0.439); bulk_property:bp_50(0.425); bulk_property:bp_35(0.415); gc_fid:pls:density_20c:lv1(0.413); bulk_property:bp_20(0.398),petroleum_fraction_db_015,density_20c,analysis_plus_non_target_bulk,correlation_weighted
2,petroleum_fraction_db_001,0.969483,1.0109,39,bulk_property:bp_20; bulk_property:bp_35; bulk_property:bp_50; bulk_property:bp_65; bulk_property:bp_80; bulk_property:saturates; gc_fid:pca:pc1; gc_fid:pca:pc2; gc_fid:pca:pc3; gc_fid:pca:pc4; gc_fid:pca:pc5; gc_fid:pls:bp_20:lv1,bulk_property:saturates(0.895); gc_fid:pls:density_20c:lv3(0.478); bulk_property:bp_80(0.449); bulk_property:bp_65(0.439); bulk_property:bp_50(0.425); bulk_property:bp_35(0.415); gc_fid:pls:density_20c:lv1(0.413); bulk_property:bp_20(0.398),petroleum_fraction_db_015,density_20c,analysis_plus_non_target_bulk,correlation_weighted
3,petroleum_fraction_db_004,1.121662,0.9149,39,bulk_property:bp_20; bulk_property:bp_35; bulk_property:bp_50; bulk_property:bp_65; bulk_property:bp_80; bulk_property:saturates; gc_fid:pca:pc1; gc_fid:pca:pc2; gc_fid:pca:pc3; gc_fid:pca:pc4; gc_fid:pca:pc5; gc_fid:pls:bp_20:lv1,bulk_property:saturates(0.895); gc_fid:pls:density_20c:lv3(0.478); bulk_property:bp_80(0.449); bulk_property:bp_65(0.439); bulk_property:bp_50(0.425); bulk_property:bp_35(0.415); gc_fid:pls:density_20c:lv1(0.413); bulk_property:bp_20(0.398),petroleum_fraction_db_015,density_20c,analysis_plus_non_target_bulk,correlation_weighted
4,petroleum_fraction_db_035,1.189669,0.9004,39,bulk_property:bp_20; bulk_property:bp_35; bulk_property:bp_50; bulk_property:bp_65; bulk_property:bp_80; bulk_property:saturates; gc_fid:pca:pc1; gc_fid:pca:pc2; gc_fid:pca:pc3; gc_fid:pca:pc4; gc_fid:pca:pc5; gc_fid:pls:bp_20:lv1,bulk_property:saturates(0.895); gc_fid:pls:density_20c:lv3(0.478); bulk_property:bp_80(0.449); bulk_property:bp_65(0.439); bulk_property:bp_50(0.425); bulk_property:bp_35(0.415); gc_fid:pls:density_20c:lv1(0.413); bulk_property:bp_20(0.398),petroleum_fraction_db_015,density_20c,analysis_plus_non_target_bulk,correlation_weighted
1,petroleum_fraction_db_014,0.4826,17.74432902268247,33,gc_fid:pca:pc1; gc_fid:pca:pc2; gc_fid:pca:pc3; gc_fid:pca:pc4; gc_fid:pca:pc5; gc_fid:pls:bp_20:lv1; gc_fid:pls:bp_20:lv2; gc_fid:pls:bp_20:lv3; gc_fid:pls:bp_20:lv4; gc_fid:pls:bp_35:lv1; gc_fid:pls:bp_35:lv2; gc_fid:pls:bp_35:lv3,gc_fid:pca:pc1(1.000); gc_fid:pca:pc2(1.000); gc_fid:pca:pc3(1.000); gc_fid:pca:pc4(1.000); gc_fid:pca:pc5(1.000); gc_fid:pls:bp_20:lv1(1.000); gc_fid:pls:bp_20:lv2(1.000); gc_fid:pls:bp_20:lv3(1.000),petroleum_fraction_db_015,saturates,analysis_only,equal_weight
2,petroleum_fraction_db_035,0.775453,71.55463275369856,33,gc_fid:pca:pc1; gc_fid:pca:pc2; gc_fid:pca:pc3; gc_fid:pca:pc4; gc_fid:pca:pc5; gc_fid:pls:bp_20:lv1; gc_fid:pls:bp_20:lv2; gc_fid:pls:bp_20:lv3; gc_fid:pls:bp_20:lv4; gc_fid:pls:bp_35:lv1; gc_fid:pls:bp_35:lv2; gc_fid:pls:bp_35:lv3,gc_fid:pca:pc1(1.000); gc_fid:pca:pc2(1.000); gc_fid:pca:pc3(1.000); gc_fid:pca:pc4(1.000); gc_fid:pca:pc5(1.000); gc_fid:pls:bp_20:lv1(1.000); gc_fid:pls:bp_20:lv2(1.000); gc_fid:pls:bp_20:lv3(1.000),petroleum_fraction_db_015,saturates,analysis_only,equal_weight
3,petroleum_fraction_db_051,0.824239,85.100441401674,33,gc_fid:pca:pc1; gc_fid:pca:pc2; gc_fid:pca:pc3; gc_fid:pca:pc4; gc_fid:pca:pc5; gc_fid:pls:bp_20:lv1; gc_fid:pls:bp_20:lv2; gc_fid:pls:bp_20:lv3; gc_fid:pls:bp_20:lv4; gc_fid:pls:bp_35:lv1; gc_fid:pls:bp_35:lv2; gc_fid:pls:bp_35:lv3,gc_fid:pca:pc1(1.000); gc_fid:pca:pc2(1.000); gc_fid:pca:pc3(1.000); gc_fid:pca:pc4(1.000); gc_fid:pca:pc5(1.000); gc_fid:pls:bp_20:lv1(1.000); gc_fid:pls:bp_20:lv2(1.000); gc_fid:pls:bp_20:lv3(1.000),petroleum_fraction_db_015,saturates,analysis_only,equal_weight
4,petroleum_fraction_db_033,0.867104,78.72959279414542,33,gc_fid:pca:pc1; gc_fid:pca:pc2; gc_fid:pca:pc3; gc_fid:pca:pc4; gc_fid:pca:pc5; gc_fid:pls:bp_20:lv1; gc_fid:pls:bp_20:lv2; gc_fid:pls:bp_20:lv3; gc_fid:pls:bp_20:lv4; gc_fid:pls:bp_35:lv1; gc_fid:pls:bp_35:lv2; gc_fid:pls:bp_35:lv3,gc_fid:pca:pc1(1.000); gc_fid:pca:pc2(1.000); gc_fid:pca:pc3(1.000); gc_fid:pca:pc4(1.000); gc_fid:pca:pc5(1.000); gc_fid:pls:bp_20:lv1(1.000); gc_fid:pls:bp_20:lv2(1.000); gc_fid:pls:bp_20:lv3(1.000),petroleum_fraction_db_015,saturates,analysis_only,equal_weight
1,petroleum_fraction_db_014,0.536699,17.74432902268247,33,gc_fid:pca:pc1; gc_fid:pca:pc2; gc_fid:pca:pc3; gc_fid:pca:pc4; gc_fid:pca:pc5; gc_fid:pls:bp_20:lv1; gc_fid:pls:bp_20:lv2; gc_fid:pls:bp_20:lv3; gc_fid:pls:bp_20:lv4; gc_fid:pls:bp_35:lv1; gc_fid:pls:bp_35:lv2; gc_fid:pls:bp_35:lv3,gc_fid:pca:pc3(0.469); gc_fid:pls:bp_65:lv2(0.447); gc_fid:pls:bp_80:lv2(0.447); gc_fid:pls:bp_50:lv2(0.440); gc_fid:pls:density_20c:lv2(0.431); gc_fid:pls:bp_35:lv2(0.431); gc_fid:pls:bp_20:lv2(0.413); gc_fid:pls:density_20c:lv1(0.386),petroleum_fraction_db_015,saturates,analysis_only,correlation_weighted
2,petroleum_fraction_db_035,0.821457,71.55463275369856,33,gc_fid:pca:pc1; gc_fid:pca:pc2; gc_fid:pca:pc3; gc_fid:pca:pc4; gc_fid:pca:pc5; gc_fid:pls:bp_20:lv1; gc_fid:pls:bp_20:lv2; gc_fid:pls:bp_20:lv3; gc_fid:pls:bp_20:lv4; gc_fid:pls:bp_35:lv1; gc_fid:pls:bp_35:lv2; gc_fid:pls:bp_35:lv3,gc_fid:pca:pc3(0.469); gc_fid:pls:bp_65:lv2(0.447); gc_fid:pls:bp_80:lv2(0.447); gc_fid:pls:bp_50:lv2(0.440); gc_fid:pls:density_20c:lv2(0.431); gc_fid:pls:bp_35:lv2(0.431); gc_fid:pls:bp_20:lv2(0.413); gc_fid:pls:density_20c:lv1(0.386),petroleum_fraction_db_015,saturates,analysis_only,correlation_weighted
3,petroleum_fraction_db_051,0.862133,85.100441401674,33,gc_fid:pca:pc1; gc_fid:pca:pc2; gc_fid:pca:pc3; gc_fid:pca:pc4; gc_fid:pca:pc5; gc_fid:pls:bp_20:lv1; gc_fid:pls:bp_20:lv2; gc_fid:pls:bp_20:lv3; gc_fid:pls:bp_20:lv4; gc_fid:pls:bp_35:lv1; gc_fid:pls:bp_35:lv2; gc_fid:pls:bp_35:lv3,gc_fid:pca:pc3(0.469); gc_fid:pls:bp_65:lv2(0.447); gc_fid:pls:bp_80:lv2(0.447); gc_fid:pls:bp_50:lv2(0.440); gc_fid:pls:density_20c:lv2(0.431); gc_fid:pls:bp_35:lv2(0.431); gc_fid:pls:bp_20:lv2(0.413); gc_fid:pls:density_20c:lv1(0.386),petroleum_fraction_db_015,saturates,analysis_only,correlation_weighted
4,petroleum_fraction_db_033,0.912583,78.72959279414542,33,gc_fid:pca:pc1; gc_fid:pca:pc2; gc_fid:pca:pc3; gc_fid:pca:pc4; gc_fid:pca:pc5; gc_fid:pls:bp_20:lv1; gc_fid:pls:bp_20:lv2; gc_fid:pls:bp_20:lv3; gc_fid:pls:bp_20:lv4; gc_fid:pls:bp_35:lv1; gc_fid:pls:bp_35:lv2; gc_fid:pls:bp_35:lv3,gc_fid:pca:pc3(0.469); gc_fid:pls:bp_65:lv2(0.447); gc_fid:pls:bp_80:lv2(0.447); gc_fid:pls:bp_50:lv2(0.440); gc_fid:pls:density_20c:lv2(0.431); gc_fid:pls:bp_35:lv2(0.431); gc_fid:pls:bp_20:lv2(0.413); gc_fid:pls:density_20c:lv1(0.386),petroleum_fraction_db_015,saturates,analysis_only,correlation_weighted
1,petroleum_fraction_db_014,0.469565,17.74432902268247,39,bulk_property:bp_20; bulk_property:bp_35; bulk_property:bp_50; bulk_property:bp_65; bulk_property:bp_80; bulk_property:density_20c; gc_fid:pca:pc1; gc_fid:pca:pc2; gc_fid:pca:pc3; gc_fid:pca:pc4; gc_fid:pca:pc5; gc_fid:pls:bp_20:lv1,bulk_property:bp_20(1.000); bulk_property:bp_35(1.000); bulk_property:bp_50(1.000); bulk_property:bp_65(1.000); bulk_property:bp_80(1.000); bulk_property:density_20c(1.000); gc_fid:pca:pc1(1.000); gc_fid:pca:pc2(1.000),petroleum_fraction_db_015,saturates,analysis_plus_non_target_bulk,equal_weight
2,petroleum_fraction_db_001,0.904065,36.2388403571084,39,bulk_property:bp_20; bulk_property:bp_35; bulk_property:bp_50; bulk_property:bp_65; bulk_property:bp_80; bulk_property:density_20c; gc_fid:pca:pc1; gc_fid:pca:pc2; gc_fid:pca:pc3; gc_fid:pca:pc4; gc_fid:pca:pc5; gc_fid:pls:bp_20:lv1,bulk_property:bp_20(1.000); bulk_property:bp_35(1.000); bulk_property:bp_50(1.000); bulk_property:bp_65(1.000); bulk_property:bp_80(1.000); bulk_property:density_20c(1.000); gc_fid:pca:pc1(1.000); gc_fid:pca:pc2(1.000),petroleum_fraction_db_015,saturates,analysis_plus_non_target_bulk,equal_weight
3,petroleum_fraction_db_035,0.910972,71.55463275369856,39,bulk_property:bp_20; bulk_property:bp_35; bulk_property:bp_50; bulk_property:bp_65; bulk_property:bp_80; bulk_property:density_20c; gc_fid:pca:pc1; gc_fid:pca:pc2; gc_fid:pca:pc3; gc_fid:pca:pc4; gc_fid:pca:pc5; gc_fid:pls:bp_20:lv1,bulk_property:bp_20(1.000); bulk_property:bp_35(1.000); bulk_property:bp_50(1.000); bulk_property:bp_65(1.000); bulk_property:bp_80(1.000); bulk_property:density_20c(1.000); gc_fid:pca:pc1(1.000); gc_fid:pca:pc2(1.000),petroleum_fraction_db_015,saturates,analysis_plus_non_target_bulk,equal_weight
4,petroleum_fraction_db_051,0.948088,85.100441401674,39,bulk_property:bp_20; bulk_property:bp_35; bulk_property:bp_50; bulk_property:bp_65; bulk_property:bp_80; bulk_property:density_20c; gc_fid:pca:pc1; gc_fid:pca:pc2; gc_fid:pca:pc3; gc_fid:pca:pc4; gc_fid:pca:pc5; gc_fid:pls:bp_20:lv1,bulk_property:bp_20(1.000); bulk_property:bp_35(1.000); bulk_property:bp_50(1.000); bulk_property:bp_65(1.000); bulk_property:bp_80(1.000); bulk_property:density_20c(1.000); gc_fid:pca:pc1(1.000); gc_fid:pca:pc2(1.000),petroleum_fraction_db_015,saturates,analysis_plus_non_target_bulk,equal_weight
1,petroleum_fraction_db_014,0.511736,17.74432902268247,39,bulk_property:bp_20; bulk_property:bp_35; bulk_property:bp_50; bulk_property:bp_65; bulk_property:bp_80; bulk_property:density_20c; gc_fid:pca:pc1; gc_fid:pca:pc2; gc_fid:pca:pc3; gc_fid:pca:pc4; gc_fid:pca:pc5; gc_fid:pls:bp_20:lv1,bulk_property:density_20c(0.895); gc_fid:pca:pc3(0.469); bulk_property:bp_80(0.451); gc_fid:pls:bp_65:lv2(0.447); gc_fid:pls:bp_80:lv2(0.447); gc_fid:pls:bp_50:lv2(0.440); gc_fid:pls:density_20c:lv2(0.431); gc_fid:pls:bp_35:lv2(0.431),petroleum_fraction_db_015,saturates,analysis_plus_non_target_bulk,correlation_weighted
2,petroleum_fraction_db_001,1.01158,36.2388403571084,39,bulk_property:bp_20; bulk_property:bp_35; bulk_property:bp_50; bulk_property:bp_65; bulk_property:bp_80; bulk_property:density_20c; gc_fid:pca:pc1; gc_fid:pca:pc2; gc_fid:pca:pc3; gc_fid:pca:pc4; gc_fid:pca:pc5; gc_fid:pls:bp_20:lv1,bulk_property:density_20c(0.895); gc_fid:pca:pc3(0.469); bulk_property:bp_80(0.451); gc_fid:pls:bp_65:lv2(0.447); gc_fid:pls:bp_80:lv2(0.447); gc_fid:pls:bp_50:lv2(0.440); gc_fid:pls:density_20c:lv2(0.431); gc_fid:pls:bp_35:lv2(0.431),petroleum_fraction_db_015,saturates,analysis_plus_non_target_bulk,correlation_weighted
3,petroleum_fraction_db_025,1.110766,65.70098707968917,39,bulk_property:bp_20; bulk_property:bp_35; bulk_property:bp_50; bulk_property:bp_65; bulk_property:bp_80; bulk_property:density_20c; gc_fid:pca:pc1; gc_fid:pca:pc2; gc_fid:pca:pc3; gc_fid:pca:pc4; gc_fid:pca:pc5; gc_fid:pls:bp_20:lv1,bulk_property:density_20c(0.895); gc_fid:pca:pc3(0.469); bulk_property:bp_80(0.451); gc_fid:pls:bp_65:lv2(0.447); gc_fid:pls:bp_80:lv2(0.447); gc_fid:pls:bp_50:lv2(0.440); gc_fid:pls:density_20c:lv2(0.431); gc_fid:pls:bp_35:lv2(0.431),petroleum_fraction_db_015,saturates,analysis_plus_non_target_bulk,correlation_weighted
4,petroleum_fraction_db_035,1.182513,71.55463275369856,39,bulk_property:bp_20; bulk_property:bp_35; bulk_property:bp_50; bulk_property:bp_65; bulk_property:bp_80; bulk_property:density_20c; gc_fid:pca:pc1; gc_fid:pca:pc2; gc_fid:pca:pc3; gc_fid:pca:pc4; gc_fid:pca:pc5; gc_fid:pls:bp_20:lv1,bulk_property:density_20c(0.895); gc_fid:pca:pc3(0.469); bulk_property:bp_80(0.451); gc_fid:pls:bp_65:lv2(0.447); gc_fid:pls:bp_80:lv2(0.447); gc_fid:pls:bp_50:lv2(0.440); gc_fid:pls:density_20c:lv2(0.431); gc_fid:pls:bp_35:lv2(0.431),petroleum_fraction_db_015,saturates,analysis_plus_non_target_bulk,correlation_weighted
1,petroleum_fraction_db_014,0.4826,382.8,33,gc_fid:pca:pc1; gc_fid:pca:pc2; gc_fid:pca:pc3; gc_fid:pca:pc4; gc_fid:pca:pc5; gc_fid:pls:bp_20:lv1; gc_fid:pls:bp_20:lv2; gc_fid:pls:bp_20:lv3; gc_fid:pls:bp_20:lv4; gc_fid:pls:bp_35:lv1; gc_fid:pls:bp_35:lv2; gc_fid:pls:bp_35:lv3,gc_fid:pca:pc1(1.000); gc_fid:pca:pc2(1.000); gc_fid:pca:pc3(1.000); gc_fid:pca:pc4(1.000); gc_fid:pca:pc5(1.000); gc_fid:pls:bp_20:lv1(1.000); gc_fid:pls:bp_20:lv2(1.000); gc_fid:pls:bp_20:lv3(1.000),petroleum_fraction_db_015,BP_20,analysis_only,equal_weight
2,petroleum_fraction_db_035,0.775453,378.4,33,gc_fid:pca:pc1; gc_fid:pca:pc2; gc_fid:pca:pc3; gc_fid:pca:pc4; gc_fid:pca:pc5; gc_fid:pls:bp_20:lv1; gc_fid:pls:bp_20:lv2; gc_fid:pls:bp_20:lv3; gc_fid:pls:bp_20:lv4; gc_fid:pls:bp_35:lv1; gc_fid:pls:bp_35:lv2; gc_fid:pls:bp_35:lv3,gc_fid:pca:pc1(1.000); gc_fid:pca:pc2(1.000); gc_fid:pca:pc3(1.000); gc_fid:pca:pc4(1.000); gc_fid:pca:pc5(1.000); gc_fid:pls:bp_20:lv1(1.000); gc_fid:pls:bp_20:lv2(1.000); gc_fid:pls:bp_20:lv3(1.000),petroleum_fraction_db_015,BP_20,analysis_only,equal_weight
3,petroleum_fraction_db_051,0.824239,391.6,33,gc_fid:pca:pc1; gc_fid:pca:pc2; gc_fid:pca:pc3; gc_fid:pca:pc4; gc_fid:pca:pc5; gc_fid:pls:bp_20:lv1; gc_fid:pls:bp_20:lv2; gc_fid:pls:bp_20:lv3; gc_fid:pls:bp_20:lv4; gc_fid:pls:bp_35:lv1; gc_fid:pls:bp_35:lv2; gc_fid:pls:bp_35:lv3,gc_fid:pca:pc1(1.000); gc_fid:pca:pc2(1.000); gc_fid:pca:pc3(1.000); gc_fid:pca:pc4(1.000); gc_fid:pca:pc5(1.000); gc_fid:pls:bp_20:lv1(1.000); gc_fid:pls:bp_20:lv2(1.000); gc_fid:pls:bp_20:lv3(1.000),petroleum_fraction_db_015,BP_20,analysis_only,equal_weight
4,petroleum_fraction_db_033,0.867104,368.0,33,gc_fid:pca:pc1; gc_fid:pca:pc2; gc_fid:pca:pc3; gc_fid:pca:pc4; gc_fid:pca:pc5; gc_fid:pls:bp_20:lv1; gc_fid:pls:bp_20:lv2; gc_fid:pls:bp_20:lv3; gc_fid:pls:bp_20:lv4; gc_fid:pls:bp_35:lv1; gc_fid:pls:bp_35:lv2; gc_fid:pls:bp_35:lv3,gc_fid:pca:pc1(1.000); gc_fid:pca:pc2(1.000); gc_fid:pca:pc3(1.000); gc_fid:pca:pc4(1.000); gc_fid:pca:pc5(1.000); gc_fid:pls:bp_20:lv1(1.000); gc_fid:pls:bp_20:lv2(1.000); gc_fid:pls:bp_20:lv3(1.000),petroleum_fraction_db_015,BP_20,analysis_only,equal_weight
1,petroleum_fraction_db_014,0.545618,382.8,33,gc_fid:pca:pc1; gc_fid:pca:pc2; gc_fid:pca:pc3; gc_fid:pca:pc4; gc_fid:pca:pc5; gc_fid:pls:bp_20:lv1; gc_fid:pls:bp_20:lv2; gc_fid:pls:bp_20:lv3; gc_fid:pls:bp_20:lv4; gc_fid:pls:bp_35:lv1; gc_fid:pls:bp_35:lv2; gc_fid:pls:bp_35:lv3,gc_fid:pls:density_20c:lv1(0.948); gc_fid:pls:bp_20:lv1(0.940); gc_fid:pls:bp_35:lv1(0.939); gc_fid:pls:bp_50:lv1(0.938); gc_fid:pls:bp_65:lv1(0.936); gc_fid:pls:bp_80:lv1(0.934); gc_fid:pls:saturates:lv1(0.928); gc_fid:pca:pc1(0.914),petroleum_fraction_db_015,BP_20,analysis_only,correlation_weighted
2,petroleum_fraction_db_001,0.690802,376.6,33,gc_fid:pca:pc1; gc_fid:pca:pc2; gc_fid:pca:pc3; gc_fid:pca:pc4; gc_fid:pca:pc5; gc_fid:pls:bp_20:lv1; gc_fid:pls:bp_20:lv2; gc_fid:pls:bp_20:lv3; gc_fid:pls:bp_20:lv4; gc_fid:pls:bp_35:lv1; gc_fid:pls:bp_35:lv2; gc_fid:pls:bp_35:lv3,gc_fid:pls:density_20c:lv1(0.948); gc_fid:pls:bp_20:lv1(0.940); gc_fid:pls:bp_35:lv1(0.939); gc_fid:pls:bp_50:lv1(0.938); gc_fid:pls:bp_65:lv1(0.936); gc_fid:pls:bp_80:lv1(0.934); gc_fid:pls:saturates:lv1(0.928); gc_fid:pca:pc1(0.914),petroleum_fraction_db_015,BP_20,analysis_only,correlation_weighted
3,petroleum_fraction_db_002,0.723399,367.6,33,gc_fid:pca:pc1; gc_fid:pca:pc2; gc_fid:pca:pc3; gc_fid:pca:pc4; gc_fid:pca:pc5; gc_fid:pls:bp_20:lv1; gc_fid:pls:bp_20:lv2; gc_fid:pls:bp_20:lv3; gc_fid:pls:bp_20:lv4; gc_fid:pls:bp_35:lv1; gc_fid:pls:bp_35:lv2; gc_fid:pls:bp_35:lv3,gc_fid:pls:density_20c:lv1(0.948); gc_fid:pls:bp_20:lv1(0.940); gc_fid:pls:bp_35:lv1(0.939); gc_fid:pls:bp_50:lv1(0.938); gc_fid:pls:bp_65:lv1(0.936); gc_fid:pls:bp_80:lv1(0.934); gc_fid:pls:saturates:lv1(0.928); gc_fid:pca:pc1(0.914),petroleum_fraction_db_015,BP_20,analysis_only,correlation_weighted
4,petroleum_fraction_db_009,0.846002,358.4,33,gc_fid:pca:pc1; gc_fid:pca:pc2; gc_fid:pca:pc3; gc_fid:pca:pc4; gc_fid:pca:pc5; gc_fid:pls:bp_20:lv1; gc_fid:pls:bp_20:lv2; gc_fid:pls:bp_20:lv3; gc_fid:pls:bp_20:lv4; gc_fid:pls:bp_35:lv1; gc_fid:pls:bp_35:lv2; gc_fid:pls:bp_35:lv3,gc_fid:pls:density_20c:lv1(0.948); gc_fid:pls:bp_20:lv1(0.940); gc_fid:pls:bp_35:lv1(0.939); gc_fid:pls:bp_50:lv1(0.938); gc_fid:pls:bp_65:lv1(0.936); gc_fid:pls:bp_80:lv1(0.934); gc_fid:pls:saturates:lv1(0.928); gc_fid:pca:pc1(0.914),petroleum_fraction_db_015,BP_20,analysis_only,correlation_weighted
1,petroleum_fraction_db_014,0.466412,382.8,39,bulk_property:bp_35; bulk_property:bp_50; bulk_property:bp_65; bulk_property:bp_80; bulk_property:density_20c; bulk_property:saturates; gc_fid:pca:pc1; gc_fid:pca:pc2; gc_fid:pca:pc3; gc_fid:pca:pc4; gc_fid:pca:pc5; gc_fid:pls:bp_20:lv1,bulk_property:bp_35(1.000); bulk_property:bp_50(1.000); bulk_property:bp_65(1.000); bulk_property:bp_80(1.000); bulk_property:density_20c(1.000); bulk_property:saturates(1.000); gc_fid:pca:pc1(1.000); gc_fid:pca:pc2(1.000),petroleum_fraction_db_015,BP_20,analysis_plus_non_target_bulk,equal_weight
2,petroleum_fraction_db_001,0.917641,376.6,39,bulk_property:bp_35; bulk_property:bp_50; bulk_property:bp_65; bulk_property:bp_80; bulk_property:density_20c; bulk_property:saturates; gc_fid:pca:pc1; gc_fid:pca:pc2; gc_fid:pca:pc3; gc_fid:pca:pc4; gc_fid:pca:pc5; gc_fid:pls:bp_20:lv1,bulk_property:bp_35(1.000); bulk_property:bp_50(1.000); bulk_property:bp_65(1.000); bulk_property:bp_80(1.000); bulk_property:density_20c(1.000); bulk_property:saturates(1.000); gc_fid:pca:pc1(1.000); gc_fid:pca:pc2(1.000),petroleum_fraction_db_015,BP_20,analysis_plus_non_target_bulk,equal_weight
3,petroleum_fraction_db_035,1.056727,378.4,39,bulk_property:bp_35; bulk_property:bp_50; bulk_property:bp_65; bulk_property:bp_80; bulk_property:density_20c; bulk_property:saturates; gc_fid:pca:pc1; gc_fid:pca:pc2; gc_fid:pca:pc3; gc_fid:pca:pc4; gc_fid:pca:pc5; gc_fid:pls:bp_20:lv1,bulk_property:bp_35(1.000); bulk_property:bp_50(1.000); bulk_property:bp_65(1.000); bulk_property:bp_80(1.000); bulk_property:density_20c(1.000); bulk_property:saturates(1.000); gc_fid:pca:pc1(1.000); gc_fid:pca:pc2(1.000),petroleum_fraction_db_015,BP_20,analysis_plus_non_target_bulk,equal_weight
4,petroleum_fraction_db_004,1.05981,361.2,39,bulk_property:bp_35; bulk_property:bp_50; bulk_property:bp_65; bulk_property:bp_80; bulk_property:density_20c; bulk_property:saturates; gc_fid:pca:pc1; gc_fid:pca:pc2; gc_fid:pca:pc3; gc_fid:pca:pc4; gc_fid:pca:pc5; gc_fid:pls:bp_20:lv1,bulk_property:bp_35(1.000); bulk_property:bp_50(1.000); bulk_property:bp_65(1.000); bulk_property:bp_80(1.000); bulk_property:density_20c(1.000); bulk_property:saturates(1.000); gc_fid:pca:pc1(1.000); gc_fid:pca:pc2(1.000),petroleum_fraction_db_015,BP_20,analysis_plus_non_target_bulk,equal_weight
1,petroleum_fraction_db_014,0.505004,382.8,39,bulk_property:bp_35; bulk_property:bp_50; bulk_property:bp_65; bulk_property:bp_80; bulk_property:density_20c; bulk_property:saturates; gc_fid:pca:pc1; gc_fid:pca:pc2; gc_fid:pca:pc3; gc_fid:pca:pc4; gc_fid:pca:pc5; gc_fid:pls:bp_20:lv1,bulk_property:bp_35(1.040); bulk_property:bp_50(1.015); bulk_property:bp_65(0.986); gc_fid:pls:density_20c:lv1(0.948); gc_fid:pls:bp_20:lv1(0.940); gc_fid:pls:bp_35:lv1(0.939); bulk_property:bp_80(0.939); gc_fid:pls:bp_50:lv1(0.938),petroleum_fraction_db_015,BP_20,analysis_plus_non_target_bulk,correlation_weighted
2,petroleum_fraction_db_001,0.777178,376.6,39,bulk_property:bp_35; bulk_property:bp_50; bulk_property:bp_65; bulk_property:bp_80; bulk_property:density_20c; bulk_property:saturates; gc_fid:pca:pc1; gc_fid:pca:pc2; gc_fid:pca:pc3; gc_fid:pca:pc4; gc_fid:pca:pc5; gc_fid:pls:bp_20:lv1,bulk_property:bp_35(1.040); bulk_property:bp_50(1.015); bulk_property:bp_65(0.986); gc_fid:pls:density_20c:lv1(0.948); gc_fid:pls:bp_20:lv1(0.940); gc_fid:pls:bp_35:lv1(0.939); bulk_property:bp_80(0.939); gc_fid:pls:bp_50:lv1(0.938),petroleum_fraction_db_015,BP_20,analysis_plus_non_target_bulk,correlation_weighted
3,petroleum_fraction_db_062,1.025808,390.0,39,bulk_property:bp_35; bulk_property:bp_50; bulk_property:bp_65; bulk_property:bp_80; bulk_property:density_20c; bulk_property:saturates; gc_fid:pca:pc1; gc_fid:pca:pc2; gc_fid:pca:pc3; gc_fid:pca:pc4; gc_fid:pca:pc5; gc_fid:pls:bp_20:lv1,bulk_property:bp_35(1.040); bulk_property:bp_50(1.015); bulk_property:bp_65(0.986); gc_fid:pls:density_20c:lv1(0.948); gc_fid:pls:bp_20:lv1(0.940); gc_fid:pls:bp_35:lv1(0.939); bulk_property:bp_80(0.939); gc_fid:pls:bp_50:lv1(0.938),petroleum_fraction_db_015,BP_20,analysis_plus_non_target_bulk,correlation_weighted
4,petroleum_fraction_db_038,1.049582,395.6,39,bulk_property:bp_35; bulk_property:bp_50; bulk_property:bp_65; bulk_property:bp_80; bulk_property:density_20c; bulk_property:saturates; gc_fid:pca:pc1; gc_fid:pca:pc2; gc_fid:pca:pc3; gc_fid:pca:pc4; gc_fid:pca:pc5; gc_fid:pls:bp_20:lv1,bulk_property:bp_35(1.040); bulk_property:bp_50(1.015); bulk_property:bp_65(0.986); gc_fid:pls:density_20c:lv1(0.948); gc_fid:pls:bp_20:lv1(0.940); gc_fid:pls:bp_35:lv1(0.939); bulk_property:bp_80(0.939); gc_fid:pls:bp_50:lv1(0.938),petroleum_fraction_db_015,BP_20,analysis_plus_non_target_bulk,correlation_weighted
1,petroleum_fraction_db_014,0.4826,415.8,33,gc_fid:pca:pc1; gc_fid:pca:pc2; gc_fid:pca:pc3; gc_fid:pca:pc4; gc_fid:pca:pc5; gc_fid:pls:bp_20:lv1; gc_fid:pls:bp_20:lv2; gc_fid:pls:bp_20:lv3; gc_fid:pls:bp_20:lv4; gc_fid:pls:bp_35:lv1; gc_fid:pls:bp_35:lv2; gc_fid:pls:bp_35:lv3,gc_fid:pca:pc1(1.000); gc_fid:pca:pc2(1.000); gc_fid:pca:pc3(1.000); gc_fid:pca:pc4(1.000); gc_fid:pca:pc5(1.000); gc_fid:pls:bp_20:lv1(1.000); gc_fid:pls:bp_20:lv2(1.000); gc_fid:pls:bp_20:lv3(1.000),petroleum_fraction_db_015,BP_35,analysis_only,equal_weight
2,petroleum_fraction_db_035,0.775453,411.2,33,gc_fid:pca:pc1; gc_fid:pca:pc2; gc_fid:pca:pc3; gc_fid:pca:pc4; gc_fid:pca:pc5; gc_fid:pls:bp_20:lv1; gc_fid:pls:bp_20:lv2; gc_fid:pls:bp_20:lv3; gc_fid:pls:bp_20:lv4; gc_fid:pls:bp_35:lv1; gc_fid:pls:bp_35:lv2; gc_fid:pls:bp_35:lv3,gc_fid:pca:pc1(1.000); gc_fid:pca:pc2(1.000); gc_fid:pca:pc3(1.000); gc_fid:pca:pc4(1.000); gc_fid:pca:pc5(1.000); gc_fid:pls:bp_20:lv1(1.000); gc_fid:pls:bp_20:lv2(1.000); gc_fid:pls:bp_20:lv3(1.000),petroleum_fraction_db_015,BP_35,analysis_only,equal_weight
3,petroleum_fraction_db_051,0.824239,419.8,33,gc_fid:pca:pc1; gc_fid:pca:pc2; gc_fid:pca:pc3; gc_fid:pca:pc4; gc_fid:pca:pc5; gc_fid:pls:bp_20:lv1; gc_fid:pls:bp_20:lv2; gc_fid:pls:bp_20:lv3; gc_fid:pls:bp_20:lv4; gc_fid:pls:bp_35:lv1; gc_fid:pls:bp_35:lv2; gc_fid:pls:bp_35:lv3,gc_fid:pca:pc1(1.000); gc_fid:pca:pc2(1.000); gc_fid:pca:pc3(1.000); gc_fid:pca:pc4(1.000); gc_fid:pca:pc5(1.000); gc_fid:pls:bp_20:lv1(1.000); gc_fid:pls:bp_20:lv2(1.000); gc_fid:pls:bp_20:lv3(1.000),petroleum_fraction_db_015,BP_35,analysis_only,equal_weight
4,petroleum_fraction_db_033,0.867104,398.6,33,gc_fid:pca:pc1; gc_fid:pca:pc2; gc_fid:pca:pc3; gc_fid:pca:pc4; gc_fid:pca:pc5; gc_fid:pls:bp_20:lv1; gc_fid:pls:bp_20:lv2; gc_fid:pls:bp_20:lv3; gc_fid:pls:bp_20:lv4; gc_fid:pls:bp_35:lv1; gc_fid:pls:bp_35:lv2; gc_fid:pls:bp_35:lv3,gc_fid:pca:pc1(1.000); gc_fid:pca:pc2(1.000); gc_fid:pca:pc3(1.000); gc_fid:pca:pc4(1.000); gc_fid:pca:pc5(1.000); gc_fid:pls:bp_20:lv1(1.000); gc_fid:pls:bp_20:lv2(1.000); gc_fid:pls:bp_20:lv3(1.000),petroleum_fraction_db_015,BP_35,analysis_only,equal_weight
1,petroleum_fraction_db_014,0.548301,415.8,33,gc_fid:pca:pc1; gc_fid:pca:pc2; gc_fid:pca:pc3; gc_fid:pca:pc4; gc_fid:pca:pc5; gc_fid:pls:bp_20:lv1; gc_fid:pls:bp_20:lv2; gc_fid:pls:bp_20:lv3; gc_fid:pls:bp_20:lv4; gc_fid:pls:bp_35:lv1; gc_fid:pls:bp_35:lv2; gc_fid:pls:bp_35:lv3,gc_fid:pls:density_20c:lv1(0.967); gc_fid:pls:bp_35:lv1(0.949); gc_fid:pls:saturates:lv1(0.948); gc_fid:pls:bp_20:lv1(0.948); gc_fid:pls:bp_50:lv1(0.948); gc_fid:pls:bp_65:lv1(0.947); gc_fid:pls:bp_80:lv1(0.946); gc_fid:pca:pc1(0.921),petroleum_fraction_db_015,BP_35,analysis_only,correlation_weighted
2,petroleum_fraction_db_001,0.70987,394.6,33,gc_fid:pca:pc1; gc_fid:pca:pc2; gc_fid:pca:pc3; gc_fid:pca:pc4; gc_fid:pca:pc5; gc_fid:pls:bp_20:lv1; gc_fid:pls:bp_20:lv2; gc_fid:pls:bp_20:lv3; gc_fid:pls:bp_20:lv4; gc_fid:pls:bp_35:lv1; gc_fid:pls:bp_35:lv2; gc_fid:pls:bp_35:lv3,gc_fid:pls:density_20c:lv1(0.967); gc_fid:pls:bp_35:lv1(0.949); gc_fid:pls:saturates:lv1(0.948); gc_fid:pls:bp_20:lv1(0.948); gc_fid:pls:bp_50:lv1(0.948); gc_fid:pls:bp_65:lv1(0.947); gc_fid:pls:bp_80:lv1(0.946); gc_fid:pca:pc1(0.921),petroleum_fraction_db_015,BP_35,analysis_only,correlation_weighted
3,petroleum_fraction_db_002,0.739576,394.6,33,gc_fid:pca:pc1; gc_fid:pca:pc2; gc_fid:pca:pc3; gc_fid:pca:pc4; gc_fid:pca:pc5; gc_fid:pls:bp_20:lv1; gc_fid:pls:bp_20:lv2; gc_fid:pls:bp_20:lv3; gc_fid:pls:bp_20:lv4; gc_fid:pls:bp_35:lv1; gc_fid:pls:bp_35:lv2; gc_fid:pls:bp_35:lv3,gc_fid:pls:density_20c:lv1(0.967); gc_fid:pls:bp_35:lv1(0.949); gc_fid:pls:saturates:lv1(0.948); gc_fid:pls:bp_20:lv1(0.948); gc_fid:pls:bp_50:lv1(0.948); gc_fid:pls:bp_65:lv1(0.947); gc_fid:pls:bp_80:lv1(0.946); gc_fid:pca:pc1(0.921),petroleum_fraction_db_015,BP_35,analysis_only,correlation_weighted
4,petroleum_fraction_db_051,0.851251,419.8,33,gc_fid:pca:pc1; gc_fid:pca:pc2; gc_fid:pca:pc3; gc_fid:pca:pc4; gc_fid:pca:pc5; gc_fid:pls:bp_20:lv1; gc_fid:pls:bp_20:lv2; gc_fid:pls:bp_20:lv3; gc_fid:pls:bp_20:lv4; gc_fid:pls:bp_35:lv1; gc_fid:pls:bp_35:lv2; gc_fid:pls:bp_35:lv3,gc_fid:pls:density_20c:lv1(0.967); gc_fid:pls:bp_35:lv1(0.949); gc_fid:pls:saturates:lv1(0.948); gc_fid:pls:bp_20:lv1(0.948); gc_fid:pls:bp_50:lv1(0.948); gc_fid:pls:bp_65:lv1(0.947); gc_fid:pls:bp_80:lv1(0.946); gc_fid:pca:pc1(0.921),petroleum_fraction_db_015,BP_35,analysis_only,correlation_weighted
1,petroleum_fraction_db_014,0.464402,415.8,39,bulk_property:bp_20; bulk_property:bp_50; bulk_property:bp_65; bulk_property:bp_80; bulk_property:density_20c; bulk_property:saturates; gc_fid:pca:pc1; gc_fid:pca:pc2; gc_fid:pca:pc3; gc_fid:pca:pc4; gc_fid:pca:pc5; gc_fid:pls:bp_20:lv1,bulk_property:bp_20(1.000); bulk_property:bp_50(1.000); bulk_property:bp_65(1.000); bulk_property:bp_80(1.000); bulk_property:density_20c(1.000); bulk_property:saturates(1.000); gc_fid:pca:pc1(1.000); gc_fid:pca:pc2(1.000),petroleum_fraction_db_015,BP_35,analysis_plus_non_target_bulk,equal_weight
2,petroleum_fraction_db_001,0.918611,394.6,39,bulk_property:bp_20; bulk_property:bp_50; bulk_property:bp_65; bulk_property:bp_80; bulk_property:density_20c; bulk_property:saturates; gc_fid:pca:pc1; gc_fid:pca:pc2; gc_fid:pca:pc3; gc_fid:pca:pc4; gc_fid:pca:pc5; gc_fid:pls:bp_20:lv1,bulk_property:bp_20(1.000); bulk_property:bp_50(1.000); bulk_property:bp_65(1.000); bulk_property:bp_80(1.000); bulk_property:density_20c(1.000); bulk_property:saturates(1.000); gc_fid:pca:pc1(1.000); gc_fid:pca:pc2(1.000),petroleum_fraction_db_015,BP_35,analysis_plus_non_target_bulk,equal_weight
3,petroleum_fraction_db_035,1.056053,411.2,39,bulk_property:bp_20; bulk_property:bp_50; bulk_property:bp_65; bulk_property:bp_80; bulk_property:density_20c; bulk_property:saturates; gc_fid:pca:pc1; gc_fid:pca:pc2; gc_fid:pca:pc3; gc_fid:pca:pc4; gc_fid:pca:pc5; gc_fid:pls:bp_20:lv1,bulk_property:bp_20(1.000); bulk_property:bp_50(1.000); bulk_property:bp_65(1.000); bulk_property:bp_80(1.000); bulk_property:density_20c(1.000); bulk_property:saturates(1.000); gc_fid:pca:pc1(1.000); gc_fid:pca:pc2(1.000),petroleum_fraction_db_015,BP_35,analysis_plus_non_target_bulk,equal_weight
4,petroleum_fraction_db_004,1.059709,394.2,39,bulk_property:bp_20; bulk_property:bp_50; bulk_property:bp_65; bulk_property:bp_80; bulk_property:density_20c; bulk_property:saturates; gc_fid:pca:pc1; gc_fid:pca:pc2; gc_fid:pca:pc3; gc_fid:pca:pc4; gc_fid:pca:pc5; gc_fid:pls:bp_20:lv1,bulk_property:bp_20(1.000); bulk_property:bp_50(1.000); bulk_property:bp_65(1.000); bulk_property:bp_80(1.000); bulk_property:density_20c(1.000); bulk_property:saturates(1.000); gc_fid:pca:pc1(1.000); gc_fid:pca:pc2(1.000),petroleum_fraction_db_015,BP_35,analysis_plus_non_target_bulk,equal_weight
1,petroleum_fraction_db_014,0.501526,415.8,39,bulk_property:bp_20; bulk_property:bp_50; bulk_property:bp_65; bulk_property:bp_80; bulk_property:density_20c; bulk_property:saturates; gc_fid:pca:pc1; gc_fid:pca:pc2; gc_fid:pca:pc3; gc_fid:pca:pc4; gc_fid:pca:pc5; gc_fid:pls:bp_20:lv1,bulk_property:bp_20(1.040); bulk_property:bp_50(1.040); bulk_property:bp_65(1.020); bulk_property:bp_80(0.982); gc_fid:pls:density_20c:lv1(0.967); gc_fid:pls:bp_35:lv1(0.949); gc_fid:pls:saturates:lv1(0.948); gc_fid:pls:bp_20:lv1(0.948),petroleum_fraction_db_015,BP_35,analysis_plus_non_target_bulk,correlation_weighted
2,petroleum_fraction_db_001,0.796006,394.6,39,bulk_property:bp_20; bulk_property:bp_50; bulk_property:bp_65; bulk_property:bp_80; bulk_property:density_20c; bulk_property:saturates; gc_fid:pca:pc1; gc_fid:pca:pc2; gc_fid:pca:pc3; gc_fid:pca:pc4; gc_fid:pca:pc5; gc_fid:pls:bp_20:lv1,bulk_property:bp_20(1.040); bulk_property:bp_50(1.040); bulk_property:bp_65(1.020); bulk_property:bp_80(0.982); gc_fid:pls:density_20c:lv1(0.967); gc_fid:pls:bp_35:lv1(0.949); gc_fid:pls:saturates:lv1(0.948); gc_fid:pls:bp_20:lv1(0.948),petroleum_fraction_db_015,BP_35,analysis_plus_non_target_bulk,correlation_weighted
3,petroleum_fraction_db_062,1.052838,408.0,39,bulk_property:bp_20; bulk_property:bp_50; bulk_property:bp_65; bulk_property:bp_80; bulk_property:density_20c; bulk_property:saturates; gc_fid:pca:pc1; gc_fid:pca:pc2; gc_fid:pca:pc3; gc_fid:pca:pc4; gc_fid:pca:pc5; gc_fid:pls:bp_20:lv1,bulk_property:bp_20(1.040); bulk_property:bp_50(1.040); bulk_property:bp_65(1.020); bulk_property:bp_80(0.982); gc_fid:pls:density_20c:lv1(0.967); gc_fid:pls:bp_35:lv1(0.949); gc_fid:pls:saturates:lv1(0.948); gc_fid:pls:bp_20:lv1(0.948),petroleum_fraction_db_015,BP_35,analysis_plus_non_target_bulk,correlation_weighted
4,petroleum_fraction_db_038,1.062763,427.6,39,bulk_property:bp_20; bulk_property:bp_50; bulk_property:bp_65; bulk_property:bp_80; bulk_property:density_20c; bulk_property:saturates; gc_fid:pca:pc1; gc_fid:pca:pc2; gc_fid:pca:pc3; gc_fid:pca:pc4; gc_fid:pca:pc5; gc_fid:pls:bp_20:lv1,bulk_property:bp_20(1.040); bulk_property:bp_50(1.040); bulk_property:bp_65(1.020); bulk_property:bp_80(0.982); gc_fid:pls:density_20c:lv1(0.967); gc_fid:pls:bp_35:lv1(0.949); gc_fid:pls:saturates:lv1(0.948); gc_fid:pls:bp_20:lv1(0.948),petroleum_fraction_db_015,BP_35,analysis_plus_non_target_bulk,correlation_weighted
1,petroleum_fraction_db_014,0.4826,453.4,33,gc_fid:pca:pc1; gc_fid:pca:pc2; gc_fid:pca:pc3; gc_fid:pca:pc4; gc_fid:pca:pc5; gc_fid:pls:bp_20:lv1; gc_fid:pls:bp_20:lv2; gc_fid:pls:bp_20:lv3; gc_fid:pls:bp_20:lv4; gc_fid:pls:bp_35:lv1; gc_fid:pls:bp_35:lv2; gc_fid:pls:bp_35:lv3,gc_fid:pca:pc1(1.000); gc_fid:pca:pc2(1.000); gc_fid:pca:pc3(1.000); gc_fid:pca:pc4(1.000); gc_fid:pca:pc5(1.000); gc_fid:pls:bp_20:lv1(1.000); gc_fid:pls:bp_20:lv2(1.000); gc_fid:pls:bp_20:lv3(1.000),petroleum_fraction_db_015,BP_50,analysis_only,equal_weight
2,petroleum_fraction_db_035,0.775453,438.0,33,gc_fid:pca:pc1; gc_fid:pca:pc2; gc_fid:pca:pc3; gc_fid:pca:pc4; gc_fid:pca:pc5; gc_fid:pls:bp_20:lv1; gc_fid:pls:bp_20:lv2; gc_fid:pls:bp_20:lv3; gc_fid:pls:bp_20:lv4; gc_fid:pls:bp_35:lv1; gc_fid:pls:bp_35:lv2; gc_fid:pls:bp_35:lv3,gc_fid:pca:pc1(1.000); gc_fid:pca:pc2(1.000); gc_fid:pca:pc3(1.000); gc_fid:pca:pc4(1.000); gc_fid:pca:pc5(1.000); gc_fid:pls:bp_20:lv1(1.000); gc_fid:pls:bp_20:lv2(1.000); gc_fid:pls:bp_20:lv3(1.000),petroleum_fraction_db_015,BP_50,analysis_only,equal_weight
3,petroleum_fraction_db_051,0.824239,443.0,33,gc_fid:pca:pc1; gc_fid:pca:pc2; gc_fid:pca:pc3; gc_fid:pca:pc4; gc_fid:pca:pc5; gc_fid:pls:bp_20:lv1; gc_fid:pls:bp_20:lv2; gc_fid:pls:bp_20:lv3; gc_fid:pls:bp_20:lv4; gc_fid:pls:bp_35:lv1; gc_fid:pls:bp_35:lv2; gc_fid:pls:bp_35:lv3,gc_fid:pca:pc1(1.000); gc_fid:pca:pc2(1.000); gc_fid:pca:pc3(1.000); gc_fid:pca:pc4(1.000); gc_fid:pca:pc5(1.000); gc_fid:pls:bp_20:lv1(1.000); gc_fid:pls:bp_20:lv2(1.000); gc_fid:pls:bp_20:lv3(1.000),petroleum_fraction_db_015,BP_50,analysis_only,equal_weight
4,petroleum_fraction_db_033,0.867104,421.8,33,gc_fid:pca:pc1; gc_fid:pca:pc2; gc_fid:pca:pc3; gc_fid:pca:pc4; gc_fid:pca:pc5; gc_fid:pls:bp_20:lv1; gc_fid:pls:bp_20:lv2; gc_fid:pls:bp_20:lv3; gc_fid:pls:bp_20:lv4; gc_fid:pls:bp_35:lv1; gc_fid:pls:bp_35:lv2; gc_fid:pls:bp_35:lv3,gc_fid:pca:pc1(1.000); gc_fid:pca:pc2(1.000); gc_fid:pca:pc3(1.000); gc_fid:pca:pc4(1.000); gc_fid:pca:pc5(1.000); gc_fid:pls:bp_20:lv1(1.000); gc_fid:pls:bp_20:lv2(1.000); gc_fid:pls:bp_20:lv3(1.000),petroleum_fraction_db_015,BP_50,analysis_only,equal_weight
1,petroleum_fraction_db_014,0.55161,453.4,33,gc_fid:pca:pc1; gc_fid:pca:pc2; gc_fid:pca:pc3; gc_fid:pca:pc4; gc_fid:pca:pc5; gc_fid:pls:bp_20:lv1; gc_fid:pls:bp_20:lv2; gc_fid:pls:bp_20:lv3; gc_fid:pls:bp_20:lv4; gc_fid:pls:bp_35:lv1; gc_fid:pls:bp_35:lv2; gc_fid:pls:bp_35:lv3,gc_fid:pls:density_20c:lv1(0.977); gc_fid:pls:saturates:lv1(0.960); gc_fid:pls:bp_50:lv1(0.951); gc_fid:pls:bp_80:lv1(0.951); gc_fid:pls:bp_35:lv1(0.951); gc_fid:pls:bp_65:lv1(0.951); gc_fid:pls:bp_20:lv1(0.949); gc_fid:pca:pc1(0.923),petroleum_fraction_db_015,BP_50,analysis_only,correlation_weighted
2,petroleum_fraction_db_001,0.725046,411.4,33,gc_fid:pca:pc1; gc_fid:pca:pc2; gc_fid:pca:pc3; gc_fid:pca:pc4; gc_fid:pca:pc5; gc_fid:pls:bp_20:lv1; gc_fid:pls:bp_20:lv2; gc_fid:pls:bp_20:lv3; gc_fid:pls:bp_20:lv4; gc_fid:pls:bp_35:lv1; gc_fid:pls:bp_35:lv2; gc_fid:pls:bp_35:lv3,gc_fid:pls:density_20c:lv1(0.977); gc_fid:pls:saturates:lv1(0.960); gc_fid:pls:bp_50:lv1(0.951); gc_fid:pls:bp_80:lv1(0.951); gc_fid:pls:bp_35:lv1(0.951); gc_fid:pls:bp_65:lv1(0.951); gc_fid:pls:bp_20:lv1(0.949); gc_fid:pca:pc1(0.923),petroleum_fraction_db_015,BP_50,analysis_only,correlation_weighted
3,petroleum_fraction_db_002,0.753256,416.6,33,gc_fid:pca:pc1; gc_fid:pca:pc2; gc_fid:pca:pc3; gc_fid:pca:pc4; gc_fid:pca:pc5; gc_fid:pls:bp_20:lv1; gc_fid:pls:bp_20:lv2; gc_fid:pls:bp_20:lv3; gc_fid:pls:bp_20:lv4; gc_fid:pls:bp_35:lv1; gc_fid:pls:bp_35:lv2; gc_fid:pls:bp_35:lv3,gc_fid:pls:density_20c:lv1(0.977); gc_fid:pls:saturates:lv1(0.960); gc_fid:pls:bp_50:lv1(0.951); gc_fid:pls:bp_80:lv1(0.951); gc_fid:pls:bp_35:lv1(0.951); gc_fid:pls:bp_65:lv1(0.951); gc_fid:pls:bp_20:lv1(0.949); gc_fid:pca:pc1(0.923),petroleum_fraction_db_015,BP_50,analysis_only,correlation_weighted
4,petroleum_fraction_db_051,0.855329,443.0,33,gc_fid:pca:pc1; gc_fid:pca:pc2; gc_fid:pca:pc3; gc_fid:pca:pc4; gc_fid:pca:pc5; gc_fid:pls:bp_20:lv1; gc_fid:pls:bp_20:lv2; gc_fid:pls:bp_20:lv3; gc_fid:pls:bp_20:lv4; gc_fid:pls:bp_35:lv1; gc_fid:pls:bp_35:lv2; gc_fid:pls:bp_35:lv3,gc_fid:pls:density_20c:lv1(0.977); gc_fid:pls:saturates:lv1(0.960); gc_fid:pls:bp_50:lv1(0.951); gc_fid:pls:bp_80:lv1(0.951); gc_fid:pls:bp_35:lv1(0.951); gc_fid:pls:bp_65:lv1(0.951); gc_fid:pls:bp_20:lv1(0.949); gc_fid:pca:pc1(0.923),petroleum_fraction_db_015,BP_50,analysis_only,correlation_weighted
1,petroleum_fraction_db_014,0.4644,453.4,39,bulk_property:bp_20; bulk_property:bp_35; bulk_property:bp_65; bulk_property:bp_80; bulk_property:density_20c; bulk_property:saturates; gc_fid:pca:pc1; gc_fid:pca:pc2; gc_fid:pca:pc3; gc_fid:pca:pc4; gc_fid:pca:pc5; gc_fid:pls:bp_20:lv1,bulk_property:bp_20(1.000); bulk_property:bp_35(1.000); bulk_property:bp_65(1.000); bulk_property:bp_80(1.000); bulk_property:density_20c(1.000); bulk_property:saturates(1.000); gc_fid:pca:pc1(1.000); gc_fid:pca:pc2(1.000),petroleum_fraction_db_015,BP_50,analysis_plus_non_target_bulk,equal_weight
2,petroleum_fraction_db_001,0.917857,411.4,39,bulk_property:bp_20; bulk_property:bp_35; bulk_property:bp_65; bulk_property:bp_80; bulk_property:density_20c; bulk_property:saturates; gc_fid:pca:pc1; gc_fid:pca:pc2; gc_fid:pca:pc3; gc_fid:pca:pc4; gc_fid:pca:pc5; gc_fid:pls:bp_20:lv1,bulk_property:bp_20(1.000); bulk_property:bp_35(1.000); bulk_property:bp_65(1.000); bulk_property:bp_80(1.000); bulk_property:density_20c(1.000); bulk_property:saturates(1.000); gc_fid:pca:pc1(1.000); gc_fid:pca:pc2(1.000),petroleum_fraction_db_015,BP_50,analysis_plus_non_target_bulk,equal_weight
3,petroleum_fraction_db_035,1.057394,438.0,39,bulk_property:bp_20; bulk_property:bp_35; bulk_property:bp_65; bulk_property:bp_80; bulk_property:density_20c; bulk_property:saturates; gc_fid:pca:pc1; gc_fid:pca:pc2; gc_fid:pca:pc3; gc_fid:pca:pc4; gc_fid:pca:pc5; gc_fid:pls:bp_20:lv1,bulk_property:bp_20(1.000); bulk_property:bp_35(1.000); bulk_property:bp_65(1.000); bulk_property:bp_80(1.000); bulk_property:density_20c(1.000); bulk_property:saturates(1.000); gc_fid:pca:pc1(1.000); gc_fid:pca:pc2(1.000),petroleum_fraction_db_015,BP_50,analysis_plus_non_target_bulk,equal_weight
4,petroleum_fraction_db_004,1.059713,420.8,39,bulk_property:bp_20; bulk_property:bp_35; bulk_property:bp_65; bulk_property:bp_80; bulk_property:density_20c; bulk_property:saturates; gc_fid:pca:pc1; gc_fid:pca:pc2; gc_fid:pca:pc3; gc_fid:pca:pc4; gc_fid:pca:pc5; gc_fid:pls:bp_20:lv1,bulk_property:bp_20(1.000); bulk_property:bp_35(1.000); bulk_property:bp_65(1.000); bulk_property:bp_80(1.000); bulk_property:density_20c(1.000); bulk_property:saturates(1.000); gc_fid:pca:pc1(1.000); gc_fid:pca:pc2(1.000),petroleum_fraction_db_015,BP_50,analysis_plus_non_target_bulk,equal_weight
1,petroleum_fraction_db_014,0.502964,453.4,39,bulk_property:bp_20; bulk_property:bp_35; bulk_property:bp_65; bulk_property:bp_80; bulk_property:density_20c; bulk_property:saturates; gc_fid:pca:pc1; gc_fid:pca:pc2; gc_fid:pca:pc3; gc_fid:pca:pc4; gc_fid:pca:pc5; gc_fid:pls:bp_20:lv1,bulk_property:bp_65(1.042); bulk_property:bp_35(1.040); bulk_property:bp_80(1.018); bulk_property:bp_20(1.015); gc_fid:pls:density_20c:lv1(0.977); gc_fid:pls:saturates:lv1(0.960); gc_fid:pls:bp_50:lv1(0.951); gc_fid:pls:bp_80:lv1(0.951),petroleum_fraction_db_015,BP_50,analysis_plus_non_target_bulk,correlation_weighted
2,petroleum_fraction_db_001,0.808203,411.4,39,bulk_property:bp_20; bulk_property:bp_35; bulk_property:bp_65; bulk_property:bp_80; bulk_property:density_20c; bulk_property:saturates; gc_fid:pca:pc1; gc_fid:pca:pc2; gc_fid:pca:pc3; gc_fid:pca:pc4; gc_fid:pca:pc5; gc_fid:pls:bp_20:lv1,bulk_property:bp_65(1.042); bulk_property:bp_35(1.040); bulk_property:bp_80(1.018); bulk_property:bp_20(1.015); gc_fid:pls:density_20c:lv1(0.977); gc_fid:pls:saturates:lv1(0.960); gc_fid:pls:bp_50:lv1(0.951); gc_fid:pls:bp_80:lv1(0.951),petroleum_fraction_db_015,BP_50,analysis_plus_non_target_bulk,correlation_weighted
3,petroleum_fraction_db_062,1.075688,421.6,39,bulk_property:bp_20; bulk_property:bp_35; bulk_property:bp_65; bulk_property:bp_80; bulk_property:density_20c; bulk_property:saturates; gc_fid:pca:pc1; gc_fid:pca:pc2; gc_fid:pca:pc3; gc_fid:pca:pc4; gc_fid:pca:pc5; gc_fid:pls:bp_20:lv1,bulk_property:bp_65(1.042); bulk_property:bp_35(1.040); bulk_property:bp_80(1.018); bulk_property:bp_20(1.015); gc_fid:pls:density_20c:lv1(0.977); gc_fid:pls:saturates:lv1(0.960); gc_fid:pls:bp_50:lv1(0.951); gc_fid:pls:bp_80:lv1(0.951),petroleum_fraction_db_015,BP_50,analysis_plus_non_target_bulk,correlation_weighted
4,petroleum_fraction_db_035,1.083218,438.0,39,bulk_property:bp_20; bulk_property:bp_35; bulk_property:bp_65; bulk_property:bp_80; bulk_property:density_20c; bulk_property:saturates; gc_fid:pca:pc1; gc_fid:pca:pc2; gc_fid:pca:pc3; gc_fid:pca:pc4; gc_fid:pca:pc5; gc_fid:pls:bp_20:lv1,bulk_property:bp_65(1.042); bulk_property:bp_35(1.040); bulk_property:bp_80(1.018); bulk_property:bp_20(1.015); gc_fid:pls:density_20c:lv1(0.977); gc_fid:pls:saturates:lv1(0.960); gc_fid:pls:bp_50:lv1(0.951); gc_fid:pls:bp_80:lv1(0.951),petroleum_fraction_db_015,BP_50,analysis_plus_non_target_bulk,correlation_weighted
1,petroleum_fraction_db_014,0.4826,498.6,33,gc_fid:pca:pc1; gc_fid:pca:pc2; gc_fid:pca:pc3; gc_fid:pca:pc4; gc_fid:pca:pc5; gc_fid:pls:bp_20:lv1; gc_fid:pls:bp_20:lv2; gc_fid:pls:bp_20:lv3; gc_fid:pls:bp_20:lv4; gc_fid:pls:bp_35:lv1; gc_fid:pls:bp_35:lv2; gc_fid:pls:bp_35:lv3,gc_fid:pca:pc1(1.000); gc_fid:pca:pc2(1.000); gc_fid:pca:pc3(1.000); gc_fid:pca:pc4(1.000); gc_fid:pca:pc5(1.000); gc_fid:pls:bp_20:lv1(1.000); gc_fid:pls:bp_20:lv2(1.000); gc_fid:pls:bp_20:lv3(1.000),petroleum_fraction_db_015,BP_65,analysis_only,equal_weight
2,petroleum_fraction_db_035,0.775453,467.2,33,gc_fid:pca:pc1; gc_fid:pca:pc2; gc_fid:pca:pc3; gc_fid:pca:pc4; gc_fid:pca:pc5; gc_fid:pls:bp_20:lv1; gc_fid:pls:bp_20:lv2; gc_fid:pls:bp_20:lv3; gc_fid:pls:bp_20:lv4; gc_fid:pls:bp_35:lv1; gc_fid:pls:bp_35:lv2; gc_fid:pls:bp_35:lv3,gc_fid:pca:pc1(1.000); gc_fid:pca:pc2(1.000); gc_fid:pca:pc3(1.000); gc_fid:pca:pc4(1.000); gc_fid:pca:pc5(1.000); gc_fid:pls:bp_20:lv1(1.000); gc_fid:pls:bp_20:lv2(1.000); gc_fid:pls:bp_20:lv3(1.000),petroleum_fraction_db_015,BP_65,analysis_only,equal_weight
3,petroleum_fraction_db_051,0.824239,466.0,33,gc_fid:pca:pc1; gc_fid:pca:pc2; gc_fid:pca:pc3; gc_fid:pca:pc4; gc_fid:pca:pc5; gc_fid:pls:bp_20:lv1; gc_fid:pls:bp_20:lv2; gc_fid:pls:bp_20:lv3; gc_fid:pls:bp_20:lv4; gc_fid:pls:bp_35:lv1; gc_fid:pls:bp_35:lv2; gc_fid:pls:bp_35:lv3,gc_fid:pca:pc1(1.000); gc_fid:pca:pc2(1.000); gc_fid:pca:pc3(1.000); gc_fid:pca:pc4(1.000); gc_fid:pca:pc5(1.000); gc_fid:pls:bp_20:lv1(1.000); gc_fid:pls:bp_20:lv2(1.000); gc_fid:pls:bp_20:lv3(1.000),petroleum_fraction_db_015,BP_65,analysis_only,equal_weight
4,petroleum_fraction_db_033,0.867104,444.2,33,gc_fid:pca:pc1; gc_fid:pca:pc2; gc_fid:pca:pc3; gc_fid:pca:pc4; gc_fid:pca:pc5; gc_fid:pls:bp_20:lv1; gc_fid:pls:bp_20:lv2; gc_fid:pls:bp_20:lv3; gc_fid:pls:bp_20:lv4; gc_fid:pls:bp_35:lv1; gc_fid:pls:bp_35:lv2; gc_fid:pls:bp_35:lv3,gc_fid:pca:pc1(1.000); gc_fid:pca:pc2(1.000); gc_fid:pca:pc3(1.000); gc_fid:pca:pc4(1.000); gc_fid:pca:pc5(1.000); gc_fid:pls:bp_20:lv1(1.000); gc_fid:pls:bp_20:lv2(1.000); gc_fid:pls:bp_20:lv3(1.000),petroleum_fraction_db_015,BP_65,analysis_only,equal_weight
1,petroleum_fraction_db_014,0.551212,498.6,33,gc_fid:pca:pc1; gc_fid:pca:pc2; gc_fid:pca:pc3; gc_fid:pca:pc4; gc_fid:pca:pc5; gc_fid:pls:bp_20:lv1; gc_fid:pls:bp_20:lv2; gc_fid:pls:bp_20:lv3; gc_fid:pls:bp_20:lv4; gc_fid:pls:bp_35:lv1; gc_fid:pls:bp_35:lv2; gc_fid:pls:bp_35:lv3,gc_fid:pls:density_20c:lv1(0.980); gc_fid:pls:saturates:lv1(0.965); gc_fid:pls:bp_80:lv1(0.952); gc_fid:pls:bp_65:lv1(0.951); gc_fid:pls:bp_50:lv1(0.951); gc_fid:pls:bp_35:lv1(0.950); gc_fid:pls:bp_20:lv1(0.947); gc_fid:pca:pc1(0.922),petroleum_fraction_db_015,BP_65,analysis_only,correlation_weighted
2,petroleum_fraction_db_001,0.729611,430.0,33,gc_fid:pca:pc1; gc_fid:pca:pc2; gc_fid:pca:pc3; gc_fid:pca:pc4; gc_fid:pca:pc5; gc_fid:pls:bp_20:lv1; gc_fid:pls:bp_20:lv2; gc_fid:pls:bp_20:lv3; gc_fid:pls:bp_20:lv4; gc_fid:pls:bp_35:lv1; gc_fid:pls:bp_35:lv2; gc_fid:pls:bp_35:lv3,gc_fid:pls:density_20c:lv1(0.980); gc_fid:pls:saturates:lv1(0.965); gc_fid:pls:bp_80:lv1(0.952); gc_fid:pls:bp_65:lv1(0.951); gc_fid:pls:bp_50:lv1(0.951); gc_fid:pls:bp_35:lv1(0.950); gc_fid:pls:bp_20:lv1(0.947); gc_fid:pca:pc1(0.922),petroleum_fraction_db_015,BP_65,analysis_only,correlation_weighted
3,petroleum_fraction_db_002,0.760575,439.8,33,gc_fid:pca:pc1; gc_fid:pca:pc2; gc_fid:pca:pc3; gc_fid:pca:pc4; gc_fid:pca:pc5; gc_fid:pls:bp_20:lv1; gc_fid:pls:bp_20:lv2; gc_fid:pls:bp_20:lv3; gc_fid:pls:bp_20:lv4; gc_fid:pls:bp_35:lv1; gc_fid:pls:bp_35:lv2; gc_fid:pls:bp_35:lv3,gc_fid:pls:density_20c:lv1(0.980); gc_fid:pls:saturates:lv1(0.965); gc_fid:pls:bp_80:lv1(0.952); gc_fid:pls:bp_65:lv1(0.951); gc_fid:pls:bp_50:lv1(0.951); gc_fid:pls:bp_35:lv1(0.950); gc_fid:pls:bp_20:lv1(0.947); gc_fid:pca:pc1(0.922),petroleum_fraction_db_015,BP_65,analysis_only,correlation_weighted
4,petroleum_fraction_db_051,0.860423,466.0,33,gc_fid:pca:pc1; gc_fid:pca:pc2; gc_fid:pca:pc3; gc_fid:pca:pc4; gc_fid:pca:pc5; gc_fid:pls:bp_20:lv1; gc_fid:pls:bp_20:lv2; gc_fid:pls:bp_20:lv3; gc_fid:pls:bp_20:lv4; gc_fid:pls:bp_35:lv1; gc_fid:pls:bp_35:lv2; gc_fid:pls:bp_35:lv3,gc_fid:pls:density_20c:lv1(0.980); gc_fid:pls:saturates:lv1(0.965); gc_fid:pls:bp_80:lv1(0.952); gc_fid:pls:bp_65:lv1(0.951); gc_fid:pls:bp_50:lv1(0.951); gc_fid:pls:bp_35:lv1(0.950); gc_fid:pls:bp_20:lv1(0.947); gc_fid:pca:pc1(0.922),petroleum_fraction_db_015,BP_65,analysis_only,correlation_weighted
1,petroleum_fraction_db_014,0.468514,498.6,39,bulk_property:bp_20; bulk_property:bp_35; bulk_property:bp_50; bulk_property:bp_80; bulk_property:density_20c; bulk_property:saturates; gc_fid:pca:pc1; gc_fid:pca:pc2; gc_fid:pca:pc3; gc_fid:pca:pc4; gc_fid:pca:pc5; gc_fid:pls:bp_20:lv1,bulk_property:bp_20(1.000); bulk_property:bp_35(1.000); bulk_property:bp_50(1.000); bulk_property:bp_80(1.000); bulk_property:density_20c(1.000); bulk_property:saturates(1.000); gc_fid:pca:pc1(1.000); gc_fid:pca:pc2(1.000),petroleum_fraction_db_015,BP_65,analysis_plus_non_target_bulk,equal_weight
2,petroleum_fraction_db_001,0.908187,430.0,39,bulk_property:bp_20; bulk_property:bp_35; bulk_property:bp_50; bulk_property:bp_80; bulk_property:density_20c; bulk_property:saturates; gc_fid:pca:pc1; gc_fid:pca:pc2; gc_fid:pca:pc3; gc_fid:pca:pc4; gc_fid:pca:pc5; gc_fid:pls:bp_20:lv1,bulk_property:bp_20(1.000); bulk_property:bp_35(1.000); bulk_property:bp_50(1.000); bulk_property:bp_80(1.000); bulk_property:density_20c(1.000); bulk_property:saturates(1.000); gc_fid:pca:pc1(1.000); gc_fid:pca:pc2(1.000),petroleum_fraction_db_015,BP_65,analysis_plus_non_target_bulk,equal_weight
3,petroleum_fraction_db_004,1.055023,444.2,39,bulk_property:bp_20; bulk_property:bp_35; bulk_property:bp_50; bulk_property:bp_80; bulk_property:density_20c; bulk_property:saturates; gc_fid:pca:pc1; gc_fid:pca:pc2; gc_fid:pca:pc3; gc_fid:pca:pc4; gc_fid:pca:pc5; gc_fid:pls:bp_20:lv1,bulk_property:bp_20(1.000); bulk_property:bp_35(1.000); bulk_property:bp_50(1.000); bulk_property:bp_80(1.000); bulk_property:density_20c(1.000); bulk_property:saturates(1.000); gc_fid:pca:pc1(1.000); gc_fid:pca:pc2(1.000),petroleum_fraction_db_015,BP_65,analysis_plus_non_target_bulk,equal_weight
4,petroleum_fraction_db_035,1.057193,467.2,39,bulk_property:bp_20; bulk_property:bp_35; bulk_property:bp_50; bulk_property:bp_80; bulk_property:density_20c; bulk_property:saturates; gc_fid:pca:pc1; gc_fid:pca:pc2; gc_fid:pca:pc3; gc_fid:pca:pc4; gc_fid:pca:pc5; gc_fid:pls:bp_20:lv1,bulk_property:bp_20(1.000); bulk_property:bp_35(1.000); bulk_property:bp_50(1.000); bulk_property:bp_80(1.000); bulk_property:density_20c(1.000); bulk_property:saturates(1.000); gc_fid:pca:pc1(1.000); gc_fid:pca:pc2(1.000),petroleum_fraction_db_015,BP_65,analysis_plus_non_target_bulk,equal_weight
1,petroleum_fraction_db_014,0.511116,498.6,39,bulk_property:bp_20; bulk_property:bp_35; bulk_property:bp_50; bulk_property:bp_80; bulk_property:density_20c; bulk_property:saturates; gc_fid:pca:pc1; gc_fid:pca:pc2; gc_fid:pca:pc3; gc_fid:pca:pc4; gc_fid:pca:pc5; gc_fid:pls:bp_20:lv1,bulk_property:bp_50(1.042); bulk_property:bp_80(1.039); bulk_property:bp_35(1.020); bulk_property:bp_20(0.986); gc_fid:pls:density_20c:lv1(0.980); gc_fid:pls:saturates:lv1(0.965); gc_fid:pls:bp_80:lv1(0.952); gc_fid:pls:bp_65:lv1(0.951),petroleum_fraction_db_015,BP_65,analysis_plus_non_target_bulk,correlation_weighted
2,petroleum_fraction_db_001,0.788261,430.0,39,bulk_property:bp_20; bulk_property:bp_35; bulk_property:bp_50; bulk_property:bp_80; bulk_property:density_20c; bulk_property:saturates; gc_fid:pca:pc1; gc_fid:pca:pc2; gc_fid:pca:pc3; gc_fid:pca:pc4; gc_fid:pca:pc5; gc_fid:pls:bp_20:lv1,bulk_property:bp_50(1.042); bulk_property:bp_80(1.039); bulk_property:bp_35(1.020); bulk_property:bp_20(0.986); gc_fid:pls:density_20c:lv1(0.980); gc_fid:pls:saturates:lv1(0.965); gc_fid:pls:bp_80:lv1(0.952); gc_fid:pls:bp_65:lv1(0.951),petroleum_fraction_db_015,BP_65,analysis_plus_non_target_bulk,correlation_weighted
3,petroleum_fraction_db_062,1.073185,437.0,39,bulk_property:bp_20; bulk_property:bp_35; bulk_property:bp_50; bulk_property:bp_80; bulk_property:density_20c; bulk_property:saturates; gc_fid:pca:pc1; gc_fid:pca:pc2; gc_fid:pca:pc3; gc_fid:pca:pc4; gc_fid:pca:pc5; gc_fid:pls:bp_20:lv1,bulk_property:bp_50(1.042); bulk_property:bp_80(1.039); bulk_property:bp_35(1.020); bulk_property:bp_20(0.986); gc_fid:pls:density_20c:lv1(0.980); gc_fid:pls:saturates:lv1(0.965); gc_fid:pls:bp_80:lv1(0.952); gc_fid:pls:bp_65:lv1(0.951),petroleum_fraction_db_015,BP_65,analysis_plus_non_target_bulk,correlation_weighted
4,petroleum_fraction_db_035,1.099947,467.2,39,bulk_property:bp_20; bulk_property:bp_35; bulk_property:bp_50; bulk_property:bp_80; bulk_property:density_20c; bulk_property:saturates; gc_fid:pca:pc1; gc_fid:pca:pc2; gc_fid:pca:pc3; gc_fid:pca:pc4; gc_fid:pca:pc5; gc_fid:pls:bp_20:lv1,bulk_property:bp_50(1.042); bulk_property:bp_80(1.039); bulk_property:bp_35(1.020); bulk_property:bp_20(0.986); gc_fid:pls:density_20c:lv1(0.980); gc_fid:pls:saturates:lv1(0.965); gc_fid:pls:bp_80:lv1(0.952); gc_fid:pls:bp_65:lv1(0.951),petroleum_fraction_db_015,BP_65,analysis_plus_non_target_bulk,correlation_weighted
1,petroleum_fraction_db_014,0.4826,567.6,33,gc_fid:pca:pc1; gc_fid:pca:pc2; gc_fid:pca:pc3; gc_fid:pca:pc4; gc_fid:pca:pc5; gc_fid:pls:bp_20:lv1; gc_fid:pls:bp_20:lv2; gc_fid:pls:bp_20:lv3; gc_fid:pls:bp_20:lv4; gc_fid:pls:bp_35:lv1; gc_fid:pls:bp_35:lv2; gc_fid:pls:bp_35:lv3,gc_fid:pca:pc1(1.000); gc_fid:pca:pc2(1.000); gc_fid:pca:pc3(1.000); gc_fid:pca:pc4(1.000); gc_fid:pca:pc5(1.000); gc_fid:pls:bp_20:lv1(1.000); gc_fid:pls:bp_20:lv2(1.000); gc_fid:pls:bp_20:lv3(1.000),petroleum_fraction_db_015,BP_80,analysis_only,equal_weight
2,petroleum_fraction_db_035,0.775453,499.8,33,gc_fid:pca:pc1; gc_fid:pca:pc2; gc_fid:pca:pc3; gc_fid:pca:pc4; gc_fid:pca:pc5; gc_fid:pls:bp_20:lv1; gc_fid:pls:bp_20:lv2; gc_fid:pls:bp_20:lv3; gc_fid:pls:bp_20:lv4; gc_fid:pls:bp_35:lv1; gc_fid:pls:bp_35:lv2; gc_fid:pls:bp_35:lv3,gc_fid:pca:pc1(1.000); gc_fid:pca:pc2(1.000); gc_fid:pca:pc3(1.000); gc_fid:pca:pc4(1.000); gc_fid:pca:pc5(1.000); gc_fid:pls:bp_20:lv1(1.000); gc_fid:pls:bp_20:lv2(1.000); gc_fid:pls:bp_20:lv3(1.000),petroleum_fraction_db_015,BP_80,analysis_only,equal_weight
3,petroleum_fraction_db_051,0.824239,490.2,33,gc_fid:pca:pc1; gc_fid:pca:pc2; gc_fid:pca:pc3; gc_fid:pca:pc4; gc_fid:pca:pc5; gc_fid:pls:bp_20:lv1; gc_fid:pls:bp_20:lv2; gc_fid:pls:bp_20:lv3; gc_fid:pls:bp_20:lv4; gc_fid:pls:bp_35:lv1; gc_fid:pls:bp_35:lv2; gc_fid:pls:bp_35:lv3,gc_fid:pca:pc1(1.000); gc_fid:pca:pc2(1.000); gc_fid:pca:pc3(1.000); gc_fid:pca:pc4(1.000); gc_fid:pca:pc5(1.000); gc_fid:pls:bp_20:lv1(1.000); gc_fid:pls:bp_20:lv2(1.000); gc_fid:pls:bp_20:lv3(1.000),petroleum_fraction_db_015,BP_80,analysis_only,equal_weight
4,petroleum_fraction_db_033,0.867104,471.0,33,gc_fid:pca:pc1; gc_fid:pca:pc2; gc_fid:pca:pc3; gc_fid:pca:pc4; gc_fid:pca:pc5; gc_fid:pls:bp_20:lv1; gc_fid:pls:bp_20:lv2; gc_fid:pls:bp_20:lv3; gc_fid:pls:bp_20:lv4; gc_fid:pls:bp_35:lv1; gc_fid:pls:bp_35:lv2; gc_fid:pls:bp_35:lv3,gc_fid:pca:pc1(1.000); gc_fid:pca:pc2(1.000); gc_fid:pca:pc3(1.000); gc_fid:pca:pc4(1.000); gc_fid:pca:pc5(1.000); gc_fid:pls:bp_20:lv1(1.000); gc_fid:pls:bp_20:lv2(1.000); gc_fid:pls:bp_20:lv3(1.000),petroleum_fraction_db_015,BP_80,analysis_only,equal_weight
1,petroleum_fraction_db_014,0.546997,567.6,33,gc_fid:pca:pc1; gc_fid:pca:pc2; gc_fid:pca:pc3; gc_fid:pca:pc4; gc_fid:pca:pc5; gc_fid:pls:bp_20:lv1; gc_fid:pls:bp_20:lv2; gc_fid:pls:bp_20:lv3; gc_fid:pls:bp_20:lv4; gc_fid:pls:bp_35:lv1; gc_fid:pls:bp_35:lv2; gc_fid:pls:bp_35:lv3,gc_fid:pls:density_20c:lv1(0.973); gc_fid:pls:saturates:lv1(0.962); gc_fid:pls:bp_80:lv1(0.945); gc_fid:pls:bp_65:lv1(0.942); gc_fid:pls:bp_50:lv1(0.941); gc_fid:pls:bp_35:lv1(0.939); gc_fid:pls:bp_20:lv1(0.935); gc_fid:pca:pc1(0.913),petroleum_fraction_db_015,BP_80,analysis_only,correlation_weighted
2,petroleum_fraction_db_001,0.731738,458.2,33,gc_fid:pca:pc1; gc_fid:pca:pc2; gc_fid:pca:pc3; gc_fid:pca:pc4; gc_fid:pca:pc5; gc_fid:pls:bp_20:lv1; gc_fid:pls:bp_20:lv2; gc_fid:pls:bp_20:lv3; gc_fid:pls:bp_20:lv4; gc_fid:pls:bp_35:lv1; gc_fid:pls:bp_35:lv2; gc_fid:pls:bp_35:lv3,gc_fid:pls:density_20c:lv1(0.973); gc_fid:pls:saturates:lv1(0.962); gc_fid:pls:bp_80:lv1(0.945); gc_fid:pls:bp_65:lv1(0.942); gc_fid:pls:bp_50:lv1(0.941); gc_fid:pls:bp_35:lv1(0.939); gc_fid:pls:bp_20:lv1(0.935); gc_fid:pca:pc1(0.913),petroleum_fraction_db_015,BP_80,analysis_only,correlation_weighted
3,petroleum_fraction_db_002,0.770642,469.2,33,gc_fid:pca:pc1; gc_fid:pca:pc2; gc_fid:pca:pc3; gc_fid:pca:pc4; gc_fid:pca:pc5; gc_fid:pls:bp_20:lv1; gc_fid:pls:bp_20:lv2; gc_fid:pls:bp_20:lv3; gc_fid:pls:bp_20:lv4; gc_fid:pls:bp_35:lv1; gc_fid:pls:bp_35:lv2; gc_fid:pls:bp_35:lv3,gc_fid:pls:density_20c:lv1(0.973); gc_fid:pls:saturates:lv1(0.962); gc_fid:pls:bp_80:lv1(0.945); gc_fid:pls:bp_65:lv1(0.942); gc_fid:pls:bp_50:lv1(0.941); gc_fid:pls:bp_35:lv1(0.939); gc_fid:pls:bp_20:lv1(0.935); gc_fid:pca:pc1(0.913),petroleum_fraction_db_015,BP_80,analysis_only,correlation_weighted
4,petroleum_fraction_db_051,0.867592,490.2,33,gc_fid:pca:pc1; gc_fid:pca:pc2; gc_fid:pca:pc3; gc_fid:pca:pc4; gc_fid:pca:pc5; gc_fid:pls:bp_20:lv1; gc_fid:pls:bp_20:lv2; gc_fid:pls:bp_20:lv3; gc_fid:pls:bp_20:lv4; gc_fid:pls:bp_35:lv1; gc_fid:pls:bp_35:lv2; gc_fid:pls:bp_35:lv3,gc_fid:pls:density_20c:lv1(0.973); gc_fid:pls:saturates:lv1(0.962); gc_fid:pls:bp_80:lv1(0.945); gc_fid:pls:bp_65:lv1(0.942); gc_fid:pls:bp_50:lv1(0.941); gc_fid:pls:bp_35:lv1(0.939); gc_fid:pls:bp_20:lv1(0.935); gc_fid:pca:pc1(0.913),petroleum_fraction_db_015,BP_80,analysis_only,correlation_weighted
1,petroleum_fraction_db_014,0.470649,567.6,39,bulk_property:bp_20; bulk_property:bp_35; bulk_property:bp_50; bulk_property:bp_65; bulk_property:density_20c; bulk_property:saturates; gc_fid:pca:pc1; gc_fid:pca:pc2; gc_fid:pca:pc3; gc_fid:pca:pc4; gc_fid:pca:pc5; gc_fid:pls:bp_20:lv1,bulk_property:bp_20(1.000); bulk_property:bp_35(1.000); bulk_property:bp_50(1.000); bulk_property:bp_65(1.000); bulk_property:density_20c(1.000); bulk_property:saturates(1.000); gc_fid:pca:pc1(1.000); gc_fid:pca:pc2(1.000),petroleum_fraction_db_015,BP_80,analysis_plus_non_target_bulk,equal_weight
2,petroleum_fraction_db_001,0.875154,458.2,39,bulk_property:bp_20; bulk_property:bp_35; bulk_property:bp_50; bulk_property:bp_65; bulk_property:density_20c; bulk_property:saturates; gc_fid:pca:pc1; gc_fid:pca:pc2; gc_fid:pca:pc3; gc_fid:pca:pc4; gc_fid:pca:pc5; gc_fid:pls:bp_20:lv1,bulk_property:bp_20(1.000); bulk_property:bp_35(1.000); bulk_property:bp_50(1.000); bulk_property:bp_65(1.000); bulk_property:density_20c(1.000); bulk_property:saturates(1.000); gc_fid:pca:pc1(1.000); gc_fid:pca:pc2(1.000),petroleum_fraction_db_015,BP_80,analysis_plus_non_target_bulk,equal_weight
3,petroleum_fraction_db_004,1.029075,468.6,39,bulk_property:bp_20; bulk_property:bp_35; bulk_property:bp_50; bulk_property:bp_65; bulk_property:density_20c; bulk_property:saturates; gc_fid:pca:pc1; gc_fid:pca:pc2; gc_fid:pca:pc3; gc_fid:pca:pc4; gc_fid:pca:pc5; gc_fid:pls:bp_20:lv1,bulk_property:bp_20(1.000); bulk_property:bp_35(1.000); bulk_property:bp_50(1.000); bulk_property:bp_65(1.000); bulk_property:density_20c(1.000); bulk_property:saturates(1.000); gc_fid:pca:pc1(1.000); gc_fid:pca:pc2(1.000),petroleum_fraction_db_015,BP_80,analysis_plus_non_target_bulk,equal_weight
4,petroleum_fraction_db_035,1.043118,499.8,39,bulk_property:bp_20; bulk_property:bp_35; bulk_property:bp_50; bulk_property:bp_65; bulk_property:density_20c; bulk_property:saturates; gc_fid:pca:pc1; gc_fid:pca:pc2; gc_fid:pca:pc3; gc_fid:pca:pc4; gc_fid:pca:pc5; gc_fid:pls:bp_20:lv1,bulk_property:bp_20(1.000); bulk_property:bp_35(1.000); bulk_property:bp_50(1.000); bulk_property:bp_65(1.000); bulk_property:density_20c(1.000); bulk_property:saturates(1.000); gc_fid:pca:pc1(1.000); gc_fid:pca:pc2(1.000),petroleum_fraction_db_015,BP_80,analysis_plus_non_target_bulk,equal_weight
1,petroleum_fraction_db_014,0.512651,567.6,39,bulk_property:bp_20; bulk_property:bp_35; bulk_property:bp_50; bulk_property:bp_65; bulk_property:density_20c; bulk_property:saturates; gc_fid:pca:pc1; gc_fid:pca:pc2; gc_fid:pca:pc3; gc_fid:pca:pc4; gc_fid:pca:pc5; gc_fid:pls:bp_20:lv1,bulk_property:bp_65(1.039); bulk_property:bp_50(1.018); bulk_property:bp_35(0.982); gc_fid:pls:density_20c:lv1(0.973); gc_fid:pls:saturates:lv1(0.962); gc_fid:pls:bp_80:lv1(0.945); gc_fid:pls:bp_65:lv1(0.942); gc_fid:pls:bp_50:lv1(0.941),petroleum_fraction_db_015,BP_80,analysis_plus_non_target_bulk,correlation_weighted
2,petroleum_fraction_db_001,0.697383,458.2,39,bulk_property:bp_20; bulk_property:bp_35; bulk_property:bp_50; bulk_property:bp_65; bulk_property:density_20c; bulk_property:saturates; gc_fid:pca:pc1; gc_fid:pca:pc2; gc_fid:pca:pc3; gc_fid:pca:pc4; gc_fid:pca:pc5; gc_fid:pls:bp_20:lv1,bulk_property:bp_65(1.039); bulk_property:bp_50(1.018); bulk_property:bp_35(0.982); gc_fid:pls:density_20c:lv1(0.973); gc_fid:pls:saturates:lv1(0.962); gc_fid:pls:bp_80:lv1(0.945); gc_fid:pls:bp_65:lv1(0.942); gc_fid:pls:bp_50:lv1(0.941),petroleum_fraction_db_015,BP_80,analysis_plus_non_target_bulk,correlation_weighted
3,petroleum_fraction_db_062,1.008726,457.2,39,bulk_property:bp_20; bulk_property:bp_35; bulk_property:bp_50; bulk_property:bp_65; bulk_property:density_20c; bulk_property:saturates; gc_fid:pca:pc1; gc_fid:pca:pc2; gc_fid:pca:pc3; gc_fid:pca:pc4; gc_fid:pca:pc5; gc_fid:pls:bp_20:lv1,bulk_property:bp_65(1.039); bulk_property:bp_50(1.018); bulk_property:bp_35(0.982); gc_fid:pls:density_20c:lv1(0.973); gc_fid:pls:saturates:lv1(0.962); gc_fid:pls:bp_80:lv1(0.945); gc_fid:pls:bp_65:lv1(0.942); gc_fid:pls:bp_50:lv1(0.941),petroleum_fraction_db_015,BP_80,analysis_plus_non_target_bulk,correlation_weighted
4,petroleum_fraction_db_035,1.08198,499.8,39,bulk_property:bp_20; bulk_property:bp_35; bulk_property:bp_50; bulk_property:bp_65; bulk_property:density_20c; bulk_property:saturates; gc_fid:pca:pc1; gc_fid:pca:pc2; gc_fid:pca:pc3; gc_fid:pca:pc4; gc_fid:pca:pc5; gc_fid:pls:bp_20:lv1,bulk_property:bp_65(1.039); bulk_property:bp_50(1.018); bulk_property:bp_35(0.982); gc_fid:pls:density_20c:lv1(0.973); gc_fid:pls:saturates:lv1(0.962); gc_fid:pls:bp_80:lv1(0.945); gc_fid:pls:bp_65:lv1(0.942); gc_fid:pls:bp_50:lv1(0.941),petroleum_fraction_db_015,BP_80,analysis_plus_non_target_bulk,correlation_weighted
1,petroleum_fraction_db_046,0.475077,0.8737,33,gc_fid:pca:pc1; gc_fid:pca:pc2; gc_fid:pca:pc3; gc_fid:pca:pc4; gc_fid:pca:pc5; gc_fid:pls:bp_20:lv1; gc_fid:pls:bp_20:lv2; gc_fid:pls:bp_20:lv3; gc_fid:pls:bp_20:lv4; gc_fid:pls:bp_35:lv1; gc_fid:pls:bp_35:lv2; gc_fid:pls:bp_35:lv3,gc_fid:pca:pc1(1.000); gc_fid:pca:pc2(1.000); gc_fid:pca:pc3(1.000); gc_fid:pca:pc4(1.000); gc_fid:pca:pc5(1.000); gc_fid:pls:bp_20:lv1(1.000); gc_fid:pls:bp_20:lv2(1.000); gc_fid:pls:bp_20:lv3(1.000),petroleum_fraction_db_024,density_20c,analysis_only,equal_weight
2,petroleum_fraction_db_008,0.548731,0.8871,33,gc_fid:pca:pc1; gc_fid:pca:pc2; gc_fid:pca:pc3; gc_fid:pca:pc4; gc_fid:pca:pc5; gc_fid:pls:bp_20:lv1; gc_fid:pls:bp_20:lv2; gc_fid:pls:bp_20:lv3; gc_fid:pls:bp_20:lv4; gc_fid:pls:bp_35:lv1; gc_fid:pls:bp_35:lv2; gc_fid:pls:bp_35:lv3,gc_fid:pca:pc1(1.000); gc_fid:pca:pc2(1.000); gc_fid:pca:pc3(1.000); gc_fid:pca:pc4(1.000); gc_fid:pca:pc5(1.000); gc_fid:pls:bp_20:lv1(1.000); gc_fid:pls:bp_20:lv2(1.000); gc_fid:pls:bp_20:lv3(1.000),petroleum_fraction_db_024,density_20c,analysis_only,equal_weight
3,petroleum_fraction_db_030,0.616241,0.904,33,gc_fid:pca:pc1; gc_fid:pca:pc2; gc_fid:pca:pc3; gc_fid:pca:pc4; gc_fid:pca:pc5; gc_fid:pls:bp_20:lv1; gc_fid:pls:bp_20:lv2; gc_fid:pls:bp_20:lv3; gc_fid:pls:bp_20:lv4; gc_fid:pls:bp_35:lv1; gc_fid:pls:bp_35:lv2; gc_fid:pls:bp_35:lv3,gc_fid:pca:pc1(1.000); gc_fid:pca:pc2(1.000); gc_fid:pca:pc3(1.000); gc_fid:pca:pc4(1.000); gc_fid:pca:pc5(1.000); gc_fid:pls:bp_20:lv1(1.000); gc_fid:pls:bp_20:lv2(1.000); gc_fid:pls:bp_20:lv3(1.000),petroleum_fraction_db_024,density_20c,analysis_only,equal_weight
4,petroleum_fraction_db_023,0.634082,0.9661,33,gc_fid:pca:pc1; gc_fid:pca:pc2; gc_fid:pca:pc3; gc_fid:pca:pc4; gc_fid:pca:pc5; gc_fid:pls:bp_20:lv1; gc_fid:pls:bp_20:lv2; gc_fid:pls:bp_20:lv3; gc_fid:pls:bp_20:lv4; gc_fid:pls:bp_35:lv1; gc_fid:pls:bp_35:lv2; gc_fid:pls:bp_35:lv3,gc_fid:pca:pc1(1.000); gc_fid:pca:pc2(1.000); gc_fid:pca:pc3(1.000); gc_fid:pca:pc4(1.000); gc_fid:pca:pc5(1.000); gc_fid:pls:bp_20:lv1(1.000); gc_fid:pls:bp_20:lv2(1.000); gc_fid:pls:bp_20:lv3(1.000),petroleum_fraction_db_024,density_20c,analysis_only,equal_weight
1,petroleum_fraction_db_046,0.48846,0.8737,33,gc_fid:pca:pc1; gc_fid:pca:pc2; gc_fid:pca:pc3; gc_fid:pca:pc4; gc_fid:pca:pc5; gc_fid:pls:bp_20:lv1; gc_fid:pls:bp_20:lv2; gc_fid:pls:bp_20:lv3; gc_fid:pls:bp_20:lv4; gc_fid:pls:bp_35:lv1; gc_fid:pls:bp_35:lv2; gc_fid:pls:bp_35:lv3,gc_fid:pls:density_20c:lv3(0.478); gc_fid:pls:density_20c:lv1(0.413); gc_fid:pls:saturates:lv1(0.395); gc_fid:pls:density_20c:lv2(0.384); gc_fid:pca:pc3(0.372); gc_fid:pls:bp_65:lv2(0.368); gc_fid:pls:bp_20:lv2(0.366); gc_fid:pls:bp_50:lv2(0.365),petroleum_fraction_db_024,density_20c,analysis_only,correlation_weighted
2,petroleum_fraction_db_008,0.490982,0.8871,33,gc_fid:pca:pc1; gc_fid:pca:pc2; gc_fid:pca:pc3; gc_fid:pca:pc4; gc_fid:pca:pc5; gc_fid:pls:bp_20:lv1; gc_fid:pls:bp_20:lv2; gc_fid:pls:bp_20:lv3; gc_fid:pls:bp_20:lv4; gc_fid:pls:bp_35:lv1; gc_fid:pls:bp_35:lv2; gc_fid:pls:bp_35:lv3,gc_fid:pls:density_20c:lv3(0.478); gc_fid:pls:density_20c:lv1(0.413); gc_fid:pls:saturates:lv1(0.395); gc_fid:pls:density_20c:lv2(0.384); gc_fid:pca:pc3(0.372); gc_fid:pls:bp_65:lv2(0.368); gc_fid:pls:bp_20:lv2(0.366); gc_fid:pls:bp_50:lv2(0.365),petroleum_fraction_db_024,density_20c,analysis_only,correlation_weighted
3,petroleum_fraction_db_030,0.594402,0.904,33,gc_fid:pca:pc1; gc_fid:pca:pc2; gc_fid:pca:pc3; gc_fid:pca:pc4; gc_fid:pca:pc5; gc_fid:pls:bp_20:lv1; gc_fid:pls:bp_20:lv2; gc_fid:pls:bp_20:lv3; gc_fid:pls:bp_20:lv4; gc_fid:pls:bp_35:lv1; gc_fid:pls:bp_35:lv2; gc_fid:pls:bp_35:lv3,gc_fid:pls:density_20c:lv3(0.478); gc_fid:pls:density_20c:lv1(0.413); gc_fid:pls:saturates:lv1(0.395); gc_fid:pls:density_20c:lv2(0.384); gc_fid:pca:pc3(0.372); gc_fid:pls:bp_65:lv2(0.368); gc_fid:pls:bp_20:lv2(0.366); gc_fid:pls:bp_50:lv2(0.365),petroleum_fraction_db_024,density_20c,analysis_only,correlation_weighted
4,petroleum_fraction_db_023,0.627246,0.9661,33,gc_fid:pca:pc1; gc_fid:pca:pc2; gc_fid:pca:pc3; gc_fid:pca:pc4; gc_fid:pca:pc5; gc_fid:pls:bp_20:lv1; gc_fid:pls:bp_20:lv2; gc_fid:pls:bp_20:lv3; gc_fid:pls:bp_20:lv4; gc_fid:pls:bp_35:lv1; gc_fid:pls:bp_35:lv2; gc_fid:pls:bp_35:lv3,gc_fid:pls:density_20c:lv3(0.478); gc_fid:pls:density_20c:lv1(0.413); gc_fid:pls:saturates:lv1(0.395); gc_fid:pls:density_20c:lv2(0.384); gc_fid:pca:pc3(0.372); gc_fid:pls:bp_65:lv2(0.368); gc_fid:pls:bp_20:lv2(0.366); gc_fid:pls:bp_50:lv2(0.365),petroleum_fraction_db_024,density_20c,analysis_only,correlation_weighted
1,petroleum_fraction_db_046,0.483222,0.8737,39,bulk_property:bp_20; bulk_property:bp_35; bulk_property:bp_50; bulk_property:bp_65; bulk_property:bp_80; bulk_property:saturates; gc_fid:pca:pc1; gc_fid:pca:pc2; gc_fid:pca:pc3; gc_fid:pca:pc4; gc_fid:pca:pc5; gc_fid:pls:bp_20:lv1,bulk_property:bp_20(1.000); bulk_property:bp_35(1.000); bulk_property:bp_50(1.000); bulk_property:bp_65(1.000); bulk_property:bp_80(1.000); bulk_property:saturates(1.000); gc_fid:pca:pc1(1.000); gc_fid:pca:pc2(1.000),petroleum_fraction_db_024,density_20c,analysis_plus_non_target_bulk,equal_weight
2,petroleum_fraction_db_008,0.556023,0.8871,39,bulk_property:bp_20; bulk_property:bp_35; bulk_property:bp_50; bulk_property:bp_65; bulk_property:bp_80; bulk_property:saturates; gc_fid:pca:pc1; gc_fid:pca:pc2; gc_fid:pca:pc3; gc_fid:pca:pc4; gc_fid:pca:pc5; gc_fid:pls:bp_20:lv1,bulk_property:bp_20(1.000); bulk_property:bp_35(1.000); bulk_property:bp_50(1.000); bulk_property:bp_65(1.000); bulk_property:bp_80(1.000); bulk_property:saturates(1.000); gc_fid:pca:pc1(1.000); gc_fid:pca:pc2(1.000),petroleum_fraction_db_024,density_20c,analysis_plus_non_target_bulk,equal_weight
3,petroleum_fraction_db_030,0.585336,0.904,39,bulk_property:bp_20; bulk_property:bp_35; bulk_property:bp_50; bulk_property:bp_65; bulk_property:bp_80; bulk_property:saturates; gc_fid:pca:pc1; gc_fid:pca:pc2; gc_fid:pca:pc3; gc_fid:pca:pc4; gc_fid:pca:pc5; gc_fid:pls:bp_20:lv1,bulk_property:bp_20(1.000); bulk_property:bp_35(1.000); bulk_property:bp_50(1.000); bulk_property:bp_65(1.000); bulk_property:bp_80(1.000); bulk_property:saturates(1.000); gc_fid:pca:pc1(1.000); gc_fid:pca:pc2(1.000),petroleum_fraction_db_024,density_20c,analysis_plus_non_target_bulk,equal_weight
4,petroleum_fraction_db_023,0.592176,0.9661,39,bulk_property:bp_20; bulk_property:bp_35; bulk_property:bp_50; bulk_property:bp_65; bulk_property:bp_80; bulk_property:saturates; gc_fid:pca:pc1; gc_fid:pca:pc2; gc_fid:pca:pc3; gc_fid:pca:pc4; gc_fid:pca:pc5; gc_fid:pls:bp_20:lv1,bulk_property:bp_20(1.000); bulk_property:bp_35(1.000); bulk_property:bp_50(1.000); bulk_property:bp_65(1.000); bulk_property:bp_80(1.000); bulk_property:saturates(1.000); gc_fid:pca:pc1(1.000); gc_fid:pca:pc2(1.000),petroleum_fraction_db_024,density_20c,analysis_plus_non_target_bulk,equal_weight
1,petroleum_fraction_db_046,0.547453,0.8737,39,bulk_property:bp_20; bulk_property:bp_35; bulk_property:bp_50; bulk_property:bp_65; bulk_property:bp_80; bulk_property:saturates; gc_fid:pca:pc1; gc_fid:pca:pc2; gc_fid:pca:pc3; gc_fid:pca:pc4; gc_fid:pca:pc5; gc_fid:pls:bp_20:lv1,bulk_property:saturates(0.895); gc_fid:pls:density_20c:lv3(0.478); bulk_property:bp_80(0.449); bulk_property:bp_65(0.439); bulk_property:bp_50(0.425); bulk_property:bp_35(0.415); gc_fid:pls:density_20c:lv1(0.413); bulk_property:bp_20(0.398),petroleum_fraction_db_024,density_20c,analysis_plus_non_target_bulk,correlation_weighted
2,petroleum_fraction_db_023,0.5612,0.9661,39,bulk_property:bp_20; bulk_property:bp_35; bulk_property:bp_50; bulk_property:bp_65; bulk_property:bp_80; bulk_property:saturates; gc_fid:pca:pc1; gc_fid:pca:pc2; gc_fid:pca:pc3; gc_fid:pca:pc4; gc_fid:pca:pc5; gc_fid:pls:bp_20:lv1,bulk_property:saturates(0.895); gc_fid:pls:density_20c:lv3(0.478); bulk_property:bp_80(0.449); bulk_property:bp_65(0.439); bulk_property:bp_50(0.425); bulk_property:bp_35(0.415); gc_fid:pls:density_20c:lv1(0.413); bulk_property:bp_20(0.398),petroleum_fraction_db_024,density_20c,analysis_plus_non_target_bulk,correlation_weighted
3,petroleum_fraction_db_030,0.568423,0.904,39,bulk_property:bp_20; bulk_property:bp_35; bulk_property:bp_50; bulk_property:bp_65; bulk_property:bp_80; bulk_property:saturates; gc_fid:pca:pc1; gc_fid:pca:pc2; gc_fid:pca:pc3; gc_fid:pca:pc4; gc_fid:pca:pc5; gc_fid:pls:bp_20:lv1,bulk_property:saturates(0.895); gc_fid:pls:density_20c:lv3(0.478); bulk_property:bp_80(0.449); bulk_property:bp_65(0.439); bulk_property:bp_50(0.425); bulk_property:bp_35(0.415); gc_fid:pls:density_20c:lv1(0.413); bulk_property:bp_20(0.398),petroleum_fraction_db_024,density_20c,analysis_plus_non_target_bulk,correlation_weighted
4,petroleum_fraction_db_008,0.577175,0.8871,39,bulk_property:bp_20; bulk_property:bp_35; bulk_property:bp_50; bulk_property:bp_65; bulk_property:bp_80; bulk_property:saturates; gc_fid:pca:pc1; gc_fid:pca:pc2; gc_fid:pca:pc3; gc_fid:pca:pc4; gc_fid:pca:pc5; gc_fid:pls:bp_20:lv1,bulk_property:saturates(0.895); gc_fid:pls:density_20c:lv3(0.478); bulk_property:bp_80(0.449); bulk_property:bp_65(0.439); bulk_property:bp_50(0.425); bulk_property:bp_35(0.415); gc_fid:pls:density_20c:lv1(0.413); bulk_property:bp_20(0.398),petroleum_fraction_db_024,density_20c,analysis_plus_non_target_bulk,correlation_weighted
1,petroleum_fraction_db_046,0.475077,88.03324654516405,33,gc_fid:pca:pc1; gc_fid:pca:pc2; gc_fid:pca:pc3; gc_fid:pca:pc4; gc_fid:pca:pc5; gc_fid:pls:bp_20:lv1; gc_fid:pls:bp_20:lv2; gc_fid:pls:bp_20:lv3; gc_fid:pls:bp_20:lv4; gc_fid:pls:bp_35:lv1; gc_fid:pls:bp_35:lv2; gc_fid:pls:bp_35:lv3,gc_fid:pca:pc1(1.000); gc_fid:pca:pc2(1.000); gc_fid:pca:pc3(1.000); gc_fid:pca:pc4(1.000); gc_fid:pca:pc5(1.000); gc_fid:pls:bp_20:lv1(1.000); gc_fid:pls:bp_20:lv2(1.000); gc_fid:pls:bp_20:lv3(1.000),petroleum_fraction_db_024,saturates,analysis_only,equal_weight
2,petroleum_fraction_db_008,0.548731,90.27,33,gc_fid:pca:pc1; gc_fid:pca:pc2; gc_fid:pca:pc3; gc_fid:pca:pc4; gc_fid:pca:pc5; gc_fid:pls:bp_20:lv1; gc_fid:pls:bp_20:lv2; gc_fid:pls:bp_20:lv3; gc_fid:pls:bp_20:lv4; gc_fid:pls:bp_35:lv1; gc_fid:pls:bp_35:lv2; gc_fid:pls:bp_35:lv3,gc_fid:pca:pc1(1.000); gc_fid:pca:pc2(1.000); gc_fid:pca:pc3(1.000); gc_fid:pca:pc4(1.000); gc_fid:pca:pc5(1.000); gc_fid:pls:bp_20:lv1(1.000); gc_fid:pls:bp_20:lv2(1.000); gc_fid:pls:bp_20:lv3(1.000),petroleum_fraction_db_024,saturates,analysis_only,equal_weight
3,petroleum_fraction_db_030,0.616241,81.15419296663713,33,gc_fid:pca:pc1; gc_fid:pca:pc2; gc_fid:pca:pc3; gc_fid:pca:pc4; gc_fid:pca:pc5; gc_fid:pls:bp_20:lv1; gc_fid:pls:bp_20:lv2; gc_fid:pls:bp_20:lv3; gc_fid:pls:bp_20:lv4; gc_fid:pls:bp_35:lv1; gc_fid:pls:bp_35:lv2; gc_fid:pls:bp_35:lv3,gc_fid:pca:pc1(1.000); gc_fid:pca:pc2(1.000); gc_fid:pca:pc3(1.000); gc_fid:pca:pc4(1.000); gc_fid:pca:pc5(1.000); gc_fid:pls:bp_20:lv1(1.000); gc_fid:pls:bp_20:lv2(1.000); gc_fid:pls:bp_20:lv3(1.000),petroleum_fraction_db_024,saturates,analysis_only,equal_weight
4,petroleum_fraction_db_023,0.634082,67.9573857816017,33,gc_fid:pca:pc1; gc_fid:pca:pc2; gc_fid:pca:pc3; gc_fid:pca:pc4; gc_fid:pca:pc5; gc_fid:pls:bp_20:lv1; gc_fid:pls:bp_20:lv2; gc_fid:pls:bp_20:lv3; gc_fid:pls:bp_20:lv4; gc_fid:pls:bp_35:lv1; gc_fid:pls:bp_35:lv2; gc_fid:pls:bp_35:lv3,gc_fid:pca:pc1(1.000); gc_fid:pca:pc2(1.000); gc_fid:pca:pc3(1.000); gc_fid:pca:pc4(1.000); gc_fid:pca:pc5(1.000); gc_fid:pls:bp_20:lv1(1.000); gc_fid:pls:bp_20:lv2(1.000); gc_fid:pls:bp_20:lv3(1.000),petroleum_fraction_db_024,saturates,analysis_only,equal_weight
1,petroleum_fraction_db_046,0.465176,88.03324654516405,33,gc_fid:pca:pc1; gc_fid:pca:pc2; gc_fid:pca:pc3; gc_fid:pca:pc4; gc_fid:pca:pc5; gc_fid:pls:bp_20:lv1; gc_fid:pls:bp_20:lv2; gc_fid:pls:bp_20:lv3; gc_fid:pls:bp_20:lv4; gc_fid:pls:bp_35:lv1; gc_fid:pls:bp_35:lv2; gc_fid:pls:bp_35:lv3,gc_fid:pca:pc3(0.469); gc_fid:pls:bp_65:lv2(0.447); gc_fid:pls:bp_80:lv2(0.447); gc_fid:pls:bp_50:lv2(0.440); gc_fid:pls:density_20c:lv2(0.431); gc_fid:pls:bp_35:lv2(0.431); gc_fid:pls:bp_20:lv2(0.413); gc_fid:pls:density_20c:lv1(0.386),petroleum_fraction_db_024,saturates,analysis_only,correlation_weighted
2,petroleum_fraction_db_008,0.466062,90.27,33,gc_fid:pca:pc1; gc_fid:pca:pc2; gc_fid:pca:pc3; gc_fid:pca:pc4; gc_fid:pca:pc5; gc_fid:pls:bp_20:lv1; gc_fid:pls:bp_20:lv2; gc_fid:pls:bp_20:lv3; gc_fid:pls:bp_20:lv4; gc_fid:pls:bp_35:lv1; gc_fid:pls:bp_35:lv2; gc_fid:pls:bp_35:lv3,gc_fid:pca:pc3(0.469); gc_fid:pls:bp_65:lv2(0.447); gc_fid:pls:bp_80:lv2(0.447); gc_fid:pls:bp_50:lv2(0.440); gc_fid:pls:density_20c:lv2(0.431); gc_fid:pls:bp_35:lv2(0.431); gc_fid:pls:bp_20:lv2(0.413); gc_fid:pls:density_20c:lv1(0.386),petroleum_fraction_db_024,saturates,analysis_only,correlation_weighted
3,petroleum_fraction_db_030,0.573971,81.15419296663713,33,gc_fid:pca:pc1; gc_fid:pca:pc2; gc_fid:pca:pc3; gc_fid:pca:pc4; gc_fid:pca:pc5; gc_fid:pls:bp_20:lv1; gc_fid:pls:bp_20:lv2; gc_fid:pls:bp_20:lv3; gc_fid:pls:bp_20:lv4; gc_fid:pls:bp_35:lv1; gc_fid:pls:bp_35:lv2; gc_fid:pls:bp_35:lv3,gc_fid:pca:pc3(0.469); gc_fid:pls:bp_65:lv2(0.447); gc_fid:pls:bp_80:lv2(0.447); gc_fid:pls:bp_50:lv2(0.440); gc_fid:pls:density_20c:lv2(0.431); gc_fid:pls:bp_35:lv2(0.431); gc_fid:pls:bp_20:lv2(0.413); gc_fid:pls:density_20c:lv1(0.386),petroleum_fraction_db_024,saturates,analysis_only,correlation_weighted
4,petroleum_fraction_db_011,0.592697,90.17481743748591,33,gc_fid:pca:pc1; gc_fid:pca:pc2; gc_fid:pca:pc3; gc_fid:pca:pc4; gc_fid:pca:pc5; gc_fid:pls:bp_20:lv1; gc_fid:pls:bp_20:lv2; gc_fid:pls:bp_20:lv3; gc_fid:pls:bp_20:lv4; gc_fid:pls:bp_35:lv1; gc_fid:pls:bp_35:lv2; gc_fid:pls:bp_35:lv3,gc_fid:pca:pc3(0.469); gc_fid:pls:bp_65:lv2(0.447); gc_fid:pls:bp_80:lv2(0.447); gc_fid:pls:bp_50:lv2(0.440); gc_fid:pls:density_20c:lv2(0.431); gc_fid:pls:bp_35:lv2(0.431); gc_fid:pls:bp_20:lv2(0.413); gc_fid:pls:density_20c:lv1(0.386),petroleum_fraction_db_024,saturates,analysis_only,correlation_weighted
1,petroleum_fraction_db_046,0.553447,88.03324654516405,39,bulk_property:bp_20; bulk_property:bp_35; bulk_property:bp_50; bulk_property:bp_65; bulk_property:bp_80; bulk_property:density_20c; gc_fid:pca:pc1; gc_fid:pca:pc2; gc_fid:pca:pc3; gc_fid:pca:pc4; gc_fid:pca:pc5; gc_fid:pls:bp_20:lv1,bulk_property:bp_20(1.000); bulk_property:bp_35(1.000); bulk_property:bp_50(1.000); bulk_property:bp_65(1.000); bulk_property:bp_80(1.000); bulk_property:density_20c(1.000); gc_fid:pca:pc1(1.000); gc_fid:pca:pc2(1.000),petroleum_fraction_db_024,saturates,analysis_plus_non_target_bulk,equal_weight
2,petroleum_fraction_db_008,0.584485,90.27,39,bulk_property:bp_20; bulk_property:bp_35; bulk_property:bp_50; bulk_property:bp_65; bulk_property:bp_80; bulk_property:density_20c; gc_fid:pca:pc1; gc_fid:pca:pc2; gc_fid:pca:pc3; gc_fid:pca:pc4; gc_fid:pca:pc5; gc_fid:pls:bp_20:lv1,bulk_property:bp_20(1.000); bulk_property:bp_35(1.000); bulk_property:bp_50(1.000); bulk_property:bp_65(1.000); bulk_property:bp_80(1.000); bulk_property:density_20c(1.000); gc_fid:pca:pc1(1.000); gc_fid:pca:pc2(1.000),petroleum_fraction_db_024,saturates,analysis_plus_non_target_bulk,equal_weight
3,petroleum_fraction_db_023,0.592076,67.9573857816017,39,bulk_property:bp_20; bulk_property:bp_35; bulk_property:bp_50; bulk_property:bp_65; bulk_property:bp_80; bulk_property:density_20c; gc_fid:pca:pc1; gc_fid:pca:pc2; gc_fid:pca:pc3; gc_fid:pca:pc4; gc_fid:pca:pc5; gc_fid:pls:bp_20:lv1,bulk_property:bp_20(1.000); bulk_property:bp_35(1.000); bulk_property:bp_50(1.000); bulk_property:bp_65(1.000); bulk_property:bp_80(1.000); bulk_property:density_20c(1.000); gc_fid:pca:pc1(1.000); gc_fid:pca:pc2(1.000),petroleum_fraction_db_024,saturates,analysis_plus_non_target_bulk,equal_weight
4,petroleum_fraction_db_030,0.615158,81.15419296663713,39,bulk_property:bp_20; bulk_property:bp_35; bulk_property:bp_50; bulk_property:bp_65; bulk_property:bp_80; bulk_property:density_20c; gc_fid:pca:pc1; gc_fid:pca:pc2; gc_fid:pca:pc3; gc_fid:pca:pc4; gc_fid:pca:pc5; gc_fid:pls:bp_20:lv1,bulk_property:bp_20(1.000); bulk_property:bp_35(1.000); bulk_property:bp_50(1.000); bulk_property:bp_65(1.000); bulk_property:bp_80(1.000); bulk_property:density_20c(1.000); gc_fid:pca:pc1(1.000); gc_fid:pca:pc2(1.000),petroleum_fraction_db_024,saturates,analysis_plus_non_target_bulk,equal_weight
1,petroleum_fraction_db_023,0.534439,67.9573857816017,39,bulk_property:bp_20; bulk_property:bp_35; bulk_property:bp_50; bulk_property:bp_65; bulk_property:bp_80; bulk_property:density_20c; gc_fid:pca:pc1; gc_fid:pca:pc2; gc_fid:pca:pc3; gc_fid:pca:pc4; gc_fid:pca:pc5; gc_fid:pls:bp_20:lv1,bulk_property:density_20c(0.895); gc_fid:pca:pc3(0.469); bulk_property:bp_80(0.451); gc_fid:pls:bp_65:lv2(0.447); gc_fid:pls:bp_80:lv2(0.447); gc_fid:pls:bp_50:lv2(0.440); gc_fid:pls:density_20c:lv2(0.431); gc_fid:pls:bp_35:lv2(0.431),petroleum_fraction_db_024,saturates,analysis_plus_non_target_bulk,correlation_weighted
2,petroleum_fraction_db_030,0.643691,81.15419296663713,39,bulk_property:bp_20; bulk_property:bp_35; bulk_property:bp_50; bulk_property:bp_65; bulk_property:bp_80; bulk_property:density_20c; gc_fid:pca:pc1; gc_fid:pca:pc2; gc_fid:pca:pc3; gc_fid:pca:pc4; gc_fid:pca:pc5; gc_fid:pls:bp_20:lv1,bulk_property:density_20c(0.895); gc_fid:pca:pc3(0.469); bulk_property:bp_80(0.451); gc_fid:pls:bp_65:lv2(0.447); gc_fid:pls:bp_80:lv2(0.447); gc_fid:pls:bp_50:lv2(0.440); gc_fid:pls:density_20c:lv2(0.431); gc_fid:pls:bp_35:lv2(0.431),petroleum_fraction_db_024,saturates,analysis_plus_non_target_bulk,correlation_weighted
3,petroleum_fraction_db_008,0.645618,90.27,39,bulk_property:bp_20; bulk_property:bp_35; bulk_property:bp_50; bulk_property:bp_65; bulk_property:bp_80; bulk_property:density_20c; gc_fid:pca:pc1; gc_fid:pca:pc2; gc_fid:pca:pc3; gc_fid:pca:pc4; gc_fid:pca:pc5; gc_fid:pls:bp_20:lv1,bulk_property:density_20c(0.895); gc_fid:pca:pc3(0.469); bulk_property:bp_80(0.451); gc_fid:pls:bp_65:lv2(0.447); gc_fid:pls:bp_80:lv2(0.447); gc_fid:pls:bp_50:lv2(0.440); gc_fid:pls:density_20c:lv2(0.431); gc_fid:pls:bp_35:lv2(0.431),petroleum_fraction_db_024,saturates,analysis_plus_non_target_bulk,correlation_weighted
4,petroleum_fraction_db_046,0.707498,88.03324654516405,39,bulk_property:bp_20; bulk_property:bp_35; bulk_property:bp_50; bulk_property:bp_65; bulk_property:bp_80; bulk_property:density_20c; gc_fid:pca:pc1; gc_fid:pca:pc2; gc_fid:pca:pc3; gc_fid:pca:pc4; gc_fid:pca:pc5; gc_fid:pls:bp_20:lv1,bulk_property:density_20c(0.895); gc_fid:pca:pc3(0.469); bulk_property:bp_80(0.451); gc_fid:pls:bp_65:lv2(0.447); gc_fid:pls:bp_80:lv2(0.447); gc_fid:pls:bp_50:lv2(0.440); gc_fid:pls:density_20c:lv2(0.431); gc_fid:pls:bp_35:lv2(0.431),petroleum_fraction_db_024,saturates,analysis_plus_non_target_bulk,correlation_weighted
1,petroleum_fraction_db_046,0.475077,443.2,33,gc_fid:pca:pc1; gc_fid:pca:pc2; gc_fid:pca:pc3; gc_fid:pca:pc4; gc_fid:pca:pc5; gc_fid:pls:bp_20:lv1; gc_fid:pls:bp_20:lv2; gc_fid:pls:bp_20:lv3; gc_fid:pls:bp_20:lv4; gc_fid:pls:bp_35:lv1; gc_fid:pls:bp_35:lv2; gc_fid:pls:bp_35:lv3,gc_fid:pca:pc1(1.000); gc_fid:pca:pc2(1.000); gc_fid:pca:pc3(1.000); gc_fid:pca:pc4(1.000); gc_fid:pca:pc5(1.000); gc_fid:pls:bp_20:lv1(1.000); gc_fid:pls:bp_20:lv2(1.000); gc_fid:pls:bp_20:lv3(1.000),petroleum_fraction_db_024,BP_20,analysis_only,equal_weight
2,petroleum_fraction_db_008,0.548731,417.4,33,gc_fid:pca:pc1; gc_fid:pca:pc2; gc_fid:pca:pc3; gc_fid:pca:pc4; gc_fid:pca:pc5; gc_fid:pls:bp_20:lv1; gc_fid:pls:bp_20:lv2; gc_fid:pls:bp_20:lv3; gc_fid:pls:bp_20:lv4; gc_fid:pls:bp_35:lv1; gc_fid:pls:bp_35:lv2; gc_fid:pls:bp_35:lv3,gc_fid:pca:pc1(1.000); gc_fid:pca:pc2(1.000); gc_fid:pca:pc3(1.000); gc_fid:pca:pc4(1.000); gc_fid:pca:pc5(1.000); gc_fid:pls:bp_20:lv1(1.000); gc_fid:pls:bp_20:lv2(1.000); gc_fid:pls:bp_20:lv3(1.000),petroleum_fraction_db_024,BP_20,analysis_only,equal_weight
3,petroleum_fraction_db_030,0.616241,432.8,33,gc_fid:pca:pc1; gc_fid:pca:pc2; gc_fid:pca:pc3; gc_fid:pca:pc4; gc_fid:pca:pc5; gc_fid:pls:bp_20:lv1; gc_fid:pls:bp_20:lv2; gc_fid:pls:bp_20:lv3; gc_fid:pls:bp_20:lv4; gc_fid:pls:bp_35:lv1; gc_fid:pls:bp_35:lv2; gc_fid:pls:bp_35:lv3,gc_fid:pca:pc1(1.000); gc_fid:pca:pc2(1.000); gc_fid:pca:pc3(1.000); gc_fid:pca:pc4(1.000); gc_fid:pca:pc5(1.000); gc_fid:pls:bp_20:lv1(1.000); gc_fid:pls:bp_20:lv2(1.000); gc_fid:pls:bp_20:lv3(1.000),petroleum_fraction_db_024,BP_20,analysis_only,equal_weight
4,petroleum_fraction_db_023,0.634082,424.2,33,gc_fid:pca:pc1; gc_fid:pca:pc2; gc_fid:pca:pc3; gc_fid:pca:pc4; gc_fid:pca:pc5; gc_fid:pls:bp_20:lv1; gc_fid:pls:bp_20:lv2; gc_fid:pls:bp_20:lv3; gc_fid:pls:bp_20:lv4; gc_fid:pls:bp_35:lv1; gc_fid:pls:bp_35:lv2; gc_fid:pls:bp_35:lv3,gc_fid:pca:pc1(1.000); gc_fid:pca:pc2(1.000); gc_fid:pca:pc3(1.000); gc_fid:pca:pc4(1.000); gc_fid:pca:pc5(1.000); gc_fid:pls:bp_20:lv1(1.000); gc_fid:pls:bp_20:lv2(1.000); gc_fid:pls:bp_20:lv3(1.000),petroleum_fraction_db_024,BP_20,analysis_only,equal_weight
1,petroleum_fraction_db_046,0.299973,443.2,33,gc_fid:pca:pc1; gc_fid:pca:pc2; gc_fid:pca:pc3; gc_fid:pca:pc4; gc_fid:pca:pc5; gc_fid:pls:bp_20:lv1; gc_fid:pls:bp_20:lv2; gc_fid:pls:bp_20:lv3; gc_fid:pls:bp_20:lv4; gc_fid:pls:bp_35:lv1; gc_fid:pls:bp_35:lv2; gc_fid:pls:bp_35:lv3,gc_fid:pls:density_20c:lv1(0.948); gc_fid:pls:bp_20:lv1(0.940); gc_fid:pls:bp_35:lv1(0.939); gc_fid:pls:bp_50:lv1(0.938); gc_fid:pls:bp_65:lv1(0.936); gc_fid:pls:bp_80:lv1(0.934); gc_fid:pls:saturates:lv1(0.928); gc_fid:pca:pc1(0.914),petroleum_fraction_db_024,BP_20,analysis_only,correlation_weighted
2,petroleum_fraction_db_012,0.478779,438.0,33,gc_fid:pca:pc1; gc_fid:pca:pc2; gc_fid:pca:pc3; gc_fid:pca:pc4; gc_fid:pca:pc5; gc_fid:pls:bp_20:lv1; gc_fid:pls:bp_20:lv2; gc_fid:pls:bp_20:lv3; gc_fid:pls:bp_20:lv4; gc_fid:pls:bp_35:lv1; gc_fid:pls:bp_35:lv2; gc_fid:pls:bp_35:lv3,gc_fid:pls:density_20c:lv1(0.948); gc_fid:pls:bp_20:lv1(0.940); gc_fid:pls:bp_35:lv1(0.939); gc_fid:pls:bp_50:lv1(0.938); gc_fid:pls:bp_65:lv1(0.936); gc_fid:pls:bp_80:lv1(0.934); gc_fid:pls:saturates:lv1(0.928); gc_fid:pca:pc1(0.914),petroleum_fraction_db_024,BP_20,analysis_only,correlation_weighted
3,petroleum_fraction_db_023,0.508776,424.2,33,gc_fid:pca:pc1; gc_fid:pca:pc2; gc_fid:pca:pc3; gc_fid:pca:pc4; gc_fid:pca:pc5; gc_fid:pls:bp_20:lv1; gc_fid:pls:bp_20:lv2; gc_fid:pls:bp_20:lv3; gc_fid:pls:bp_20:lv4; gc_fid:pls:bp_35:lv1; gc_fid:pls:bp_35:lv2; gc_fid:pls:bp_35:lv3,gc_fid:pls:density_20c:lv1(0.948); gc_fid:pls:bp_20:lv1(0.940); gc_fid:pls:bp_35:lv1(0.939); gc_fid:pls:bp_50:lv1(0.938); gc_fid:pls:bp_65:lv1(0.936); gc_fid:pls:bp_80:lv1(0.934); gc_fid:pls:saturates:lv1(0.928); gc_fid:pca:pc1(0.914),petroleum_fraction_db_024,BP_20,analysis_only,correlation_weighted
4,petroleum_fraction_db_008,0.511093,417.4,33,gc_fid:pca:pc1; gc_fid:pca:pc2; gc_fid:pca:pc3; gc_fid:pca:pc4; gc_fid:pca:pc5; gc_fid:pls:bp_20:lv1; gc_fid:pls:bp_20:lv2; gc_fid:pls:bp_20:lv3; gc_fid:pls:bp_20:lv4; gc_fid:pls:bp_35:lv1; gc_fid:pls:bp_35:lv2; gc_fid:pls:bp_35:lv3,gc_fid:pls:density_20c:lv1(0.948); gc_fid:pls:bp_20:lv1(0.940); gc_fid:pls:bp_35:lv1(0.939); gc_fid:pls:bp_50:lv1(0.938); gc_fid:pls:bp_65:lv1(0.936); gc_fid:pls:bp_80:lv1(0.934); gc_fid:pls:saturates:lv1(0.928); gc_fid:pca:pc1(0.914),petroleum_fraction_db_024,BP_20,analysis_only,correlation_weighted
1,petroleum_fraction_db_046,0.588661,443.2,39,bulk_property:bp_35; bulk_property:bp_50; bulk_property:bp_65; bulk_property:bp_80; bulk_property:density_20c; bulk_property:saturates; gc_fid:pca:pc1; gc_fid:pca:pc2; gc_fid:pca:pc3; gc_fid:pca:pc4; gc_fid:pca:pc5; gc_fid:pls:bp_20:lv1,bulk_property:bp_35(1.000); bulk_property:bp_50(1.000); bulk_property:bp_65(1.000); bulk_property:bp_80(1.000); bulk_property:density_20c(1.000); bulk_property:saturates(1.000); gc_fid:pca:pc1(1.000); gc_fid:pca:pc2(1.000),petroleum_fraction_db_024,BP_20,analysis_plus_non_target_bulk,equal_weight
2,petroleum_fraction_db_023,0.591221,424.2,39,bulk_property:bp_35; bulk_property:bp_50; bulk_property:bp_65; bulk_property:bp_80; bulk_property:density_20c; bulk_property:saturates; gc_fid:pca:pc1; gc_fid:pca:pc2; gc_fid:pca:pc3; gc_fid:pca:pc4; gc_fid:pca:pc5; gc_fid:pls:bp_20:lv1,bulk_property:bp_35(1.000); bulk_property:bp_50(1.000); bulk_property:bp_65(1.000); bulk_property:bp_80(1.000); bulk_property:density_20c(1.000); bulk_property:saturates(1.000); gc_fid:pca:pc1(1.000); gc_fid:pca:pc2(1.000),petroleum_fraction_db_024,BP_20,analysis_plus_non_target_bulk,equal_weight
3,petroleum_fraction_db_008,0.624038,417.4,39,bulk_property:bp_35; bulk_property:bp_50; bulk_property:bp_65; bulk_property:bp_80; bulk_property:density_20c; bulk_property:saturates; gc_fid:pca:pc1; gc_fid:pca:pc2; gc_fid:pca:pc3; gc_fid:pca:pc4; gc_fid:pca:pc5; gc_fid:pls:bp_20:lv1,bulk_property:bp_35(1.000); bulk_property:bp_50(1.000); bulk_property:bp_65(1.000); bulk_property:bp_80(1.000); bulk_property:density_20c(1.000); bulk_property:saturates(1.000); gc_fid:pca:pc1(1.000); gc_fid:pca:pc2(1.000),petroleum_fraction_db_024,BP_20,analysis_plus_non_target_bulk,equal_weight
4,petroleum_fraction_db_030,0.628188,432.8,39,bulk_property:bp_35; bulk_property:bp_50; bulk_property:bp_65; bulk_property:bp_80; bulk_property:density_20c; bulk_property:saturates; gc_fid:pca:pc1; gc_fid:pca:pc2; gc_fid:pca:pc3; gc_fid:pca:pc4; gc_fid:pca:pc5; gc_fid:pls:bp_20:lv1,bulk_property:bp_35(1.000); bulk_property:bp_50(1.000); bulk_property:bp_65(1.000); bulk_property:bp_80(1.000); bulk_property:density_20c(1.000); bulk_property:saturates(1.000); gc_fid:pca:pc1(1.000); gc_fid:pca:pc2(1.000),petroleum_fraction_db_024,BP_20,analysis_plus_non_target_bulk,equal_weight
1,petroleum_fraction_db_046,0.458736,443.2,39,bulk_property:bp_35; bulk_property:bp_50; bulk_property:bp_65; bulk_property:bp_80; bulk_property:density_20c; bulk_property:saturates; gc_fid:pca:pc1; gc_fid:pca:pc2; gc_fid:pca:pc3; gc_fid:pca:pc4; gc_fid:pca:pc5; gc_fid:pls:bp_20:lv1,bulk_property:bp_35(1.040); bulk_property:bp_50(1.015); bulk_property:bp_65(0.986); gc_fid:pls:density_20c:lv1(0.948); gc_fid:pls:bp_20:lv1(0.940); gc_fid:pls:bp_35:lv1(0.939); bulk_property:bp_80(0.939); gc_fid:pls:bp_50:lv1(0.938),petroleum_fraction_db_024,BP_20,analysis_plus_non_target_bulk,correlation_weighted
2,petroleum_fraction_db_023,0.462135,424.2,39,bulk_property:bp_35; bulk_property:bp_50; bulk_property:bp_65; bulk_property:bp_80; bulk_property:density_20c; bulk_property:saturates; gc_fid:pca:pc1; gc_fid:pca:pc2; gc_fid:pca:pc3; gc_fid:pca:pc4; gc_fid:pca:pc5; gc_fid:pls:bp_20:lv1,bulk_property:bp_35(1.040); bulk_property:bp_50(1.015); bulk_property:bp_65(0.986); gc_fid:pls:density_20c:lv1(0.948); gc_fid:pls:bp_20:lv1(0.940); gc_fid:pls:bp_35:lv1(0.939); bulk_property:bp_80(0.939); gc_fid:pls:bp_50:lv1(0.938),petroleum_fraction_db_024,BP_20,analysis_plus_non_target_bulk,correlation_weighted
3,petroleum_fraction_db_012,0.552134,438.0,39,bulk_property:bp_35; bulk_property:bp_50; bulk_property:bp_65; bulk_property:bp_80; bulk_property:density_20c; bulk_property:saturates; gc_fid:pca:pc1; gc_fid:pca:pc2; gc_fid:pca:pc3; gc_fid:pca:pc4; gc_fid:pca:pc5; gc_fid:pls:bp_20:lv1,bulk_property:bp_35(1.040); bulk_property:bp_50(1.015); bulk_property:bp_65(0.986); gc_fid:pls:density_20c:lv1(0.948); gc_fid:pls:bp_20:lv1(0.940); gc_fid:pls:bp_35:lv1(0.939); bulk_property:bp_80(0.939); gc_fid:pls:bp_50:lv1(0.938),petroleum_fraction_db_024,BP_20,analysis_plus_non_target_bulk,correlation_weighted
4,petroleum_fraction_db_008,0.556427,417.4,39,bulk_property:bp_35; bulk_property:bp_50; bulk_property:bp_65; bulk_property:bp_80; bulk_property:density_20c; bulk_property:saturates; gc_fid:pca:pc1; gc_fid:pca:pc2; gc_fid:pca:pc3; gc_fid:pca:pc4; gc_fid:pca:pc5; gc_fid:pls:bp_20:lv1,bulk_property:bp_35(1.040); bulk_property:bp_50(1.015); bulk_property:bp_65(0.986); gc_fid:pls:density_20c:lv1(0.948); gc_fid:pls:bp_20:lv1(0.940); gc_fid:pls:bp_35:lv1(0.939); bulk_property:bp_80(0.939); gc_fid:pls:bp_50:lv1(0.938),petroleum_fraction_db_024,BP_20,analysis_plus_non_target_bulk,correlation_weighted
1,petroleum_fraction_db_046,0.475077,456.8,33,gc_fid:pca:pc1; gc_fid:pca:pc2; gc_fid:pca:pc3; gc_fid:pca:pc4; gc_fid:pca:pc5; gc_fid:pls:bp_20:lv1; gc_fid:pls:bp_20:lv2; gc_fid:pls:bp_20:lv3; gc_fid:pls:bp_20:lv4; gc_fid:pls:bp_35:lv1; gc_fid:pls:bp_35:lv2; gc_fid:pls:bp_35:lv3,gc_fid:pca:pc1(1.000); gc_fid:pca:pc2(1.000); gc_fid:pca:pc3(1.000); gc_fid:pca:pc4(1.000); gc_fid:pca:pc5(1.000); gc_fid:pls:bp_20:lv1(1.000); gc_fid:pls:bp_20:lv2(1.000); gc_fid:pls:bp_20:lv3(1.000),petroleum_fraction_db_024,BP_35,analysis_only,equal_weight
2,petroleum_fraction_db_008,0.548731,434.8,33,gc_fid:pca:pc1; gc_fid:pca:pc2; gc_fid:pca:pc3; gc_fid:pca:pc4; gc_fid:pca:pc5; gc_fid:pls:bp_20:lv1; gc_fid:pls:bp_20:lv2; gc_fid:pls:bp_20:lv3; gc_fid:pls:bp_20:lv4; gc_fid:pls:bp_35:lv1; gc_fid:pls:bp_35:lv2; gc_fid:pls:bp_35:lv3,gc_fid:pca:pc1(1.000); gc_fid:pca:pc2(1.000); gc_fid:pca:pc3(1.000); gc_fid:pca:pc4(1.000); gc_fid:pca:pc5(1.000); gc_fid:pls:bp_20:lv1(1.000); gc_fid:pls:bp_20:lv2(1.000); gc_fid:pls:bp_20:lv3(1.000),petroleum_fraction_db_024,BP_35,analysis_only,equal_weight
3,petroleum_fraction_db_030,0.616241,448.2,33,gc_fid:pca:pc1; gc_fid:pca:pc2; gc_fid:pca:pc3; gc_fid:pca:pc4; gc_fid:pca:pc5; gc_fid:pls:bp_20:lv1; gc_fid:pls:bp_20:lv2; gc_fid:pls:bp_20:lv3; gc_fid:pls:bp_20:lv4; gc_fid:pls:bp_35:lv1; gc_fid:pls:bp_35:lv2; gc_fid:pls:bp_35:lv3,gc_fid:pca:pc1(1.000); gc_fid:pca:pc2(1.000); gc_fid:pca:pc3(1.000); gc_fid:pca:pc4(1.000); gc_fid:pca:pc5(1.000); gc_fid:pls:bp_20:lv1(1.000); gc_fid:pls:bp_20:lv2(1.000); gc_fid:pls:bp_20:lv3(1.000),petroleum_fraction_db_024,BP_35,analysis_only,equal_weight
4,petroleum_fraction_db_023,0.634082,433.4,33,gc_fid:pca:pc1; gc_fid:pca:pc2; gc_fid:pca:pc3; gc_fid:pca:pc4; gc_fid:pca:pc5; gc_fid:pls:bp_20:lv1; gc_fid:pls:bp_20:lv2; gc_fid:pls:bp_20:lv3; gc_fid:pls:bp_20:lv4; gc_fid:pls:bp_35:lv1; gc_fid:pls:bp_35:lv2; gc_fid:pls:bp_35:lv3,gc_fid:pca:pc1(1.000); gc_fid:pca:pc2(1.000); gc_fid:pca:pc3(1.000); gc_fid:pca:pc4(1.000); gc_fid:pca:pc5(1.000); gc_fid:pls:bp_20:lv1(1.000); gc_fid:pls:bp_20:lv2(1.000); gc_fid:pls:bp_20:lv3(1.000),petroleum_fraction_db_024,BP_35,analysis_only,equal_weight
1,petroleum_fraction_db_046,0.302057,456.8,33,gc_fid:pca:pc1; gc_fid:pca:pc2; gc_fid:pca:pc3; gc_fid:pca:pc4; gc_fid:pca:pc5; gc_fid:pls:bp_20:lv1; gc_fid:pls:bp_20:lv2; gc_fid:pls:bp_20:lv3; gc_fid:pls:bp_20:lv4; gc_fid:pls:bp_35:lv1; gc_fid:pls:bp_35:lv2; gc_fid:pls:bp_35:lv3,gc_fid:pls:density_20c:lv1(0.967); gc_fid:pls:bp_35:lv1(0.949); gc_fid:pls:saturates:lv1(0.948); gc_fid:pls:bp_20:lv1(0.948); gc_fid:pls:bp_50:lv1(0.948); gc_fid:pls:bp_65:lv1(0.947); gc_fid:pls:bp_80:lv1(0.946); gc_fid:pca:pc1(0.921),petroleum_fraction_db_024,BP_35,analysis_only,correlation_weighted
2,petroleum_fraction_db_012,0.482751,456.2,33,gc_fid:pca:pc1; gc_fid:pca:pc2; gc_fid:pca:pc3; gc_fid:pca:pc4; gc_fid:pca:pc5; gc_fid:pls:bp_20:lv1; gc_fid:pls:bp_20:lv2; gc_fid:pls:bp_20:lv3; gc_fid:pls:bp_20:lv4; gc_fid:pls:bp_35:lv1; gc_fid:pls:bp_35:lv2; gc_fid:pls:bp_35:lv3,gc_fid:pls:density_20c:lv1(0.967); gc_fid:pls:bp_35:lv1(0.949); gc_fid:pls:saturates:lv1(0.948); gc_fid:pls:bp_20:lv1(0.948); gc_fid:pls:bp_50:lv1(0.948); gc_fid:pls:bp_65:lv1(0.947); gc_fid:pls:bp_80:lv1(0.946); gc_fid:pca:pc1(0.921),petroleum_fraction_db_024,BP_35,analysis_only,correlation_weighted
3,petroleum_fraction_db_008,0.491344,434.8,33,gc_fid:pca:pc1; gc_fid:pca:pc2; gc_fid:pca:pc3; gc_fid:pca:pc4; gc_fid:pca:pc5; gc_fid:pls:bp_20:lv1; gc_fid:pls:bp_20:lv2; gc_fid:pls:bp_20:lv3; gc_fid:pls:bp_20:lv4; gc_fid:pls:bp_35:lv1; gc_fid:pls:bp_35:lv2; gc_fid:pls:bp_35:lv3,gc_fid:pls:density_20c:lv1(0.967); gc_fid:pls:bp_35:lv1(0.949); gc_fid:pls:saturates:lv1(0.948); gc_fid:pls:bp_20:lv1(0.948); gc_fid:pls:bp_50:lv1(0.948); gc_fid:pls:bp_65:lv1(0.947); gc_fid:pls:bp_80:lv1(0.946); gc_fid:pca:pc1(0.921),petroleum_fraction_db_024,BP_35,analysis_only,correlation_weighted
4,petroleum_fraction_db_023,0.515262,433.4,33,gc_fid:pca:pc1; gc_fid:pca:pc2; gc_fid:pca:pc3; gc_fid:pca:pc4; gc_fid:pca:pc5; gc_fid:pls:bp_20:lv1; gc_fid:pls:bp_20:lv2; gc_fid:pls:bp_20:lv3; gc_fid:pls:bp_20:lv4; gc_fid:pls:bp_35:lv1; gc_fid:pls:bp_35:lv2; gc_fid:pls:bp_35:lv3,gc_fid:pls:density_20c:lv1(0.967); gc_fid:pls:bp_35:lv1(0.949); gc_fid:pls:saturates:lv1(0.948); gc_fid:pls:bp_20:lv1(0.948); gc_fid:pls:bp_50:lv1(0.948); gc_fid:pls:bp_65:lv1(0.947); gc_fid:pls:bp_80:lv1(0.946); gc_fid:pca:pc1(0.921),petroleum_fraction_db_024,BP_35,analysis_only,correlation_weighted
1,petroleum_fraction_db_046,0.588314,456.8,39,bulk_property:bp_20; bulk_property:bp_50; bulk_property:bp_65; bulk_property:bp_80; bulk_property:density_20c; bulk_property:saturates; gc_fid:pca:pc1; gc_fid:pca:pc2; gc_fid:pca:pc3; gc_fid:pca:pc4; gc_fid:pca:pc5; gc_fid:pls:bp_20:lv1,bulk_property:bp_20(1.000); bulk_property:bp_50(1.000); bulk_property:bp_65(1.000); bulk_property:bp_80(1.000); bulk_property:density_20c(1.000); bulk_property:saturates(1.000); gc_fid:pca:pc1(1.000); gc_fid:pca:pc2(1.000),petroleum_fraction_db_024,BP_35,analysis_plus_non_target_bulk,equal_weight
2,petroleum_fraction_db_023,0.590992,433.4,39,bulk_property:bp_20; bulk_property:bp_50; bulk_property:bp_65; bulk_property:bp_80; bulk_property:density_20c; bulk_property:saturates; gc_fid:pca:pc1; gc_fid:pca:pc2; gc_fid:pca:pc3; gc_fid:pca:pc4; gc_fid:pca:pc5; gc_fid:pls:bp_20:lv1,bulk_property:bp_20(1.000); bulk_property:bp_50(1.000); bulk_property:bp_65(1.000); bulk_property:bp_80(1.000); bulk_property:density_20c(1.000); bulk_property:saturates(1.000); gc_fid:pca:pc1(1.000); gc_fid:pca:pc2(1.000),petroleum_fraction_db_024,BP_35,analysis_plus_non_target_bulk,equal_weight
3,petroleum_fraction_db_008,0.625435,434.8,39,bulk_property:bp_20; bulk_property:bp_50; bulk_property:bp_65; bulk_property:bp_80; bulk_property:density_20c; bulk_property:saturates; gc_fid:pca:pc1; gc_fid:pca:pc2; gc_fid:pca:pc3; gc_fid:pca:pc4; gc_fid:pca:pc5; gc_fid:pls:bp_20:lv1,bulk_property:bp_20(1.000); bulk_property:bp_50(1.000); bulk_property:bp_65(1.000); bulk_property:bp_80(1.000); bulk_property:density_20c(1.000); bulk_property:saturates(1.000); gc_fid:pca:pc1(1.000); gc_fid:pca:pc2(1.000),petroleum_fraction_db_024,BP_35,analysis_plus_non_target_bulk,equal_weight
4,petroleum_fraction_db_030,0.628251,448.2,39,bulk_property:bp_20; bulk_property:bp_50; bulk_property:bp_65; bulk_property:bp_80; bulk_property:density_20c; bulk_property:saturates; gc_fid:pca:pc1; gc_fid:pca:pc2; gc_fid:pca:pc3; gc_fid:pca:pc4; gc_fid:pca:pc5; gc_fid:pls:bp_20:lv1,bulk_property:bp_20(1.000); bulk_property:bp_50(1.000); bulk_property:bp_65(1.000); bulk_property:bp_80(1.000); bulk_property:density_20c(1.000); bulk_property:saturates(1.000); gc_fid:pca:pc1(1.000); gc_fid:pca:pc2(1.000),petroleum_fraction_db_024,BP_35,analysis_plus_non_target_bulk,equal_weight
1,petroleum_fraction_db_046,0.464656,456.8,39,bulk_property:bp_20; bulk_property:bp_50; bulk_property:bp_65; bulk_property:bp_80; bulk_property:density_20c; bulk_property:saturates; gc_fid:pca:pc1; gc_fid:pca:pc2; gc_fid:pca:pc3; gc_fid:pca:pc4; gc_fid:pca:pc5; gc_fid:pls:bp_20:lv1,bulk_property:bp_20(1.040); bulk_property:bp_50(1.040); bulk_property:bp_65(1.020); bulk_property:bp_80(0.982); gc_fid:pls:density_20c:lv1(0.967); gc_fid:pls:bp_35:lv1(0.949); gc_fid:pls:saturates:lv1(0.948); gc_fid:pls:bp_20:lv1(0.948),petroleum_fraction_db_024,BP_35,analysis_plus_non_target_bulk,correlation_weighted
2,petroleum_fraction_db_023,0.465701,433.4,39,bulk_property:bp_20; bulk_property:bp_50; bulk_property:bp_65; bulk_property:bp_80; bulk_property:density_20c; bulk_property:saturates; gc_fid:pca:pc1; gc_fid:pca:pc2; gc_fid:pca:pc3; gc_fid:pca:pc4; gc_fid:pca:pc5; gc_fid:pls:bp_20:lv1,bulk_property:bp_20(1.040); bulk_property:bp_50(1.040); bulk_property:bp_65(1.020); bulk_property:bp_80(0.982); gc_fid:pls:density_20c:lv1(0.967); gc_fid:pls:bp_35:lv1(0.949); gc_fid:pls:saturates:lv1(0.948); gc_fid:pls:bp_20:lv1(0.948),petroleum_fraction_db_024,BP_35,analysis_plus_non_target_bulk,correlation_weighted
3,petroleum_fraction_db_008,0.551883,434.8,39,bulk_property:bp_20; bulk_property:bp_50; bulk_property:bp_65; bulk_property:bp_80; bulk_property:density_20c; bulk_property:saturates; gc_fid:pca:pc1; gc_fid:pca:pc2; gc_fid:pca:pc3; gc_fid:pca:pc4; gc_fid:pca:pc5; gc_fid:pls:bp_20:lv1,bulk_property:bp_20(1.040); bulk_property:bp_50(1.040); bulk_property:bp_65(1.020); bulk_property:bp_80(0.982); gc_fid:pls:density_20c:lv1(0.967); gc_fid:pls:bp_35:lv1(0.949); gc_fid:pls:saturates:lv1(0.948); gc_fid:pls:bp_20:lv1(0.948),petroleum_fraction_db_024,BP_35,analysis_plus_non_target_bulk,correlation_weighted
4,petroleum_fraction_db_012,0.557129,456.2,39,bulk_property:bp_20; bulk_property:bp_50; bulk_property:bp_65; bulk_property:bp_80; bulk_property:density_20c; bulk_property:saturates; gc_fid:pca:pc1; gc_fid:pca:pc2; gc_fid:pca:pc3; gc_fid:pca:pc4; gc_fid:pca:pc5; gc_fid:pls:bp_20:lv1,bulk_property:bp_20(1.040); bulk_property:bp_50(1.040); bulk_property:bp_65(1.020); bulk_property:bp_80(0.982); gc_fid:pls:density_20c:lv1(0.967); gc_fid:pls:bp_35:lv1(0.949); gc_fid:pls:saturates:lv1(0.948); gc_fid:pls:bp_20:lv1(0.948),petroleum_fraction_db_024,BP_35,analysis_plus_non_target_bulk,correlation_weighted
1,petroleum_fraction_db_046,0.475077,468.0,33,gc_fid:pca:pc1; gc_fid:pca:pc2; gc_fid:pca:pc3; gc_fid:pca:pc4; gc_fid:pca:pc5; gc_fid:pls:bp_20:lv1; gc_fid:pls:bp_20:lv2; gc_fid:pls:bp_20:lv3; gc_fid:pls:bp_20:lv4; gc_fid:pls:bp_35:lv1; gc_fid:pls:bp_35:lv2; gc_fid:pls:bp_35:lv3,gc_fid:pca:pc1(1.000); gc_fid:pca:pc2(1.000); gc_fid:pca:pc3(1.000); gc_fid:pca:pc4(1.000); gc_fid:pca:pc5(1.000); gc_fid:pls:bp_20:lv1(1.000); gc_fid:pls:bp_20:lv2(1.000); gc_fid:pls:bp_20:lv3(1.000),petroleum_fraction_db_024,BP_50,analysis_only,equal_weight
2,petroleum_fraction_db_008,0.548731,452.2,33,gc_fid:pca:pc1; gc_fid:pca:pc2; gc_fid:pca:pc3; gc_fid:pca:pc4; gc_fid:pca:pc5; gc_fid:pls:bp_20:lv1; gc_fid:pls:bp_20:lv2; gc_fid:pls:bp_20:lv3; gc_fid:pls:bp_20:lv4; gc_fid:pls:bp_35:lv1; gc_fid:pls:bp_35:lv2; gc_fid:pls:bp_35:lv3,gc_fid:pca:pc1(1.000); gc_fid:pca:pc2(1.000); gc_fid:pca:pc3(1.000); gc_fid:pca:pc4(1.000); gc_fid:pca:pc5(1.000); gc_fid:pls:bp_20:lv1(1.000); gc_fid:pls:bp_20:lv2(1.000); gc_fid:pls:bp_20:lv3(1.000),petroleum_fraction_db_024,BP_50,analysis_only,equal_weight
3,petroleum_fraction_db_030,0.616241,467.2,33,gc_fid:pca:pc1; gc_fid:pca:pc2; gc_fid:pca:pc3; gc_fid:pca:pc4; gc_fid:pca:pc5; gc_fid:pls:bp_20:lv1; gc_fid:pls:bp_20:lv2; gc_fid:pls:bp_20:lv3; gc_fid:pls:bp_20:lv4; gc_fid:pls:bp_35:lv1; gc_fid:pls:bp_35:lv2; gc_fid:pls:bp_35:lv3,gc_fid:pca:pc1(1.000); gc_fid:pca:pc2(1.000); gc_fid:pca:pc3(1.000); gc_fid:pca:pc4(1.000); gc_fid:pca:pc5(1.000); gc_fid:pls:bp_20:lv1(1.000); gc_fid:pls:bp_20:lv2(1.000); gc_fid:pls:bp_20:lv3(1.000),petroleum_fraction_db_024,BP_50,analysis_only,equal_weight
4,petroleum_fraction_db_023,0.634082,440.2,33,gc_fid:pca:pc1; gc_fid:pca:pc2; gc_fid:pca:pc3; gc_fid:pca:pc4; gc_fid:pca:pc5; gc_fid:pls:bp_20:lv1; gc_fid:pls:bp_20:lv2; gc_fid:pls:bp_20:lv3; gc_fid:pls:bp_20:lv4; gc_fid:pls:bp_35:lv1; gc_fid:pls:bp_35:lv2; gc_fid:pls:bp_35:lv3,gc_fid:pca:pc1(1.000); gc_fid:pca:pc2(1.000); gc_fid:pca:pc3(1.000); gc_fid:pca:pc4(1.000); gc_fid:pca:pc5(1.000); gc_fid:pls:bp_20:lv1(1.000); gc_fid:pls:bp_20:lv2(1.000); gc_fid:pls:bp_20:lv3(1.000),petroleum_fraction_db_024,BP_50,analysis_only,equal_weight
1,petroleum_fraction_db_046,0.304011,468.0,33,gc_fid:pca:pc1; gc_fid:pca:pc2; gc_fid:pca:pc3; gc_fid:pca:pc4; gc_fid:pca:pc5; gc_fid:pls:bp_20:lv1; gc_fid:pls:bp_20:lv2; gc_fid:pls:bp_20:lv3; gc_fid:pls:bp_20:lv4; gc_fid:pls:bp_35:lv1; gc_fid:pls:bp_35:lv2; gc_fid:pls:bp_35:lv3,gc_fid:pls:density_20c:lv1(0.977); gc_fid:pls:saturates:lv1(0.960); gc_fid:pls:bp_50:lv1(0.951); gc_fid:pls:bp_80:lv1(0.951); gc_fid:pls:bp_35:lv1(0.951); gc_fid:pls:bp_65:lv1(0.951); gc_fid:pls:bp_20:lv1(0.949); gc_fid:pca:pc1(0.923),petroleum_fraction_db_024,BP_50,analysis_only,correlation_weighted
2,petroleum_fraction_db_008,0.468409,452.2,33,gc_fid:pca:pc1; gc_fid:pca:pc2; gc_fid:pca:pc3; gc_fid:pca:pc4; gc_fid:pca:pc5; gc_fid:pls:bp_20:lv1; gc_fid:pls:bp_20:lv2; gc_fid:pls:bp_20:lv3; gc_fid:pls:bp_20:lv4; gc_fid:pls:bp_35:lv1; gc_fid:pls:bp_35:lv2; gc_fid:pls:bp_35:lv3,gc_fid:pls:density_20c:lv1(0.977); gc_fid:pls:saturates:lv1(0.960); gc_fid:pls:bp_50:lv1(0.951); gc_fid:pls:bp_80:lv1(0.951); gc_fid:pls:bp_35:lv1(0.951); gc_fid:pls:bp_65:lv1(0.951); gc_fid:pls:bp_20:lv1(0.949); gc_fid:pca:pc1(0.923),petroleum_fraction_db_024,BP_50,analysis_only,correlation_weighted
3,petroleum_fraction_db_012,0.48847,470.0,33,gc_fid:pca:pc1; gc_fid:pca:pc2; gc_fid:pca:pc3; gc_fid:pca:pc4; gc_fid:pca:pc5; gc_fid:pls:bp_20:lv1; gc_fid:pls:bp_20:lv2; gc_fid:pls:bp_20:lv3; gc_fid:pls:bp_20:lv4; gc_fid:pls:bp_35:lv1; gc_fid:pls:bp_35:lv2; gc_fid:pls:bp_35:lv3,gc_fid:pls:density_20c:lv1(0.977); gc_fid:pls:saturates:lv1(0.960); gc_fid:pls:bp_50:lv1(0.951); gc_fid:pls:bp_80:lv1(0.951); gc_fid:pls:bp_35:lv1(0.951); gc_fid:pls:bp_65:lv1(0.951); gc_fid:pls:bp_20:lv1(0.949); gc_fid:pca:pc1(0.923),petroleum_fraction_db_024,BP_50,analysis_only,correlation_weighted
4,petroleum_fraction_db_011,0.497416,430.8,33,gc_fid:pca:pc1; gc_fid:pca:pc2; gc_fid:pca:pc3; gc_fid:pca:pc4; gc_fid:pca:pc5; gc_fid:pls:bp_20:lv1; gc_fid:pls:bp_20:lv2; gc_fid:pls:bp_20:lv3; gc_fid:pls:bp_20:lv4; gc_fid:pls:bp_35:lv1; gc_fid:pls:bp_35:lv2; gc_fid:pls:bp_35:lv3,gc_fid:pls:density_20c:lv1(0.977); gc_fid:pls:saturates:lv1(0.960); gc_fid:pls:bp_50:lv1(0.951); gc_fid:pls:bp_80:lv1(0.951); gc_fid:pls:bp_35:lv1(0.951); gc_fid:pls:bp_65:lv1(0.951); gc_fid:pls:bp_20:lv1(0.949); gc_fid:pca:pc1(0.923),petroleum_fraction_db_024,BP_50,analysis_only,correlation_weighted
1,petroleum_fraction_db_046,0.588289,468.0,39,bulk_property:bp_20; bulk_property:bp_35; bulk_property:bp_65; bulk_property:bp_80; bulk_property:density_20c; bulk_property:saturates; gc_fid:pca:pc1; gc_fid:pca:pc2; gc_fid:pca:pc3; gc_fid:pca:pc4; gc_fid:pca:pc5; gc_fid:pls:bp_20:lv1,bulk_property:bp_20(1.000); bulk_property:bp_35(1.000); bulk_property:bp_65(1.000); bulk_property:bp_80(1.000); bulk_property:density_20c(1.000); bulk_property:saturates(1.000); gc_fid:pca:pc1(1.000); gc_fid:pca:pc2(1.000),petroleum_fraction_db_024,BP_50,analysis_plus_non_target_bulk,equal_weight
2,petroleum_fraction_db_023,0.590232,440.2,39,bulk_property:bp_20; bulk_property:bp_35; bulk_property:bp_65; bulk_property:bp_80; bulk_property:density_20c; bulk_property:saturates; gc_fid:pca:pc1; gc_fid:pca:pc2; gc_fid:pca:pc3; gc_fid:pca:pc4; gc_fid:pca:pc5; gc_fid:pls:bp_20:lv1,bulk_property:bp_20(1.000); bulk_property:bp_35(1.000); bulk_property:bp_65(1.000); bulk_property:bp_80(1.000); bulk_property:density_20c(1.000); bulk_property:saturates(1.000); gc_fid:pca:pc1(1.000); gc_fid:pca:pc2(1.000),petroleum_fraction_db_024,BP_50,analysis_plus_non_target_bulk,equal_weight
3,petroleum_fraction_db_008,0.626189,452.2,39,bulk_property:bp_20; bulk_property:bp_35; bulk_property:bp_65; bulk_property:bp_80; bulk_property:density_20c; bulk_property:saturates; gc_fid:pca:pc1; gc_fid:pca:pc2; gc_fid:pca:pc3; gc_fid:pca:pc4; gc_fid:pca:pc5; gc_fid:pls:bp_20:lv1,bulk_property:bp_20(1.000); bulk_property:bp_35(1.000); bulk_property:bp_65(1.000); bulk_property:bp_80(1.000); bulk_property:density_20c(1.000); bulk_property:saturates(1.000); gc_fid:pca:pc1(1.000); gc_fid:pca:pc2(1.000),petroleum_fraction_db_024,BP_50,analysis_plus_non_target_bulk,equal_weight
4,petroleum_fraction_db_030,0.627693,467.2,39,bulk_property:bp_20; bulk_property:bp_35; bulk_property:bp_65; bulk_property:bp_80; bulk_property:density_20c; bulk_property:saturates; gc_fid:pca:pc1; gc_fid:pca:pc2; gc_fid:pca:pc3; gc_fid:pca:pc4; gc_fid:pca:pc5; gc_fid:pls:bp_20:lv1,bulk_property:bp_20(1.000); bulk_property:bp_35(1.000); bulk_property:bp_65(1.000); bulk_property:bp_80(1.000); bulk_property:density_20c(1.000); bulk_property:saturates(1.000); gc_fid:pca:pc1(1.000); gc_fid:pca:pc2(1.000),petroleum_fraction_db_024,BP_50,analysis_plus_non_target_bulk,equal_weight
1,petroleum_fraction_db_023,0.467532,440.2,39,bulk_property:bp_20; bulk_property:bp_35; bulk_property:bp_65; bulk_property:bp_80; bulk_property:density_20c; bulk_property:saturates; gc_fid:pca:pc1; gc_fid:pca:pc2; gc_fid:pca:pc3; gc_fid:pca:pc4; gc_fid:pca:pc5; gc_fid:pls:bp_20:lv1,bulk_property:bp_65(1.042); bulk_property:bp_35(1.040); bulk_property:bp_80(1.018); bulk_property:bp_20(1.015); gc_fid:pls:density_20c:lv1(0.977); gc_fid:pls:saturates:lv1(0.960); gc_fid:pls:bp_50:lv1(0.951); gc_fid:pls:bp_80:lv1(0.951),petroleum_fraction_db_024,BP_50,analysis_plus_non_target_bulk,correlation_weighted
2,petroleum_fraction_db_046,0.47096,468.0,39,bulk_property:bp_20; bulk_property:bp_35; bulk_property:bp_65; bulk_property:bp_80; bulk_property:density_20c; bulk_property:saturates; gc_fid:pca:pc1; gc_fid:pca:pc2; gc_fid:pca:pc3; gc_fid:pca:pc4; gc_fid:pca:pc5; gc_fid:pls:bp_20:lv1,bulk_property:bp_65(1.042); bulk_property:bp_35(1.040); bulk_property:bp_80(1.018); bulk_property:bp_20(1.015); gc_fid:pls:density_20c:lv1(0.977); gc_fid:pls:saturates:lv1(0.960); gc_fid:pls:bp_50:lv1(0.951); gc_fid:pls:bp_80:lv1(0.951),petroleum_fraction_db_024,BP_50,analysis_plus_non_target_bulk,correlation_weighted
3,petroleum_fraction_db_008,0.543943,452.2,39,bulk_property:bp_20; bulk_property:bp_35; bulk_property:bp_65; bulk_property:bp_80; bulk_property:density_20c; bulk_property:saturates; gc_fid:pca:pc1; gc_fid:pca:pc2; gc_fid:pca:pc3; gc_fid:pca:pc4; gc_fid:pca:pc5; gc_fid:pls:bp_20:lv1,bulk_property:bp_65(1.042); bulk_property:bp_35(1.040); bulk_property:bp_80(1.018); bulk_property:bp_20(1.015); gc_fid:pls:density_20c:lv1(0.977); gc_fid:pls:saturates:lv1(0.960); gc_fid:pls:bp_50:lv1(0.951); gc_fid:pls:bp_80:lv1(0.951),petroleum_fraction_db_024,BP_50,analysis_plus_non_target_bulk,correlation_weighted
4,petroleum_fraction_db_030,0.561618,467.2,39,bulk_property:bp_20; bulk_property:bp_35; bulk_property:bp_65; bulk_property:bp_80; bulk_property:density_20c; bulk_property:saturates; gc_fid:pca:pc1; gc_fid:pca:pc2; gc_fid:pca:pc3; gc_fid:pca:pc4; gc_fid:pca:pc5; gc_fid:pls:bp_20:lv1,bulk_property:bp_65(1.042); bulk_property:bp_35(1.040); bulk_property:bp_80(1.018); bulk_property:bp_20(1.015); gc_fid:pls:density_20c:lv1(0.977); gc_fid:pls:saturates:lv1(0.960); gc_fid:pls:bp_50:lv1(0.951); gc_fid:pls:bp_80:lv1(0.951),petroleum_fraction_db_024,BP_50,analysis_plus_non_target_bulk,correlation_weighted
1,petroleum_fraction_db_046,0.475077,479.8,33,gc_fid:pca:pc1; gc_fid:pca:pc2; gc_fid:pca:pc3; gc_fid:pca:pc4; gc_fid:pca:pc5; gc_fid:pls:bp_20:lv1; gc_fid:pls:bp_20:lv2; gc_fid:pls:bp_20:lv3; gc_fid:pls:bp_20:lv4; gc_fid:pls:bp_35:lv1; gc_fid:pls:bp_35:lv2; gc_fid:pls:bp_35:lv3,gc_fid:pca:pc1(1.000); gc_fid:pca:pc2(1.000); gc_fid:pca:pc3(1.000); gc_fid:pca:pc4(1.000); gc_fid:pca:pc5(1.000); gc_fid:pls:bp_20:lv1(1.000); gc_fid:pls:bp_20:lv2(1.000); gc_fid:pls:bp_20:lv3(1.000),petroleum_fraction_db_024,BP_65,analysis_only,equal_weight
2,petroleum_fraction_db_008,0.548731,472.8,33,gc_fid:pca:pc1; gc_fid:pca:pc2; gc_fid:pca:pc3; gc_fid:pca:pc4; gc_fid:pca:pc5; gc_fid:pls:bp_20:lv1; gc_fid:pls:bp_20:lv2; gc_fid:pls:bp_20:lv3; gc_fid:pls:bp_20:lv4; gc_fid:pls:bp_35:lv1; gc_fid:pls:bp_35:lv2; gc_fid:pls:bp_35:lv3,gc_fid:pca:pc1(1.000); gc_fid:pca:pc2(1.000); gc_fid:pca:pc3(1.000); gc_fid:pca:pc4(1.000); gc_fid:pca:pc5(1.000); gc_fid:pls:bp_20:lv1(1.000); gc_fid:pls:bp_20:lv2(1.000); gc_fid:pls:bp_20:lv3(1.000),petroleum_fraction_db_024,BP_65,analysis_only,equal_weight
3,petroleum_fraction_db_030,0.616241,487.6,33,gc_fid:pca:pc1; gc_fid:pca:pc2; gc_fid:pca:pc3; gc_fid:pca:pc4; gc_fid:pca:pc5; gc_fid:pls:bp_20:lv1; gc_fid:pls:bp_20:lv2; gc_fid:pls:bp_20:lv3; gc_fid:pls:bp_20:lv4; gc_fid:pls:bp_35:lv1; gc_fid:pls:bp_35:lv2; gc_fid:pls:bp_35:lv3,gc_fid:pca:pc1(1.000); gc_fid:pca:pc2(1.000); gc_fid:pca:pc3(1.000); gc_fid:pca:pc4(1.000); gc_fid:pca:pc5(1.000); gc_fid:pls:bp_20:lv1(1.000); gc_fid:pls:bp_20:lv2(1.000); gc_fid:pls:bp_20:lv3(1.000),petroleum_fraction_db_024,BP_65,analysis_only,equal_weight
4,petroleum_fraction_db_023,0.634082,447.4,33,gc_fid:pca:pc1; gc_fid:pca:pc2; gc_fid:pca:pc3; gc_fid:pca:pc4; gc_fid:pca:pc5; gc_fid:pls:bp_20:lv1; gc_fid:pls:bp_20:lv2; gc_fid:pls:bp_20:lv3; gc_fid:pls:bp_20:lv4; gc_fid:pls:bp_35:lv1; gc_fid:pls:bp_35:lv2; gc_fid:pls:bp_35:lv3,gc_fid:pca:pc1(1.000); gc_fid:pca:pc2(1.000); gc_fid:pca:pc3(1.000); gc_fid:pca:pc4(1.000); gc_fid:pca:pc5(1.000); gc_fid:pls:bp_20:lv1(1.000); gc_fid:pls:bp_20:lv2(1.000); gc_fid:pls:bp_20:lv3(1.000),petroleum_fraction_db_024,BP_65,analysis_only,equal_weight
1,petroleum_fraction_db_046,0.306579,479.8,33,gc_fid:pca:pc1; gc_fid:pca:pc2; gc_fid:pca:pc3; gc_fid:pca:pc4; gc_fid:pca:pc5; gc_fid:pls:bp_20:lv1; gc_fid:pls:bp_20:lv2; gc_fid:pls:bp_20:lv3; gc_fid:pls:bp_20:lv4; gc_fid:pls:bp_35:lv1; gc_fid:pls:bp_35:lv2; gc_fid:pls:bp_35:lv3,gc_fid:pls:density_20c:lv1(0.980); gc_fid:pls:saturates:lv1(0.965); gc_fid:pls:bp_80:lv1(0.952); gc_fid:pls:bp_65:lv1(0.951); gc_fid:pls:bp_50:lv1(0.951); gc_fid:pls:bp_35:lv1(0.950); gc_fid:pls:bp_20:lv1(0.947); gc_fid:pca:pc1(0.922),petroleum_fraction_db_024,BP_65,analysis_only,correlation_weighted
2,petroleum_fraction_db_008,0.451108,472.8,33,gc_fid:pca:pc1; gc_fid:pca:pc2; gc_fid:pca:pc3; gc_fid:pca:pc4; gc_fid:pca:pc5; gc_fid:pls:bp_20:lv1; gc_fid:pls:bp_20:lv2; gc_fid:pls:bp_20:lv3; gc_fid:pls:bp_20:lv4; gc_fid:pls:bp_35:lv1; gc_fid:pls:bp_35:lv2; gc_fid:pls:bp_35:lv3,gc_fid:pls:density_20c:lv1(0.980); gc_fid:pls:saturates:lv1(0.965); gc_fid:pls:bp_80:lv1(0.952); gc_fid:pls:bp_65:lv1(0.951); gc_fid:pls:bp_50:lv1(0.951); gc_fid:pls:bp_35:lv1(0.950); gc_fid:pls:bp_20:lv1(0.947); gc_fid:pca:pc1(0.922),petroleum_fraction_db_024,BP_65,analysis_only,correlation_weighted
3,petroleum_fraction_db_011,0.47919,445.6,33,gc_fid:pca:pc1; gc_fid:pca:pc2; gc_fid:pca:pc3; gc_fid:pca:pc4; gc_fid:pca:pc5; gc_fid:pls:bp_20:lv1; gc_fid:pls:bp_20:lv2; gc_fid:pls:bp_20:lv3; gc_fid:pls:bp_20:lv4; gc_fid:pls:bp_35:lv1; gc_fid:pls:bp_35:lv2; gc_fid:pls:bp_35:lv3,gc_fid:pls:density_20c:lv1(0.980); gc_fid:pls:saturates:lv1(0.965); gc_fid:pls:bp_80:lv1(0.952); gc_fid:pls:bp_65:lv1(0.951); gc_fid:pls:bp_50:lv1(0.951); gc_fid:pls:bp_35:lv1(0.950); gc_fid:pls:bp_20:lv1(0.947); gc_fid:pca:pc1(0.922),petroleum_fraction_db_024,BP_65,analysis_only,correlation_weighted
4,petroleum_fraction_db_012,0.498021,482.4,33,gc_fid:pca:pc1; gc_fid:pca:pc2; gc_fid:pca:pc3; gc_fid:pca:pc4; gc_fid:pca:pc5; gc_fid:pls:bp_20:lv1; gc_fid:pls:bp_20:lv2; gc_fid:pls:bp_20:lv3; gc_fid:pls:bp_20:lv4; gc_fid:pls:bp_35:lv1; gc_fid:pls:bp_35:lv2; gc_fid:pls:bp_35:lv3,gc_fid:pls:density_20c:lv1(0.980); gc_fid:pls:saturates:lv1(0.965); gc_fid:pls:bp_80:lv1(0.952); gc_fid:pls:bp_65:lv1(0.951); gc_fid:pls:bp_50:lv1(0.951); gc_fid:pls:bp_35:lv1(0.950); gc_fid:pls:bp_20:lv1(0.947); gc_fid:pca:pc1(0.922),petroleum_fraction_db_024,BP_65,analysis_only,correlation_weighted
1,petroleum_fraction_db_046,0.588334,479.8,39,bulk_property:bp_20; bulk_property:bp_35; bulk_property:bp_50; bulk_property:bp_80; bulk_property:density_20c; bulk_property:saturates; gc_fid:pca:pc1; gc_fid:pca:pc2; gc_fid:pca:pc3; gc_fid:pca:pc4; gc_fid:pca:pc5; gc_fid:pls:bp_20:lv1,bulk_property:bp_20(1.000); bulk_property:bp_35(1.000); bulk_property:bp_50(1.000); bulk_property:bp_80(1.000); bulk_property:density_20c(1.000); bulk_property:saturates(1.000); gc_fid:pca:pc1(1.000); gc_fid:pca:pc2(1.000),petroleum_fraction_db_024,BP_65,analysis_plus_non_target_bulk,equal_weight
2,petroleum_fraction_db_023,0.589235,447.4,39,bulk_property:bp_20; bulk_property:bp_35; bulk_property:bp_50; bulk_property:bp_80; bulk_property:density_20c; bulk_property:saturates; gc_fid:pca:pc1; gc_fid:pca:pc2; gc_fid:pca:pc3; gc_fid:pca:pc4; gc_fid:pca:pc5; gc_fid:pls:bp_20:lv1,bulk_property:bp_20(1.000); bulk_property:bp_35(1.000); bulk_property:bp_50(1.000); bulk_property:bp_80(1.000); bulk_property:density_20c(1.000); bulk_property:saturates(1.000); gc_fid:pca:pc1(1.000); gc_fid:pca:pc2(1.000),petroleum_fraction_db_024,BP_65,analysis_plus_non_target_bulk,equal_weight
3,petroleum_fraction_db_008,0.626303,472.8,39,bulk_property:bp_20; bulk_property:bp_35; bulk_property:bp_50; bulk_property:bp_80; bulk_property:density_20c; bulk_property:saturates; gc_fid:pca:pc1; gc_fid:pca:pc2; gc_fid:pca:pc3; gc_fid:pca:pc4; gc_fid:pca:pc5; gc_fid:pls:bp_20:lv1,bulk_property:bp_20(1.000); bulk_property:bp_35(1.000); bulk_property:bp_50(1.000); bulk_property:bp_80(1.000); bulk_property:density_20c(1.000); bulk_property:saturates(1.000); gc_fid:pca:pc1(1.000); gc_fid:pca:pc2(1.000),petroleum_fraction_db_024,BP_65,analysis_plus_non_target_bulk,equal_weight
4,petroleum_fraction_db_030,0.62634,487.6,39,bulk_property:bp_20; bulk_property:bp_35; bulk_property:bp_50; bulk_property:bp_80; bulk_property:density_20c; bulk_property:saturates; gc_fid:pca:pc1; gc_fid:pca:pc2; gc_fid:pca:pc3; gc_fid:pca:pc4; gc_fid:pca:pc5; gc_fid:pls:bp_20:lv1,bulk_property:bp_20(1.000); bulk_property:bp_35(1.000); bulk_property:bp_50(1.000); bulk_property:bp_80(1.000); bulk_property:density_20c(1.000); bulk_property:saturates(1.000); gc_fid:pca:pc1(1.000); gc_fid:pca:pc2(1.000),petroleum_fraction_db_024,BP_65,analysis_plus_non_target_bulk,equal_weight
1,petroleum_fraction_db_023,0.463496,447.4,39,bulk_property:bp_20; bulk_property:bp_35; bulk_property:bp_50; bulk_property:bp_80; bulk_property:density_20c; bulk_property:saturates; gc_fid:pca:pc1; gc_fid:pca:pc2; gc_fid:pca:pc3; gc_fid:pca:pc4; gc_fid:pca:pc5; gc_fid:pls:bp_20:lv1,bulk_property:bp_50(1.042); bulk_property:bp_80(1.039); bulk_property:bp_35(1.020); bulk_property:bp_20(0.986); gc_fid:pls:density_20c:lv1(0.980); gc_fid:pls:saturates:lv1(0.965); gc_fid:pls:bp_80:lv1(0.952); gc_fid:pls:bp_65:lv1(0.951),petroleum_fraction_db_024,BP_65,analysis_plus_non_target_bulk,correlation_weighted
2,petroleum_fraction_db_046,0.47936,479.8,39,bulk_property:bp_20; bulk_property:bp_35; bulk_property:bp_50; bulk_property:bp_80; bulk_property:density_20c; bulk_property:saturates; gc_fid:pca:pc1; gc_fid:pca:pc2; gc_fid:pca:pc3; gc_fid:pca:pc4; gc_fid:pca:pc5; gc_fid:pls:bp_20:lv1,bulk_property:bp_50(1.042); bulk_property:bp_80(1.039); bulk_property:bp_35(1.020); bulk_property:bp_20(0.986); gc_fid:pls:density_20c:lv1(0.980); gc_fid:pls:saturates:lv1(0.965); gc_fid:pls:bp_80:lv1(0.952); gc_fid:pls:bp_65:lv1(0.951),petroleum_fraction_db_024,BP_65,analysis_plus_non_target_bulk,correlation_weighted
3,petroleum_fraction_db_008,0.539846,472.8,39,bulk_property:bp_20; bulk_property:bp_35; bulk_property:bp_50; bulk_property:bp_80; bulk_property:density_20c; bulk_property:saturates; gc_fid:pca:pc1; gc_fid:pca:pc2; gc_fid:pca:pc3; gc_fid:pca:pc4; gc_fid:pca:pc5; gc_fid:pls:bp_20:lv1,bulk_property:bp_50(1.042); bulk_property:bp_80(1.039); bulk_property:bp_35(1.020); bulk_property:bp_20(0.986); gc_fid:pls:density_20c:lv1(0.980); gc_fid:pls:saturates:lv1(0.965); gc_fid:pls:bp_80:lv1(0.952); gc_fid:pls:bp_65:lv1(0.951),petroleum_fraction_db_024,BP_65,analysis_plus_non_target_bulk,correlation_weighted
4,petroleum_fraction_db_030,0.550225,487.6,39,bulk_property:bp_20; bulk_property:bp_35; bulk_property:bp_50; bulk_property:bp_80; bulk_property:density_20c; bulk_property:saturates; gc_fid:pca:pc1; gc_fid:pca:pc2; gc_fid:pca:pc3; gc_fid:pca:pc4; gc_fid:pca:pc5; gc_fid:pls:bp_20:lv1,bulk_property:bp_50(1.042); bulk_property:bp_80(1.039); bulk_property:bp_35(1.020); bulk_property:bp_20(0.986); gc_fid:pls:density_20c:lv1(0.980); gc_fid:pls:saturates:lv1(0.965); gc_fid:pls:bp_80:lv1(0.952); gc_fid:pls:bp_65:lv1(0.951),petroleum_fraction_db_024,BP_65,analysis_plus_non_target_bulk,correlation_weighted
1,petroleum_fraction_db_046,0.475077,492.2,33,gc_fid:pca:pc1; gc_fid:pca:pc2; gc_fid:pca:pc3; gc_fid:pca:pc4; gc_fid:pca:pc5; gc_fid:pls:bp_20:lv1; gc_fid:pls:bp_20:lv2; gc_fid:pls:bp_20:lv3; gc_fid:pls:bp_20:lv4; gc_fid:pls:bp_35:lv1; gc_fid:pls:bp_35:lv2; gc_fid:pls:bp_35:lv3,gc_fid:pca:pc1(1.000); gc_fid:pca:pc2(1.000); gc_fid:pca:pc3(1.000); gc_fid:pca:pc4(1.000); gc_fid:pca:pc5(1.000); gc_fid:pls:bp_20:lv1(1.000); gc_fid:pls:bp_20:lv2(1.000); gc_fid:pls:bp_20:lv3(1.000),petroleum_fraction_db_024,BP_80,analysis_only,equal_weight
2,petroleum_fraction_db_008,0.548731,497.0,33,gc_fid:pca:pc1; gc_fid:pca:pc2; gc_fid:pca:pc3; gc_fid:pca:pc4; gc_fid:pca:pc5; gc_fid:pls:bp_20:lv1; gc_fid:pls:bp_20:lv2; gc_fid:pls:bp_20:lv3; gc_fid:pls:bp_20:lv4; gc_fid:pls:bp_35:lv1; gc_fid:pls:bp_35:lv2; gc_fid:pls:bp_35:lv3,gc_fid:pca:pc1(1.000); gc_fid:pca:pc2(1.000); gc_fid:pca:pc3(1.000); gc_fid:pca:pc4(1.000); gc_fid:pca:pc5(1.000); gc_fid:pls:bp_20:lv1(1.000); gc_fid:pls:bp_20:lv2(1.000); gc_fid:pls:bp_20:lv3(1.000),petroleum_fraction_db_024,BP_80,analysis_only,equal_weight
3,petroleum_fraction_db_030,0.616241,509.4,33,gc_fid:pca:pc1; gc_fid:pca:pc2; gc_fid:pca:pc3; gc_fid:pca:pc4; gc_fid:pca:pc5; gc_fid:pls:bp_20:lv1; gc_fid:pls:bp_20:lv2; gc_fid:pls:bp_20:lv3; gc_fid:pls:bp_20:lv4; gc_fid:pls:bp_35:lv1; gc_fid:pls:bp_35:lv2; gc_fid:pls:bp_35:lv3,gc_fid:pca:pc1(1.000); gc_fid:pca:pc2(1.000); gc_fid:pca:pc3(1.000); gc_fid:pca:pc4(1.000); gc_fid:pca:pc5(1.000); gc_fid:pls:bp_20:lv1(1.000); gc_fid:pls:bp_20:lv2(1.000); gc_fid:pls:bp_20:lv3(1.000),petroleum_fraction_db_024,BP_80,analysis_only,equal_weight
4,petroleum_fraction_db_023,0.634082,457.0,33,gc_fid:pca:pc1; gc_fid:pca:pc2; gc_fid:pca:pc3; gc_fid:pca:pc4; gc_fid:pca:pc5; gc_fid:pls:bp_20:lv1; gc_fid:pls:bp_20:lv2; gc_fid:pls:bp_20:lv3; gc_fid:pls:bp_20:lv4; gc_fid:pls:bp_35:lv1; gc_fid:pls:bp_35:lv2; gc_fid:pls:bp_35:lv3,gc_fid:pca:pc1(1.000); gc_fid:pca:pc2(1.000); gc_fid:pca:pc3(1.000); gc_fid:pca:pc4(1.000); gc_fid:pca:pc5(1.000); gc_fid:pls:bp_20:lv1(1.000); gc_fid:pls:bp_20:lv2(1.000); gc_fid:pls:bp_20:lv3(1.000),petroleum_fraction_db_024,BP_80,analysis_only,equal_weight
1,petroleum_fraction_db_046,0.325696,492.2,33,gc_fid:pca:pc1; gc_fid:pca:pc2; gc_fid:pca:pc3; gc_fid:pca:pc4; gc_fid:pca:pc5; gc_fid:pls:bp_20:lv1; gc_fid:pls:bp_20:lv2; gc_fid:pls:bp_20:lv3; gc_fid:pls:bp_20:lv4; gc_fid:pls:bp_35:lv1; gc_fid:pls:bp_35:lv2; gc_fid:pls:bp_35:lv3,gc_fid:pls:density_20c:lv1(0.973); gc_fid:pls:saturates:lv1(0.962); gc_fid:pls:bp_80:lv1(0.945); gc_fid:pls:bp_65:lv1(0.942); gc_fid:pls:bp_50:lv1(0.941); gc_fid:pls:bp_35:lv1(0.939); gc_fid:pls:bp_20:lv1(0.935); gc_fid:pca:pc1(0.913),petroleum_fraction_db_024,BP_80,analysis_only,correlation_weighted
2,petroleum_fraction_db_008,0.443876,497.0,33,gc_fid:pca:pc1; gc_fid:pca:pc2; gc_fid:pca:pc3; gc_fid:pca:pc4; gc_fid:pca:pc5; gc_fid:pls:bp_20:lv1; gc_fid:pls:bp_20:lv2; gc_fid:pls:bp_20:lv3; gc_fid:pls:bp_20:lv4; gc_fid:pls:bp_35:lv1; gc_fid:pls:bp_35:lv2; gc_fid:pls:bp_35:lv3,gc_fid:pls:density_20c:lv1(0.973); gc_fid:pls:saturates:lv1(0.962); gc_fid:pls:bp_80:lv1(0.945); gc_fid:pls:bp_65:lv1(0.942); gc_fid:pls:bp_50:lv1(0.941); gc_fid:pls:bp_35:lv1(0.939); gc_fid:pls:bp_20:lv1(0.935); gc_fid:pca:pc1(0.913),petroleum_fraction_db_024,BP_80,analysis_only,correlation_weighted
3,petroleum_fraction_db_011,0.467099,465.4,33,gc_fid:pca:pc1; gc_fid:pca:pc2; gc_fid:pca:pc3; gc_fid:pca:pc4; gc_fid:pca:pc5; gc_fid:pls:bp_20:lv1; gc_fid:pls:bp_20:lv2; gc_fid:pls:bp_20:lv3; gc_fid:pls:bp_20:lv4; gc_fid:pls:bp_35:lv1; gc_fid:pls:bp_35:lv2; gc_fid:pls:bp_35:lv3,gc_fid:pls:density_20c:lv1(0.973); gc_fid:pls:saturates:lv1(0.962); gc_fid:pls:bp_80:lv1(0.945); gc_fid:pls:bp_65:lv1(0.942); gc_fid:pls:bp_50:lv1(0.941); gc_fid:pls:bp_35:lv1(0.939); gc_fid:pls:bp_20:lv1(0.935); gc_fid:pca:pc1(0.913),petroleum_fraction_db_024,BP_80,analysis_only,correlation_weighted
4,petroleum_fraction_db_023,0.515113,457.0,33,gc_fid:pca:pc1; gc_fid:pca:pc2; gc_fid:pca:pc3; gc_fid:pca:pc4; gc_fid:pca:pc5; gc_fid:pls:bp_20:lv1; gc_fid:pls:bp_20:lv2; gc_fid:pls:bp_20:lv3; gc_fid:pls:bp_20:lv4; gc_fid:pls:bp_35:lv1; gc_fid:pls:bp_35:lv2; gc_fid:pls:bp_35:lv3,gc_fid:pls:density_20c:lv1(0.973); gc_fid:pls:saturates:lv1(0.962); gc_fid:pls:bp_80:lv1(0.945); gc_fid:pls:bp_65:lv1(0.942); gc_fid:pls:bp_50:lv1(0.941); gc_fid:pls:bp_35:lv1(0.939); gc_fid:pls:bp_20:lv1(0.935); gc_fid:pca:pc1(0.913),petroleum_fraction_db_024,BP_80,analysis_only,correlation_weighted
1,petroleum_fraction_db_023,0.588557,457.0,39,bulk_property:bp_20; bulk_property:bp_35; bulk_property:bp_50; bulk_property:bp_65; bulk_property:density_20c; bulk_property:saturates; gc_fid:pca:pc1; gc_fid:pca:pc2; gc_fid:pca:pc3; gc_fid:pca:pc4; gc_fid:pca:pc5; gc_fid:pls:bp_20:lv1,bulk_property:bp_20(1.000); bulk_property:bp_35(1.000); bulk_property:bp_50(1.000); bulk_property:bp_65(1.000); bulk_property:density_20c(1.000); bulk_property:saturates(1.000); gc_fid:pca:pc1(1.000); gc_fid:pca:pc2(1.000),petroleum_fraction_db_024,BP_80,analysis_plus_non_target_bulk,equal_weight
2,petroleum_fraction_db_046,0.588597,492.2,39,bulk_property:bp_20; bulk_property:bp_35; bulk_property:bp_50; bulk_property:bp_65; bulk_property:density_20c; bulk_property:saturates; gc_fid:pca:pc1; gc_fid:pca:pc2; gc_fid:pca:pc3; gc_fid:pca:pc4; gc_fid:pca:pc5; gc_fid:pls:bp_20:lv1,bulk_property:bp_20(1.000); bulk_property:bp_35(1.000); bulk_property:bp_50(1.000); bulk_property:bp_65(1.000); bulk_property:density_20c(1.000); bulk_property:saturates(1.000); gc_fid:pca:pc1(1.000); gc_fid:pca:pc2(1.000),petroleum_fraction_db_024,BP_80,analysis_plus_non_target_bulk,equal_weight
3,petroleum_fraction_db_030,0.624917,509.4,39,bulk_property:bp_20; bulk_property:bp_35; bulk_property:bp_50; bulk_property:bp_65; bulk_property:density_20c; bulk_property:saturates; gc_fid:pca:pc1; gc_fid:pca:pc2; gc_fid:pca:pc3; gc_fid:pca:pc4; gc_fid:pca:pc5; gc_fid:pls:bp_20:lv1,bulk_property:bp_20(1.000); bulk_property:bp_35(1.000); bulk_property:bp_50(1.000); bulk_property:bp_65(1.000); bulk_property:density_20c(1.000); bulk_property:saturates(1.000); gc_fid:pca:pc1(1.000); gc_fid:pca:pc2(1.000),petroleum_fraction_db_024,BP_80,analysis_plus_non_target_bulk,equal_weight
4,petroleum_fraction_db_008,0.625453,497.0,39,bulk_property:bp_20; bulk_property:bp_35; bulk_property:bp_50; bulk_property:bp_65; bulk_property:density_20c; bulk_property:saturates; gc_fid:pca:pc1; gc_fid:pca:pc2; gc_fid:pca:pc3; gc_fid:pca:pc4; gc_fid:pca:pc5; gc_fid:pls:bp_20:lv1,bulk_property:bp_20(1.000); bulk_property:bp_35(1.000); bulk_property:bp_50(1.000); bulk_property:bp_65(1.000); bulk_property:density_20c(1.000); bulk_property:saturates(1.000); gc_fid:pca:pc1(1.000); gc_fid:pca:pc2(1.000),petroleum_fraction_db_024,BP_80,analysis_plus_non_target_bulk,equal_weight
1,petroleum_fraction_db_023,0.457821,457.0,39,bulk_property:bp_20; bulk_property:bp_35; bulk_property:bp_50; bulk_property:bp_65; bulk_property:density_20c; bulk_property:saturates; gc_fid:pca:pc1; gc_fid:pca:pc2; gc_fid:pca:pc3; gc_fid:pca:pc4; gc_fid:pca:pc5; gc_fid:pls:bp_20:lv1,bulk_property:bp_65(1.039); bulk_property:bp_50(1.018); bulk_property:bp_35(0.982); gc_fid:pls:density_20c:lv1(0.973); gc_fid:pls:saturates:lv1(0.962); gc_fid:pls:bp_80:lv1(0.945); gc_fid:pls:bp_65:lv1(0.942); gc_fid:pls:bp_50:lv1(0.941),petroleum_fraction_db_024,BP_80,analysis_plus_non_target_bulk,correlation_weighted
2,petroleum_fraction_db_046,0.494468,492.2,39,bulk_property:bp_20; bulk_property:bp_35; bulk_property:bp_50; bulk_property:bp_65; bulk_property:density_20c; bulk_property:saturates; gc_fid:pca:pc1; gc_fid:pca:pc2; gc_fid:pca:pc3; gc_fid:pca:pc4; gc_fid:pca:pc5; gc_fid:pls:bp_20:lv1,bulk_property:bp_65(1.039); bulk_property:bp_50(1.018); bulk_property:bp_35(0.982); gc_fid:pls:density_20c:lv1(0.973); gc_fid:pls:saturates:lv1(0.962); gc_fid:pls:bp_80:lv1(0.945); gc_fid:pls:bp_65:lv1(0.942); gc_fid:pls:bp_50:lv1(0.941),petroleum_fraction_db_024,BP_80,analysis_plus_non_target_bulk,correlation_weighted
3,petroleum_fraction_db_008,0.538823,497.0,39,bulk_property:bp_20; bulk_property:bp_35; bulk_property:bp_50; bulk_property:bp_65; bulk_property:density_20c; bulk_property:saturates; gc_fid:pca:pc1; gc_fid:pca:pc2; gc_fid:pca:pc3; gc_fid:pca:pc4; gc_fid:pca:pc5; gc_fid:pls:bp_20:lv1,bulk_property:bp_65(1.039); bulk_property:bp_50(1.018); bulk_property:bp_35(0.982); gc_fid:pls:density_20c:lv1(0.973); gc_fid:pls:saturates:lv1(0.962); gc_fid:pls:bp_80:lv1(0.945); gc_fid:pls:bp_65:lv1(0.942); gc_fid:pls:bp_50:lv1(0.941),petroleum_fraction_db_024,BP_80,analysis_plus_non_target_bulk,correlation_weighted
4,petroleum_fraction_db_030,0.544439,509.4,39,bulk_property:bp_20; bulk_property:bp_35; bulk_property:bp_50; bulk_property:bp_65; bulk_property:density_20c; bulk_property:saturates; gc_fid:pca:pc1; gc_fid:pca:pc2; gc_fid:pca:pc3; gc_fid:pca:pc4; gc_fid:pca:pc5; gc_fid:pls:bp_20:lv1,bulk_property:bp_65(1.039); bulk_property:bp_50(1.018); bulk_property:bp_35(0.982); gc_fid:pls:density_20c:lv1(0.973); gc_fid:pls:saturates:lv1(0.962); gc_fid:pls:bp_80:lv1(0.945); gc_fid:pls:bp_65:lv1(0.942); gc_fid:pls:bp_50:lv1(0.941),petroleum_fraction_db_024,BP_80,analysis_plus_non_target_bulk,correlation_weighted
1,petroleum_fraction_db_036,1.850194,0.8621,74,gc_fid:pca:pc1; gc_fid:pca:pc2; gc_fid:pca:pc3; gc_fid:pca:pc4; gc_fid:pca:pc5; gc_fid:pls:bp_20:lv1; gc_fid:pls:bp_20:lv2; gc_fid:pls:bp_20:lv3; gc_fid:pls:bp_20:lv4; gc_fid:pls:bp_35:lv1; gc_fid:pls:bp_35:lv2; gc_fid:pls:bp_35:lv3,gc_fid:pca:pc1(1.000); gc_fid:pca:pc2(1.000); gc_fid:pca:pc3(1.000); gc_fid:pca:pc4(1.000); gc_fid:pca:pc5(1.000); gc_fid:pls:bp_20:lv1(1.000); gc_fid:pls:bp_20:lv2(1.000); gc_fid:pls:bp_20:lv3(1.000),petroleum_fraction_db_027,density_20c,analysis_only,equal_weight
2,petroleum_fraction_db_032,1.917391,0.8634,74,gc_fid:pca:pc1; gc_fid:pca:pc2; gc_fid:pca:pc3; gc_fid:pca:pc4; gc_fid:pca:pc5; gc_fid:pls:bp_20:lv1; gc_fid:pls:bp_20:lv2; gc_fid:pls:bp_20:lv3; gc_fid:pls:bp_20:lv4; gc_fid:pls:bp_35:lv1; gc_fid:pls:bp_35:lv2; gc_fid:pls:bp_35:lv3,gc_fid:pca:pc1(1.000); gc_fid:pca:pc2(1.000); gc_fid:pca:pc3(1.000); gc_fid:pca:pc4(1.000); gc_fid:pca:pc5(1.000); gc_fid:pls:bp_20:lv1(1.000); gc_fid:pls:bp_20:lv2(1.000); gc_fid:pls:bp_20:lv3(1.000),petroleum_fraction_db_027,density_20c,analysis_only,equal_weight
3,petroleum_fraction_db_003,1.927788,0.9004,74,gc_fid:pca:pc1; gc_fid:pca:pc2; gc_fid:pca:pc3; gc_fid:pca:pc4; gc_fid:pca:pc5; gc_fid:pls:bp_20:lv1; gc_fid:pls:bp_20:lv2; gc_fid:pls:bp_20:lv3; gc_fid:pls:bp_20:lv4; gc_fid:pls:bp_35:lv1; gc_fid:pls:bp_35:lv2; gc_fid:pls:bp_35:lv3,gc_fid:pca:pc1(1.000); gc_fid:pca:pc2(1.000); gc_fid:pca:pc3(1.000); gc_fid:pca:pc4(1.000); gc_fid:pca:pc5(1.000); gc_fid:pls:bp_20:lv1(1.000); gc_fid:pls:bp_20:lv2(1.000); gc_fid:pls:bp_20:lv3(1.000),petroleum_fraction_db_027,density_20c,analysis_only,equal_weight
4,petroleum_fraction_db_057,2.217088,0.8553,74,gc_fid:pca:pc1; gc_fid:pca:pc2; gc_fid:pca:pc3; gc_fid:pca:pc4; gc_fid:pca:pc5; gc_fid:pls:bp_20:lv1; gc_fid:pls:bp_20:lv2; gc_fid:pls:bp_20:lv3; gc_fid:pls:bp_20:lv4; gc_fid:pls:bp_35:lv1; gc_fid:pls:bp_35:lv2; gc_fid:pls:bp_35:lv3,gc_fid:pca:pc1(1.000); gc_fid:pca:pc2(1.000); gc_fid:pca:pc3(1.000); gc_fid:pca:pc4(1.000); gc_fid:pca:pc5(1.000); gc_fid:pls:bp_20:lv1(1.000); gc_fid:pls:bp_20:lv2(1.000); gc_fid:pls:bp_20:lv3(1.000),petroleum_fraction_db_027,density_20c,analysis_only,equal_weight
1,petroleum_fraction_db_036,1.400405,0.8621,74,gc_fid:pca:pc1; gc_fid:pca:pc2; gc_fid:pca:pc3; gc_fid:pca:pc4; gc_fid:pca:pc5; gc_fid:pls:bp_20:lv1; gc_fid:pls:bp_20:lv2; gc_fid:pls:bp_20:lv3; gc_fid:pls:bp_20:lv4; gc_fid:pls:bp_35:lv1; gc_fid:pls:bp_35:lv2; gc_fid:pls:bp_35:lv3,ir:weighted_x_q90(0.728); ir_spectrum:pls:density_20c:lv2(0.727); ir_spectrum:pls:saturates:lv2(0.716); ir_spectrum:pls:density_20c:lv1(0.649); ir_spectrum:pls:saturates:lv1(0.629); ir_spectrum:pls:bp_35:lv1(0.628); ir_spectrum:pca:pc1(0.615); ir_spectrum:pls:bp_65:lv1(0.615),petroleum_fraction_db_027,density_20c,analysis_only,correlation_weighted
2,petroleum_fraction_db_003,1.441881,0.9004,74,gc_fid:pca:pc1; gc_fid:pca:pc2; gc_fid:pca:pc3; gc_fid:pca:pc4; gc_fid:pca:pc5; gc_fid:pls:bp_20:lv1; gc_fid:pls:bp_20:lv2; gc_fid:pls:bp_20:lv3; gc_fid:pls:bp_20:lv4; gc_fid:pls:bp_35:lv1; gc_fid:pls:bp_35:lv2; gc_fid:pls:bp_35:lv3,ir:weighted_x_q90(0.728); ir_spectrum:pls:density_20c:lv2(0.727); ir_spectrum:pls:saturates:lv2(0.716); ir_spectrum:pls:density_20c:lv1(0.649); ir_spectrum:pls:saturates:lv1(0.629); ir_spectrum:pls:bp_35:lv1(0.628); ir_spectrum:pca:pc1(0.615); ir_spectrum:pls:bp_65:lv1(0.615),petroleum_fraction_db_027,density_20c,analysis_only,correlation_weighted
3,petroleum_fraction_db_032,1.445419,0.8634,74,gc_fid:pca:pc1; gc_fid:pca:pc2; gc_fid:pca:pc3; gc_fid:pca:pc4; gc_fid:pca:pc5; gc_fid:pls:bp_20:lv1; gc_fid:pls:bp_20:lv2; gc_fid:pls:bp_20:lv3; gc_fid:pls:bp_20:lv4; gc_fid:pls:bp_35:lv1; gc_fid:pls:bp_35:lv2; gc_fid:pls:bp_35:lv3,ir:weighted_x_q90(0.728); ir_spectrum:pls:density_20c:lv2(0.727); ir_spectrum:pls:saturates:lv2(0.716); ir_spectrum:pls:density_20c:lv1(0.649); ir_spectrum:pls:saturates:lv1(0.629); ir_spectrum:pls:bp_35:lv1(0.628); ir_spectrum:pca:pc1(0.615); ir_spectrum:pls:bp_65:lv1(0.615),petroleum_fraction_db_027,density_20c,analysis_only,correlation_weighted
4,petroleum_fraction_db_057,1.74013,0.8553,74,gc_fid:pca:pc1; gc_fid:pca:pc2; gc_fid:pca:pc3; gc_fid:pca:pc4; gc_fid:pca:pc5; gc_fid:pls:bp_20:lv1; gc_fid:pls:bp_20:lv2; gc_fid:pls:bp_20:lv3; gc_fid:pls:bp_20:lv4; gc_fid:pls:bp_35:lv1; gc_fid:pls:bp_35:lv2; gc_fid:pls:bp_35:lv3,ir:weighted_x_q90(0.728); ir_spectrum:pls:density_20c:lv2(0.727); ir_spectrum:pls:saturates:lv2(0.716); ir_spectrum:pls:density_20c:lv1(0.649); ir_spectrum:pls:saturates:lv1(0.629); ir_spectrum:pls:bp_35:lv1(0.628); ir_spectrum:pca:pc1(0.615); ir_spectrum:pls:bp_65:lv1(0.615),petroleum_fraction_db_027,density_20c,analysis_only,correlation_weighted
1,petroleum_fraction_db_036,1.800072,0.8621,80,bulk_property:bp_20; bulk_property:bp_35; bulk_property:bp_50; bulk_property:bp_65; bulk_property:bp_80; bulk_property:saturates; gc_fid:pca:pc1; gc_fid:pca:pc2; gc_fid:pca:pc3; gc_fid:pca:pc4; gc_fid:pca:pc5; gc_fid:pls:bp_20:lv1,bulk_property:bp_20(1.000); bulk_property:bp_35(1.000); bulk_property:bp_50(1.000); bulk_property:bp_65(1.000); bulk_property:bp_80(1.000); bulk_property:saturates(1.000); gc_fid:pca:pc1(1.000); gc_fid:pca:pc2(1.000),petroleum_fraction_db_027,density_20c,analysis_plus_non_target_bulk,equal_weight
2,petroleum_fraction_db_003,1.863308,0.9004,80,bulk_property:bp_20; bulk_property:bp_35; bulk_property:bp_50; bulk_property:bp_65; bulk_property:bp_80; bulk_property:saturates; gc_fid:pca:pc1; gc_fid:pca:pc2; gc_fid:pca:pc3; gc_fid:pca:pc4; gc_fid:pca:pc5; gc_fid:pls:bp_20:lv1,bulk_property:bp_20(1.000); bulk_property:bp_35(1.000); bulk_property:bp_50(1.000); bulk_property:bp_65(1.000); bulk_property:bp_80(1.000); bulk_property:saturates(1.000); gc_fid:pca:pc1(1.000); gc_fid:pca:pc2(1.000),petroleum_fraction_db_027,density_20c,analysis_plus_non_target_bulk,equal_weight
3,petroleum_fraction_db_032,1.872036,0.8634,80,bulk_property:bp_20; bulk_property:bp_35; bulk_property:bp_50; bulk_property:bp_65; bulk_property:bp_80; bulk_property:saturates; gc_fid:pca:pc1; gc_fid:pca:pc2; gc_fid:pca:pc3; gc_fid:pca:pc4; gc_fid:pca:pc5; gc_fid:pls:bp_20:lv1,bulk_property:bp_20(1.000); bulk_property:bp_35(1.000); bulk_property:bp_50(1.000); bulk_property:bp_65(1.000); bulk_property:bp_80(1.000); bulk_property:saturates(1.000); gc_fid:pca:pc1(1.000); gc_fid:pca:pc2(1.000),petroleum_fraction_db_027,density_20c,analysis_plus_non_target_bulk,equal_weight
4,petroleum_fraction_db_057,2.161352,0.8553,80,bulk_property:bp_20; bulk_property:bp_35; bulk_property:bp_50; bulk_property:bp_65; bulk_property:bp_80; bulk_property:saturates; gc_fid:pca:pc1; gc_fid:pca:pc2; gc_fid:pca:pc3; gc_fid:pca:pc4; gc_fid:pca:pc5; gc_fid:pls:bp_20:lv1,bulk_property:bp_20(1.000); bulk_property:bp_35(1.000); bulk_property:bp_50(1.000); bulk_property:bp_65(1.000); bulk_property:bp_80(1.000); bulk_property:saturates(1.000); gc_fid:pca:pc1(1.000); gc_fid:pca:pc2(1.000),petroleum_fraction_db_027,density_20c,analysis_plus_non_target_bulk,equal_weight
1,petroleum_fraction_db_036,1.359105,0.8621,80,bulk_property:bp_20; bulk_property:bp_35; bulk_property:bp_50; bulk_property:bp_65; bulk_property:bp_80; bulk_property:saturates; gc_fid:pca:pc1; gc_fid:pca:pc2; gc_fid:pca:pc3; gc_fid:pca:pc4; gc_fid:pca:pc5; gc_fid:pls:bp_20:lv1,bulk_property:saturates(0.895); ir:weighted_x_q90(0.728); ir_spectrum:pls:density_20c:lv2(0.727); ir_spectrum:pls:saturates:lv2(0.716); ir_spectrum:pls:density_20c:lv1(0.649); ir_spectrum:pls:saturates:lv1(0.629); ir_spectrum:pls:bp_35:lv1(0.628); ir_spectrum:pca:pc1(0.615),petroleum_fraction_db_027,density_20c,analysis_plus_non_target_bulk,correlation_weighted
2,petroleum_fraction_db_003,1.375946,0.9004,80,bulk_property:bp_20; bulk_property:bp_35; bulk_property:bp_50; bulk_property:bp_65; bulk_property:bp_80; bulk_property:saturates; gc_fid:pca:pc1; gc_fid:pca:pc2; gc_fid:pca:pc3; gc_fid:pca:pc4; gc_fid:pca:pc5; gc_fid:pls:bp_20:lv1,bulk_property:saturates(0.895); ir:weighted_x_q90(0.728); ir_spectrum:pls:density_20c:lv2(0.727); ir_spectrum:pls:saturates:lv2(0.716); ir_spectrum:pls:density_20c:lv1(0.649); ir_spectrum:pls:saturates:lv1(0.629); ir_spectrum:pls:bp_35:lv1(0.628); ir_spectrum:pca:pc1(0.615),petroleum_fraction_db_027,density_20c,analysis_plus_non_target_bulk,correlation_weighted
3,petroleum_fraction_db_032,1.415383,0.8634,80,bulk_property:bp_20; bulk_property:bp_35; bulk_property:bp_50; bulk_property:bp_65; bulk_property:bp_80; bulk_property:saturates; gc_fid:pca:pc1; gc_fid:pca:pc2; gc_fid:pca:pc3; gc_fid:pca:pc4; gc_fid:pca:pc5; gc_fid:pls:bp_20:lv1,bulk_property:saturates(0.895); ir:weighted_x_q90(0.728); ir_spectrum:pls:density_20c:lv2(0.727); ir_spectrum:pls:saturates:lv2(0.716); ir_spectrum:pls:density_20c:lv1(0.649); ir_spectrum:pls:saturates:lv1(0.629); ir_spectrum:pls:bp_35:lv1(0.628); ir_spectrum:pca:pc1(0.615),petroleum_fraction_db_027,density_20c,analysis_plus_non_target_bulk,correlation_weighted
4,petroleum_fraction_db_057,1.690889,0.8553,80,bulk_property:bp_20; bulk_property:bp_35; bulk_property:bp_50; bulk_property:bp_65; bulk_property:bp_80; bulk_property:saturates; gc_fid:pca:pc1; gc_fid:pca:pc2; gc_fid:pca:pc3; gc_fid:pca:pc4; gc_fid:pca:pc5; gc_fid:pls:bp_20:lv1,bulk_property:saturates(0.895); ir:weighted_x_q90(0.728); ir_spectrum:pls:density_20c:lv2(0.727); ir_spectrum:pls:saturates:lv2(0.716); ir_spectrum:pls:density_20c:lv1(0.649); ir_spectrum:pls:saturates:lv1(0.629); ir_spectrum:pls:bp_35:lv1(0.628); ir_spectrum:pca:pc1(0.615),petroleum_fraction_db_027,density_20c,analysis_plus_non_target_bulk,correlation_weighted
1,petroleum_fraction_db_036,1.850194,82.44899289485755,74,gc_fid:pca:pc1; gc_fid:pca:pc2; gc_fid:pca:pc3; gc_fid:pca:pc4; gc_fid:pca:pc5; gc_fid:pls:bp_20:lv1; gc_fid:pls:bp_20:lv2; gc_fid:pls:bp_20:lv3; gc_fid:pls:bp_20:lv4; gc_fid:pls:bp_35:lv1; gc_fid:pls:bp_35:lv2; gc_fid:pls:bp_35:lv3,gc_fid:pca:pc1(1.000); gc_fid:pca:pc2(1.000); gc_fid:pca:pc3(1.000); gc_fid:pca:pc4(1.000); gc_fid:pca:pc5(1.000); gc_fid:pls:bp_20:lv1(1.000); gc_fid:pls:bp_20:lv2(1.000); gc_fid:pls:bp_20:lv3(1.000),petroleum_fraction_db_027,saturates,analysis_only,equal_weight
2,petroleum_fraction_db_032,1.917391,80.21159153633693,74,gc_fid:pca:pc1; gc_fid:pca:pc2; gc_fid:pca:pc3; gc_fid:pca:pc4; gc_fid:pca:pc5; gc_fid:pls:bp_20:lv1; gc_fid:pls:bp_20:lv2; gc_fid:pls:bp_20:lv3; gc_fid:pls:bp_20:lv4; gc_fid:pls:bp_35:lv1; gc_fid:pls:bp_35:lv2; gc_fid:pls:bp_35:lv3,gc_fid:pca:pc1(1.000); gc_fid:pca:pc2(1.000); gc_fid:pca:pc3(1.000); gc_fid:pca:pc4(1.000); gc_fid:pca:pc5(1.000); gc_fid:pls:bp_20:lv1(1.000); gc_fid:pls:bp_20:lv2(1.000); gc_fid:pls:bp_20:lv3(1.000),petroleum_fraction_db_027,saturates,analysis_only,equal_weight
3,petroleum_fraction_db_003,1.927788,90.9286047596827,74,gc_fid:pca:pc1; gc_fid:pca:pc2; gc_fid:pca:pc3; gc_fid:pca:pc4; gc_fid:pca:pc5; gc_fid:pls:bp_20:lv1; gc_fid:pls:bp_20:lv2; gc_fid:pls:bp_20:lv3; gc_fid:pls:bp_20:lv4; gc_fid:pls:bp_35:lv1; gc_fid:pls:bp_35:lv2; gc_fid:pls:bp_35:lv3,gc_fid:pca:pc1(1.000); gc_fid:pca:pc2(1.000); gc_fid:pca:pc3(1.000); gc_fid:pca:pc4(1.000); gc_fid:pca:pc5(1.000); gc_fid:pls:bp_20:lv1(1.000); gc_fid:pls:bp_20:lv2(1.000); gc_fid:pls:bp_20:lv3(1.000),petroleum_fraction_db_027,saturates,analysis_only,equal_weight
4,petroleum_fraction_db_057,2.217088,81.55222680205082,74,gc_fid:pca:pc1; gc_fid:pca:pc2; gc_fid:pca:pc3; gc_fid:pca:pc4; gc_fid:pca:pc5; gc_fid:pls:bp_20:lv1; gc_fid:pls:bp_20:lv2; gc_fid:pls:bp_20:lv3; gc_fid:pls:bp_20:lv4; gc_fid:pls:bp_35:lv1; gc_fid:pls:bp_35:lv2; gc_fid:pls:bp_35:lv3,gc_fid:pca:pc1(1.000); gc_fid:pca:pc2(1.000); gc_fid:pca:pc3(1.000); gc_fid:pca:pc4(1.000); gc_fid:pca:pc5(1.000); gc_fid:pls:bp_20:lv1(1.000); gc_fid:pls:bp_20:lv2(1.000); gc_fid:pls:bp_20:lv3(1.000),petroleum_fraction_db_027,saturates,analysis_only,equal_weight
1,petroleum_fraction_db_036,1.33476,82.44899289485755,74,gc_fid:pca:pc1; gc_fid:pca:pc2; gc_fid:pca:pc3; gc_fid:pca:pc4; gc_fid:pca:pc5; gc_fid:pls:bp_20:lv1; gc_fid:pls:bp_20:lv2; gc_fid:pls:bp_20:lv3; gc_fid:pls:bp_20:lv4; gc_fid:pls:bp_35:lv1; gc_fid:pls:bp_35:lv2; gc_fid:pls:bp_35:lv3,ir:weighted_x_q90(0.703); ir_spectrum:pls:density_20c:lv1(0.668); ir_spectrum:pls:saturates:lv1(0.668); ir_spectrum:pca:pc1(0.656); ir:weighted_x_mean(0.613); ir_spectrum:pls:bp_80:lv1(0.577); ir_spectrum:pls:saturates:lv2(0.568); ir:weighted_x_q50(0.567),petroleum_fraction_db_027,saturates,analysis_only,correlation_weighted
2,petroleum_fraction_db_032,1.375557,80.21159153633693,74,gc_fid:pca:pc1; gc_fid:pca:pc2; gc_fid:pca:pc3; gc_fid:pca:pc4; gc_fid:pca:pc5; gc_fid:pls:bp_20:lv1; gc_fid:pls:bp_20:lv2; gc_fid:pls:bp_20:lv3; gc_fid:pls:bp_20:lv4; gc_fid:pls:bp_35:lv1; gc_fid:pls:bp_35:lv2; gc_fid:pls:bp_35:lv3,ir:weighted_x_q90(0.703); ir_spectrum:pls:density_20c:lv1(0.668); ir_spectrum:pls:saturates:lv1(0.668); ir_spectrum:pca:pc1(0.656); ir:weighted_x_mean(0.613); ir_spectrum:pls:bp_80:lv1(0.577); ir_spectrum:pls:saturates:lv2(0.568); ir:weighted_x_q50(0.567),petroleum_fraction_db_027,saturates,analysis_only,correlation_weighted
3,petroleum_fraction_db_003,1.400893,90.9286047596827,74,gc_fid:pca:pc1; gc_fid:pca:pc2; gc_fid:pca:pc3; gc_fid:pca:pc4; gc_fid:pca:pc5; gc_fid:pls:bp_20:lv1; gc_fid:pls:bp_20:lv2; gc_fid:pls:bp_20:lv3; gc_fid:pls:bp_20:lv4; gc_fid:pls:bp_35:lv1; gc_fid:pls:bp_35:lv2; gc_fid:pls:bp_35:lv3,ir:weighted_x_q90(0.703); ir_spectrum:pls:density_20c:lv1(0.668); ir_spectrum:pls:saturates:lv1(0.668); ir_spectrum:pca:pc1(0.656); ir:weighted_x_mean(0.613); ir_spectrum:pls:bp_80:lv1(0.577); ir_spectrum:pls:saturates:lv2(0.568); ir:weighted_x_q50(0.567),petroleum_fraction_db_027,saturates,analysis_only,correlation_weighted
4,petroleum_fraction_db_057,1.626533,81.55222680205082,74,gc_fid:pca:pc1; gc_fid:pca:pc2; gc_fid:pca:pc3; gc_fid:pca:pc4; gc_fid:pca:pc5; gc_fid:pls:bp_20:lv1; gc_fid:pls:bp_20:lv2; gc_fid:pls:bp_20:lv3; gc_fid:pls:bp_20:lv4; gc_fid:pls:bp_35:lv1; gc_fid:pls:bp_35:lv2; gc_fid:pls:bp_35:lv3,ir:weighted_x_q90(0.703); ir_spectrum:pls:density_20c:lv1(0.668); ir_spectrum:pls:saturates:lv1(0.668); ir_spectrum:pca:pc1(0.656); ir:weighted_x_mean(0.613); ir_spectrum:pls:bp_80:lv1(0.577); ir_spectrum:pls:saturates:lv2(0.568); ir:weighted_x_q50(0.567),petroleum_fraction_db_027,saturates,analysis_only,correlation_weighted
1,petroleum_fraction_db_036,1.801789,82.44899289485755,80,bulk_property:bp_20; bulk_property:bp_35; bulk_property:bp_50; bulk_property:bp_65; bulk_property:bp_80; bulk_property:density_20c; gc_fid:pca:pc1; gc_fid:pca:pc2; gc_fid:pca:pc3; gc_fid:pca:pc4; gc_fid:pca:pc5; gc_fid:pls:bp_20:lv1,bulk_property:bp_20(1.000); bulk_property:bp_35(1.000); bulk_property:bp_50(1.000); bulk_property:bp_65(1.000); bulk_property:bp_80(1.000); bulk_property:density_20c(1.000); gc_fid:pca:pc1(1.000); gc_fid:pca:pc2(1.000),petroleum_fraction_db_027,saturates,analysis_plus_non_target_bulk,equal_weight
2,petroleum_fraction_db_032,1.873106,80.21159153633693,80,bulk_property:bp_20; bulk_property:bp_35; bulk_property:bp_50; bulk_property:bp_65; bulk_property:bp_80; bulk_property:density_20c; gc_fid:pca:pc1; gc_fid:pca:pc2; gc_fid:pca:pc3; gc_fid:pca:pc4; gc_fid:pca:pc5; gc_fid:pls:bp_20:lv1,bulk_property:bp_20(1.000); bulk_property:bp_35(1.000); bulk_property:bp_50(1.000); bulk_property:bp_65(1.000); bulk_property:bp_80(1.000); bulk_property:density_20c(1.000); gc_fid:pca:pc1(1.000); gc_fid:pca:pc2(1.000),petroleum_fraction_db_027,saturates,analysis_plus_non_target_bulk,equal_weight
3,petroleum_fraction_db_003,1.87451,90.9286047596827,80,bulk_property:bp_20; bulk_property:bp_35; bulk_property:bp_50; bulk_property:bp_65; bulk_property:bp_80; bulk_property:density_20c; gc_fid:pca:pc1; gc_fid:pca:pc2; gc_fid:pca:pc3; gc_fid:pca:pc4; gc_fid:pca:pc5; gc_fid:pls:bp_20:lv1,bulk_property:bp_20(1.000); bulk_property:bp_35(1.000); bulk_property:bp_50(1.000); bulk_property:bp_65(1.000); bulk_property:bp_80(1.000); bulk_property:density_20c(1.000); gc_fid:pca:pc1(1.000); gc_fid:pca:pc2(1.000),petroleum_fraction_db_027,saturates,analysis_plus_non_target_bulk,equal_weight
4,petroleum_fraction_db_057,2.161733,81.55222680205082,80,bulk_property:bp_20; bulk_property:bp_35; bulk_property:bp_50; bulk_property:bp_65; bulk_property:bp_80; bulk_property:density_20c; gc_fid:pca:pc1; gc_fid:pca:pc2; gc_fid:pca:pc3; gc_fid:pca:pc4; gc_fid:pca:pc5; gc_fid:pls:bp_20:lv1,bulk_property:bp_20(1.000); bulk_property:bp_35(1.000); bulk_property:bp_50(1.000); bulk_property:bp_65(1.000); bulk_property:bp_80(1.000); bulk_property:density_20c(1.000); gc_fid:pca:pc1(1.000); gc_fid:pca:pc2(1.000),petroleum_fraction_db_027,saturates,analysis_plus_non_target_bulk,equal_weight
1,petroleum_fraction_db_036,1.307667,82.44899289485755,80,bulk_property:bp_20; bulk_property:bp_35; bulk_property:bp_50; bulk_property:bp_65; bulk_property:bp_80; bulk_property:density_20c; gc_fid:pca:pc1; gc_fid:pca:pc2; gc_fid:pca:pc3; gc_fid:pca:pc4; gc_fid:pca:pc5; gc_fid:pls:bp_20:lv1,bulk_property:density_20c(0.895); ir:weighted_x_q90(0.703); ir_spectrum:pls:density_20c:lv1(0.668); ir_spectrum:pls:saturates:lv1(0.668); ir_spectrum:pca:pc1(0.656); ir:weighted_x_mean(0.613); ir_spectrum:pls:bp_80:lv1(0.577); ir_spectrum:pls:saturates:lv2(0.568),petroleum_fraction_db_027,saturates,analysis_plus_non_target_bulk,correlation_weighted
2,petroleum_fraction_db_032,1.357681,80.21159153633693,80,bulk_property:bp_20; bulk_property:bp_35; bulk_property:bp_50; bulk_property:bp_65; bulk_property:bp_80; bulk_property:density_20c; gc_fid:pca:pc1; gc_fid:pca:pc2; gc_fid:pca:pc3; gc_fid:pca:pc4; gc_fid:pca:pc5; gc_fid:pls:bp_20:lv1,bulk_property:density_20c(0.895); ir:weighted_x_q90(0.703); ir_spectrum:pls:density_20c:lv1(0.668); ir_spectrum:pls:saturates:lv1(0.668); ir_spectrum:pca:pc1(0.656); ir:weighted_x_mean(0.613); ir_spectrum:pls:bp_80:lv1(0.577); ir_spectrum:pls:saturates:lv2(0.568),petroleum_fraction_db_027,saturates,analysis_plus_non_target_bulk,correlation_weighted
3,petroleum_fraction_db_003,1.381803,90.9286047596827,80,bulk_property:bp_20; bulk_property:bp_35; bulk_property:bp_50; bulk_property:bp_65; bulk_property:bp_80; bulk_property:density_20c; gc_fid:pca:pc1; gc_fid:pca:pc2; gc_fid:pca:pc3; gc_fid:pca:pc4; gc_fid:pca:pc5; gc_fid:pls:bp_20:lv1,bulk_property:density_20c(0.895); ir:weighted_x_q90(0.703); ir_spectrum:pls:density_20c:lv1(0.668); ir_spectrum:pls:saturates:lv1(0.668); ir_spectrum:pca:pc1(0.656); ir:weighted_x_mean(0.613); ir_spectrum:pls:bp_80:lv1(0.577); ir_spectrum:pls:saturates:lv2(0.568),petroleum_fraction_db_027,saturates,analysis_plus_non_target_bulk,correlation_weighted
4,petroleum_fraction_db_057,1.5896,81.55222680205082,80,bulk_property:bp_20; bulk_property:bp_35; bulk_property:bp_50; bulk_property:bp_65; bulk_property:bp_80; bulk_property:density_20c; gc_fid:pca:pc1; gc_fid:pca:pc2; gc_fid:pca:pc3; gc_fid:pca:pc4; gc_fid:pca:pc5; gc_fid:pls:bp_20:lv1,bulk_property:density_20c(0.895); ir:weighted_x_q90(0.703); ir_spectrum:pls:density_20c:lv1(0.668); ir_spectrum:pls:saturates:lv1(0.668); ir_spectrum:pca:pc1(0.656); ir:weighted_x_mean(0.613); ir_spectrum:pls:bp_80:lv1(0.577); ir_spectrum:pls:saturates:lv2(0.568),petroleum_fraction_db_027,saturates,analysis_plus_non_target_bulk,correlation_weighted
1,petroleum_fraction_db_036,1.850194,251.6,74,gc_fid:pca:pc1; gc_fid:pca:pc2; gc_fid:pca:pc3; gc_fid:pca:pc4; gc_fid:pca:pc5; gc_fid:pls:bp_20:lv1; gc_fid:pls:bp_20:lv2; gc_fid:pls:bp_20:lv3; gc_fid:pls:bp_20:lv4; gc_fid:pls:bp_35:lv1; gc_fid:pls:bp_35:lv2; gc_fid:pls:bp_35:lv3,gc_fid:pca:pc1(1.000); gc_fid:pca:pc2(1.000); gc_fid:pca:pc3(1.000); gc_fid:pca:pc4(1.000); gc_fid:pca:pc5(1.000); gc_fid:pls:bp_20:lv1(1.000); gc_fid:pls:bp_20:lv2(1.000); gc_fid:pls:bp_20:lv3(1.000),petroleum_fraction_db_027,BP_20,analysis_only,equal_weight
2,petroleum_fraction_db_032,1.917391,257.2,74,gc_fid:pca:pc1; gc_fid:pca:pc2; gc_fid:pca:pc3; gc_fid:pca:pc4; gc_fid:pca:pc5; gc_fid:pls:bp_20:lv1; gc_fid:pls:bp_20:lv2; gc_fid:pls:bp_20:lv3; gc_fid:pls:bp_20:lv4; gc_fid:pls:bp_35:lv1; gc_fid:pls:bp_35:lv2; gc_fid:pls:bp_35:lv3,gc_fid:pca:pc1(1.000); gc_fid:pca:pc2(1.000); gc_fid:pca:pc3(1.000); gc_fid:pca:pc4(1.000); gc_fid:pca:pc5(1.000); gc_fid:pls:bp_20:lv1(1.000); gc_fid:pls:bp_20:lv2(1.000); gc_fid:pls:bp_20:lv3(1.000),petroleum_fraction_db_027,BP_20,analysis_only,equal_weight
3,petroleum_fraction_db_003,1.927788,251.4,74,gc_fid:pca:pc1; gc_fid:pca:pc2; gc_fid:pca:pc3; gc_fid:pca:pc4; gc_fid:pca:pc5; gc_fid:pls:bp_20:lv1; gc_fid:pls:bp_20:lv2; gc_fid:pls:bp_20:lv3; gc_fid:pls:bp_20:lv4; gc_fid:pls:bp_35:lv1; gc_fid:pls:bp_35:lv2; gc_fid:pls:bp_35:lv3,gc_fid:pca:pc1(1.000); gc_fid:pca:pc2(1.000); gc_fid:pca:pc3(1.000); gc_fid:pca:pc4(1.000); gc_fid:pca:pc5(1.000); gc_fid:pls:bp_20:lv1(1.000); gc_fid:pls:bp_20:lv2(1.000); gc_fid:pls:bp_20:lv3(1.000),petroleum_fraction_db_027,BP_20,analysis_only,equal_weight
4,petroleum_fraction_db_057,2.217088,289.4,74,gc_fid:pca:pc1; gc_fid:pca:pc2; gc_fid:pca:pc3; gc_fid:pca:pc4; gc_fid:pca:pc5; gc_fid:pls:bp_20:lv1; gc_fid:pls:bp_20:lv2; gc_fid:pls:bp_20:lv3; gc_fid:pls:bp_20:lv4; gc_fid:pls:bp_35:lv1; gc_fid:pls:bp_35:lv2; gc_fid:pls:bp_35:lv3,gc_fid:pca:pc1(1.000); gc_fid:pca:pc2(1.000); gc_fid:pca:pc3(1.000); gc_fid:pca:pc4(1.000); gc_fid:pca:pc5(1.000); gc_fid:pls:bp_20:lv1(1.000); gc_fid:pls:bp_20:lv2(1.000); gc_fid:pls:bp_20:lv3(1.000),petroleum_fraction_db_027,BP_20,analysis_only,equal_weight
1,petroleum_fraction_db_036,1.707435,251.6,74,gc_fid:pca:pc1; gc_fid:pca:pc2; gc_fid:pca:pc3; gc_fid:pca:pc4; gc_fid:pca:pc5; gc_fid:pls:bp_20:lv1; gc_fid:pls:bp_20:lv2; gc_fid:pls:bp_20:lv3; gc_fid:pls:bp_20:lv4; gc_fid:pls:bp_35:lv1; gc_fid:pls:bp_35:lv2; gc_fid:pls:bp_35:lv3,gc_fid:pls:density_20c:lv1(0.948); gc_fid:pls:bp_20:lv1(0.940); gc_fid:pls:bp_35:lv1(0.939); gc_fid:pls:bp_50:lv1(0.938); gc_fid:pls:bp_65:lv1(0.936); gc_fid:pls:bp_80:lv1(0.934); gc_fid:pls:saturates:lv1(0.928); gc_fid:pca:pc1(0.914),petroleum_fraction_db_027,BP_20,analysis_only,correlation_weighted
2,petroleum_fraction_db_032,1.748346,257.2,74,gc_fid:pca:pc1; gc_fid:pca:pc2; gc_fid:pca:pc3; gc_fid:pca:pc4; gc_fid:pca:pc5; gc_fid:pls:bp_20:lv1; gc_fid:pls:bp_20:lv2; gc_fid:pls:bp_20:lv3; gc_fid:pls:bp_20:lv4; gc_fid:pls:bp_35:lv1; gc_fid:pls:bp_35:lv2; gc_fid:pls:bp_35:lv3,gc_fid:pls:density_20c:lv1(0.948); gc_fid:pls:bp_20:lv1(0.940); gc_fid:pls:bp_35:lv1(0.939); gc_fid:pls:bp_50:lv1(0.938); gc_fid:pls:bp_65:lv1(0.936); gc_fid:pls:bp_80:lv1(0.934); gc_fid:pls:saturates:lv1(0.928); gc_fid:pca:pc1(0.914),petroleum_fraction_db_027,BP_20,analysis_only,correlation_weighted
3,petroleum_fraction_db_003,1.818046,251.4,74,gc_fid:pca:pc1; gc_fid:pca:pc2; gc_fid:pca:pc3; gc_fid:pca:pc4; gc_fid:pca:pc5; gc_fid:pls:bp_20:lv1; gc_fid:pls:bp_20:lv2; gc_fid:pls:bp_20:lv3; gc_fid:pls:bp_20:lv4; gc_fid:pls:bp_35:lv1; gc_fid:pls:bp_35:lv2; gc_fid:pls:bp_35:lv3,gc_fid:pls:density_20c:lv1(0.948); gc_fid:pls:bp_20:lv1(0.940); gc_fid:pls:bp_35:lv1(0.939); gc_fid:pls:bp_50:lv1(0.938); gc_fid:pls:bp_65:lv1(0.936); gc_fid:pls:bp_80:lv1(0.934); gc_fid:pls:saturates:lv1(0.928); gc_fid:pca:pc1(0.914),petroleum_fraction_db_027,BP_20,analysis_only,correlation_weighted
4,petroleum_fraction_db_057,2.120923,289.4,74,gc_fid:pca:pc1; gc_fid:pca:pc2; gc_fid:pca:pc3; gc_fid:pca:pc4; gc_fid:pca:pc5; gc_fid:pls:bp_20:lv1; gc_fid:pls:bp_20:lv2; gc_fid:pls:bp_20:lv3; gc_fid:pls:bp_20:lv4; gc_fid:pls:bp_35:lv1; gc_fid:pls:bp_35:lv2; gc_fid:pls:bp_35:lv3,gc_fid:pls:density_20c:lv1(0.948); gc_fid:pls:bp_20:lv1(0.940); gc_fid:pls:bp_35:lv1(0.939); gc_fid:pls:bp_50:lv1(0.938); gc_fid:pls:bp_65:lv1(0.936); gc_fid:pls:bp_80:lv1(0.934); gc_fid:pls:saturates:lv1(0.928); gc_fid:pca:pc1(0.914),petroleum_fraction_db_027,BP_20,analysis_only,correlation_weighted
1,petroleum_fraction_db_036,1.800584,251.6,80,bulk_property:bp_35; bulk_property:bp_50; bulk_property:bp_65; bulk_property:bp_80; bulk_property:density_20c; bulk_property:saturates; gc_fid:pca:pc1; gc_fid:pca:pc2; gc_fid:pca:pc3; gc_fid:pca:pc4; gc_fid:pca:pc5; gc_fid:pls:bp_20:lv1,bulk_property:bp_35(1.000); bulk_property:bp_50(1.000); bulk_property:bp_65(1.000); bulk_property:bp_80(1.000); bulk_property:density_20c(1.000); bulk_property:saturates(1.000); gc_fid:pca:pc1(1.000); gc_fid:pca:pc2(1.000),petroleum_fraction_db_027,BP_20,analysis_plus_non_target_bulk,equal_weight
2,petroleum_fraction_db_003,1.871749,251.4,80,bulk_property:bp_35; bulk_property:bp_50; bulk_property:bp_65; bulk_property:bp_80; bulk_property:density_20c; bulk_property:saturates; gc_fid:pca:pc1; gc_fid:pca:pc2; gc_fid:pca:pc3; gc_fid:pca:pc4; gc_fid:pca:pc5; gc_fid:pls:bp_20:lv1,bulk_property:bp_35(1.000); bulk_property:bp_50(1.000); bulk_property:bp_65(1.000); bulk_property:bp_80(1.000); bulk_property:density_20c(1.000); bulk_property:saturates(1.000); gc_fid:pca:pc1(1.000); gc_fid:pca:pc2(1.000),petroleum_fraction_db_027,BP_20,analysis_plus_non_target_bulk,equal_weight
3,petroleum_fraction_db_032,1.872077,257.2,80,bulk_property:bp_35; bulk_property:bp_50; bulk_property:bp_65; bulk_property:bp_80; bulk_property:density_20c; bulk_property:saturates; gc_fid:pca:pc1; gc_fid:pca:pc2; gc_fid:pca:pc3; gc_fid:pca:pc4; gc_fid:pca:pc5; gc_fid:pls:bp_20:lv1,bulk_property:bp_35(1.000); bulk_property:bp_50(1.000); bulk_property:bp_65(1.000); bulk_property:bp_80(1.000); bulk_property:density_20c(1.000); bulk_property:saturates(1.000); gc_fid:pca:pc1(1.000); gc_fid:pca:pc2(1.000),petroleum_fraction_db_027,BP_20,analysis_plus_non_target_bulk,equal_weight
4,petroleum_fraction_db_057,2.156125,289.4,80,bulk_property:bp_35; bulk_property:bp_50; bulk_property:bp_65; bulk_property:bp_80; bulk_property:density_20c; bulk_property:saturates; gc_fid:pca:pc1; gc_fid:pca:pc2; gc_fid:pca:pc3; gc_fid:pca:pc4; gc_fid:pca:pc5; gc_fid:pls:bp_20:lv1,bulk_property:bp_35(1.000); bulk_property:bp_50(1.000); bulk_property:bp_65(1.000); bulk_property:bp_80(1.000); bulk_property:density_20c(1.000); bulk_property:saturates(1.000); gc_fid:pca:pc1(1.000); gc_fid:pca:pc2(1.000),petroleum_fraction_db_027,BP_20,analysis_plus_non_target_bulk,equal_weight
1,petroleum_fraction_db_036,1.623055,251.6,80,bulk_property:bp_35; bulk_property:bp_50; bulk_property:bp_65; bulk_property:bp_80; bulk_property:density_20c; bulk_property:saturates; gc_fid:pca:pc1; gc_fid:pca:pc2; gc_fid:pca:pc3; gc_fid:pca:pc4; gc_fid:pca:pc5; gc_fid:pls:bp_20:lv1,bulk_property:bp_35(1.040); bulk_property:bp_50(1.015); bulk_property:bp_65(0.986); gc_fid:pls:density_20c:lv1(0.948); gc_fid:pls:bp_20:lv1(0.940); gc_fid:pls:bp_35:lv1(0.939); bulk_property:bp_80(0.939); gc_fid:pls:bp_50:lv1(0.938),petroleum_fraction_db_027,BP_20,analysis_plus_non_target_bulk,correlation_weighted
2,petroleum_fraction_db_032,1.679778,257.2,80,bulk_property:bp_35; bulk_property:bp_50; bulk_property:bp_65; bulk_property:bp_80; bulk_property:density_20c; bulk_property:saturates; gc_fid:pca:pc1; gc_fid:pca:pc2; gc_fid:pca:pc3; gc_fid:pca:pc4; gc_fid:pca:pc5; gc_fid:pls:bp_20:lv1,bulk_property:bp_35(1.040); bulk_property:bp_50(1.015); bulk_property:bp_65(0.986); gc_fid:pls:density_20c:lv1(0.948); gc_fid:pls:bp_20:lv1(0.940); gc_fid:pls:bp_35:lv1(0.939); bulk_property:bp_80(0.939); gc_fid:pls:bp_50:lv1(0.938),petroleum_fraction_db_027,BP_20,analysis_plus_non_target_bulk,correlation_weighted
3,petroleum_fraction_db_003,1.703844,251.4,80,bulk_property:bp_35; bulk_property:bp_50; bulk_property:bp_65; bulk_property:bp_80; bulk_property:density_20c; bulk_property:saturates; gc_fid:pca:pc1; gc_fid:pca:pc2; gc_fid:pca:pc3; gc_fid:pca:pc4; gc_fid:pca:pc5; gc_fid:pls:bp_20:lv1,bulk_property:bp_35(1.040); bulk_property:bp_50(1.015); bulk_property:bp_65(0.986); gc_fid:pls:density_20c:lv1(0.948); gc_fid:pls:bp_20:lv1(0.940); gc_fid:pls:bp_35:lv1(0.939); bulk_property:bp_80(0.939); gc_fid:pls:bp_50:lv1(0.938),petroleum_fraction_db_027,BP_20,analysis_plus_non_target_bulk,correlation_weighted
4,petroleum_fraction_db_057,2.011897,289.4,80,bulk_property:bp_35; bulk_property:bp_50; bulk_property:bp_65; bulk_property:bp_80; bulk_property:density_20c; bulk_property:saturates; gc_fid:pca:pc1; gc_fid:pca:pc2; gc_fid:pca:pc3; gc_fid:pca:pc4; gc_fid:pca:pc5; gc_fid:pls:bp_20:lv1,bulk_property:bp_35(1.040); bulk_property:bp_50(1.015); bulk_property:bp_65(0.986); gc_fid:pls:density_20c:lv1(0.948); gc_fid:pls:bp_20:lv1(0.940); gc_fid:pls:bp_35:lv1(0.939); bulk_property:bp_80(0.939); gc_fid:pls:bp_50:lv1(0.938),petroleum_fraction_db_027,BP_20,analysis_plus_non_target_bulk,correlation_weighted
1,petroleum_fraction_db_036,1.850194,278.2,74,gc_fid:pca:pc1; gc_fid:pca:pc2; gc_fid:pca:pc3; gc_fid:pca:pc4; gc_fid:pca:pc5; gc_fid:pls:bp_20:lv1; gc_fid:pls:bp_20:lv2; gc_fid:pls:bp_20:lv3; gc_fid:pls:bp_20:lv4; gc_fid:pls:bp_35:lv1; gc_fid:pls:bp_35:lv2; gc_fid:pls:bp_35:lv3,gc_fid:pca:pc1(1.000); gc_fid:pca:pc2(1.000); gc_fid:pca:pc3(1.000); gc_fid:pca:pc4(1.000); gc_fid:pca:pc5(1.000); gc_fid:pls:bp_20:lv1(1.000); gc_fid:pls:bp_20:lv2(1.000); gc_fid:pls:bp_20:lv3(1.000),petroleum_fraction_db_027,BP_35,analysis_only,equal_weight
2,petroleum_fraction_db_032,1.917391,287.0,74,gc_fid:pca:pc1; gc_fid:pca:pc2; gc_fid:pca:pc3; gc_fid:pca:pc4; gc_fid:pca:pc5; gc_fid:pls:bp_20:lv1; gc_fid:pls:bp_20:lv2; gc_fid:pls:bp_20:lv3; gc_fid:pls:bp_20:lv4; gc_fid:pls:bp_35:lv1; gc_fid:pls:bp_35:lv2; gc_fid:pls:bp_35:lv3,gc_fid:pca:pc1(1.000); gc_fid:pca:pc2(1.000); gc_fid:pca:pc3(1.000); gc_fid:pca:pc4(1.000); gc_fid:pca:pc5(1.000); gc_fid:pls:bp_20:lv1(1.000); gc_fid:pls:bp_20:lv2(1.000); gc_fid:pls:bp_20:lv3(1.000),petroleum_fraction_db_027,BP_35,analysis_only,equal_weight
3,petroleum_fraction_db_003,1.927788,267.8,74,gc_fid:pca:pc1; gc_fid:pca:pc2; gc_fid:pca:pc3; gc_fid:pca:pc4; gc_fid:pca:pc5; gc_fid:pls:bp_20:lv1; gc_fid:pls:bp_20:lv2; gc_fid:pls:bp_20:lv3; gc_fid:pls:bp_20:lv4; gc_fid:pls:bp_35:lv1; gc_fid:pls:bp_35:lv2; gc_fid:pls:bp_35:lv3,gc_fid:pca:pc1(1.000); gc_fid:pca:pc2(1.000); gc_fid:pca:pc3(1.000); gc_fid:pca:pc4(1.000); gc_fid:pca:pc5(1.000); gc_fid:pls:bp_20:lv1(1.000); gc_fid:pls:bp_20:lv2(1.000); gc_fid:pls:bp_20:lv3(1.000),petroleum_fraction_db_027,BP_35,analysis_only,equal_weight
4,petroleum_fraction_db_057,2.217088,307.6,74,gc_fid:pca:pc1; gc_fid:pca:pc2; gc_fid:pca:pc3; gc_fid:pca:pc4; gc_fid:pca:pc5; gc_fid:pls:bp_20:lv1; gc_fid:pls:bp_20:lv2; gc_fid:pls:bp_20:lv3; gc_fid:pls:bp_20:lv4; gc_fid:pls:bp_35:lv1; gc_fid:pls:bp_35:lv2; gc_fid:pls:bp_35:lv3,gc_fid:pca:pc1(1.000); gc_fid:pca:pc2(1.000); gc_fid:pca:pc3(1.000); gc_fid:pca:pc4(1.000); gc_fid:pca:pc5(1.000); gc_fid:pls:bp_20:lv1(1.000); gc_fid:pls:bp_20:lv2(1.000); gc_fid:pls:bp_20:lv3(1.000),petroleum_fraction_db_027,BP_35,analysis_only,equal_weight
1,petroleum_fraction_db_036,1.577139,278.2,74,gc_fid:pca:pc1; gc_fid:pca:pc2; gc_fid:pca:pc3; gc_fid:pca:pc4; gc_fid:pca:pc5; gc_fid:pls:bp_20:lv1; gc_fid:pls:bp_20:lv2; gc_fid:pls:bp_20:lv3; gc_fid:pls:bp_20:lv4; gc_fid:pls:bp_35:lv1; gc_fid:pls:bp_35:lv2; gc_fid:pls:bp_35:lv3,gc_fid:pls:density_20c:lv1(0.967); gc_fid:pls:bp_35:lv1(0.949); gc_fid:pls:saturates:lv1(0.948); gc_fid:pls:bp_20:lv1(0.948); gc_fid:pls:bp_50:lv1(0.948); gc_fid:pls:bp_65:lv1(0.947); gc_fid:pls:bp_80:lv1(0.946); gc_fid:pca:pc1(0.921),petroleum_fraction_db_027,BP_35,analysis_only,correlation_weighted
2,petroleum_fraction_db_032,1.616427,287.0,74,gc_fid:pca:pc1; gc_fid:pca:pc2; gc_fid:pca:pc3; gc_fid:pca:pc4; gc_fid:pca:pc5; gc_fid:pls:bp_20:lv1; gc_fid:pls:bp_20:lv2; gc_fid:pls:bp_20:lv3; gc_fid:pls:bp_20:lv4; gc_fid:pls:bp_35:lv1; gc_fid:pls:bp_35:lv2; gc_fid:pls:bp_35:lv3,gc_fid:pls:density_20c:lv1(0.967); gc_fid:pls:bp_35:lv1(0.949); gc_fid:pls:saturates:lv1(0.948); gc_fid:pls:bp_20:lv1(0.948); gc_fid:pls:bp_50:lv1(0.948); gc_fid:pls:bp_65:lv1(0.947); gc_fid:pls:bp_80:lv1(0.946); gc_fid:pca:pc1(0.921),petroleum_fraction_db_027,BP_35,analysis_only,correlation_weighted
3,petroleum_fraction_db_003,1.682964,267.8,74,gc_fid:pca:pc1; gc_fid:pca:pc2; gc_fid:pca:pc3; gc_fid:pca:pc4; gc_fid:pca:pc5; gc_fid:pls:bp_20:lv1; gc_fid:pls:bp_20:lv2; gc_fid:pls:bp_20:lv3; gc_fid:pls:bp_20:lv4; gc_fid:pls:bp_35:lv1; gc_fid:pls:bp_35:lv2; gc_fid:pls:bp_35:lv3,gc_fid:pls:density_20c:lv1(0.967); gc_fid:pls:bp_35:lv1(0.949); gc_fid:pls:saturates:lv1(0.948); gc_fid:pls:bp_20:lv1(0.948); gc_fid:pls:bp_50:lv1(0.948); gc_fid:pls:bp_65:lv1(0.947); gc_fid:pls:bp_80:lv1(0.946); gc_fid:pca:pc1(0.921),petroleum_fraction_db_027,BP_35,analysis_only,correlation_weighted
4,petroleum_fraction_db_057,1.989146,307.6,74,gc_fid:pca:pc1; gc_fid:pca:pc2; gc_fid:pca:pc3; gc_fid:pca:pc4; gc_fid:pca:pc5; gc_fid:pls:bp_20:lv1; gc_fid:pls:bp_20:lv2; gc_fid:pls:bp_20:lv3; gc_fid:pls:bp_20:lv4; gc_fid:pls:bp_35:lv1; gc_fid:pls:bp_35:lv2; gc_fid:pls:bp_35:lv3,gc_fid:pls:density_20c:lv1(0.967); gc_fid:pls:bp_35:lv1(0.949); gc_fid:pls:saturates:lv1(0.948); gc_fid:pls:bp_20:lv1(0.948); gc_fid:pls:bp_50:lv1(0.948); gc_fid:pls:bp_65:lv1(0.947); gc_fid:pls:bp_80:lv1(0.946); gc_fid:pca:pc1(0.921),petroleum_fraction_db_027,BP_35,analysis_only,correlation_weighted
1,petroleum_fraction_db_036,1.800165,278.2,80,bulk_property:bp_20; bulk_property:bp_50; bulk_property:bp_65; bulk_property:bp_80; bulk_property:density_20c; bulk_property:saturates; gc_fid:pca:pc1; gc_fid:pca:pc2; gc_fid:pca:pc3; gc_fid:pca:pc4; gc_fid:pca:pc5; gc_fid:pls:bp_20:lv1,bulk_property:bp_20(1.000); bulk_property:bp_50(1.000); bulk_property:bp_65(1.000); bulk_property:bp_80(1.000); bulk_property:density_20c(1.000); bulk_property:saturates(1.000); gc_fid:pca:pc1(1.000); gc_fid:pca:pc2(1.000),petroleum_fraction_db_027,BP_35,analysis_plus_non_target_bulk,equal_weight
2,petroleum_fraction_db_032,1.871221,287.0,80,bulk_property:bp_20; bulk_property:bp_50; bulk_property:bp_65; bulk_property:bp_80; bulk_property:density_20c; bulk_property:saturates; gc_fid:pca:pc1; gc_fid:pca:pc2; gc_fid:pca:pc3; gc_fid:pca:pc4; gc_fid:pca:pc5; gc_fid:pls:bp_20:lv1,bulk_property:bp_20(1.000); bulk_property:bp_50(1.000); bulk_property:bp_65(1.000); bulk_property:bp_80(1.000); bulk_property:density_20c(1.000); bulk_property:saturates(1.000); gc_fid:pca:pc1(1.000); gc_fid:pca:pc2(1.000),petroleum_fraction_db_027,BP_35,analysis_plus_non_target_bulk,equal_weight
3,petroleum_fraction_db_003,1.872416,267.8,80,bulk_property:bp_20; bulk_property:bp_50; bulk_property:bp_65; bulk_property:bp_80; bulk_property:density_20c; bulk_property:saturates; gc_fid:pca:pc1; gc_fid:pca:pc2; gc_fid:pca:pc3; gc_fid:pca:pc4; gc_fid:pca:pc5; gc_fid:pls:bp_20:lv1,bulk_property:bp_20(1.000); bulk_property:bp_50(1.000); bulk_property:bp_65(1.000); bulk_property:bp_80(1.000); bulk_property:density_20c(1.000); bulk_property:saturates(1.000); gc_fid:pca:pc1(1.000); gc_fid:pca:pc2(1.000),petroleum_fraction_db_027,BP_35,analysis_plus_non_target_bulk,equal_weight
4,petroleum_fraction_db_057,2.156924,307.6,80,bulk_property:bp_20; bulk_property:bp_50; bulk_property:bp_65; bulk_property:bp_80; bulk_property:density_20c; bulk_property:saturates; gc_fid:pca:pc1; gc_fid:pca:pc2; gc_fid:pca:pc3; gc_fid:pca:pc4; gc_fid:pca:pc5; gc_fid:pls:bp_20:lv1,bulk_property:bp_20(1.000); bulk_property:bp_50(1.000); bulk_property:bp_65(1.000); bulk_property:bp_80(1.000); bulk_property:density_20c(1.000); bulk_property:saturates(1.000); gc_fid:pca:pc1(1.000); gc_fid:pca:pc2(1.000),petroleum_fraction_db_027,BP_35,analysis_plus_non_target_bulk,equal_weight
1,petroleum_fraction_db_036,1.504869,278.2,80,bulk_property:bp_20; bulk_property:bp_50; bulk_property:bp_65; bulk_property:bp_80; bulk_property:density_20c; bulk_property:saturates; gc_fid:pca:pc1; gc_fid:pca:pc2; gc_fid:pca:pc3; gc_fid:pca:pc4; gc_fid:pca:pc5; gc_fid:pls:bp_20:lv1,bulk_property:bp_20(1.040); bulk_property:bp_50(1.040); bulk_property:bp_65(1.020); bulk_property:bp_80(0.982); gc_fid:pls:density_20c:lv1(0.967); gc_fid:pls:bp_35:lv1(0.949); gc_fid:pls:saturates:lv1(0.948); gc_fid:pls:bp_20:lv1(0.948),petroleum_fraction_db_027,BP_35,analysis_plus_non_target_bulk,correlation_weighted
2,petroleum_fraction_db_032,1.560424,287.0,80,bulk_property:bp_20; bulk_property:bp_50; bulk_property:bp_65; bulk_property:bp_80; bulk_property:density_20c; bulk_property:saturates; gc_fid:pca:pc1; gc_fid:pca:pc2; gc_fid:pca:pc3; gc_fid:pca:pc4; gc_fid:pca:pc5; gc_fid:pls:bp_20:lv1,bulk_property:bp_20(1.040); bulk_property:bp_50(1.040); bulk_property:bp_65(1.020); bulk_property:bp_80(0.982); gc_fid:pls:density_20c:lv1(0.967); gc_fid:pls:bp_35:lv1(0.949); gc_fid:pls:saturates:lv1(0.948); gc_fid:pls:bp_20:lv1(0.948),petroleum_fraction_db_027,BP_35,analysis_plus_non_target_bulk,correlation_weighted
3,petroleum_fraction_db_003,1.58245,267.8,80,bulk_property:bp_20; bulk_property:bp_50; bulk_property:bp_65; bulk_property:bp_80; bulk_property:density_20c; bulk_property:saturates; gc_fid:pca:pc1; gc_fid:pca:pc2; gc_fid:pca:pc3; gc_fid:pca:pc4; gc_fid:pca:pc5; gc_fid:pls:bp_20:lv1,bulk_property:bp_20(1.040); bulk_property:bp_50(1.040); bulk_property:bp_65(1.020); bulk_property:bp_80(0.982); gc_fid:pls:density_20c:lv1(0.967); gc_fid:pls:bp_35:lv1(0.949); gc_fid:pls:saturates:lv1(0.948); gc_fid:pls:bp_20:lv1(0.948),petroleum_fraction_db_027,BP_35,analysis_plus_non_target_bulk,correlation_weighted
4,petroleum_fraction_db_057,1.895006,307.6,80,bulk_property:bp_20; bulk_property:bp_50; bulk_property:bp_65; bulk_property:bp_80; bulk_property:density_20c; bulk_property:saturates; gc_fid:pca:pc1; gc_fid:pca:pc2; gc_fid:pca:pc3; gc_fid:pca:pc4; gc_fid:pca:pc5; gc_fid:pls:bp_20:lv1,bulk_property:bp_20(1.040); bulk_property:bp_50(1.040); bulk_property:bp_65(1.020); bulk_property:bp_80(0.982); gc_fid:pls:density_20c:lv1(0.967); gc_fid:pls:bp_35:lv1(0.949); gc_fid:pls:saturates:lv1(0.948); gc_fid:pls:bp_20:lv1(0.948),petroleum_fraction_db_027,BP_35,analysis_plus_non_target_bulk,correlation_weighted
1,petroleum_fraction_db_036,1.850194,299.6,74,gc_fid:pca:pc1; gc_fid:pca:pc2; gc_fid:pca:pc3; gc_fid:pca:pc4; gc_fid:pca:pc5; gc_fid:pls:bp_20:lv1; gc_fid:pls:bp_20:lv2; gc_fid:pls:bp_20:lv3; gc_fid:pls:bp_20:lv4; gc_fid:pls:bp_35:lv1; gc_fid:pls:bp_35:lv2; gc_fid:pls:bp_35:lv3,gc_fid:pca:pc1(1.000); gc_fid:pca:pc2(1.000); gc_fid:pca:pc3(1.000); gc_fid:pca:pc4(1.000); gc_fid:pca:pc5(1.000); gc_fid:pls:bp_20:lv1(1.000); gc_fid:pls:bp_20:lv2(1.000); gc_fid:pls:bp_20:lv3(1.000),petroleum_fraction_db_027,BP_50,analysis_only,equal_weight
2,petroleum_fraction_db_032,1.917391,309.2,74,gc_fid:pca:pc1; gc_fid:pca:pc2; gc_fid:pca:pc3; gc_fid:pca:pc4; gc_fid:pca:pc5; gc_fid:pls:bp_20:lv1; gc_fid:pls:bp_20:lv2; gc_fid:pls:bp_20:lv3; gc_fid:pls:bp_20:lv4; gc_fid:pls:bp_35:lv1; gc_fid:pls:bp_35:lv2; gc_fid:pls:bp_35:lv3,gc_fid:pca:pc1(1.000); gc_fid:pca:pc2(1.000); gc_fid:pca:pc3(1.000); gc_fid:pca:pc4(1.000); gc_fid:pca:pc5(1.000); gc_fid:pls:bp_20:lv1(1.000); gc_fid:pls:bp_20:lv2(1.000); gc_fid:pls:bp_20:lv3(1.000),petroleum_fraction_db_027,BP_50,analysis_only,equal_weight
3,petroleum_fraction_db_003,1.927788,281.0,74,gc_fid:pca:pc1; gc_fid:pca:pc2; gc_fid:pca:pc3; gc_fid:pca:pc4; gc_fid:pca:pc5; gc_fid:pls:bp_20:lv1; gc_fid:pls:bp_20:lv2; gc_fid:pls:bp_20:lv3; gc_fid:pls:bp_20:lv4; gc_fid:pls:bp_35:lv1; gc_fid:pls:bp_35:lv2; gc_fid:pls:bp_35:lv3,gc_fid:pca:pc1(1.000); gc_fid:pca:pc2(1.000); gc_fid:pca:pc3(1.000); gc_fid:pca:pc4(1.000); gc_fid:pca:pc5(1.000); gc_fid:pls:bp_20:lv1(1.000); gc_fid:pls:bp_20:lv2(1.000); gc_fid:pls:bp_20:lv3(1.000),petroleum_fraction_db_027,BP_50,analysis_only,equal_weight
4,petroleum_fraction_db_057,2.217088,319.2,74,gc_fid:pca:pc1; gc_fid:pca:pc2; gc_fid:pca:pc3; gc_fid:pca:pc4; gc_fid:pca:pc5; gc_fid:pls:bp_20:lv1; gc_fid:pls:bp_20:lv2; gc_fid:pls:bp_20:lv3; gc_fid:pls:bp_20:lv4; gc_fid:pls:bp_35:lv1; gc_fid:pls:bp_35:lv2; gc_fid:pls:bp_35:lv3,gc_fid:pca:pc1(1.000); gc_fid:pca:pc2(1.000); gc_fid:pca:pc3(1.000); gc_fid:pca:pc4(1.000); gc_fid:pca:pc5(1.000); gc_fid:pls:bp_20:lv1(1.000); gc_fid:pls:bp_20:lv2(1.000); gc_fid:pls:bp_20:lv3(1.000),petroleum_fraction_db_027,BP_50,analysis_only,equal_weight
1,petroleum_fraction_db_036,1.420792,299.6,74,gc_fid:pca:pc1; gc_fid:pca:pc2; gc_fid:pca:pc3; gc_fid:pca:pc4; gc_fid:pca:pc5; gc_fid:pls:bp_20:lv1; gc_fid:pls:bp_20:lv2; gc_fid:pls:bp_20:lv3; gc_fid:pls:bp_20:lv4; gc_fid:pls:bp_35:lv1; gc_fid:pls:bp_35:lv2; gc_fid:pls:bp_35:lv3,gc_fid:pls:density_20c:lv1(0.977); gc_fid:pls:saturates:lv1(0.960); gc_fid:pls:bp_50:lv1(0.951); gc_fid:pls:bp_80:lv1(0.951); gc_fid:pls:bp_35:lv1(0.951); gc_fid:pls:bp_65:lv1(0.951); gc_fid:pls:bp_20:lv1(0.949); gc_fid:pca:pc1(0.923),petroleum_fraction_db_027,BP_50,analysis_only,correlation_weighted
2,petroleum_fraction_db_032,1.457883,309.2,74,gc_fid:pca:pc1; gc_fid:pca:pc2; gc_fid:pca:pc3; gc_fid:pca:pc4; gc_fid:pca:pc5; gc_fid:pls:bp_20:lv1; gc_fid:pls:bp_20:lv2; gc_fid:pls:bp_20:lv3; gc_fid:pls:bp_20:lv4; gc_fid:pls:bp_35:lv1; gc_fid:pls:bp_35:lv2; gc_fid:pls:bp_35:lv3,gc_fid:pls:density_20c:lv1(0.977); gc_fid:pls:saturates:lv1(0.960); gc_fid:pls:bp_50:lv1(0.951); gc_fid:pls:bp_80:lv1(0.951); gc_fid:pls:bp_35:lv1(0.951); gc_fid:pls:bp_65:lv1(0.951); gc_fid:pls:bp_20:lv1(0.949); gc_fid:pca:pc1(0.923),petroleum_fraction_db_027,BP_50,analysis_only,correlation_weighted
3,petroleum_fraction_db_003,1.522562,281.0,74,gc_fid:pca:pc1; gc_fid:pca:pc2; gc_fid:pca:pc3; gc_fid:pca:pc4; gc_fid:pca:pc5; gc_fid:pls:bp_20:lv1; gc_fid:pls:bp_20:lv2; gc_fid:pls:bp_20:lv3; gc_fid:pls:bp_20:lv4; gc_fid:pls:bp_35:lv1; gc_fid:pls:bp_35:lv2; gc_fid:pls:bp_35:lv3,gc_fid:pls:density_20c:lv1(0.977); gc_fid:pls:saturates:lv1(0.960); gc_fid:pls:bp_50:lv1(0.951); gc_fid:pls:bp_80:lv1(0.951); gc_fid:pls:bp_35:lv1(0.951); gc_fid:pls:bp_65:lv1(0.951); gc_fid:pls:bp_20:lv1(0.949); gc_fid:pca:pc1(0.923),petroleum_fraction_db_027,BP_50,analysis_only,correlation_weighted
4,petroleum_fraction_db_057,1.83262,319.2,74,gc_fid:pca:pc1; gc_fid:pca:pc2; gc_fid:pca:pc3; gc_fid:pca:pc4; gc_fid:pca:pc5; gc_fid:pls:bp_20:lv1; gc_fid:pls:bp_20:lv2; gc_fid:pls:bp_20:lv3; gc_fid:pls:bp_20:lv4; gc_fid:pls:bp_35:lv1; gc_fid:pls:bp_35:lv2; gc_fid:pls:bp_35:lv3,gc_fid:pls:density_20c:lv1(0.977); gc_fid:pls:saturates:lv1(0.960); gc_fid:pls:bp_50:lv1(0.951); gc_fid:pls:bp_80:lv1(0.951); gc_fid:pls:bp_35:lv1(0.951); gc_fid:pls:bp_65:lv1(0.951); gc_fid:pls:bp_20:lv1(0.949); gc_fid:pca:pc1(0.923),petroleum_fraction_db_027,BP_50,analysis_only,correlation_weighted
1,petroleum_fraction_db_036,1.799735,299.6,80,bulk_property:bp_20; bulk_property:bp_35; bulk_property:bp_65; bulk_property:bp_80; bulk_property:density_20c; bulk_property:saturates; gc_fid:pca:pc1; gc_fid:pca:pc2; gc_fid:pca:pc3; gc_fid:pca:pc4; gc_fid:pca:pc5; gc_fid:pls:bp_20:lv1,bulk_property:bp_20(1.000); bulk_property:bp_35(1.000); bulk_property:bp_65(1.000); bulk_property:bp_80(1.000); bulk_property:density_20c(1.000); bulk_property:saturates(1.000); gc_fid:pca:pc1(1.000); gc_fid:pca:pc2(1.000),petroleum_fraction_db_027,BP_50,analysis_plus_non_target_bulk,equal_weight
2,petroleum_fraction_db_032,1.870662,309.2,80,bulk_property:bp_20; bulk_property:bp_35; bulk_property:bp_65; bulk_property:bp_80; bulk_property:density_20c; bulk_property:saturates; gc_fid:pca:pc1; gc_fid:pca:pc2; gc_fid:pca:pc3; gc_fid:pca:pc4; gc_fid:pca:pc5; gc_fid:pls:bp_20:lv1,bulk_property:bp_20(1.000); bulk_property:bp_35(1.000); bulk_property:bp_65(1.000); bulk_property:bp_80(1.000); bulk_property:density_20c(1.000); bulk_property:saturates(1.000); gc_fid:pca:pc1(1.000); gc_fid:pca:pc2(1.000),petroleum_fraction_db_027,BP_50,analysis_plus_non_target_bulk,equal_weight
3,petroleum_fraction_db_003,1.872806,281.0,80,bulk_property:bp_20; bulk_property:bp_35; bulk_property:bp_65; bulk_property:bp_80; bulk_property:density_20c; bulk_property:saturates; gc_fid:pca:pc1; gc_fid:pca:pc2; gc_fid:pca:pc3; gc_fid:pca:pc4; gc_fid:pca:pc5; gc_fid:pls:bp_20:lv1,bulk_property:bp_20(1.000); bulk_property:bp_35(1.000); bulk_property:bp_65(1.000); bulk_property:bp_80(1.000); bulk_property:density_20c(1.000); bulk_property:saturates(1.000); gc_fid:pca:pc1(1.000); gc_fid:pca:pc2(1.000),petroleum_fraction_db_027,BP_50,analysis_plus_non_target_bulk,equal_weight
4,petroleum_fraction_db_057,2.157913,319.2,80,bulk_property:bp_20; bulk_property:bp_35; bulk_property:bp_65; bulk_property:bp_80; bulk_property:density_20c; bulk_property:saturates; gc_fid:pca:pc1; gc_fid:pca:pc2; gc_fid:pca:pc3; gc_fid:pca:pc4; gc_fid:pca:pc5; gc_fid:pls:bp_20:lv1,bulk_property:bp_20(1.000); bulk_property:bp_35(1.000); bulk_property:bp_65(1.000); bulk_property:bp_80(1.000); bulk_property:density_20c(1.000); bulk_property:saturates(1.000); gc_fid:pca:pc1(1.000); gc_fid:pca:pc2(1.000),petroleum_fraction_db_027,BP_50,analysis_plus_non_target_bulk,equal_weight
1,petroleum_fraction_db_036,1.365379,299.6,80,bulk_property:bp_20; bulk_property:bp_35; bulk_property:bp_65; bulk_property:bp_80; bulk_property:density_20c; bulk_property:saturates; gc_fid:pca:pc1; gc_fid:pca:pc2; gc_fid:pca:pc3; gc_fid:pca:pc4; gc_fid:pca:pc5; gc_fid:pls:bp_20:lv1,bulk_property:bp_65(1.042); bulk_property:bp_35(1.040); bulk_property:bp_80(1.018); bulk_property:bp_20(1.015); gc_fid:pls:density_20c:lv1(0.977); gc_fid:pls:saturates:lv1(0.960); gc_fid:pls:bp_50:lv1(0.951); gc_fid:pls:bp_80:lv1(0.951),petroleum_fraction_db_027,BP_50,analysis_plus_non_target_bulk,correlation_weighted
2,petroleum_fraction_db_032,1.420696,309.2,80,bulk_property:bp_20; bulk_property:bp_35; bulk_property:bp_65; bulk_property:bp_80; bulk_property:density_20c; bulk_property:saturates; gc_fid:pca:pc1; gc_fid:pca:pc2; gc_fid:pca:pc3; gc_fid:pca:pc4; gc_fid:pca:pc5; gc_fid:pls:bp_20:lv1,bulk_property:bp_65(1.042); bulk_property:bp_35(1.040); bulk_property:bp_80(1.018); bulk_property:bp_20(1.015); gc_fid:pls:density_20c:lv1(0.977); gc_fid:pls:saturates:lv1(0.960); gc_fid:pls:bp_50:lv1(0.951); gc_fid:pls:bp_80:lv1(0.951),petroleum_fraction_db_027,BP_50,analysis_plus_non_target_bulk,correlation_weighted
3,petroleum_fraction_db_003,1.439344,281.0,80,bulk_property:bp_20; bulk_property:bp_35; bulk_property:bp_65; bulk_property:bp_80; bulk_property:density_20c; bulk_property:saturates; gc_fid:pca:pc1; gc_fid:pca:pc2; gc_fid:pca:pc3; gc_fid:pca:pc4; gc_fid:pca:pc5; gc_fid:pls:bp_20:lv1,bulk_property:bp_65(1.042); bulk_property:bp_35(1.040); bulk_property:bp_80(1.018); bulk_property:bp_20(1.015); gc_fid:pls:density_20c:lv1(0.977); gc_fid:pls:saturates:lv1(0.960); gc_fid:pls:bp_50:lv1(0.951); gc_fid:pls:bp_80:lv1(0.951),petroleum_fraction_db_027,BP_50,analysis_plus_non_target_bulk,correlation_weighted
4,petroleum_fraction_db_057,1.758798,319.2,80,bulk_property:bp_20; bulk_property:bp_35; bulk_property:bp_65; bulk_property:bp_80; bulk_property:density_20c; bulk_property:saturates; gc_fid:pca:pc1; gc_fid:pca:pc2; gc_fid:pca:pc3; gc_fid:pca:pc4; gc_fid:pca:pc5; gc_fid:pls:bp_20:lv1,bulk_property:bp_65(1.042); bulk_property:bp_35(1.040); bulk_property:bp_80(1.018); bulk_property:bp_20(1.015); gc_fid:pls:density_20c:lv1(0.977); gc_fid:pls:saturates:lv1(0.960); gc_fid:pls:bp_50:lv1(0.951); gc_fid:pls:bp_80:lv1(0.951),petroleum_fraction_db_027,BP_50,analysis_plus_non_target_bulk,correlation_weighted
1,petroleum_fraction_db_036,1.850194,319.4,74,gc_fid:pca:pc1; gc_fid:pca:pc2; gc_fid:pca:pc3; gc_fid:pca:pc4; gc_fid:pca:pc5; gc_fid:pls:bp_20:lv1; gc_fid:pls:bp_20:lv2; gc_fid:pls:bp_20:lv3; gc_fid:pls:bp_20:lv4; gc_fid:pls:bp_35:lv1; gc_fid:pls:bp_35:lv2; gc_fid:pls:bp_35:lv3,gc_fid:pca:pc1(1.000); gc_fid:pca:pc2(1.000); gc_fid:pca:pc3(1.000); gc_fid:pca:pc4(1.000); gc_fid:pca:pc5(1.000); gc_fid:pls:bp_20:lv1(1.000); gc_fid:pls:bp_20:lv2(1.000); gc_fid:pls:bp_20:lv3(1.000),petroleum_fraction_db_027,BP_65,analysis_only,equal_weight
2,petroleum_fraction_db_032,1.917391,332.2,74,gc_fid:pca:pc1; gc_fid:pca:pc2; gc_fid:pca:pc3; gc_fid:pca:pc4; gc_fid:pca:pc5; gc_fid:pls:bp_20:lv1; gc_fid:pls:bp_20:lv2; gc_fid:pls:bp_20:lv3; gc_fid:pls:bp_20:lv4; gc_fid:pls:bp_35:lv1; gc_fid:pls:bp_35:lv2; gc_fid:pls:bp_35:lv3,gc_fid:pca:pc1(1.000); gc_fid:pca:pc2(1.000); gc_fid:pca:pc3(1.000); gc_fid:pca:pc4(1.000); gc_fid:pca:pc5(1.000); gc_fid:pls:bp_20:lv1(1.000); gc_fid:pls:bp_20:lv2(1.000); gc_fid:pls:bp_20:lv3(1.000),petroleum_fraction_db_027,BP_65,analysis_only,equal_weight
3,petroleum_fraction_db_003,1.927788,292.2,74,gc_fid:pca:pc1; gc_fid:pca:pc2; gc_fid:pca:pc3; gc_fid:pca:pc4; gc_fid:pca:pc5; gc_fid:pls:bp_20:lv1; gc_fid:pls:bp_20:lv2; gc_fid:pls:bp_20:lv3; gc_fid:pls:bp_20:lv4; gc_fid:pls:bp_35:lv1; gc_fid:pls:bp_35:lv2; gc_fid:pls:bp_35:lv3,gc_fid:pca:pc1(1.000); gc_fid:pca:pc2(1.000); gc_fid:pca:pc3(1.000); gc_fid:pca:pc4(1.000); gc_fid:pca:pc5(1.000); gc_fid:pls:bp_20:lv1(1.000); gc_fid:pls:bp_20:lv2(1.000); gc_fid:pls:bp_20:lv3(1.000),petroleum_fraction_db_027,BP_65,analysis_only,equal_weight
4,petroleum_fraction_db_057,2.217088,328.0,74,gc_fid:pca:pc1; gc_fid:pca:pc2; gc_fid:pca:pc3; gc_fid:pca:pc4; gc_fid:pca:pc5; gc_fid:pls:bp_20:lv1; gc_fid:pls:bp_20:lv2; gc_fid:pls:bp_20:lv3; gc_fid:pls:bp_20:lv4; gc_fid:pls:bp_35:lv1; gc_fid:pls:bp_35:lv2; gc_fid:pls:bp_35:lv3,gc_fid:pca:pc1(1.000); gc_fid:pca:pc2(1.000); gc_fid:pca:pc3(1.000); gc_fid:pca:pc4(1.000); gc_fid:pca:pc5(1.000); gc_fid:pls:bp_20:lv1(1.000); gc_fid:pls:bp_20:lv2(1.000); gc_fid:pls:bp_20:lv3(1.000),petroleum_fraction_db_027,BP_65,analysis_only,equal_weight
1,petroleum_fraction_db_036,1.29228,319.4,74,gc_fid:pca:pc1; gc_fid:pca:pc2; gc_fid:pca:pc3; gc_fid:pca:pc4; gc_fid:pca:pc5; gc_fid:pls:bp_20:lv1; gc_fid:pls:bp_20:lv2; gc_fid:pls:bp_20:lv3; gc_fid:pls:bp_20:lv4; gc_fid:pls:bp_35:lv1; gc_fid:pls:bp_35:lv2; gc_fid:pls:bp_35:lv3,gc_fid:pls:density_20c:lv1(0.980); gc_fid:pls:saturates:lv1(0.965); gc_fid:pls:bp_80:lv1(0.952); gc_fid:pls:bp_65:lv1(0.951); gc_fid:pls:bp_50:lv1(0.951); gc_fid:pls:bp_35:lv1(0.950); gc_fid:pls:bp_20:lv1(0.947); gc_fid:pca:pc1(0.922),petroleum_fraction_db_027,BP_65,analysis_only,correlation_weighted
2,petroleum_fraction_db_032,1.330723,332.2,74,gc_fid:pca:pc1; gc_fid:pca:pc2; gc_fid:pca:pc3; gc_fid:pca:pc4; gc_fid:pca:pc5; gc_fid:pls:bp_20:lv1; gc_fid:pls:bp_20:lv2; gc_fid:pls:bp_20:lv3; gc_fid:pls:bp_20:lv4; gc_fid:pls:bp_35:lv1; gc_fid:pls:bp_35:lv2; gc_fid:pls:bp_35:lv3,gc_fid:pls:density_20c:lv1(0.980); gc_fid:pls:saturates:lv1(0.965); gc_fid:pls:bp_80:lv1(0.952); gc_fid:pls:bp_65:lv1(0.951); gc_fid:pls:bp_50:lv1(0.951); gc_fid:pls:bp_35:lv1(0.950); gc_fid:pls:bp_20:lv1(0.947); gc_fid:pca:pc1(0.922),petroleum_fraction_db_027,BP_65,analysis_only,correlation_weighted
3,petroleum_fraction_db_003,1.394021,292.2,74,gc_fid:pca:pc1; gc_fid:pca:pc2; gc_fid:pca:pc3; gc_fid:pca:pc4; gc_fid:pca:pc5; gc_fid:pls:bp_20:lv1; gc_fid:pls:bp_20:lv2; gc_fid:pls:bp_20:lv3; gc_fid:pls:bp_20:lv4; gc_fid:pls:bp_35:lv1; gc_fid:pls:bp_35:lv2; gc_fid:pls:bp_35:lv3,gc_fid:pls:density_20c:lv1(0.980); gc_fid:pls:saturates:lv1(0.965); gc_fid:pls:bp_80:lv1(0.952); gc_fid:pls:bp_65:lv1(0.951); gc_fid:pls:bp_50:lv1(0.951); gc_fid:pls:bp_35:lv1(0.950); gc_fid:pls:bp_20:lv1(0.947); gc_fid:pca:pc1(0.922),petroleum_fraction_db_027,BP_65,analysis_only,correlation_weighted
4,petroleum_fraction_db_057,1.707275,328.0,74,gc_fid:pca:pc1; gc_fid:pca:pc2; gc_fid:pca:pc3; gc_fid:pca:pc4; gc_fid:pca:pc5; gc_fid:pls:bp_20:lv1; gc_fid:pls:bp_20:lv2; gc_fid:pls:bp_20:lv3; gc_fid:pls:bp_20:lv4; gc_fid:pls:bp_35:lv1; gc_fid:pls:bp_35:lv2; gc_fid:pls:bp_35:lv3,gc_fid:pls:density_20c:lv1(0.980); gc_fid:pls:saturates:lv1(0.965); gc_fid:pls:bp_80:lv1(0.952); gc_fid:pls:bp_65:lv1(0.951); gc_fid:pls:bp_50:lv1(0.951); gc_fid:pls:bp_35:lv1(0.950); gc_fid:pls:bp_20:lv1(0.947); gc_fid:pca:pc1(0.922),petroleum_fraction_db_027,BP_65,analysis_only,correlation_weighted
1,petroleum_fraction_db_036,1.799006,319.4,80,bulk_property:bp_20; bulk_property:bp_35; bulk_property:bp_50; bulk_property:bp_80; bulk_property:density_20c; bulk_property:saturates; gc_fid:pca:pc1; gc_fid:pca:pc2; gc_fid:pca:pc3; gc_fid:pca:pc4; gc_fid:pca:pc5; gc_fid:pls:bp_20:lv1,bulk_property:bp_20(1.000); bulk_property:bp_35(1.000); bulk_property:bp_50(1.000); bulk_property:bp_80(1.000); bulk_property:density_20c(1.000); bulk_property:saturates(1.000); gc_fid:pca:pc1(1.000); gc_fid:pca:pc2(1.000),petroleum_fraction_db_027,BP_65,analysis_plus_non_target_bulk,equal_weight
2,petroleum_fraction_db_032,1.869429,332.2,80,bulk_property:bp_20; bulk_property:bp_35; bulk_property:bp_50; bulk_property:bp_80; bulk_property:density_20c; bulk_property:saturates; gc_fid:pca:pc1; gc_fid:pca:pc2; gc_fid:pca:pc3; gc_fid:pca:pc4; gc_fid:pca:pc5; gc_fid:pls:bp_20:lv1,bulk_property:bp_20(1.000); bulk_property:bp_35(1.000); bulk_property:bp_50(1.000); bulk_property:bp_80(1.000); bulk_property:density_20c(1.000); bulk_property:saturates(1.000); gc_fid:pca:pc1(1.000); gc_fid:pca:pc2(1.000),petroleum_fraction_db_027,BP_65,analysis_plus_non_target_bulk,equal_weight
3,petroleum_fraction_db_003,1.872981,292.2,80,bulk_property:bp_20; bulk_property:bp_35; bulk_property:bp_50; bulk_property:bp_80; bulk_property:density_20c; bulk_property:saturates; gc_fid:pca:pc1; gc_fid:pca:pc2; gc_fid:pca:pc3; gc_fid:pca:pc4; gc_fid:pca:pc5; gc_fid:pls:bp_20:lv1,bulk_property:bp_20(1.000); bulk_property:bp_35(1.000); bulk_property:bp_50(1.000); bulk_property:bp_80(1.000); bulk_property:density_20c(1.000); bulk_property:saturates(1.000); gc_fid:pca:pc1(1.000); gc_fid:pca:pc2(1.000),petroleum_fraction_db_027,BP_65,analysis_plus_non_target_bulk,equal_weight
4,petroleum_fraction_db_057,2.158667,328.0,80,bulk_property:bp_20; bulk_property:bp_35; bulk_property:bp_50; bulk_property:bp_80; bulk_property:density_20c; bulk_property:saturates; gc_fid:pca:pc1; gc_fid:pca:pc2; gc_fid:pca:pc3; gc_fid:pca:pc4; gc_fid:pca:pc5; gc_fid:pls:bp_20:lv1,bulk_property:bp_20(1.000); bulk_property:bp_35(1.000); bulk_property:bp_50(1.000); bulk_property:bp_80(1.000); bulk_property:density_20c(1.000); bulk_property:saturates(1.000); gc_fid:pca:pc1(1.000); gc_fid:pca:pc2(1.000),petroleum_fraction_db_027,BP_65,analysis_plus_non_target_bulk,equal_weight
1,petroleum_fraction_db_036,1.250437,319.4,80,bulk_property:bp_20; bulk_property:bp_35; bulk_property:bp_50; bulk_property:bp_80; bulk_property:density_20c; bulk_property:saturates; gc_fid:pca:pc1; gc_fid:pca:pc2; gc_fid:pca:pc3; gc_fid:pca:pc4; gc_fid:pca:pc5; gc_fid:pls:bp_20:lv1,bulk_property:bp_50(1.042); bulk_property:bp_80(1.039); bulk_property:bp_35(1.020); bulk_property:bp_20(0.986); gc_fid:pls:density_20c:lv1(0.980); gc_fid:pls:saturates:lv1(0.965); gc_fid:pls:bp_80:lv1(0.952); gc_fid:pls:bp_65:lv1(0.951),petroleum_fraction_db_027,BP_65,analysis_plus_non_target_bulk,correlation_weighted
2,petroleum_fraction_db_032,1.306842,332.2,80,bulk_property:bp_20; bulk_property:bp_35; bulk_property:bp_50; bulk_property:bp_80; bulk_property:density_20c; bulk_property:saturates; gc_fid:pca:pc1; gc_fid:pca:pc2; gc_fid:pca:pc3; gc_fid:pca:pc4; gc_fid:pca:pc5; gc_fid:pls:bp_20:lv1,bulk_property:bp_50(1.042); bulk_property:bp_80(1.039); bulk_property:bp_35(1.020); bulk_property:bp_20(0.986); gc_fid:pls:density_20c:lv1(0.980); gc_fid:pls:saturates:lv1(0.965); gc_fid:pls:bp_80:lv1(0.952); gc_fid:pls:bp_65:lv1(0.951),petroleum_fraction_db_027,BP_65,analysis_plus_non_target_bulk,correlation_weighted
3,petroleum_fraction_db_003,1.325752,292.2,80,bulk_property:bp_20; bulk_property:bp_35; bulk_property:bp_50; bulk_property:bp_80; bulk_property:density_20c; bulk_property:saturates; gc_fid:pca:pc1; gc_fid:pca:pc2; gc_fid:pca:pc3; gc_fid:pca:pc4; gc_fid:pca:pc5; gc_fid:pls:bp_20:lv1,bulk_property:bp_50(1.042); bulk_property:bp_80(1.039); bulk_property:bp_35(1.020); bulk_property:bp_20(0.986); gc_fid:pls:density_20c:lv1(0.980); gc_fid:pls:saturates:lv1(0.965); gc_fid:pls:bp_80:lv1(0.952); gc_fid:pls:bp_65:lv1(0.951),petroleum_fraction_db_027,BP_65,analysis_plus_non_target_bulk,correlation_weighted
4,petroleum_fraction_db_057,1.650846,328.0,80,bulk_property:bp_20; bulk_property:bp_35; bulk_property:bp_50; bulk_property:bp_80; bulk_property:density_20c; bulk_property:saturates; gc_fid:pca:pc1; gc_fid:pca:pc2; gc_fid:pca:pc3; gc_fid:pca:pc4; gc_fid:pca:pc5; gc_fid:pls:bp_20:lv1,bulk_property:bp_50(1.042); bulk_property:bp_80(1.039); bulk_property:bp_35(1.020); bulk_property:bp_20(0.986); gc_fid:pls:density_20c:lv1(0.980); gc_fid:pls:saturates:lv1(0.965); gc_fid:pls:bp_80:lv1(0.952); gc_fid:pls:bp_65:lv1(0.951),petroleum_fraction_db_027,BP_65,analysis_plus_non_target_bulk,correlation_weighted
1,petroleum_fraction_db_036,1.850194,337.8,74,gc_fid:pca:pc1; gc_fid:pca:pc2; gc_fid:pca:pc3; gc_fid:pca:pc4; gc_fid:pca:pc5; gc_fid:pls:bp_20:lv1; gc_fid:pls:bp_20:lv2; gc_fid:pls:bp_20:lv3; gc_fid:pls:bp_20:lv4; gc_fid:pls:bp_35:lv1; gc_fid:pls:bp_35:lv2; gc_fid:pls:bp_35:lv3,gc_fid:pca:pc1(1.000); gc_fid:pca:pc2(1.000); gc_fid:pca:pc3(1.000); gc_fid:pca:pc4(1.000); gc_fid:pca:pc5(1.000); gc_fid:pls:bp_20:lv1(1.000); gc_fid:pls:bp_20:lv2(1.000); gc_fid:pls:bp_20:lv3(1.000),petroleum_fraction_db_027,BP_80,analysis_only,equal_weight
2,petroleum_fraction_db_032,1.917391,357.2,74,gc_fid:pca:pc1; gc_fid:pca:pc2; gc_fid:pca:pc3; gc_fid:pca:pc4; gc_fid:pca:pc5; gc_fid:pls:bp_20:lv1; gc_fid:pls:bp_20:lv2; gc_fid:pls:bp_20:lv3; gc_fid:pls:bp_20:lv4; gc_fid:pls:bp_35:lv1; gc_fid:pls:bp_35:lv2; gc_fid:pls:bp_35:lv3,gc_fid:pca:pc1(1.000); gc_fid:pca:pc2(1.000); gc_fid:pca:pc3(1.000); gc_fid:pca:pc4(1.000); gc_fid:pca:pc5(1.000); gc_fid:pls:bp_20:lv1(1.000); gc_fid:pls:bp_20:lv2(1.000); gc_fid:pls:bp_20:lv3(1.000),petroleum_fraction_db_027,BP_80,analysis_only,equal_weight
3,petroleum_fraction_db_003,1.927788,302.0,74,gc_fid:pca:pc1; gc_fid:pca:pc2; gc_fid:pca:pc3; gc_fid:pca:pc4; gc_fid:pca:pc5; gc_fid:pls:bp_20:lv1; gc_fid:pls:bp_20:lv2; gc_fid:pls:bp_20:lv3; gc_fid:pls:bp_20:lv4; gc_fid:pls:bp_35:lv1; gc_fid:pls:bp_35:lv2; gc_fid:pls:bp_35:lv3,gc_fid:pca:pc1(1.000); gc_fid:pca:pc2(1.000); gc_fid:pca:pc3(1.000); gc_fid:pca:pc4(1.000); gc_fid:pca:pc5(1.000); gc_fid:pls:bp_20:lv1(1.000); gc_fid:pls:bp_20:lv2(1.000); gc_fid:pls:bp_20:lv3(1.000),petroleum_fraction_db_027,BP_80,analysis_only,equal_weight
4,petroleum_fraction_db_057,2.217088,334.6,74,gc_fid:pca:pc1; gc_fid:pca:pc2; gc_fid:pca:pc3; gc_fid:pca:pc4; gc_fid:pca:pc5; gc_fid:pls:bp_20:lv1; gc_fid:pls:bp_20:lv2; gc_fid:pls:bp_20:lv3; gc_fid:pls:bp_20:lv4; gc_fid:pls:bp_35:lv1; gc_fid:pls:bp_35:lv2; gc_fid:pls:bp_35:lv3,gc_fid:pca:pc1(1.000); gc_fid:pca:pc2(1.000); gc_fid:pca:pc3(1.000); gc_fid:pca:pc4(1.000); gc_fid:pca:pc5(1.000); gc_fid:pls:bp_20:lv1(1.000); gc_fid:pls:bp_20:lv2(1.000); gc_fid:pls:bp_20:lv3(1.000),petroleum_fraction_db_027,BP_80,analysis_only,equal_weight
1,petroleum_fraction_db_036,1.219253,337.8,74,gc_fid:pca:pc1; gc_fid:pca:pc2; gc_fid:pca:pc3; gc_fid:pca:pc4; gc_fid:pca:pc5; gc_fid:pls:bp_20:lv1; gc_fid:pls:bp_20:lv2; gc_fid:pls:bp_20:lv3; gc_fid:pls:bp_20:lv4; gc_fid:pls:bp_35:lv1; gc_fid:pls:bp_35:lv2; gc_fid:pls:bp_35:lv3,gc_fid:pls:density_20c:lv1(0.973); gc_fid:pls:saturates:lv1(0.962); gc_fid:pls:bp_80:lv1(0.945); gc_fid:pls:bp_65:lv1(0.942); gc_fid:pls:bp_50:lv1(0.941); gc_fid:pls:bp_35:lv1(0.939); gc_fid:pls:bp_20:lv1(0.935); gc_fid:pca:pc1(0.913),petroleum_fraction_db_027,BP_80,analysis_only,correlation_weighted
2,petroleum_fraction_db_032,1.265582,357.2,74,gc_fid:pca:pc1; gc_fid:pca:pc2; gc_fid:pca:pc3; gc_fid:pca:pc4; gc_fid:pca:pc5; gc_fid:pls:bp_20:lv1; gc_fid:pls:bp_20:lv2; gc_fid:pls:bp_20:lv3; gc_fid:pls:bp_20:lv4; gc_fid:pls:bp_35:lv1; gc_fid:pls:bp_35:lv2; gc_fid:pls:bp_35:lv3,gc_fid:pls:density_20c:lv1(0.973); gc_fid:pls:saturates:lv1(0.962); gc_fid:pls:bp_80:lv1(0.945); gc_fid:pls:bp_65:lv1(0.942); gc_fid:pls:bp_50:lv1(0.941); gc_fid:pls:bp_35:lv1(0.939); gc_fid:pls:bp_20:lv1(0.935); gc_fid:pca:pc1(0.913),petroleum_fraction_db_027,BP_80,analysis_only,correlation_weighted
3,petroleum_fraction_db_003,1.326299,302.0,74,gc_fid:pca:pc1; gc_fid:pca:pc2; gc_fid:pca:pc3; gc_fid:pca:pc4; gc_fid:pca:pc5; gc_fid:pls:bp_20:lv1; gc_fid:pls:bp_20:lv2; gc_fid:pls:bp_20:lv3; gc_fid:pls:bp_20:lv4; gc_fid:pls:bp_35:lv1; gc_fid:pls:bp_35:lv2; gc_fid:pls:bp_35:lv3,gc_fid:pls:density_20c:lv1(0.973); gc_fid:pls:saturates:lv1(0.962); gc_fid:pls:bp_80:lv1(0.945); gc_fid:pls:bp_65:lv1(0.942); gc_fid:pls:bp_50:lv1(0.941); gc_fid:pls:bp_35:lv1(0.939); gc_fid:pls:bp_20:lv1(0.935); gc_fid:pca:pc1(0.913),petroleum_fraction_db_027,BP_80,analysis_only,correlation_weighted
4,petroleum_fraction_db_057,1.633657,334.6,74,gc_fid:pca:pc1; gc_fid:pca:pc2; gc_fid:pca:pc3; gc_fid:pca:pc4; gc_fid:pca:pc5; gc_fid:pls:bp_20:lv1; gc_fid:pls:bp_20:lv2; gc_fid:pls:bp_20:lv3; gc_fid:pls:bp_20:lv4; gc_fid:pls:bp_35:lv1; gc_fid:pls:bp_35:lv2; gc_fid:pls:bp_35:lv3,gc_fid:pls:density_20c:lv1(0.973); gc_fid:pls:saturates:lv1(0.962); gc_fid:pls:bp_80:lv1(0.945); gc_fid:pls:bp_65:lv1(0.942); gc_fid:pls:bp_50:lv1(0.941); gc_fid:pls:bp_35:lv1(0.939); gc_fid:pls:bp_20:lv1(0.935); gc_fid:pca:pc1(0.913),petroleum_fraction_db_027,BP_80,analysis_only,correlation_weighted
1,petroleum_fraction_db_036,1.799151,337.8,80,bulk_property:bp_20; bulk_property:bp_35; bulk_property:bp_50; bulk_property:bp_65; bulk_property:density_20c; bulk_property:saturates; gc_fid:pca:pc1; gc_fid:pca:pc2; gc_fid:pca:pc3; gc_fid:pca:pc4; gc_fid:pca:pc5; gc_fid:pls:bp_20:lv1,bulk_property:bp_20(1.000); bulk_property:bp_35(1.000); bulk_property:bp_50(1.000); bulk_property:bp_65(1.000); bulk_property:density_20c(1.000); bulk_property:saturates(1.000); gc_fid:pca:pc1(1.000); gc_fid:pca:pc2(1.000),petroleum_fraction_db_027,BP_80,analysis_plus_non_target_bulk,equal_weight
2,petroleum_fraction_db_032,1.868814,357.2,80,bulk_property:bp_20; bulk_property:bp_35; bulk_property:bp_50; bulk_property:bp_65; bulk_property:density_20c; bulk_property:saturates; gc_fid:pca:pc1; gc_fid:pca:pc2; gc_fid:pca:pc3; gc_fid:pca:pc4; gc_fid:pca:pc5; gc_fid:pls:bp_20:lv1,bulk_property:bp_20(1.000); bulk_property:bp_35(1.000); bulk_property:bp_50(1.000); bulk_property:bp_65(1.000); bulk_property:density_20c(1.000); bulk_property:saturates(1.000); gc_fid:pca:pc1(1.000); gc_fid:pca:pc2(1.000),petroleum_fraction_db_027,BP_80,analysis_plus_non_target_bulk,equal_weight
3,petroleum_fraction_db_003,1.87347,302.0,80,bulk_property:bp_20; bulk_property:bp_35; bulk_property:bp_50; bulk_property:bp_65; bulk_property:density_20c; bulk_property:saturates; gc_fid:pca:pc1; gc_fid:pca:pc2; gc_fid:pca:pc3; gc_fid:pca:pc4; gc_fid:pca:pc5; gc_fid:pls:bp_20:lv1,bulk_property:bp_20(1.000); bulk_property:bp_35(1.000); bulk_property:bp_50(1.000); bulk_property:bp_65(1.000); bulk_property:density_20c(1.000); bulk_property:saturates(1.000); gc_fid:pca:pc1(1.000); gc_fid:pca:pc2(1.000),petroleum_fraction_db_027,BP_80,analysis_plus_non_target_bulk,equal_weight
4,petroleum_fraction_db_057,2.160103,334.6,80,bulk_property:bp_20; bulk_property:bp_35; bulk_property:bp_50; bulk_property:bp_65; bulk_property:density_20c; bulk_property:saturates; gc_fid:pca:pc1; gc_fid:pca:pc2; gc_fid:pca:pc3; gc_fid:pca:pc4; gc_fid:pca:pc5; gc_fid:pls:bp_20:lv1,bulk_property:bp_20(1.000); bulk_property:bp_35(1.000); bulk_property:bp_50(1.000); bulk_property:bp_65(1.000); bulk_property:density_20c(1.000); bulk_property:saturates(1.000); gc_fid:pca:pc1(1.000); gc_fid:pca:pc2(1.000),petroleum_fraction_db_027,BP_80,analysis_plus_non_target_bulk,equal_weight
1,petroleum_fraction_db_036,1.188083,337.8,80,bulk_property:bp_20; bulk_property:bp_35; bulk_property:bp_50; bulk_property:bp_65; bulk_property:density_20c; bulk_property:saturates; gc_fid:pca:pc1; gc_fid:pca:pc2; gc_fid:pca:pc3; gc_fid:pca:pc4; gc_fid:pca:pc5; gc_fid:pls:bp_20:lv1,bulk_property:bp_65(1.039); bulk_property:bp_50(1.018); bulk_property:bp_35(0.982); gc_fid:pls:density_20c:lv1(0.973); gc_fid:pls:saturates:lv1(0.962); gc_fid:pls:bp_80:lv1(0.945); gc_fid:pls:bp_65:lv1(0.942); gc_fid:pls:bp_50:lv1(0.941),petroleum_fraction_db_027,BP_80,analysis_plus_non_target_bulk,correlation_weighted
2,petroleum_fraction_db_032,1.248916,357.2,80,bulk_property:bp_20; bulk_property:bp_35; bulk_property:bp_50; bulk_property:bp_65; bulk_property:density_20c; bulk_property:saturates; gc_fid:pca:pc1; gc_fid:pca:pc2; gc_fid:pca:pc3; gc_fid:pca:pc4; gc_fid:pca:pc5; gc_fid:pls:bp_20:lv1,bulk_property:bp_65(1.039); bulk_property:bp_50(1.018); bulk_property:bp_35(0.982); gc_fid:pls:density_20c:lv1(0.973); gc_fid:pls:saturates:lv1(0.962); gc_fid:pls:bp_80:lv1(0.945); gc_fid:pls:bp_65:lv1(0.942); gc_fid:pls:bp_50:lv1(0.941),petroleum_fraction_db_027,BP_80,analysis_plus_non_target_bulk,correlation_weighted
3,petroleum_fraction_db_003,1.268727,302.0,80,bulk_property:bp_20; bulk_property:bp_35; bulk_property:bp_50; bulk_property:bp_65; bulk_property:density_20c; bulk_property:saturates; gc_fid:pca:pc1; gc_fid:pca:pc2; gc_fid:pca:pc3; gc_fid:pca:pc4; gc_fid:pca:pc5; gc_fid:pls:bp_20:lv1,bulk_property:bp_65(1.039); bulk_property:bp_50(1.018); bulk_property:bp_35(0.982); gc_fid:pls:density_20c:lv1(0.973); gc_fid:pls:saturates:lv1(0.962); gc_fid:pls:bp_80:lv1(0.945); gc_fid:pls:bp_65:lv1(0.942); gc_fid:pls:bp_50:lv1(0.941),petroleum_fraction_db_027,BP_80,analysis_plus_non_target_bulk,correlation_weighted
4,petroleum_fraction_db_057,1.591755,334.6,80,bulk_property:bp_20; bulk_property:bp_35; bulk_property:bp_50; bulk_property:bp_65; bulk_property:density_20c; bulk_property:saturates; gc_fid:pca:pc1; gc_fid:pca:pc2; gc_fid:pca:pc3; gc_fid:pca:pc4; gc_fid:pca:pc5; gc_fid:pls:bp_20:lv1,bulk_property:bp_65(1.039); bulk_property:bp_50(1.018); bulk_property:bp_35(0.982); gc_fid:pls:density_20c:lv1(0.973); gc_fid:pls:saturates:lv1(0.962); gc_fid:pls:bp_80:lv1(0.945); gc_fid:pls:bp_65:lv1(0.942); gc_fid:pls:bp_50:lv1(0.941),petroleum_fraction_db_027,BP_80,analysis_plus_non_target_bulk,correlation_weighted
1,petroleum_fraction_db_037,0.057098,0.884,74,gc_fid:pca:pc1; gc_fid:pca:pc2; gc_fid:pca:pc3; gc_fid:pca:pc4; gc_fid:pca:pc5; gc_fid:pls:bp_20:lv1; gc_fid:pls:bp_20:lv2; gc_fid:pls:bp_20:lv3; gc_fid:pls:bp_20:lv4; gc_fid:pls:bp_35:lv1; gc_fid:pls:bp_35:lv2; gc_fid:pls:bp_35:lv3,gc_fid:pca:pc1(1.000); gc_fid:pca:pc2(1.000); gc_fid:pca:pc3(1.000); gc_fid:pca:pc4(1.000); gc_fid:pca:pc5(1.000); gc_fid:pls:bp_20:lv1(1.000); gc_fid:pls:bp_20:lv2(1.000); gc_fid:pls:bp_20:lv3(1.000),petroleum_fraction_db_039,density_20c,analysis_only,equal_weight
2,petroleum_fraction_db_033,0.668313,0.9002,74,gc_fid:pca:pc1; gc_fid:pca:pc2; gc_fid:pca:pc3; gc_fid:pca:pc4; gc_fid:pca:pc5; gc_fid:pls:bp_20:lv1; gc_fid:pls:bp_20:lv2; gc_fid:pls:bp_20:lv3; gc_fid:pls:bp_20:lv4; gc_fid:pls:bp_35:lv1; gc_fid:pls:bp_35:lv2; gc_fid:pls:bp_35:lv3,gc_fid:pca:pc1(1.000); gc_fid:pca:pc2(1.000); gc_fid:pca:pc3(1.000); gc_fid:pca:pc4(1.000); gc_fid:pca:pc5(1.000); gc_fid:pls:bp_20:lv1(1.000); gc_fid:pls:bp_20:lv2(1.000); gc_fid:pls:bp_20:lv3(1.000),petroleum_fraction_db_039,density_20c,analysis_only,equal_weight
3,petroleum_fraction_db_040,0.685153,0.8896,74,gc_fid:pca:pc1; gc_fid:pca:pc2; gc_fid:pca:pc3; gc_fid:pca:pc4; gc_fid:pca:pc5; gc_fid:pls:bp_20:lv1; gc_fid:pls:bp_20:lv2; gc_fid:pls:bp_20:lv3; gc_fid:pls:bp_20:lv4; gc_fid:pls:bp_35:lv1; gc_fid:pls:bp_35:lv2; gc_fid:pls:bp_35:lv3,gc_fid:pca:pc1(1.000); gc_fid:pca:pc2(1.000); gc_fid:pca:pc3(1.000); gc_fid:pca:pc4(1.000); gc_fid:pca:pc5(1.000); gc_fid:pls:bp_20:lv1(1.000); gc_fid:pls:bp_20:lv2(1.000); gc_fid:pls:bp_20:lv3(1.000),petroleum_fraction_db_039,density_20c,analysis_only,equal_weight
4,petroleum_fraction_db_042,0.685172,0.8366,74,gc_fid:pca:pc1; gc_fid:pca:pc2; gc_fid:pca:pc3; gc_fid:pca:pc4; gc_fid:pca:pc5; gc_fid:pls:bp_20:lv1; gc_fid:pls:bp_20:lv2; gc_fid:pls:bp_20:lv3; gc_fid:pls:bp_20:lv4; gc_fid:pls:bp_35:lv1; gc_fid:pls:bp_35:lv2; gc_fid:pls:bp_35:lv3,gc_fid:pca:pc1(1.000); gc_fid:pca:pc2(1.000); gc_fid:pca:pc3(1.000); gc_fid:pca:pc4(1.000); gc_fid:pca:pc5(1.000); gc_fid:pls:bp_20:lv1(1.000); gc_fid:pls:bp_20:lv2(1.000); gc_fid:pls:bp_20:lv3(1.000),petroleum_fraction_db_039,density_20c,analysis_only,equal_weight
1,petroleum_fraction_db_037,0.055639,0.884,74,gc_fid:pca:pc1; gc_fid:pca:pc2; gc_fid:pca:pc3; gc_fid:pca:pc4; gc_fid:pca:pc5; gc_fid:pls:bp_20:lv1; gc_fid:pls:bp_20:lv2; gc_fid:pls:bp_20:lv3; gc_fid:pls:bp_20:lv4; gc_fid:pls:bp_35:lv1; gc_fid:pls:bp_35:lv2; gc_fid:pls:bp_35:lv3,ir:weighted_x_q90(0.728); ir_spectrum:pls:density_20c:lv2(0.727); ir_spectrum:pls:saturates:lv2(0.716); ir_spectrum:pls:density_20c:lv1(0.649); ir_spectrum:pls:saturates:lv1(0.629); ir_spectrum:pls:bp_35:lv1(0.628); ir_spectrum:pca:pc1(0.615); ir_spectrum:pls:bp_65:lv1(0.615),petroleum_fraction_db_039,density_20c,analysis_only,correlation_weighted
2,petroleum_fraction_db_057,0.630079,0.8553,74,gc_fid:pca:pc1; gc_fid:pca:pc2; gc_fid:pca:pc3; gc_fid:pca:pc4; gc_fid:pca:pc5; gc_fid:pls:bp_20:lv1; gc_fid:pls:bp_20:lv2; gc_fid:pls:bp_20:lv3; gc_fid:pls:bp_20:lv4; gc_fid:pls:bp_35:lv1; gc_fid:pls:bp_35:lv2; gc_fid:pls:bp_35:lv3,ir:weighted_x_q90(0.728); ir_spectrum:pls:density_20c:lv2(0.727); ir_spectrum:pls:saturates:lv2(0.716); ir_spectrum:pls:density_20c:lv1(0.649); ir_spectrum:pls:saturates:lv1(0.629); ir_spectrum:pls:bp_35:lv1(0.628); ir_spectrum:pca:pc1(0.615); ir_spectrum:pls:bp_65:lv1(0.615),petroleum_fraction_db_039,density_20c,analysis_only,correlation_weighted
3,petroleum_fraction_db_033,0.672122,0.9002,74,gc_fid:pca:pc1; gc_fid:pca:pc2; gc_fid:pca:pc3; gc_fid:pca:pc4; gc_fid:pca:pc5; gc_fid:pls:bp_20:lv1; gc_fid:pls:bp_20:lv2; gc_fid:pls:bp_20:lv3; gc_fid:pls:bp_20:lv4; gc_fid:pls:bp_35:lv1; gc_fid:pls:bp_35:lv2; gc_fid:pls:bp_35:lv3,ir:weighted_x_q90(0.728); ir_spectrum:pls:density_20c:lv2(0.727); ir_spectrum:pls:saturates:lv2(0.716); ir_spectrum:pls:density_20c:lv1(0.649); ir_spectrum:pls:saturates:lv1(0.629); ir_spectrum:pls:bp_35:lv1(0.628); ir_spectrum:pca:pc1(0.615); ir_spectrum:pls:bp_65:lv1(0.615),petroleum_fraction_db_039,density_20c,analysis_only,correlation_weighted
4,petroleum_fraction_db_040,0.676277,0.8896,74,gc_fid:pca:pc1; gc_fid:pca:pc2; gc_fid:pca:pc3; gc_fid:pca:pc4; gc_fid:pca:pc5; gc_fid:pls:bp_20:lv1; gc_fid:pls:bp_20:lv2; gc_fid:pls:bp_20:lv3; gc_fid:pls:bp_20:lv4; gc_fid:pls:bp_35:lv1; gc_fid:pls:bp_35:lv2; gc_fid:pls:bp_35:lv3,ir:weighted_x_q90(0.728); ir_spectrum:pls:density_20c:lv2(0.727); ir_spectrum:pls:saturates:lv2(0.716); ir_spectrum:pls:density_20c:lv1(0.649); ir_spectrum:pls:saturates:lv1(0.629); ir_spectrum:pls:bp_35:lv1(0.628); ir_spectrum:pca:pc1(0.615); ir_spectrum:pls:bp_65:lv1(0.615),petroleum_fraction_db_039,density_20c,analysis_only,correlation_weighted
1,petroleum_fraction_db_037,0.055722,0.884,80,bulk_property:bp_20; bulk_property:bp_35; bulk_property:bp_50; bulk_property:bp_65; bulk_property:bp_80; bulk_property:saturates; gc_fid:pca:pc1; gc_fid:pca:pc2; gc_fid:pca:pc3; gc_fid:pca:pc4; gc_fid:pca:pc5; gc_fid:pls:bp_20:lv1,bulk_property:bp_20(1.000); bulk_property:bp_35(1.000); bulk_property:bp_50(1.000); bulk_property:bp_65(1.000); bulk_property:bp_80(1.000); bulk_property:saturates(1.000); gc_fid:pca:pc1(1.000); gc_fid:pca:pc2(1.000),petroleum_fraction_db_039,density_20c,analysis_plus_non_target_bulk,equal_weight
2,petroleum_fraction_db_042,0.682961,0.8366,80,bulk_property:bp_20; bulk_property:bp_35; bulk_property:bp_50; bulk_property:bp_65; bulk_property:bp_80; bulk_property:saturates; gc_fid:pca:pc1; gc_fid:pca:pc2; gc_fid:pca:pc3; gc_fid:pca:pc4; gc_fid:pca:pc5; gc_fid:pls:bp_20:lv1,bulk_property:bp_20(1.000); bulk_property:bp_35(1.000); bulk_property:bp_50(1.000); bulk_property:bp_65(1.000); bulk_property:bp_80(1.000); bulk_property:saturates(1.000); gc_fid:pca:pc1(1.000); gc_fid:pca:pc2(1.000),petroleum_fraction_db_039,density_20c,analysis_plus_non_target_bulk,equal_weight
3,petroleum_fraction_db_040,0.685645,0.8896,80,bulk_property:bp_20; bulk_property:bp_35; bulk_property:bp_50; bulk_property:bp_65; bulk_property:bp_80; bulk_property:saturates; gc_fid:pca:pc1; gc_fid:pca:pc2; gc_fid:pca:pc3; gc_fid:pca:pc4; gc_fid:pca:pc5; gc_fid:pls:bp_20:lv1,bulk_property:bp_20(1.000); bulk_property:bp_35(1.000); bulk_property:bp_50(1.000); bulk_property:bp_65(1.000); bulk_property:bp_80(1.000); bulk_property:saturates(1.000); gc_fid:pca:pc1(1.000); gc_fid:pca:pc2(1.000),petroleum_fraction_db_039,density_20c,analysis_plus_non_target_bulk,equal_weight
4,petroleum_fraction_db_033,0.693142,0.9002,80,bulk_property:bp_20; bulk_property:bp_35; bulk_property:bp_50; bulk_property:bp_65; bulk_property:bp_80; bulk_property:saturates; gc_fid:pca:pc1; gc_fid:pca:pc2; gc_fid:pca:pc3; gc_fid:pca:pc4; gc_fid:pca:pc5; gc_fid:pls:bp_20:lv1,bulk_property:bp_20(1.000); bulk_property:bp_35(1.000); bulk_property:bp_50(1.000); bulk_property:bp_65(1.000); bulk_property:bp_80(1.000); bulk_property:saturates(1.000); gc_fid:pca:pc1(1.000); gc_fid:pca:pc2(1.000),petroleum_fraction_db_039,density_20c,analysis_plus_non_target_bulk,equal_weight
1,petroleum_fraction_db_037,0.055692,0.884,80,bulk_property:bp_20; bulk_property:bp_35; bulk_property:bp_50; bulk_property:bp_65; bulk_property:bp_80; bulk_property:saturates; gc_fid:pca:pc1; gc_fid:pca:pc2; gc_fid:pca:pc3; gc_fid:pca:pc4; gc_fid:pca:pc5; gc_fid:pls:bp_20:lv1,bulk_property:saturates(0.895); ir:weighted_x_q90(0.728); ir_spectrum:pls:density_20c:lv2(0.727); ir_spectrum:pls:saturates:lv2(0.716); ir_spectrum:pls:density_20c:lv1(0.649); ir_spectrum:pls:saturates:lv1(0.629); ir_spectrum:pls:bp_35:lv1(0.628); ir_spectrum:pca:pc1(0.615),petroleum_fraction_db_039,density_20c,analysis_plus_non_target_bulk,correlation_weighted
2,petroleum_fraction_db_057,0.670217,0.8553,80,bulk_property:bp_20; bulk_property:bp_35; bulk_property:bp_50; bulk_property:bp_65; bulk_property:bp_80; bulk_property:saturates; gc_fid:pca:pc1; gc_fid:pca:pc2; gc_fid:pca:pc3; gc_fid:pca:pc4; gc_fid:pca:pc5; gc_fid:pls:bp_20:lv1,bulk_property:saturates(0.895); ir:weighted_x_q90(0.728); ir_spectrum:pls:density_20c:lv2(0.727); ir_spectrum:pls:saturates:lv2(0.716); ir_spectrum:pls:density_20c:lv1(0.649); ir_spectrum:pls:saturates:lv1(0.629); ir_spectrum:pls:bp_35:lv1(0.628); ir_spectrum:pca:pc1(0.615),petroleum_fraction_db_039,density_20c,analysis_plus_non_target_bulk,correlation_weighted
3,petroleum_fraction_db_040,0.677075,0.8896,80,bulk_property:bp_20; bulk_property:bp_35; bulk_property:bp_50; bulk_property:bp_65; bulk_property:bp_80; bulk_property:saturates; gc_fid:pca:pc1; gc_fid:pca:pc2; gc_fid:pca:pc3; gc_fid:pca:pc4; gc_fid:pca:pc5; gc_fid:pls:bp_20:lv1,bulk_property:saturates(0.895); ir:weighted_x_q90(0.728); ir_spectrum:pls:density_20c:lv2(0.727); ir_spectrum:pls:saturates:lv2(0.716); ir_spectrum:pls:density_20c:lv1(0.649); ir_spectrum:pls:saturates:lv1(0.629); ir_spectrum:pls:bp_35:lv1(0.628); ir_spectrum:pca:pc1(0.615),petroleum_fraction_db_039,density_20c,analysis_plus_non_target_bulk,correlation_weighted
4,petroleum_fraction_db_033,0.702201,0.9002,80,bulk_property:bp_20; bulk_property:bp_35; bulk_property:bp_50; bulk_property:bp_65; bulk_property:bp_80; bulk_property:saturates; gc_fid:pca:pc1; gc_fid:pca:pc2; gc_fid:pca:pc3; gc_fid:pca:pc4; gc_fid:pca:pc5; gc_fid:pls:bp_20:lv1,bulk_property:saturates(0.895); ir:weighted_x_q90(0.728); ir_spectrum:pls:density_20c:lv2(0.727); ir_spectrum:pls:saturates:lv2(0.716); ir_spectrum:pls:density_20c:lv1(0.649); ir_spectrum:pls:saturates:lv1(0.629); ir_spectrum:pls:bp_35:lv1(0.628); ir_spectrum:pca:pc1(0.615),petroleum_fraction_db_039,density_20c,analysis_plus_non_target_bulk,correlation_weighted
1,petroleum_fraction_db_037,0.057098,66.69643743177537,74,gc_fid:pca:pc1; gc_fid:pca:pc2; gc_fid:pca:pc3; gc_fid:pca:pc4; gc_fid:pca:pc5; gc_fid:pls:bp_20:lv1; gc_fid:pls:bp_20:lv2; gc_fid:pls:bp_20:lv3; gc_fid:pls:bp_20:lv4; gc_fid:pls:bp_35:lv1; gc_fid:pls:bp_35:lv2; gc_fid:pls:bp_35:lv3,gc_fid:pca:pc1(1.000); gc_fid:pca:pc2(1.000); gc_fid:pca:pc3(1.000); gc_fid:pca:pc4(1.000); gc_fid:pca:pc5(1.000); gc_fid:pls:bp_20:lv1(1.000); gc_fid:pls:bp_20:lv2(1.000); gc_fid:pls:bp_20:lv3(1.000),petroleum_fraction_db_039,saturates,analysis_only,equal_weight
2,petroleum_fraction_db_033,0.668313,78.72959279414542,74,gc_fid:pca:pc1; gc_fid:pca:pc2; gc_fid:pca:pc3; gc_fid:pca:pc4; gc_fid:pca:pc5; gc_fid:pls:bp_20:lv1; gc_fid:pls:bp_20:lv2; gc_fid:pls:bp_20:lv3; gc_fid:pls:bp_20:lv4; gc_fid:pls:bp_35:lv1; gc_fid:pls:bp_35:lv2; gc_fid:pls:bp_35:lv3,gc_fid:pca:pc1(1.000); gc_fid:pca:pc2(1.000); gc_fid:pca:pc3(1.000); gc_fid:pca:pc4(1.000); gc_fid:pca:pc5(1.000); gc_fid:pls:bp_20:lv1(1.000); gc_fid:pls:bp_20:lv2(1.000); gc_fid:pls:bp_20:lv3(1.000),petroleum_fraction_db_039,saturates,analysis_only,equal_weight
3,petroleum_fraction_db_040,0.685153,78.40850448962838,74,gc_fid:pca:pc1; gc_fid:pca:pc2; gc_fid:pca:pc3; gc_fid:pca:pc4; gc_fid:pca:pc5; gc_fid:pls:bp_20:lv1; gc_fid:pls:bp_20:lv2; gc_fid:pls:bp_20:lv3; gc_fid:pls:bp_20:lv4; gc_fid:pls:bp_35:lv1; gc_fid:pls:bp_35:lv2; gc_fid:pls:bp_35:lv3,gc_fid:pca:pc1(1.000); gc_fid:pca:pc2(1.000); gc_fid:pca:pc3(1.000); gc_fid:pca:pc4(1.000); gc_fid:pca:pc5(1.000); gc_fid:pls:bp_20:lv1(1.000); gc_fid:pls:bp_20:lv2(1.000); gc_fid:pls:bp_20:lv3(1.000),petroleum_fraction_db_039,saturates,analysis_only,equal_weight
4,petroleum_fraction_db_042,0.685172,86.20824762464481,74,gc_fid:pca:pc1; gc_fid:pca:pc2; gc_fid:pca:pc3; gc_fid:pca:pc4; gc_fid:pca:pc5; gc_fid:pls:bp_20:lv1; gc_fid:pls:bp_20:lv2; gc_fid:pls:bp_20:lv3; gc_fid:pls:bp_20:lv4; gc_fid:pls:bp_35:lv1; gc_fid:pls:bp_35:lv2; gc_fid:pls:bp_35:lv3,gc_fid:pca:pc1(1.000); gc_fid:pca:pc2(1.000); gc_fid:pca:pc3(1.000); gc_fid:pca:pc4(1.000); gc_fid:pca:pc5(1.000); gc_fid:pls:bp_20:lv1(1.000); gc_fid:pls:bp_20:lv2(1.000); gc_fid:pls:bp_20:lv3(1.000),petroleum_fraction_db_039,saturates,analysis_only,equal_weight
1,petroleum_fraction_db_037,0.055168,66.69643743177537,74,gc_fid:pca:pc1; gc_fid:pca:pc2; gc_fid:pca:pc3; gc_fid:pca:pc4; gc_fid:pca:pc5; gc_fid:pls:bp_20:lv1; gc_fid:pls:bp_20:lv2; gc_fid:pls:bp_20:lv3; gc_fid:pls:bp_20:lv4; gc_fid:pls:bp_35:lv1; gc_fid:pls:bp_35:lv2; gc_fid:pls:bp_35:lv3,ir:weighted_x_q90(0.703); ir_spectrum:pls:density_20c:lv1(0.668); ir_spectrum:pls:saturates:lv1(0.668); ir_spectrum:pca:pc1(0.656); ir:weighted_x_mean(0.613); ir_spectrum:pls:bp_80:lv1(0.577); ir_spectrum:pls:saturates:lv2(0.568); ir:weighted_x_q50(0.567),petroleum_fraction_db_039,saturates,analysis_only,correlation_weighted
2,petroleum_fraction_db_057,0.62879,81.55222680205082,74,gc_fid:pca:pc1; gc_fid:pca:pc2; gc_fid:pca:pc3; gc_fid:pca:pc4; gc_fid:pca:pc5; gc_fid:pls:bp_20:lv1; gc_fid:pls:bp_20:lv2; gc_fid:pls:bp_20:lv3; gc_fid:pls:bp_20:lv4; gc_fid:pls:bp_35:lv1; gc_fid:pls:bp_35:lv2; gc_fid:pls:bp_35:lv3,ir:weighted_x_q90(0.703); ir_spectrum:pls:density_20c:lv1(0.668); ir_spectrum:pls:saturates:lv1(0.668); ir_spectrum:pca:pc1(0.656); ir:weighted_x_mean(0.613); ir_spectrum:pls:bp_80:lv1(0.577); ir_spectrum:pls:saturates:lv2(0.568); ir:weighted_x_q50(0.567),petroleum_fraction_db_039,saturates,analysis_only,correlation_weighted
3,petroleum_fraction_db_033,0.670638,78.72959279414542,74,gc_fid:pca:pc1; gc_fid:pca:pc2; gc_fid:pca:pc3; gc_fid:pca:pc4; gc_fid:pca:pc5; gc_fid:pls:bp_20:lv1; gc_fid:pls:bp_20:lv2; gc_fid:pls:bp_20:lv3; gc_fid:pls:bp_20:lv4; gc_fid:pls:bp_35:lv1; gc_fid:pls:bp_35:lv2; gc_fid:pls:bp_35:lv3,ir:weighted_x_q90(0.703); ir_spectrum:pls:density_20c:lv1(0.668); ir_spectrum:pls:saturates:lv1(0.668); ir_spectrum:pca:pc1(0.656); ir:weighted_x_mean(0.613); ir_spectrum:pls:bp_80:lv1(0.577); ir_spectrum:pls:saturates:lv2(0.568); ir:weighted_x_q50(0.567),petroleum_fraction_db_039,saturates,analysis_only,correlation_weighted
4,petroleum_fraction_db_035,0.674209,71.55463275369856,74,gc_fid:pca:pc1; gc_fid:pca:pc2; gc_fid:pca:pc3; gc_fid:pca:pc4; gc_fid:pca:pc5; gc_fid:pls:bp_20:lv1; gc_fid:pls:bp_20:lv2; gc_fid:pls:bp_20:lv3; gc_fid:pls:bp_20:lv4; gc_fid:pls:bp_35:lv1; gc_fid:pls:bp_35:lv2; gc_fid:pls:bp_35:lv3,ir:weighted_x_q90(0.703); ir_spectrum:pls:density_20c:lv1(0.668); ir_spectrum:pls:saturates:lv1(0.668); ir_spectrum:pca:pc1(0.656); ir:weighted_x_mean(0.613); ir_spectrum:pls:bp_80:lv1(0.577); ir_spectrum:pls:saturates:lv2(0.568); ir:weighted_x_q50(0.567),petroleum_fraction_db_039,saturates,analysis_only,correlation_weighted
1,petroleum_fraction_db_037,0.054759,66.69643743177537,80,bulk_property:bp_20; bulk_property:bp_35; bulk_property:bp_50; bulk_property:bp_65; bulk_property:bp_80; bulk_property:density_20c; gc_fid:pca:pc1; gc_fid:pca:pc2; gc_fid:pca:pc3; gc_fid:pca:pc4; gc_fid:pca:pc5; gc_fid:pls:bp_20:lv1,bulk_property:bp_20(1.000); bulk_property:bp_35(1.000); bulk_property:bp_50(1.000); bulk_property:bp_65(1.000); bulk_property:bp_80(1.000); bulk_property:density_20c(1.000); gc_fid:pca:pc1(1.000); gc_fid:pca:pc2(1.000),petroleum_fraction_db_039,saturates,analysis_plus_non_target_bulk,equal_weight
2,petroleum_fraction_db_042,0.680684,86.20824762464481,80,bulk_property:bp_20; bulk_property:bp_35; bulk_property:bp_50; bulk_property:bp_65; bulk_property:bp_80; bulk_property:density_20c; gc_fid:pca:pc1; gc_fid:pca:pc2; gc_fid:pca:pc3; gc_fid:pca:pc4; gc_fid:pca:pc5; gc_fid:pls:bp_20:lv1,bulk_property:bp_20(1.000); bulk_property:bp_35(1.000); bulk_property:bp_50(1.000); bulk_property:bp_65(1.000); bulk_property:bp_80(1.000); bulk_property:density_20c(1.000); gc_fid:pca:pc1(1.000); gc_fid:pca:pc2(1.000),petroleum_fraction_db_039,saturates,analysis_plus_non_target_bulk,equal_weight
3,petroleum_fraction_db_040,0.68149,78.40850448962838,80,bulk_property:bp_20; bulk_property:bp_35; bulk_property:bp_50; bulk_property:bp_65; bulk_property:bp_80; bulk_property:density_20c; gc_fid:pca:pc1; gc_fid:pca:pc2; gc_fid:pca:pc3; gc_fid:pca:pc4; gc_fid:pca:pc5; gc_fid:pls:bp_20:lv1,bulk_property:bp_20(1.000); bulk_property:bp_35(1.000); bulk_property:bp_50(1.000); bulk_property:bp_65(1.000); bulk_property:bp_80(1.000); bulk_property:density_20c(1.000); gc_fid:pca:pc1(1.000); gc_fid:pca:pc2(1.000),petroleum_fraction_db_039,saturates,analysis_plus_non_target_bulk,equal_weight
4,petroleum_fraction_db_033,0.689578,78.72959279414542,80,bulk_property:bp_20; bulk_property:bp_35; bulk_property:bp_50; bulk_property:bp_65; bulk_property:bp_80; bulk_property:density_20c; gc_fid:pca:pc1; gc_fid:pca:pc2; gc_fid:pca:pc3; gc_fid:pca:pc4; gc_fid:pca:pc5; gc_fid:pls:bp_20:lv1,bulk_property:bp_20(1.000); bulk_property:bp_35(1.000); bulk_property:bp_50(1.000); bulk_property:bp_65(1.000); bulk_property:bp_80(1.000); bulk_property:density_20c(1.000); gc_fid:pca:pc1(1.000); gc_fid:pca:pc2(1.000),petroleum_fraction_db_039,saturates,analysis_plus_non_target_bulk,equal_weight
1,petroleum_fraction_db_037,0.052842,66.69643743177537,80,bulk_property:bp_20; bulk_property:bp_35; bulk_property:bp_50; bulk_property:bp_65; bulk_property:bp_80; bulk_property:density_20c; gc_fid:pca:pc1; gc_fid:pca:pc2; gc_fid:pca:pc3; gc_fid:pca:pc4; gc_fid:pca:pc5; gc_fid:pls:bp_20:lv1,bulk_property:density_20c(0.895); ir:weighted_x_q90(0.703); ir_spectrum:pls:density_20c:lv1(0.668); ir_spectrum:pls:saturates:lv1(0.668); ir_spectrum:pca:pc1(0.656); ir:weighted_x_mean(0.613); ir_spectrum:pls:bp_80:lv1(0.577); ir_spectrum:pls:saturates:lv2(0.568),petroleum_fraction_db_039,saturates,analysis_plus_non_target_bulk,correlation_weighted
2,petroleum_fraction_db_057,0.661373,81.55222680205082,80,bulk_property:bp_20; bulk_property:bp_35; bulk_property:bp_50; bulk_property:bp_65; bulk_property:bp_80; bulk_property:density_20c; gc_fid:pca:pc1; gc_fid:pca:pc2; gc_fid:pca:pc3; gc_fid:pca:pc4; gc_fid:pca:pc5; gc_fid:pls:bp_20:lv1,bulk_property:density_20c(0.895); ir:weighted_x_q90(0.703); ir_spectrum:pls:density_20c:lv1(0.668); ir_spectrum:pls:saturates:lv1(0.668); ir_spectrum:pca:pc1(0.656); ir:weighted_x_mean(0.613); ir_spectrum:pls:bp_80:lv1(0.577); ir_spectrum:pls:saturates:lv2(0.568),petroleum_fraction_db_039,saturates,analysis_plus_non_target_bulk,correlation_weighted
3,petroleum_fraction_db_040,0.675533,78.40850448962838,80,bulk_property:bp_20; bulk_property:bp_35; bulk_property:bp_50; bulk_property:bp_65; bulk_property:bp_80; bulk_property:density_20c; gc_fid:pca:pc1; gc_fid:pca:pc2; gc_fid:pca:pc3; gc_fid:pca:pc4; gc_fid:pca:pc5; gc_fid:pls:bp_20:lv1,bulk_property:density_20c(0.895); ir:weighted_x_q90(0.703); ir_spectrum:pls:density_20c:lv1(0.668); ir_spectrum:pls:saturates:lv1(0.668); ir_spectrum:pca:pc1(0.656); ir:weighted_x_mean(0.613); ir_spectrum:pls:bp_80:lv1(0.577); ir_spectrum:pls:saturates:lv2(0.568),petroleum_fraction_db_039,saturates,analysis_plus_non_target_bulk,correlation_weighted
4,petroleum_fraction_db_033,0.686801,78.72959279414542,80,bulk_property:bp_20; bulk_property:bp_35; bulk_property:bp_50; bulk_property:bp_65; bulk_property:bp_80; bulk_property:density_20c; gc_fid:pca:pc1; gc_fid:pca:pc2; gc_fid:pca:pc3; gc_fid:pca:pc4; gc_fid:pca:pc5; gc_fid:pls:bp_20:lv1,bulk_property:density_20c(0.895); ir:weighted_x_q90(0.703); ir_spectrum:pls:density_20c:lv1(0.668); ir_spectrum:pls:saturates:lv1(0.668); ir_spectrum:pca:pc1(0.656); ir:weighted_x_mean(0.613); ir_spectrum:pls:bp_80:lv1(0.577); ir_spectrum:pls:saturates:lv2(0.568),petroleum_fraction_db_039,saturates,analysis_plus_non_target_bulk,correlation_weighted
1,petroleum_fraction_db_037,0.057098,296.4,74,gc_fid:pca:pc1; gc_fid:pca:pc2; gc_fid:pca:pc3; gc_fid:pca:pc4; gc_fid:pca:pc5; gc_fid:pls:bp_20:lv1; gc_fid:pls:bp_20:lv2; gc_fid:pls:bp_20:lv3; gc_fid:pls:bp_20:lv4; gc_fid:pls:bp_35:lv1; gc_fid:pls:bp_35:lv2; gc_fid:pls:bp_35:lv3,gc_fid:pca:pc1(1.000); gc_fid:pca:pc2(1.000); gc_fid:pca:pc3(1.000); gc_fid:pca:pc4(1.000); gc_fid:pca:pc5(1.000); gc_fid:pls:bp_20:lv1(1.000); gc_fid:pls:bp_20:lv2(1.000); gc_fid:pls:bp_20:lv3(1.000),petroleum_fraction_db_039,BP_20,analysis_only,equal_weight
2,petroleum_fraction_db_033,0.668313,368.0,74,gc_fid:pca:pc1; gc_fid:pca:pc2; gc_fid:pca:pc3; gc_fid:pca:pc4; gc_fid:pca:pc5; gc_fid:pls:bp_20:lv1; gc_fid:pls:bp_20:lv2; gc_fid:pls:bp_20:lv3; gc_fid:pls:bp_20:lv4; gc_fid:pls:bp_35:lv1; gc_fid:pls:bp_35:lv2; gc_fid:pls:bp_35:lv3,gc_fid:pca:pc1(1.000); gc_fid:pca:pc2(1.000); gc_fid:pca:pc3(1.000); gc_fid:pca:pc4(1.000); gc_fid:pca:pc5(1.000); gc_fid:pls:bp_20:lv1(1.000); gc_fid:pls:bp_20:lv2(1.000); gc_fid:pls:bp_20:lv3(1.000),petroleum_fraction_db_039,BP_20,analysis_only,equal_weight
3,petroleum_fraction_db_040,0.685153,360.6,74,gc_fid:pca:pc1; gc_fid:pca:pc2; gc_fid:pca:pc3; gc_fid:pca:pc4; gc_fid:pca:pc5; gc_fid:pls:bp_20:lv1; gc_fid:pls:bp_20:lv2; gc_fid:pls:bp_20:lv3; gc_fid:pls:bp_20:lv4; gc_fid:pls:bp_35:lv1; gc_fid:pls:bp_35:lv2; gc_fid:pls:bp_35:lv3,gc_fid:pca:pc1(1.000); gc_fid:pca:pc2(1.000); gc_fid:pca:pc3(1.000); gc_fid:pca:pc4(1.000); gc_fid:pca:pc5(1.000); gc_fid:pls:bp_20:lv1(1.000); gc_fid:pls:bp_20:lv2(1.000); gc_fid:pls:bp_20:lv3(1.000),petroleum_fraction_db_039,BP_20,analysis_only,equal_weight
4,petroleum_fraction_db_042,0.685172,297.4,74,gc_fid:pca:pc1; gc_fid:pca:pc2; gc_fid:pca:pc3; gc_fid:pca:pc4; gc_fid:pca:pc5; gc_fid:pls:bp_20:lv1; gc_fid:pls:bp_20:lv2; gc_fid:pls:bp_20:lv3; gc_fid:pls:bp_20:lv4; gc_fid:pls:bp_35:lv1; gc_fid:pls:bp_35:lv2; gc_fid:pls:bp_35:lv3,gc_fid:pca:pc1(1.000); gc_fid:pca:pc2(1.000); gc_fid:pca:pc3(1.000); gc_fid:pca:pc4(1.000); gc_fid:pca:pc5(1.000); gc_fid:pls:bp_20:lv1(1.000); gc_fid:pls:bp_20:lv2(1.000); gc_fid:pls:bp_20:lv3(1.000),petroleum_fraction_db_039,BP_20,analysis_only,equal_weight
1,petroleum_fraction_db_037,0.051954,296.4,74,gc_fid:pca:pc1; gc_fid:pca:pc2; gc_fid:pca:pc3; gc_fid:pca:pc4; gc_fid:pca:pc5; gc_fid:pls:bp_20:lv1; gc_fid:pls:bp_20:lv2; gc_fid:pls:bp_20:lv3; gc_fid:pls:bp_20:lv4; gc_fid:pls:bp_35:lv1; gc_fid:pls:bp_35:lv2; gc_fid:pls:bp_35:lv3,gc_fid:pls:density_20c:lv1(0.948); gc_fid:pls:bp_20:lv1(0.940); gc_fid:pls:bp_35:lv1(0.939); gc_fid:pls:bp_50:lv1(0.938); gc_fid:pls:bp_65:lv1(0.936); gc_fid:pls:bp_80:lv1(0.934); gc_fid:pls:saturates:lv1(0.928); gc_fid:pca:pc1(0.914),petroleum_fraction_db_039,BP_20,analysis_only,correlation_weighted
2,petroleum_fraction_db_057,0.56725,289.4,74,gc_fid:pca:pc1; gc_fid:pca:pc2; gc_fid:pca:pc3; gc_fid:pca:pc4; gc_fid:pca:pc5; gc_fid:pls:bp_20:lv1; gc_fid:pls:bp_20:lv2; gc_fid:pls:bp_20:lv3; gc_fid:pls:bp_20:lv4; gc_fid:pls:bp_35:lv1; gc_fid:pls:bp_35:lv2; gc_fid:pls:bp_35:lv3,gc_fid:pls:density_20c:lv1(0.948); gc_fid:pls:bp_20:lv1(0.940); gc_fid:pls:bp_35:lv1(0.939); gc_fid:pls:bp_50:lv1(0.938); gc_fid:pls:bp_65:lv1(0.936); gc_fid:pls:bp_80:lv1(0.934); gc_fid:pls:saturates:lv1(0.928); gc_fid:pca:pc1(0.914),petroleum_fraction_db_039,BP_20,analysis_only,correlation_weighted
3,petroleum_fraction_db_042,0.575985,297.4,74,gc_fid:pca:pc1; gc_fid:pca:pc2; gc_fid:pca:pc3; gc_fid:pca:pc4; gc_fid:pca:pc5; gc_fid:pls:bp_20:lv1; gc_fid:pls:bp_20:lv2; gc_fid:pls:bp_20:lv3; gc_fid:pls:bp_20:lv4; gc_fid:pls:bp_35:lv1; gc_fid:pls:bp_35:lv2; gc_fid:pls:bp_35:lv3,gc_fid:pls:density_20c:lv1(0.948); gc_fid:pls:bp_20:lv1(0.940); gc_fid:pls:bp_35:lv1(0.939); gc_fid:pls:bp_50:lv1(0.938); gc_fid:pls:bp_65:lv1(0.936); gc_fid:pls:bp_80:lv1(0.934); gc_fid:pls:saturates:lv1(0.928); gc_fid:pca:pc1(0.914),petroleum_fraction_db_039,BP_20,analysis_only,correlation_weighted
4,petroleum_fraction_db_032,0.690518,257.2,74,gc_fid:pca:pc1; gc_fid:pca:pc2; gc_fid:pca:pc3; gc_fid:pca:pc4; gc_fid:pca:pc5; gc_fid:pls:bp_20:lv1; gc_fid:pls:bp_20:lv2; gc_fid:pls:bp_20:lv3; gc_fid:pls:bp_20:lv4; gc_fid:pls:bp_35:lv1; gc_fid:pls:bp_35:lv2; gc_fid:pls:bp_35:lv3,gc_fid:pls:density_20c:lv1(0.948); gc_fid:pls:bp_20:lv1(0.940); gc_fid:pls:bp_35:lv1(0.939); gc_fid:pls:bp_50:lv1(0.938); gc_fid:pls:bp_65:lv1(0.936); gc_fid:pls:bp_80:lv1(0.934); gc_fid:pls:saturates:lv1(0.928); gc_fid:pca:pc1(0.914),petroleum_fraction_db_039,BP_20,analysis_only,correlation_weighted
1,petroleum_fraction_db_037,0.056005,296.4,80,bulk_property:bp_35; bulk_property:bp_50; bulk_property:bp_65; bulk_property:bp_80; bulk_property:density_20c; bulk_property:saturates; gc_fid:pca:pc1; gc_fid:pca:pc2; gc_fid:pca:pc3; gc_fid:pca:pc4; gc_fid:pca:pc5; gc_fid:pls:bp_20:lv1,bulk_property:bp_35(1.000); bulk_property:bp_50(1.000); bulk_property:bp_65(1.000); bulk_property:bp_80(1.000); bulk_property:density_20c(1.000); bulk_property:saturates(1.000); gc_fid:pca:pc1(1.000); gc_fid:pca:pc2(1.000),petroleum_fraction_db_039,BP_20,analysis_plus_non_target_bulk,equal_weight
2,petroleum_fraction_db_040,0.674008,360.6,80,bulk_property:bp_35; bulk_property:bp_50; bulk_property:bp_65; bulk_property:bp_80; bulk_property:density_20c; bulk_property:saturates; gc_fid:pca:pc1; gc_fid:pca:pc2; gc_fid:pca:pc3; gc_fid:pca:pc4; gc_fid:pca:pc5; gc_fid:pls:bp_20:lv1,bulk_property:bp_35(1.000); bulk_property:bp_50(1.000); bulk_property:bp_65(1.000); bulk_property:bp_80(1.000); bulk_property:density_20c(1.000); bulk_property:saturates(1.000); gc_fid:pca:pc1(1.000); gc_fid:pca:pc2(1.000),petroleum_fraction_db_039,BP_20,analysis_plus_non_target_bulk,equal_weight
3,petroleum_fraction_db_033,0.679581,368.0,80,bulk_property:bp_35; bulk_property:bp_50; bulk_property:bp_65; bulk_property:bp_80; bulk_property:density_20c; bulk_property:saturates; gc_fid:pca:pc1; gc_fid:pca:pc2; gc_fid:pca:pc3; gc_fid:pca:pc4; gc_fid:pca:pc5; gc_fid:pls:bp_20:lv1,bulk_property:bp_35(1.000); bulk_property:bp_50(1.000); bulk_property:bp_65(1.000); bulk_property:bp_80(1.000); bulk_property:density_20c(1.000); bulk_property:saturates(1.000); gc_fid:pca:pc1(1.000); gc_fid:pca:pc2(1.000),petroleum_fraction_db_039,BP_20,analysis_plus_non_target_bulk,equal_weight
4,petroleum_fraction_db_042,0.693626,297.4,80,bulk_property:bp_35; bulk_property:bp_50; bulk_property:bp_65; bulk_property:bp_80; bulk_property:density_20c; bulk_property:saturates; gc_fid:pca:pc1; gc_fid:pca:pc2; gc_fid:pca:pc3; gc_fid:pca:pc4; gc_fid:pca:pc5; gc_fid:pls:bp_20:lv1,bulk_property:bp_35(1.000); bulk_property:bp_50(1.000); bulk_property:bp_65(1.000); bulk_property:bp_80(1.000); bulk_property:density_20c(1.000); bulk_property:saturates(1.000); gc_fid:pca:pc1(1.000); gc_fid:pca:pc2(1.000),petroleum_fraction_db_039,BP_20,analysis_plus_non_target_bulk,equal_weight
1,petroleum_fraction_db_037,0.049507,296.4,80,bulk_property:bp_35; bulk_property:bp_50; bulk_property:bp_65; bulk_property:bp_80; bulk_property:density_20c; bulk_property:saturates; gc_fid:pca:pc1; gc_fid:pca:pc2; gc_fid:pca:pc3; gc_fid:pca:pc4; gc_fid:pca:pc5; gc_fid:pls:bp_20:lv1,bulk_property:bp_35(1.040); bulk_property:bp_50(1.015); bulk_property:bp_65(0.986); gc_fid:pls:density_20c:lv1(0.948); gc_fid:pls:bp_20:lv1(0.940); gc_fid:pls:bp_35:lv1(0.939); bulk_property:bp_80(0.939); gc_fid:pls:bp_50:lv1(0.938),petroleum_fraction_db_039,BP_20,analysis_plus_non_target_bulk,correlation_weighted
2,petroleum_fraction_db_042,0.590887,297.4,80,bulk_property:bp_35; bulk_property:bp_50; bulk_property:bp_65; bulk_property:bp_80; bulk_property:density_20c; bulk_property:saturates; gc_fid:pca:pc1; gc_fid:pca:pc2; gc_fid:pca:pc3; gc_fid:pca:pc4; gc_fid:pca:pc5; gc_fid:pls:bp_20:lv1,bulk_property:bp_35(1.040); bulk_property:bp_50(1.015); bulk_property:bp_65(0.986); gc_fid:pls:density_20c:lv1(0.948); gc_fid:pls:bp_20:lv1(0.940); gc_fid:pls:bp_35:lv1(0.939); bulk_property:bp_80(0.939); gc_fid:pls:bp_50:lv1(0.938),petroleum_fraction_db_039,BP_20,analysis_plus_non_target_bulk,correlation_weighted
3,petroleum_fraction_db_057,0.652572,289.4,80,bulk_property:bp_35; bulk_property:bp_50; bulk_property:bp_65; bulk_property:bp_80; bulk_property:density_20c; bulk_property:saturates; gc_fid:pca:pc1; gc_fid:pca:pc2; gc_fid:pca:pc3; gc_fid:pca:pc4; gc_fid:pca:pc5; gc_fid:pls:bp_20:lv1,bulk_property:bp_35(1.040); bulk_property:bp_50(1.015); bulk_property:bp_65(0.986); gc_fid:pls:density_20c:lv1(0.948); gc_fid:pls:bp_20:lv1(0.940); gc_fid:pls:bp_35:lv1(0.939); bulk_property:bp_80(0.939); gc_fid:pls:bp_50:lv1(0.938),petroleum_fraction_db_039,BP_20,analysis_plus_non_target_bulk,correlation_weighted
4,petroleum_fraction_db_040,0.684434,360.6,80,bulk_property:bp_35; bulk_property:bp_50; bulk_property:bp_65; bulk_property:bp_80; bulk_property:density_20c; bulk_property:saturates; gc_fid:pca:pc1; gc_fid:pca:pc2; gc_fid:pca:pc3; gc_fid:pca:pc4; gc_fid:pca:pc5; gc_fid:pls:bp_20:lv1,bulk_property:bp_35(1.040); bulk_property:bp_50(1.015); bulk_property:bp_65(0.986); gc_fid:pls:density_20c:lv1(0.948); gc_fid:pls:bp_20:lv1(0.940); gc_fid:pls:bp_35:lv1(0.939); bulk_property:bp_80(0.939); gc_fid:pls:bp_50:lv1(0.938),petroleum_fraction_db_039,BP_20,analysis_plus_non_target_bulk,correlation_weighted
1,petroleum_fraction_db_037,0.057098,332.0,74,gc_fid:pca:pc1; gc_fid:pca:pc2; gc_fid:pca:pc3; gc_fid:pca:pc4; gc_fid:pca:pc5; gc_fid:pls:bp_20:lv1; gc_fid:pls:bp_20:lv2; gc_fid:pls:bp_20:lv3; gc_fid:pls:bp_20:lv4; gc_fid:pls:bp_35:lv1; gc_fid:pls:bp_35:lv2; gc_fid:pls:bp_35:lv3,gc_fid:pca:pc1(1.000); gc_fid:pca:pc2(1.000); gc_fid:pca:pc3(1.000); gc_fid:pca:pc4(1.000); gc_fid:pca:pc5(1.000); gc_fid:pls:bp_20:lv1(1.000); gc_fid:pls:bp_20:lv2(1.000); gc_fid:pls:bp_20:lv3(1.000),petroleum_fraction_db_039,BP_35,analysis_only,equal_weight
2,petroleum_fraction_db_033,0.668313,398.6,74,gc_fid:pca:pc1; gc_fid:pca:pc2; gc_fid:pca:pc3; gc_fid:pca:pc4; gc_fid:pca:pc5; gc_fid:pls:bp_20:lv1; gc_fid:pls:bp_20:lv2; gc_fid:pls:bp_20:lv3; gc_fid:pls:bp_20:lv4; gc_fid:pls:bp_35:lv1; gc_fid:pls:bp_35:lv2; gc_fid:pls:bp_35:lv3,gc_fid:pca:pc1(1.000); gc_fid:pca:pc2(1.000); gc_fid:pca:pc3(1.000); gc_fid:pca:pc4(1.000); gc_fid:pca:pc5(1.000); gc_fid:pls:bp_20:lv1(1.000); gc_fid:pls:bp_20:lv2(1.000); gc_fid:pls:bp_20:lv3(1.000),petroleum_fraction_db_039,BP_35,analysis_only,equal_weight
3,petroleum_fraction_db_040,0.685153,381.2,74,gc_fid:pca:pc1; gc_fid:pca:pc2; gc_fid:pca:pc3; gc_fid:pca:pc4; gc_fid:pca:pc5; gc_fid:pls:bp_20:lv1; gc_fid:pls:bp_20:lv2; gc_fid:pls:bp_20:lv3; gc_fid:pls:bp_20:lv4; gc_fid:pls:bp_35:lv1; gc_fid:pls:bp_35:lv2; gc_fid:pls:bp_35:lv3,gc_fid:pca:pc1(1.000); gc_fid:pca:pc2(1.000); gc_fid:pca:pc3(1.000); gc_fid:pca:pc4(1.000); gc_fid:pca:pc5(1.000); gc_fid:pls:bp_20:lv1(1.000); gc_fid:pls:bp_20:lv2(1.000); gc_fid:pls:bp_20:lv3(1.000),petroleum_fraction_db_039,BP_35,analysis_only,equal_weight
4,petroleum_fraction_db_042,0.685172,324.4,74,gc_fid:pca:pc1; gc_fid:pca:pc2; gc_fid:pca:pc3; gc_fid:pca:pc4; gc_fid:pca:pc5; gc_fid:pls:bp_20:lv1; gc_fid:pls:bp_20:lv2; gc_fid:pls:bp_20:lv3; gc_fid:pls:bp_20:lv4; gc_fid:pls:bp_35:lv1; gc_fid:pls:bp_35:lv2; gc_fid:pls:bp_35:lv3,gc_fid:pca:pc1(1.000); gc_fid:pca:pc2(1.000); gc_fid:pca:pc3(1.000); gc_fid:pca:pc4(1.000); gc_fid:pca:pc5(1.000); gc_fid:pls:bp_20:lv1(1.000); gc_fid:pls:bp_20:lv2(1.000); gc_fid:pls:bp_20:lv3(1.000),petroleum_fraction_db_039,BP_35,analysis_only,equal_weight
1,petroleum_fraction_db_037,0.052321,332.0,74,gc_fid:pca:pc1; gc_fid:pca:pc2; gc_fid:pca:pc3; gc_fid:pca:pc4; gc_fid:pca:pc5; gc_fid:pls:bp_20:lv1; gc_fid:pls:bp_20:lv2; gc_fid:pls:bp_20:lv3; gc_fid:pls:bp_20:lv4; gc_fid:pls:bp_35:lv1; gc_fid:pls:bp_35:lv2; gc_fid:pls:bp_35:lv3,gc_fid:pls:density_20c:lv1(0.967); gc_fid:pls:bp_35:lv1(0.949); gc_fid:pls:saturates:lv1(0.948); gc_fid:pls:bp_20:lv1(0.948); gc_fid:pls:bp_50:lv1(0.948); gc_fid:pls:bp_65:lv1(0.947); gc_fid:pls:bp_80:lv1(0.946); gc_fid:pca:pc1(0.921),petroleum_fraction_db_039,BP_35,analysis_only,correlation_weighted
2,petroleum_fraction_db_057,0.572422,307.6,74,gc_fid:pca:pc1; gc_fid:pca:pc2; gc_fid:pca:pc3; gc_fid:pca:pc4; gc_fid:pca:pc5; gc_fid:pls:bp_20:lv1; gc_fid:pls:bp_20:lv2; gc_fid:pls:bp_20:lv3; gc_fid:pls:bp_20:lv4; gc_fid:pls:bp_35:lv1; gc_fid:pls:bp_35:lv2; gc_fid:pls:bp_35:lv3,gc_fid:pls:density_20c:lv1(0.967); gc_fid:pls:bp_35:lv1(0.949); gc_fid:pls:saturates:lv1(0.948); gc_fid:pls:bp_20:lv1(0.948); gc_fid:pls:bp_50:lv1(0.948); gc_fid:pls:bp_65:lv1(0.947); gc_fid:pls:bp_80:lv1(0.946); gc_fid:pca:pc1(0.921),petroleum_fraction_db_039,BP_35,analysis_only,correlation_weighted
3,petroleum_fraction_db_042,0.572847,324.4,74,gc_fid:pca:pc1; gc_fid:pca:pc2; gc_fid:pca:pc3; gc_fid:pca:pc4; gc_fid:pca:pc5; gc_fid:pls:bp_20:lv1; gc_fid:pls:bp_20:lv2; gc_fid:pls:bp_20:lv3; gc_fid:pls:bp_20:lv4; gc_fid:pls:bp_35:lv1; gc_fid:pls:bp_35:lv2; gc_fid:pls:bp_35:lv3,gc_fid:pls:density_20c:lv1(0.967); gc_fid:pls:bp_35:lv1(0.949); gc_fid:pls:saturates:lv1(0.948); gc_fid:pls:bp_20:lv1(0.948); gc_fid:pls:bp_50:lv1(0.948); gc_fid:pls:bp_65:lv1(0.947); gc_fid:pls:bp_80:lv1(0.946); gc_fid:pca:pc1(0.921),petroleum_fraction_db_039,BP_35,analysis_only,correlation_weighted
4,petroleum_fraction_db_032,0.691407,287.0,74,gc_fid:pca:pc1; gc_fid:pca:pc2; gc_fid:pca:pc3; gc_fid:pca:pc4; gc_fid:pca:pc5; gc_fid:pls:bp_20:lv1; gc_fid:pls:bp_20:lv2; gc_fid:pls:bp_20:lv3; gc_fid:pls:bp_20:lv4; gc_fid:pls:bp_35:lv1; gc_fid:pls:bp_35:lv2; gc_fid:pls:bp_35:lv3,gc_fid:pls:density_20c:lv1(0.967); gc_fid:pls:bp_35:lv1(0.949); gc_fid:pls:saturates:lv1(0.948); gc_fid:pls:bp_20:lv1(0.948); gc_fid:pls:bp_50:lv1(0.948); gc_fid:pls:bp_65:lv1(0.947); gc_fid:pls:bp_80:lv1(0.946); gc_fid:pca:pc1(0.921),petroleum_fraction_db_039,BP_35,analysis_only,correlation_weighted
1,petroleum_fraction_db_037,0.056014,332.0,80,bulk_property:bp_20; bulk_property:bp_50; bulk_property:bp_65; bulk_property:bp_80; bulk_property:density_20c; bulk_property:saturates; gc_fid:pca:pc1; gc_fid:pca:pc2; gc_fid:pca:pc3; gc_fid:pca:pc4; gc_fid:pca:pc5; gc_fid:pls:bp_20:lv1,bulk_property:bp_20(1.000); bulk_property:bp_50(1.000); bulk_property:bp_65(1.000); bulk_property:bp_80(1.000); bulk_property:density_20c(1.000); bulk_property:saturates(1.000); gc_fid:pca:pc1(1.000); gc_fid:pca:pc2(1.000),petroleum_fraction_db_039,BP_35,analysis_plus_non_target_bulk,equal_weight
2,petroleum_fraction_db_040,0.678946,381.2,80,bulk_property:bp_20; bulk_property:bp_50; bulk_property:bp_65; bulk_property:bp_80; bulk_property:density_20c; bulk_property:saturates; gc_fid:pca:pc1; gc_fid:pca:pc2; gc_fid:pca:pc3; gc_fid:pca:pc4; gc_fid:pca:pc5; gc_fid:pls:bp_20:lv1,bulk_property:bp_20(1.000); bulk_property:bp_50(1.000); bulk_property:bp_65(1.000); bulk_property:bp_80(1.000); bulk_property:density_20c(1.000); bulk_property:saturates(1.000); gc_fid:pca:pc1(1.000); gc_fid:pca:pc2(1.000),petroleum_fraction_db_039,BP_35,analysis_plus_non_target_bulk,equal_weight
3,petroleum_fraction_db_033,0.681674,398.6,80,bulk_property:bp_20; bulk_property:bp_50; bulk_property:bp_65; bulk_property:bp_80; bulk_property:density_20c; bulk_property:saturates; gc_fid:pca:pc1; gc_fid:pca:pc2; gc_fid:pca:pc3; gc_fid:pca:pc4; gc_fid:pca:pc5; gc_fid:pls:bp_20:lv1,bulk_property:bp_20(1.000); bulk_property:bp_50(1.000); bulk_property:bp_65(1.000); bulk_property:bp_80(1.000); bulk_property:density_20c(1.000); bulk_property:saturates(1.000); gc_fid:pca:pc1(1.000); gc_fid:pca:pc2(1.000),petroleum_fraction_db_039,BP_35,analysis_plus_non_target_bulk,equal_weight
4,petroleum_fraction_db_042,0.693448,324.4,80,bulk_property:bp_20; bulk_property:bp_50; bulk_property:bp_65; bulk_property:bp_80; bulk_property:density_20c; bulk_property:saturates; gc_fid:pca:pc1; gc_fid:pca:pc2; gc_fid:pca:pc3; gc_fid:pca:pc4; gc_fid:pca:pc5; gc_fid:pls:bp_20:lv1,bulk_property:bp_20(1.000); bulk_property:bp_50(1.000); bulk_property:bp_65(1.000); bulk_property:bp_80(1.000); bulk_property:density_20c(1.000); bulk_property:saturates(1.000); gc_fid:pca:pc1(1.000); gc_fid:pca:pc2(1.000),petroleum_fraction_db_039,BP_35,analysis_plus_non_target_bulk,equal_weight
1,petroleum_fraction_db_037,0.049933,332.0,80,bulk_property:bp_20; bulk_property:bp_50; bulk_property:bp_65; bulk_property:bp_80; bulk_property:density_20c; bulk_property:saturates; gc_fid:pca:pc1; gc_fid:pca:pc2; gc_fid:pca:pc3; gc_fid:pca:pc4; gc_fid:pca:pc5; gc_fid:pls:bp_20:lv1,bulk_property:bp_20(1.040); bulk_property:bp_50(1.040); bulk_property:bp_65(1.020); bulk_property:bp_80(0.982); gc_fid:pls:density_20c:lv1(0.967); gc_fid:pls:bp_35:lv1(0.949); gc_fid:pls:saturates:lv1(0.948); gc_fid:pls:bp_20:lv1(0.948),petroleum_fraction_db_039,BP_35,analysis_plus_non_target_bulk,correlation_weighted
2,petroleum_fraction_db_042,0.589463,324.4,80,bulk_property:bp_20; bulk_property:bp_50; bulk_property:bp_65; bulk_property:bp_80; bulk_property:density_20c; bulk_property:saturates; gc_fid:pca:pc1; gc_fid:pca:pc2; gc_fid:pca:pc3; gc_fid:pca:pc4; gc_fid:pca:pc5; gc_fid:pls:bp_20:lv1,bulk_property:bp_20(1.040); bulk_property:bp_50(1.040); bulk_property:bp_65(1.020); bulk_property:bp_80(0.982); gc_fid:pls:density_20c:lv1(0.967); gc_fid:pls:bp_35:lv1(0.949); gc_fid:pls:saturates:lv1(0.948); gc_fid:pls:bp_20:lv1(0.948),petroleum_fraction_db_039,BP_35,analysis_plus_non_target_bulk,correlation_weighted
3,petroleum_fraction_db_057,0.654398,307.6,80,bulk_property:bp_20; bulk_property:bp_50; bulk_property:bp_65; bulk_property:bp_80; bulk_property:density_20c; bulk_property:saturates; gc_fid:pca:pc1; gc_fid:pca:pc2; gc_fid:pca:pc3; gc_fid:pca:pc4; gc_fid:pca:pc5; gc_fid:pls:bp_20:lv1,bulk_property:bp_20(1.040); bulk_property:bp_50(1.040); bulk_property:bp_65(1.020); bulk_property:bp_80(0.982); gc_fid:pls:density_20c:lv1(0.967); gc_fid:pls:bp_35:lv1(0.949); gc_fid:pls:saturates:lv1(0.948); gc_fid:pls:bp_20:lv1(0.948),petroleum_fraction_db_039,BP_35,analysis_plus_non_target_bulk,correlation_weighted
4,petroleum_fraction_db_040,0.697541,381.2,80,bulk_property:bp_20; bulk_property:bp_50; bulk_property:bp_65; bulk_property:bp_80; bulk_property:density_20c; bulk_property:saturates; gc_fid:pca:pc1; gc_fid:pca:pc2; gc_fid:pca:pc3; gc_fid:pca:pc4; gc_fid:pca:pc5; gc_fid:pls:bp_20:lv1,bulk_property:bp_20(1.040); bulk_property:bp_50(1.040); bulk_property:bp_65(1.020); bulk_property:bp_80(0.982); gc_fid:pls:density_20c:lv1(0.967); gc_fid:pls:bp_35:lv1(0.949); gc_fid:pls:saturates:lv1(0.948); gc_fid:pls:bp_20:lv1(0.948),petroleum_fraction_db_039,BP_35,analysis_plus_non_target_bulk,correlation_weighted
1,petroleum_fraction_db_037,0.057098,362.8,74,gc_fid:pca:pc1; gc_fid:pca:pc2; gc_fid:pca:pc3; gc_fid:pca:pc4; gc_fid:pca:pc5; gc_fid:pls:bp_20:lv1; gc_fid:pls:bp_20:lv2; gc_fid:pls:bp_20:lv3; gc_fid:pls:bp_20:lv4; gc_fid:pls:bp_35:lv1; gc_fid:pls:bp_35:lv2; gc_fid:pls:bp_35:lv3,gc_fid:pca:pc1(1.000); gc_fid:pca:pc2(1.000); gc_fid:pca:pc3(1.000); gc_fid:pca:pc4(1.000); gc_fid:pca:pc5(1.000); gc_fid:pls:bp_20:lv1(1.000); gc_fid:pls:bp_20:lv2(1.000); gc_fid:pls:bp_20:lv3(1.000),petroleum_fraction_db_039,BP_50,analysis_only,equal_weight
2,petroleum_fraction_db_033,0.668313,421.8,74,gc_fid:pca:pc1; gc_fid:pca:pc2; gc_fid:pca:pc3; gc_fid:pca:pc4; gc_fid:pca:pc5; gc_fid:pls:bp_20:lv1; gc_fid:pls:bp_20:lv2; gc_fid:pls:bp_20:lv3; gc_fid:pls:bp_20:lv4; gc_fid:pls:bp_35:lv1; gc_fid:pls:bp_35:lv2; gc_fid:pls:bp_35:lv3,gc_fid:pca:pc1(1.000); gc_fid:pca:pc2(1.000); gc_fid:pca:pc3(1.000); gc_fid:pca:pc4(1.000); gc_fid:pca:pc5(1.000); gc_fid:pls:bp_20:lv1(1.000); gc_fid:pls:bp_20:lv2(1.000); gc_fid:pls:bp_20:lv3(1.000),petroleum_fraction_db_039,BP_50,analysis_only,equal_weight
3,petroleum_fraction_db_040,0.685153,397.8,74,gc_fid:pca:pc1; gc_fid:pca:pc2; gc_fid:pca:pc3; gc_fid:pca:pc4; gc_fid:pca:pc5; gc_fid:pls:bp_20:lv1; gc_fid:pls:bp_20:lv2; gc_fid:pls:bp_20:lv3; gc_fid:pls:bp_20:lv4; gc_fid:pls:bp_35:lv1; gc_fid:pls:bp_35:lv2; gc_fid:pls:bp_35:lv3,gc_fid:pca:pc1(1.000); gc_fid:pca:pc2(1.000); gc_fid:pca:pc3(1.000); gc_fid:pca:pc4(1.000); gc_fid:pca:pc5(1.000); gc_fid:pls:bp_20:lv1(1.000); gc_fid:pls:bp_20:lv2(1.000); gc_fid:pls:bp_20:lv3(1.000),petroleum_fraction_db_039,BP_50,analysis_only,equal_weight
4,petroleum_fraction_db_042,0.685172,346.4,74,gc_fid:pca:pc1; gc_fid:pca:pc2; gc_fid:pca:pc3; gc_fid:pca:pc4; gc_fid:pca:pc5; gc_fid:pls:bp_20:lv1; gc_fid:pls:bp_20:lv2; gc_fid:pls:bp_20:lv3; gc_fid:pls:bp_20:lv4; gc_fid:pls:bp_35:lv1; gc_fid:pls:bp_35:lv2; gc_fid:pls:bp_35:lv3,gc_fid:pca:pc1(1.000); gc_fid:pca:pc2(1.000); gc_fid:pca:pc3(1.000); gc_fid:pca:pc4(1.000); gc_fid:pca:pc5(1.000); gc_fid:pls:bp_20:lv1(1.000); gc_fid:pls:bp_20:lv2(1.000); gc_fid:pls:bp_20:lv3(1.000),petroleum_fraction_db_039,BP_50,analysis_only,equal_weight
1,petroleum_fraction_db_037,0.052642,362.8,74,gc_fid:pca:pc1; gc_fid:pca:pc2; gc_fid:pca:pc3; gc_fid:pca:pc4; gc_fid:pca:pc5; gc_fid:pls:bp_20:lv1; gc_fid:pls:bp_20:lv2; gc_fid:pls:bp_20:lv3; gc_fid:pls:bp_20:lv4; gc_fid:pls:bp_35:lv1; gc_fid:pls:bp_35:lv2; gc_fid:pls:bp_35:lv3,gc_fid:pls:density_20c:lv1(0.977); gc_fid:pls:saturates:lv1(0.960); gc_fid:pls:bp_50:lv1(0.951); gc_fid:pls:bp_80:lv1(0.951); gc_fid:pls:bp_35:lv1(0.951); gc_fid:pls:bp_65:lv1(0.951); gc_fid:pls:bp_20:lv1(0.949); gc_fid:pca:pc1(0.923),petroleum_fraction_db_039,BP_50,analysis_only,correlation_weighted
2,petroleum_fraction_db_042,0.570073,346.4,74,gc_fid:pca:pc1; gc_fid:pca:pc2; gc_fid:pca:pc3; gc_fid:pca:pc4; gc_fid:pca:pc5; gc_fid:pls:bp_20:lv1; gc_fid:pls:bp_20:lv2; gc_fid:pls:bp_20:lv3; gc_fid:pls:bp_20:lv4; gc_fid:pls:bp_35:lv1; gc_fid:pls:bp_35:lv2; gc_fid:pls:bp_35:lv3,gc_fid:pls:density_20c:lv1(0.977); gc_fid:pls:saturates:lv1(0.960); gc_fid:pls:bp_50:lv1(0.951); gc_fid:pls:bp_80:lv1(0.951); gc_fid:pls:bp_35:lv1(0.951); gc_fid:pls:bp_65:lv1(0.951); gc_fid:pls:bp_20:lv1(0.949); gc_fid:pca:pc1(0.923),petroleum_fraction_db_039,BP_50,analysis_only,correlation_weighted
3,petroleum_fraction_db_057,0.579275,319.2,74,gc_fid:pca:pc1; gc_fid:pca:pc2; gc_fid:pca:pc3; gc_fid:pca:pc4; gc_fid:pca:pc5; gc_fid:pls:bp_20:lv1; gc_fid:pls:bp_20:lv2; gc_fid:pls:bp_20:lv3; gc_fid:pls:bp_20:lv4; gc_fid:pls:bp_35:lv1; gc_fid:pls:bp_35:lv2; gc_fid:pls:bp_35:lv3,gc_fid:pls:density_20c:lv1(0.977); gc_fid:pls:saturates:lv1(0.960); gc_fid:pls:bp_50:lv1(0.951); gc_fid:pls:bp_80:lv1(0.951); gc_fid:pls:bp_35:lv1(0.951); gc_fid:pls:bp_65:lv1(0.951); gc_fid:pls:bp_20:lv1(0.949); gc_fid:pca:pc1(0.923),petroleum_fraction_db_039,BP_50,analysis_only,correlation_weighted
4,petroleum_fraction_db_032,0.687704,309.2,74,gc_fid:pca:pc1; gc_fid:pca:pc2; gc_fid:pca:pc3; gc_fid:pca:pc4; gc_fid:pca:pc5; gc_fid:pls:bp_20:lv1; gc_fid:pls:bp_20:lv2; gc_fid:pls:bp_20:lv3; gc_fid:pls:bp_20:lv4; gc_fid:pls:bp_35:lv1; gc_fid:pls:bp_35:lv2; gc_fid:pls:bp_35:lv3,gc_fid:pls:density_20c:lv1(0.977); gc_fid:pls:saturates:lv1(0.960); gc_fid:pls:bp_50:lv1(0.951); gc_fid:pls:bp_80:lv1(0.951); gc_fid:pls:bp_35:lv1(0.951); gc_fid:pls:bp_65:lv1(0.951); gc_fid:pls:bp_20:lv1(0.949); gc_fid:pca:pc1(0.923),petroleum_fraction_db_039,BP_50,analysis_only,correlation_weighted
1,petroleum_fraction_db_037,0.056014,362.8,80,bulk_property:bp_20; bulk_property:bp_35; bulk_property:bp_65; bulk_property:bp_80; bulk_property:density_20c; bulk_property:saturates; gc_fid:pca:pc1; gc_fid:pca:pc2; gc_fid:pca:pc3; gc_fid:pca:pc4; gc_fid:pca:pc5; gc_fid:pls:bp_20:lv1,bulk_property:bp_20(1.000); bulk_property:bp_35(1.000); bulk_property:bp_65(1.000); bulk_property:bp_80(1.000); bulk_property:density_20c(1.000); bulk_property:saturates(1.000); gc_fid:pca:pc1(1.000); gc_fid:pca:pc2(1.000),petroleum_fraction_db_039,BP_50,analysis_plus_non_target_bulk,equal_weight
2,petroleum_fraction_db_040,0.682458,397.8,80,bulk_property:bp_20; bulk_property:bp_35; bulk_property:bp_65; bulk_property:bp_80; bulk_property:density_20c; bulk_property:saturates; gc_fid:pca:pc1; gc_fid:pca:pc2; gc_fid:pca:pc3; gc_fid:pca:pc4; gc_fid:pca:pc5; gc_fid:pls:bp_20:lv1,bulk_property:bp_20(1.000); bulk_property:bp_35(1.000); bulk_property:bp_65(1.000); bulk_property:bp_80(1.000); bulk_property:density_20c(1.000); bulk_property:saturates(1.000); gc_fid:pca:pc1(1.000); gc_fid:pca:pc2(1.000),petroleum_fraction_db_039,BP_50,analysis_plus_non_target_bulk,equal_weight
3,petroleum_fraction_db_033,0.684778,421.8,80,bulk_property:bp_20; bulk_property:bp_35; bulk_property:bp_65; bulk_property:bp_80; bulk_property:density_20c; bulk_property:saturates; gc_fid:pca:pc1; gc_fid:pca:pc2; gc_fid:pca:pc3; gc_fid:pca:pc4; gc_fid:pca:pc5; gc_fid:pls:bp_20:lv1,bulk_property:bp_20(1.000); bulk_property:bp_35(1.000); bulk_property:bp_65(1.000); bulk_property:bp_80(1.000); bulk_property:density_20c(1.000); bulk_property:saturates(1.000); gc_fid:pca:pc1(1.000); gc_fid:pca:pc2(1.000),petroleum_fraction_db_039,BP_50,analysis_plus_non_target_bulk,equal_weight
4,petroleum_fraction_db_042,0.692873,346.4,80,bulk_property:bp_20; bulk_property:bp_35; bulk_property:bp_65; bulk_property:bp_80; bulk_property:density_20c; bulk_property:saturates; gc_fid:pca:pc1; gc_fid:pca:pc2; gc_fid:pca:pc3; gc_fid:pca:pc4; gc_fid:pca:pc5; gc_fid:pls:bp_20:lv1,bulk_property:bp_20(1.000); bulk_property:bp_35(1.000); bulk_property:bp_65(1.000); bulk_property:bp_80(1.000); bulk_property:density_20c(1.000); bulk_property:saturates(1.000); gc_fid:pca:pc1(1.000); gc_fid:pca:pc2(1.000),petroleum_fraction_db_039,BP_50,analysis_plus_non_target_bulk,equal_weight
1,petroleum_fraction_db_037,0.050291,362.8,80,bulk_property:bp_20; bulk_property:bp_35; bulk_property:bp_65; bulk_property:bp_80; bulk_property:density_20c; bulk_property:saturates; gc_fid:pca:pc1; gc_fid:pca:pc2; gc_fid:pca:pc3; gc_fid:pca:pc4; gc_fid:pca:pc5; gc_fid:pls:bp_20:lv1,bulk_property:bp_65(1.042); bulk_property:bp_35(1.040); bulk_property:bp_80(1.018); bulk_property:bp_20(1.015); gc_fid:pls:density_20c:lv1(0.977); gc_fid:pls:saturates:lv1(0.960); gc_fid:pls:bp_50:lv1(0.951); gc_fid:pls:bp_80:lv1(0.951),petroleum_fraction_db_039,BP_50,analysis_plus_non_target_bulk,correlation_weighted
2,petroleum_fraction_db_042,0.587155,346.4,80,bulk_property:bp_20; bulk_property:bp_35; bulk_property:bp_65; bulk_property:bp_80; bulk_property:density_20c; bulk_property:saturates; gc_fid:pca:pc1; gc_fid:pca:pc2; gc_fid:pca:pc3; gc_fid:pca:pc4; gc_fid:pca:pc5; gc_fid:pls:bp_20:lv1,bulk_property:bp_65(1.042); bulk_property:bp_35(1.040); bulk_property:bp_80(1.018); bulk_property:bp_20(1.015); gc_fid:pls:density_20c:lv1(0.977); gc_fid:pls:saturates:lv1(0.960); gc_fid:pls:bp_50:lv1(0.951); gc_fid:pls:bp_80:lv1(0.951),petroleum_fraction_db_039,BP_50,analysis_plus_non_target_bulk,correlation_weighted
3,petroleum_fraction_db_057,0.652181,319.2,80,bulk_property:bp_20; bulk_property:bp_35; bulk_property:bp_65; bulk_property:bp_80; bulk_property:density_20c; bulk_property:saturates; gc_fid:pca:pc1; gc_fid:pca:pc2; gc_fid:pca:pc3; gc_fid:pca:pc4; gc_fid:pca:pc5; gc_fid:pls:bp_20:lv1,bulk_property:bp_65(1.042); bulk_property:bp_35(1.040); bulk_property:bp_80(1.018); bulk_property:bp_20(1.015); gc_fid:pls:density_20c:lv1(0.977); gc_fid:pls:saturates:lv1(0.960); gc_fid:pls:bp_50:lv1(0.951); gc_fid:pls:bp_80:lv1(0.951),petroleum_fraction_db_039,BP_50,analysis_plus_non_target_bulk,correlation_weighted
4,petroleum_fraction_db_040,0.702686,397.8,80,bulk_property:bp_20; bulk_property:bp_35; bulk_property:bp_65; bulk_property:bp_80; bulk_property:density_20c; bulk_property:saturates; gc_fid:pca:pc1; gc_fid:pca:pc2; gc_fid:pca:pc3; gc_fid:pca:pc4; gc_fid:pca:pc5; gc_fid:pls:bp_20:lv1,bulk_property:bp_65(1.042); bulk_property:bp_35(1.040); bulk_property:bp_80(1.018); bulk_property:bp_20(1.015); gc_fid:pls:density_20c:lv1(0.977); gc_fid:pls:saturates:lv1(0.960); gc_fid:pls:bp_50:lv1(0.951); gc_fid:pls:bp_80:lv1(0.951),petroleum_fraction_db_039,BP_50,analysis_plus_non_target_bulk,correlation_weighted
1,petroleum_fraction_db_037,0.057098,395.6,74,gc_fid:pca:pc1; gc_fid:pca:pc2; gc_fid:pca:pc3; gc_fid:pca:pc4; gc_fid:pca:pc5; gc_fid:pls:bp_20:lv1; gc_fid:pls:bp_20:lv2; gc_fid:pls:bp_20:lv3; gc_fid:pls:bp_20:lv4; gc_fid:pls:bp_35:lv1; gc_fid:pls:bp_35:lv2; gc_fid:pls:bp_35:lv3,gc_fid:pca:pc1(1.000); gc_fid:pca:pc2(1.000); gc_fid:pca:pc3(1.000); gc_fid:pca:pc4(1.000); gc_fid:pca:pc5(1.000); gc_fid:pls:bp_20:lv1(1.000); gc_fid:pls:bp_20:lv2(1.000); gc_fid:pls:bp_20:lv3(1.000),petroleum_fraction_db_039,BP_65,analysis_only,equal_weight
2,petroleum_fraction_db_033,0.668313,444.2,74,gc_fid:pca:pc1; gc_fid:pca:pc2; gc_fid:pca:pc3; gc_fid:pca:pc4; gc_fid:pca:pc5; gc_fid:pls:bp_20:lv1; gc_fid:pls:bp_20:lv2; gc_fid:pls:bp_20:lv3; gc_fid:pls:bp_20:lv4; gc_fid:pls:bp_35:lv1; gc_fid:pls:bp_35:lv2; gc_fid:pls:bp_35:lv3,gc_fid:pca:pc1(1.000); gc_fid:pca:pc2(1.000); gc_fid:pca:pc3(1.000); gc_fid:pca:pc4(1.000); gc_fid:pca:pc5(1.000); gc_fid:pls:bp_20:lv1(1.000); gc_fid:pls:bp_20:lv2(1.000); gc_fid:pls:bp_20:lv3(1.000),petroleum_fraction_db_039,BP_65,analysis_only,equal_weight
3,petroleum_fraction_db_040,0.685153,414.6,74,gc_fid:pca:pc1; gc_fid:pca:pc2; gc_fid:pca:pc3; gc_fid:pca:pc4; gc_fid:pca:pc5; gc_fid:pls:bp_20:lv1; gc_fid:pls:bp_20:lv2; gc_fid:pls:bp_20:lv3; gc_fid:pls:bp_20:lv4; gc_fid:pls:bp_35:lv1; gc_fid:pls:bp_35:lv2; gc_fid:pls:bp_35:lv3,gc_fid:pca:pc1(1.000); gc_fid:pca:pc2(1.000); gc_fid:pca:pc3(1.000); gc_fid:pca:pc4(1.000); gc_fid:pca:pc5(1.000); gc_fid:pls:bp_20:lv1(1.000); gc_fid:pls:bp_20:lv2(1.000); gc_fid:pls:bp_20:lv3(1.000),petroleum_fraction_db_039,BP_65,analysis_only,equal_weight
4,petroleum_fraction_db_042,0.685172,361.8,74,gc_fid:pca:pc1; gc_fid:pca:pc2; gc_fid:pca:pc3; gc_fid:pca:pc4; gc_fid:pca:pc5; gc_fid:pls:bp_20:lv1; gc_fid:pls:bp_20:lv2; gc_fid:pls:bp_20:lv3; gc_fid:pls:bp_20:lv4; gc_fid:pls:bp_35:lv1; gc_fid:pls:bp_35:lv2; gc_fid:pls:bp_35:lv3,gc_fid:pca:pc1(1.000); gc_fid:pca:pc2(1.000); gc_fid:pca:pc3(1.000); gc_fid:pca:pc4(1.000); gc_fid:pca:pc5(1.000); gc_fid:pls:bp_20:lv1(1.000); gc_fid:pls:bp_20:lv2(1.000); gc_fid:pls:bp_20:lv3(1.000),petroleum_fraction_db_039,BP_65,analysis_only,equal_weight
1,petroleum_fraction_db_037,0.052391,395.6,74,gc_fid:pca:pc1; gc_fid:pca:pc2; gc_fid:pca:pc3; gc_fid:pca:pc4; gc_fid:pca:pc5; gc_fid:pls:bp_20:lv1; gc_fid:pls:bp_20:lv2; gc_fid:pls:bp_20:lv3; gc_fid:pls:bp_20:lv4; gc_fid:pls:bp_35:lv1; gc_fid:pls:bp_35:lv2; gc_fid:pls:bp_35:lv3,gc_fid:pls:density_20c:lv1(0.980); gc_fid:pls:saturates:lv1(0.965); gc_fid:pls:bp_80:lv1(0.952); gc_fid:pls:bp_65:lv1(0.951); gc_fid:pls:bp_50:lv1(0.951); gc_fid:pls:bp_35:lv1(0.950); gc_fid:pls:bp_20:lv1(0.947); gc_fid:pca:pc1(0.922),petroleum_fraction_db_039,BP_65,analysis_only,correlation_weighted
2,petroleum_fraction_db_042,0.574766,361.8,74,gc_fid:pca:pc1; gc_fid:pca:pc2; gc_fid:pca:pc3; gc_fid:pca:pc4; gc_fid:pca:pc5; gc_fid:pls:bp_20:lv1; gc_fid:pls:bp_20:lv2; gc_fid:pls:bp_20:lv3; gc_fid:pls:bp_20:lv4; gc_fid:pls:bp_35:lv1; gc_fid:pls:bp_35:lv2; gc_fid:pls:bp_35:lv3,gc_fid:pls:density_20c:lv1(0.980); gc_fid:pls:saturates:lv1(0.965); gc_fid:pls:bp_80:lv1(0.952); gc_fid:pls:bp_65:lv1(0.951); gc_fid:pls:bp_50:lv1(0.951); gc_fid:pls:bp_35:lv1(0.950); gc_fid:pls:bp_20:lv1(0.947); gc_fid:pca:pc1(0.922),petroleum_fraction_db_039,BP_65,analysis_only,correlation_weighted
3,petroleum_fraction_db_057,0.594562,328.0,74,gc_fid:pca:pc1; gc_fid:pca:pc2; gc_fid:pca:pc3; gc_fid:pca:pc4; gc_fid:pca:pc5; gc_fid:pls:bp_20:lv1; gc_fid:pls:bp_20:lv2; gc_fid:pls:bp_20:lv3; gc_fid:pls:bp_20:lv4; gc_fid:pls:bp_35:lv1; gc_fid:pls:bp_35:lv2; gc_fid:pls:bp_35:lv3,gc_fid:pls:density_20c:lv1(0.980); gc_fid:pls:saturates:lv1(0.965); gc_fid:pls:bp_80:lv1(0.952); gc_fid:pls:bp_65:lv1(0.951); gc_fid:pls:bp_50:lv1(0.951); gc_fid:pls:bp_35:lv1(0.950); gc_fid:pls:bp_20:lv1(0.947); gc_fid:pca:pc1(0.922),petroleum_fraction_db_039,BP_65,analysis_only,correlation_weighted
4,petroleum_fraction_db_032,0.691961,332.2,74,gc_fid:pca:pc1; gc_fid:pca:pc2; gc_fid:pca:pc3; gc_fid:pca:pc4; gc_fid:pca:pc5; gc_fid:pls:bp_20:lv1; gc_fid:pls:bp_20:lv2; gc_fid:pls:bp_20:lv3; gc_fid:pls:bp_20:lv4; gc_fid:pls:bp_35:lv1; gc_fid:pls:bp_35:lv2; gc_fid:pls:bp_35:lv3,gc_fid:pls:density_20c:lv1(0.980); gc_fid:pls:saturates:lv1(0.965); gc_fid:pls:bp_80:lv1(0.952); gc_fid:pls:bp_65:lv1(0.951); gc_fid:pls:bp_50:lv1(0.951); gc_fid:pls:bp_35:lv1(0.950); gc_fid:pls:bp_20:lv1(0.947); gc_fid:pca:pc1(0.922),petroleum_fraction_db_039,BP_65,analysis_only,correlation_weighted
1,petroleum_fraction_db_037,0.056019,395.6,80,bulk_property:bp_20; bulk_property:bp_35; bulk_property:bp_50; bulk_property:bp_80; bulk_property:density_20c; bulk_property:saturates; gc_fid:pca:pc1; gc_fid:pca:pc2; gc_fid:pca:pc3; gc_fid:pca:pc4; gc_fid:pca:pc5; gc_fid:pls:bp_20:lv1,bulk_property:bp_20(1.000); bulk_property:bp_35(1.000); bulk_property:bp_50(1.000); bulk_property:bp_80(1.000); bulk_property:density_20c(1.000); bulk_property:saturates(1.000); gc_fid:pca:pc1(1.000); gc_fid:pca:pc2(1.000),petroleum_fraction_db_039,BP_65,analysis_plus_non_target_bulk,equal_weight
2,petroleum_fraction_db_040,0.684804,414.6,80,bulk_property:bp_20; bulk_property:bp_35; bulk_property:bp_50; bulk_property:bp_80; bulk_property:density_20c; bulk_property:saturates; gc_fid:pca:pc1; gc_fid:pca:pc2; gc_fid:pca:pc3; gc_fid:pca:pc4; gc_fid:pca:pc5; gc_fid:pls:bp_20:lv1,bulk_property:bp_20(1.000); bulk_property:bp_35(1.000); bulk_property:bp_50(1.000); bulk_property:bp_80(1.000); bulk_property:density_20c(1.000); bulk_property:saturates(1.000); gc_fid:pca:pc1(1.000); gc_fid:pca:pc2(1.000),petroleum_fraction_db_039,BP_65,analysis_plus_non_target_bulk,equal_weight
3,petroleum_fraction_db_033,0.68812,444.2,80,bulk_property:bp_20; bulk_property:bp_35; bulk_property:bp_50; bulk_property:bp_80; bulk_property:density_20c; bulk_property:saturates; gc_fid:pca:pc1; gc_fid:pca:pc2; gc_fid:pca:pc3; gc_fid:pca:pc4; gc_fid:pca:pc5; gc_fid:pls:bp_20:lv1,bulk_property:bp_20(1.000); bulk_property:bp_35(1.000); bulk_property:bp_50(1.000); bulk_property:bp_80(1.000); bulk_property:density_20c(1.000); bulk_property:saturates(1.000); gc_fid:pca:pc1(1.000); gc_fid:pca:pc2(1.000),petroleum_fraction_db_039,BP_65,analysis_plus_non_target_bulk,equal_weight
4,petroleum_fraction_db_042,0.69073,361.8,80,bulk_property:bp_20; bulk_property:bp_35; bulk_property:bp_50; bulk_property:bp_80; bulk_property:density_20c; bulk_property:saturates; gc_fid:pca:pc1; gc_fid:pca:pc2; gc_fid:pca:pc3; gc_fid:pca:pc4; gc_fid:pca:pc5; gc_fid:pls:bp_20:lv1,bulk_property:bp_20(1.000); bulk_property:bp_35(1.000); bulk_property:bp_50(1.000); bulk_property:bp_80(1.000); bulk_property:density_20c(1.000); bulk_property:saturates(1.000); gc_fid:pca:pc1(1.000); gc_fid:pca:pc2(1.000),petroleum_fraction_db_039,BP_65,analysis_plus_non_target_bulk,equal_weight
1,petroleum_fraction_db_037,0.050211,395.6,80,bulk_property:bp_20; bulk_property:bp_35; bulk_property:bp_50; bulk_property:bp_80; bulk_property:density_20c; bulk_property:saturates; gc_fid:pca:pc1; gc_fid:pca:pc2; gc_fid:pca:pc3; gc_fid:pca:pc4; gc_fid:pca:pc5; gc_fid:pls:bp_20:lv1,bulk_property:bp_50(1.042); bulk_property:bp_80(1.039); bulk_property:bp_35(1.020); bulk_property:bp_20(0.986); gc_fid:pls:density_20c:lv1(0.980); gc_fid:pls:saturates:lv1(0.965); gc_fid:pls:bp_80:lv1(0.952); gc_fid:pls:bp_65:lv1(0.951),petroleum_fraction_db_039,BP_65,analysis_plus_non_target_bulk,correlation_weighted
2,petroleum_fraction_db_042,0.586226,361.8,80,bulk_property:bp_20; bulk_property:bp_35; bulk_property:bp_50; bulk_property:bp_80; bulk_property:density_20c; bulk_property:saturates; gc_fid:pca:pc1; gc_fid:pca:pc2; gc_fid:pca:pc3; gc_fid:pca:pc4; gc_fid:pca:pc5; gc_fid:pls:bp_20:lv1,bulk_property:bp_50(1.042); bulk_property:bp_80(1.039); bulk_property:bp_35(1.020); bulk_property:bp_20(0.986); gc_fid:pls:density_20c:lv1(0.980); gc_fid:pls:saturates:lv1(0.965); gc_fid:pls:bp_80:lv1(0.952); gc_fid:pls:bp_65:lv1(0.951),petroleum_fraction_db_039,BP_65,analysis_plus_non_target_bulk,correlation_weighted
3,petroleum_fraction_db_057,0.647288,328.0,80,bulk_property:bp_20; bulk_property:bp_35; bulk_property:bp_50; bulk_property:bp_80; bulk_property:density_20c; bulk_property:saturates; gc_fid:pca:pc1; gc_fid:pca:pc2; gc_fid:pca:pc3; gc_fid:pca:pc4; gc_fid:pca:pc5; gc_fid:pls:bp_20:lv1,bulk_property:bp_50(1.042); bulk_property:bp_80(1.039); bulk_property:bp_35(1.020); bulk_property:bp_20(0.986); gc_fid:pls:density_20c:lv1(0.980); gc_fid:pls:saturates:lv1(0.965); gc_fid:pls:bp_80:lv1(0.952); gc_fid:pls:bp_65:lv1(0.951),petroleum_fraction_db_039,BP_65,analysis_plus_non_target_bulk,correlation_weighted
4,petroleum_fraction_db_040,0.702969,414.6,80,bulk_property:bp_20; bulk_property:bp_35; bulk_property:bp_50; bulk_property:bp_80; bulk_property:density_20c; bulk_property:saturates; gc_fid:pca:pc1; gc_fid:pca:pc2; gc_fid:pca:pc3; gc_fid:pca:pc4; gc_fid:pca:pc5; gc_fid:pls:bp_20:lv1,bulk_property:bp_50(1.042); bulk_property:bp_80(1.039); bulk_property:bp_35(1.020); bulk_property:bp_20(0.986); gc_fid:pls:density_20c:lv1(0.980); gc_fid:pls:saturates:lv1(0.965); gc_fid:pls:bp_80:lv1(0.952); gc_fid:pls:bp_65:lv1(0.951),petroleum_fraction_db_039,BP_65,analysis_plus_non_target_bulk,correlation_weighted
1,petroleum_fraction_db_037,0.057098,433.4,74,gc_fid:pca:pc1; gc_fid:pca:pc2; gc_fid:pca:pc3; gc_fid:pca:pc4; gc_fid:pca:pc5; gc_fid:pls:bp_20:lv1; gc_fid:pls:bp_20:lv2; gc_fid:pls:bp_20:lv3; gc_fid:pls:bp_20:lv4; gc_fid:pls:bp_35:lv1; gc_fid:pls:bp_35:lv2; gc_fid:pls:bp_35:lv3,gc_fid:pca:pc1(1.000); gc_fid:pca:pc2(1.000); gc_fid:pca:pc3(1.000); gc_fid:pca:pc4(1.000); gc_fid:pca:pc5(1.000); gc_fid:pls:bp_20:lv1(1.000); gc_fid:pls:bp_20:lv2(1.000); gc_fid:pls:bp_20:lv3(1.000),petroleum_fraction_db_039,BP_80,analysis_only,equal_weight
2,petroleum_fraction_db_033,0.668313,471.0,74,gc_fid:pca:pc1; gc_fid:pca:pc2; gc_fid:pca:pc3; gc_fid:pca:pc4; gc_fid:pca:pc5; gc_fid:pls:bp_20:lv1; gc_fid:pls:bp_20:lv2; gc_fid:pls:bp_20:lv3; gc_fid:pls:bp_20:lv4; gc_fid:pls:bp_35:lv1; gc_fid:pls:bp_35:lv2; gc_fid:pls:bp_35:lv3,gc_fid:pca:pc1(1.000); gc_fid:pca:pc2(1.000); gc_fid:pca:pc3(1.000); gc_fid:pca:pc4(1.000); gc_fid:pca:pc5(1.000); gc_fid:pls:bp_20:lv1(1.000); gc_fid:pls:bp_20:lv2(1.000); gc_fid:pls:bp_20:lv3(1.000),petroleum_fraction_db_039,BP_80,analysis_only,equal_weight
3,petroleum_fraction_db_040,0.685153,432.8,74,gc_fid:pca:pc1; gc_fid:pca:pc2; gc_fid:pca:pc3; gc_fid:pca:pc4; gc_fid:pca:pc5; gc_fid:pls:bp_20:lv1; gc_fid:pls:bp_20:lv2; gc_fid:pls:bp_20:lv3; gc_fid:pls:bp_20:lv4; gc_fid:pls:bp_35:lv1; gc_fid:pls:bp_35:lv2; gc_fid:pls:bp_35:lv3,gc_fid:pca:pc1(1.000); gc_fid:pca:pc2(1.000); gc_fid:pca:pc3(1.000); gc_fid:pca:pc4(1.000); gc_fid:pca:pc5(1.000); gc_fid:pls:bp_20:lv1(1.000); gc_fid:pls:bp_20:lv2(1.000); gc_fid:pls:bp_20:lv3(1.000),petroleum_fraction_db_039,BP_80,analysis_only,equal_weight
4,petroleum_fraction_db_042,0.685172,376.0,74,gc_fid:pca:pc1; gc_fid:pca:pc2; gc_fid:pca:pc3; gc_fid:pca:pc4; gc_fid:pca:pc5; gc_fid:pls:bp_20:lv1; gc_fid:pls:bp_20:lv2; gc_fid:pls:bp_20:lv3; gc_fid:pls:bp_20:lv4; gc_fid:pls:bp_35:lv1; gc_fid:pls:bp_35:lv2; gc_fid:pls:bp_35:lv3,gc_fid:pca:pc1(1.000); gc_fid:pca:pc2(1.000); gc_fid:pca:pc3(1.000); gc_fid:pca:pc4(1.000); gc_fid:pca:pc5(1.000); gc_fid:pls:bp_20:lv1(1.000); gc_fid:pls:bp_20:lv2(1.000); gc_fid:pls:bp_20:lv3(1.000),petroleum_fraction_db_039,BP_80,analysis_only,equal_weight
1,petroleum_fraction_db_037,0.051865,433.4,74,gc_fid:pca:pc1; gc_fid:pca:pc2; gc_fid:pca:pc3; gc_fid:pca:pc4; gc_fid:pca:pc5; gc_fid:pls:bp_20:lv1; gc_fid:pls:bp_20:lv2; gc_fid:pls:bp_20:lv3; gc_fid:pls:bp_20:lv4; gc_fid:pls:bp_35:lv1; gc_fid:pls:bp_35:lv2; gc_fid:pls:bp_35:lv3,gc_fid:pls:density_20c:lv1(0.973); gc_fid:pls:saturates:lv1(0.962); gc_fid:pls:bp_80:lv1(0.945); gc_fid:pls:bp_65:lv1(0.942); gc_fid:pls:bp_50:lv1(0.941); gc_fid:pls:bp_35:lv1(0.939); gc_fid:pls:bp_20:lv1(0.935); gc_fid:pca:pc1(0.913),petroleum_fraction_db_039,BP_80,analysis_only,correlation_weighted
2,petroleum_fraction_db_042,0.585169,376.0,74,gc_fid:pca:pc1; gc_fid:pca:pc2; gc_fid:pca:pc3; gc_fid:pca:pc4; gc_fid:pca:pc5; gc_fid:pls:bp_20:lv1; gc_fid:pls:bp_20:lv2; gc_fid:pls:bp_20:lv3; gc_fid:pls:bp_20:lv4; gc_fid:pls:bp_35:lv1; gc_fid:pls:bp_35:lv2; gc_fid:pls:bp_35:lv3,gc_fid:pls:density_20c:lv1(0.973); gc_fid:pls:saturates:lv1(0.962); gc_fid:pls:bp_80:lv1(0.945); gc_fid:pls:bp_65:lv1(0.942); gc_fid:pls:bp_50:lv1(0.941); gc_fid:pls:bp_35:lv1(0.939); gc_fid:pls:bp_20:lv1(0.935); gc_fid:pca:pc1(0.913),petroleum_fraction_db_039,BP_80,analysis_only,correlation_weighted
3,petroleum_fraction_db_057,0.620963,334.6,74,gc_fid:pca:pc1; gc_fid:pca:pc2; gc_fid:pca:pc3; gc_fid:pca:pc4; gc_fid:pca:pc5; gc_fid:pls:bp_20:lv1; gc_fid:pls:bp_20:lv2; gc_fid:pls:bp_20:lv3; gc_fid:pls:bp_20:lv4; gc_fid:pls:bp_35:lv1; gc_fid:pls:bp_35:lv2; gc_fid:pls:bp_35:lv3,gc_fid:pls:density_20c:lv1(0.973); gc_fid:pls:saturates:lv1(0.962); gc_fid:pls:bp_80:lv1(0.945); gc_fid:pls:bp_65:lv1(0.942); gc_fid:pls:bp_50:lv1(0.941); gc_fid:pls:bp_35:lv1(0.939); gc_fid:pls:bp_20:lv1(0.935); gc_fid:pca:pc1(0.913),petroleum_fraction_db_039,BP_80,analysis_only,correlation_weighted
4,petroleum_fraction_db_040,0.692617,432.8,74,gc_fid:pca:pc1; gc_fid:pca:pc2; gc_fid:pca:pc3; gc_fid:pca:pc4; gc_fid:pca:pc5; gc_fid:pls:bp_20:lv1; gc_fid:pls:bp_20:lv2; gc_fid:pls:bp_20:lv3; gc_fid:pls:bp_20:lv4; gc_fid:pls:bp_35:lv1; gc_fid:pls:bp_35:lv2; gc_fid:pls:bp_35:lv3,gc_fid:pls:density_20c:lv1(0.973); gc_fid:pls:saturates:lv1(0.962); gc_fid:pls:bp_80:lv1(0.945); gc_fid:pls:bp_65:lv1(0.942); gc_fid:pls:bp_50:lv1(0.941); gc_fid:pls:bp_35:lv1(0.939); gc_fid:pls:bp_20:lv1(0.935); gc_fid:pca:pc1(0.913),petroleum_fraction_db_039,BP_80,analysis_only,correlation_weighted
1,petroleum_fraction_db_037,0.056021,433.4,80,bulk_property:bp_20; bulk_property:bp_35; bulk_property:bp_50; bulk_property:bp_65; bulk_property:density_20c; bulk_property:saturates; gc_fid:pca:pc1; gc_fid:pca:pc2; gc_fid:pca:pc3; gc_fid:pca:pc4; gc_fid:pca:pc5; gc_fid:pls:bp_20:lv1,bulk_property:bp_20(1.000); bulk_property:bp_35(1.000); bulk_property:bp_50(1.000); bulk_property:bp_65(1.000); bulk_property:density_20c(1.000); bulk_property:saturates(1.000); gc_fid:pca:pc1(1.000); gc_fid:pca:pc2(1.000),petroleum_fraction_db_039,BP_80,analysis_plus_non_target_bulk,equal_weight
2,petroleum_fraction_db_040,0.685698,432.8,80,bulk_property:bp_20; bulk_property:bp_35; bulk_property:bp_50; bulk_property:bp_65; bulk_property:density_20c; bulk_property:saturates; gc_fid:pca:pc1; gc_fid:pca:pc2; gc_fid:pca:pc3; gc_fid:pca:pc4; gc_fid:pca:pc5; gc_fid:pls:bp_20:lv1,bulk_property:bp_20(1.000); bulk_property:bp_35(1.000); bulk_property:bp_50(1.000); bulk_property:bp_65(1.000); bulk_property:density_20c(1.000); bulk_property:saturates(1.000); gc_fid:pca:pc1(1.000); gc_fid:pca:pc2(1.000),petroleum_fraction_db_039,BP_80,analysis_plus_non_target_bulk,equal_weight
3,petroleum_fraction_db_042,0.686576,376.0,80,bulk_property:bp_20; bulk_property:bp_35; bulk_property:bp_50; bulk_property:bp_65; bulk_property:density_20c; bulk_property:saturates; gc_fid:pca:pc1; gc_fid:pca:pc2; gc_fid:pca:pc3; gc_fid:pca:pc4; gc_fid:pca:pc5; gc_fid:pls:bp_20:lv1,bulk_property:bp_20(1.000); bulk_property:bp_35(1.000); bulk_property:bp_50(1.000); bulk_property:bp_65(1.000); bulk_property:density_20c(1.000); bulk_property:saturates(1.000); gc_fid:pca:pc1(1.000); gc_fid:pca:pc2(1.000),petroleum_fraction_db_039,BP_80,analysis_plus_non_target_bulk,equal_weight
4,petroleum_fraction_db_033,0.690986,471.0,80,bulk_property:bp_20; bulk_property:bp_35; bulk_property:bp_50; bulk_property:bp_65; bulk_property:density_20c; bulk_property:saturates; gc_fid:pca:pc1; gc_fid:pca:pc2; gc_fid:pca:pc3; gc_fid:pca:pc4; gc_fid:pca:pc5; gc_fid:pls:bp_20:lv1,bulk_property:bp_20(1.000); bulk_property:bp_35(1.000); bulk_property:bp_50(1.000); bulk_property:bp_65(1.000); bulk_property:density_20c(1.000); bulk_property:saturates(1.000); gc_fid:pca:pc1(1.000); gc_fid:pca:pc2(1.000),petroleum_fraction_db_039,BP_80,analysis_plus_non_target_bulk,equal_weight
1,petroleum_fraction_db_037,0.049928,433.4,80,bulk_property:bp_20; bulk_property:bp_35; bulk_property:bp_50; bulk_property:bp_65; bulk_property:density_20c; bulk_property:saturates; gc_fid:pca:pc1; gc_fid:pca:pc2; gc_fid:pca:pc3; gc_fid:pca:pc4; gc_fid:pca:pc5; gc_fid:pls:bp_20:lv1,bulk_property:bp_65(1.039); bulk_property:bp_50(1.018); bulk_property:bp_35(0.982); gc_fid:pls:density_20c:lv1(0.973); gc_fid:pls:saturates:lv1(0.962); gc_fid:pls:bp_80:lv1(0.945); gc_fid:pls:bp_65:lv1(0.942); gc_fid:pls:bp_50:lv1(0.941),petroleum_fraction_db_039,BP_80,analysis_plus_non_target_bulk,correlation_weighted
2,petroleum_fraction_db_042,0.583677,376.0,80,bulk_property:bp_20; bulk_property:bp_35; bulk_property:bp_50; bulk_property:bp_65; bulk_property:density_20c; bulk_property:saturates; gc_fid:pca:pc1; gc_fid:pca:pc2; gc_fid:pca:pc3; gc_fid:pca:pc4; gc_fid:pca:pc5; gc_fid:pls:bp_20:lv1,bulk_property:bp_65(1.039); bulk_property:bp_50(1.018); bulk_property:bp_35(0.982); gc_fid:pls:density_20c:lv1(0.973); gc_fid:pls:saturates:lv1(0.962); gc_fid:pls:bp_80:lv1(0.945); gc_fid:pls:bp_65:lv1(0.942); gc_fid:pls:bp_50:lv1(0.941),petroleum_fraction_db_039,BP_80,analysis_plus_non_target_bulk,correlation_weighted
3,petroleum_fraction_db_057,0.641853,334.6,80,bulk_property:bp_20; bulk_property:bp_35; bulk_property:bp_50; bulk_property:bp_65; bulk_property:density_20c; bulk_property:saturates; gc_fid:pca:pc1; gc_fid:pca:pc2; gc_fid:pca:pc3; gc_fid:pca:pc4; gc_fid:pca:pc5; gc_fid:pls:bp_20:lv1,bulk_property:bp_65(1.039); bulk_property:bp_50(1.018); bulk_property:bp_35(0.982); gc_fid:pls:density_20c:lv1(0.973); gc_fid:pls:saturates:lv1(0.962); gc_fid:pls:bp_80:lv1(0.945); gc_fid:pls:bp_65:lv1(0.942); gc_fid:pls:bp_50:lv1(0.941),petroleum_fraction_db_039,BP_80,analysis_plus_non_target_bulk,correlation_weighted
4,petroleum_fraction_db_040,0.698696,432.8,80,bulk_property:bp_20; bulk_property:bp_35; bulk_property:bp_50; bulk_property:bp_65; bulk_property:density_20c; bulk_property:saturates; gc_fid:pca:pc1; gc_fid:pca:pc2; gc_fid:pca:pc3; gc_fid:pca:pc4; gc_fid:pca:pc5; gc_fid:pls:bp_20:lv1,bulk_property:bp_65(1.039); bulk_property:bp_50(1.018); bulk_property:bp_35(0.982); gc_fid:pls:density_20c:lv1(0.973); gc_fid:pls:saturates:lv1(0.962); gc_fid:pls:bp_80:lv1(0.945); gc_fid:pls:bp_65:lv1(0.942); gc_fid:pls:bp_50:lv1(0.941),petroleum_fraction_db_039,BP_80,analysis_plus_non_target_bulk,correlation_weighted
1,petroleum_fraction_db_035,0.315554,0.9004,74,gc_fid:pca:pc1; gc_fid:pca:pc2; gc_fid:pca:pc3; gc_fid:pca:pc4; gc_fid:pca:pc5; gc_fid:pls:bp_20:lv1; gc_fid:pls:bp_20:lv2; gc_fid:pls:bp_20:lv3; gc_fid:pls:bp_20:lv4; gc_fid:pls:bp_35:lv1; gc_fid:pls:bp_35:lv2; gc_fid:pls:bp_35:lv3,gc_fid:pca:pc1(1.000); gc_fid:pca:pc2(1.000); gc_fid:pca:pc3(1.000); gc_fid:pca:pc4(1.000); gc_fid:pca:pc5(1.000); gc_fid:pls:bp_20:lv1(1.000); gc_fid:pls:bp_20:lv2(1.000); gc_fid:pls:bp_20:lv3(1.000),petroleum_fraction_db_041,density_20c,analysis_only,equal_weight
2,petroleum_fraction_db_033,0.387894,0.9002,74,gc_fid:pca:pc1; gc_fid:pca:pc2; gc_fid:pca:pc3; gc_fid:pca:pc4; gc_fid:pca:pc5; gc_fid:pls:bp_20:lv1; gc_fid:pls:bp_20:lv2; gc_fid:pls:bp_20:lv3; gc_fid:pls:bp_20:lv4; gc_fid:pls:bp_35:lv1; gc_fid:pls:bp_35:lv2; gc_fid:pls:bp_35:lv3,gc_fid:pca:pc1(1.000); gc_fid:pca:pc2(1.000); gc_fid:pca:pc3(1.000); gc_fid:pca:pc4(1.000); gc_fid:pca:pc5(1.000); gc_fid:pls:bp_20:lv1(1.000); gc_fid:pls:bp_20:lv2(1.000); gc_fid:pls:bp_20:lv3(1.000),petroleum_fraction_db_041,density_20c,analysis_only,equal_weight
3,petroleum_fraction_db_009,0.446942,0.8498,74,gc_fid:pca:pc1; gc_fid:pca:pc2; gc_fid:pca:pc3; gc_fid:pca:pc4; gc_fid:pca:pc5; gc_fid:pls:bp_20:lv1; gc_fid:pls:bp_20:lv2; gc_fid:pls:bp_20:lv3; gc_fid:pls:bp_20:lv4; gc_fid:pls:bp_35:lv1; gc_fid:pls:bp_35:lv2; gc_fid:pls:bp_35:lv3,gc_fid:pca:pc1(1.000); gc_fid:pca:pc2(1.000); gc_fid:pca:pc3(1.000); gc_fid:pca:pc4(1.000); gc_fid:pca:pc5(1.000); gc_fid:pls:bp_20:lv1(1.000); gc_fid:pls:bp_20:lv2(1.000); gc_fid:pls:bp_20:lv3(1.000),petroleum_fraction_db_041,density_20c,analysis_only,equal_weight
4,petroleum_fraction_db_004,0.524294,0.9149,74,gc_fid:pca:pc1; gc_fid:pca:pc2; gc_fid:pca:pc3; gc_fid:pca:pc4; gc_fid:pca:pc5; gc_fid:pls:bp_20:lv1; gc_fid:pls:bp_20:lv2; gc_fid:pls:bp_20:lv3; gc_fid:pls:bp_20:lv4; gc_fid:pls:bp_35:lv1; gc_fid:pls:bp_35:lv2; gc_fid:pls:bp_35:lv3,gc_fid:pca:pc1(1.000); gc_fid:pca:pc2(1.000); gc_fid:pca:pc3(1.000); gc_fid:pca:pc4(1.000); gc_fid:pca:pc5(1.000); gc_fid:pls:bp_20:lv1(1.000); gc_fid:pls:bp_20:lv2(1.000); gc_fid:pls:bp_20:lv3(1.000),petroleum_fraction_db_041,density_20c,analysis_only,equal_weight
1,petroleum_fraction_db_035,0.264569,0.9004,74,gc_fid:pca:pc1; gc_fid:pca:pc2; gc_fid:pca:pc3; gc_fid:pca:pc4; gc_fid:pca:pc5; gc_fid:pls:bp_20:lv1; gc_fid:pls:bp_20:lv2; gc_fid:pls:bp_20:lv3; gc_fid:pls:bp_20:lv4; gc_fid:pls:bp_35:lv1; gc_fid:pls:bp_35:lv2; gc_fid:pls:bp_35:lv3,ir:weighted_x_q90(0.728); ir_spectrum:pls:density_20c:lv2(0.727); ir_spectrum:pls:saturates:lv2(0.716); ir_spectrum:pls:density_20c:lv1(0.649); ir_spectrum:pls:saturates:lv1(0.629); ir_spectrum:pls:bp_35:lv1(0.628); ir_spectrum:pca:pc1(0.615); ir_spectrum:pls:bp_65:lv1(0.615),petroleum_fraction_db_041,density_20c,analysis_only,correlation_weighted
2,petroleum_fraction_db_033,0.370109,0.9002,74,gc_fid:pca:pc1; gc_fid:pca:pc2; gc_fid:pca:pc3; gc_fid:pca:pc4; gc_fid:pca:pc5; gc_fid:pls:bp_20:lv1; gc_fid:pls:bp_20:lv2; gc_fid:pls:bp_20:lv3; gc_fid:pls:bp_20:lv4; gc_fid:pls:bp_35:lv1; gc_fid:pls:bp_35:lv2; gc_fid:pls:bp_35:lv3,ir:weighted_x_q90(0.728); ir_spectrum:pls:density_20c:lv2(0.727); ir_spectrum:pls:saturates:lv2(0.716); ir_spectrum:pls:density_20c:lv1(0.649); ir_spectrum:pls:saturates:lv1(0.629); ir_spectrum:pls:bp_35:lv1(0.628); ir_spectrum:pca:pc1(0.615); ir_spectrum:pls:bp_65:lv1(0.615),petroleum_fraction_db_041,density_20c,analysis_only,correlation_weighted
3,petroleum_fraction_db_004,0.451834,0.9149,74,gc_fid:pca:pc1; gc_fid:pca:pc2; gc_fid:pca:pc3; gc_fid:pca:pc4; gc_fid:pca:pc5; gc_fid:pls:bp_20:lv1; gc_fid:pls:bp_20:lv2; gc_fid:pls:bp_20:lv3; gc_fid:pls:bp_20:lv4; gc_fid:pls:bp_35:lv1; gc_fid:pls:bp_35:lv2; gc_fid:pls:bp_35:lv3,ir:weighted_x_q90(0.728); ir_spectrum:pls:density_20c:lv2(0.727); ir_spectrum:pls:saturates:lv2(0.716); ir_spectrum:pls:density_20c:lv1(0.649); ir_spectrum:pls:saturates:lv1(0.629); ir_spectrum:pls:bp_35:lv1(0.628); ir_spectrum:pca:pc1(0.615); ir_spectrum:pls:bp_65:lv1(0.615),petroleum_fraction_db_041,density_20c,analysis_only,correlation_weighted
4,petroleum_fraction_db_009,0.520631,0.8498,74,gc_fid:pca:pc1; gc_fid:pca:pc2; gc_fid:pca:pc3; gc_fid:pca:pc4; gc_fid:pca:pc5; gc_fid:pls:bp_20:lv1; gc_fid:pls:bp_20:lv2; gc_fid:pls:bp_20:lv3; gc_fid:pls:bp_20:lv4; gc_fid:pls:bp_35:lv1; gc_fid:pls:bp_35:lv2; gc_fid:pls:bp_35:lv3,ir:weighted_x_q90(0.728); ir_spectrum:pls:density_20c:lv2(0.727); ir_spectrum:pls:saturates:lv2(0.716); ir_spectrum:pls:density_20c:lv1(0.649); ir_spectrum:pls:saturates:lv1(0.629); ir_spectrum:pls:bp_35:lv1(0.628); ir_spectrum:pca:pc1(0.615); ir_spectrum:pls:bp_65:lv1(0.615),petroleum_fraction_db_041,density_20c,analysis_only,correlation_weighted
1,petroleum_fraction_db_035,0.315877,0.9004,80,bulk_property:bp_20; bulk_property:bp_35; bulk_property:bp_50; bulk_property:bp_65; bulk_property:bp_80; bulk_property:saturates; gc_fid:pca:pc1; gc_fid:pca:pc2; gc_fid:pca:pc3; gc_fid:pca:pc4; gc_fid:pca:pc5; gc_fid:pls:bp_20:lv1,bulk_property:bp_20(1.000); bulk_property:bp_35(1.000); bulk_property:bp_50(1.000); bulk_property:bp_65(1.000); bulk_property:bp_80(1.000); bulk_property:saturates(1.000); gc_fid:pca:pc1(1.000); gc_fid:pca:pc2(1.000),petroleum_fraction_db_041,density_20c,analysis_plus_non_target_bulk,equal_weight
2,petroleum_fraction_db_033,0.406851,0.9002,80,bulk_property:bp_20; bulk_property:bp_35; bulk_property:bp_50; bulk_property:bp_65; bulk_property:bp_80; bulk_property:saturates; gc_fid:pca:pc1; gc_fid:pca:pc2; gc_fid:pca:pc3; gc_fid:pca:pc4; gc_fid:pca:pc5; gc_fid:pls:bp_20:lv1,bulk_property:bp_20(1.000); bulk_property:bp_35(1.000); bulk_property:bp_50(1.000); bulk_property:bp_65(1.000); bulk_property:bp_80(1.000); bulk_property:saturates(1.000); gc_fid:pca:pc1(1.000); gc_fid:pca:pc2(1.000),petroleum_fraction_db_041,density_20c,analysis_plus_non_target_bulk,equal_weight
3,petroleum_fraction_db_009,0.516614,0.8498,80,bulk_property:bp_20; bulk_property:bp_35; bulk_property:bp_50; bulk_property:bp_65; bulk_property:bp_80; bulk_property:saturates; gc_fid:pca:pc1; gc_fid:pca:pc2; gc_fid:pca:pc3; gc_fid:pca:pc4; gc_fid:pca:pc5; gc_fid:pls:bp_20:lv1,bulk_property:bp_20(1.000); bulk_property:bp_35(1.000); bulk_property:bp_50(1.000); bulk_property:bp_65(1.000); bulk_property:bp_80(1.000); bulk_property:saturates(1.000); gc_fid:pca:pc1(1.000); gc_fid:pca:pc2(1.000),petroleum_fraction_db_041,density_20c,analysis_plus_non_target_bulk,equal_weight
4,petroleum_fraction_db_004,0.54085,0.9149,80,bulk_property:bp_20; bulk_property:bp_35; bulk_property:bp_50; bulk_property:bp_65; bulk_property:bp_80; bulk_property:saturates; gc_fid:pca:pc1; gc_fid:pca:pc2; gc_fid:pca:pc3; gc_fid:pca:pc4; gc_fid:pca:pc5; gc_fid:pls:bp_20:lv1,bulk_property:bp_20(1.000); bulk_property:bp_35(1.000); bulk_property:bp_50(1.000); bulk_property:bp_65(1.000); bulk_property:bp_80(1.000); bulk_property:saturates(1.000); gc_fid:pca:pc1(1.000); gc_fid:pca:pc2(1.000),petroleum_fraction_db_041,density_20c,analysis_plus_non_target_bulk,equal_weight
1,petroleum_fraction_db_035,0.268035,0.9004,80,bulk_property:bp_20; bulk_property:bp_35; bulk_property:bp_50; bulk_property:bp_65; bulk_property:bp_80; bulk_property:saturates; gc_fid:pca:pc1; gc_fid:pca:pc2; gc_fid:pca:pc3; gc_fid:pca:pc4; gc_fid:pca:pc5; gc_fid:pls:bp_20:lv1,bulk_property:saturates(0.895); ir:weighted_x_q90(0.728); ir_spectrum:pls:density_20c:lv2(0.727); ir_spectrum:pls:saturates:lv2(0.716); ir_spectrum:pls:density_20c:lv1(0.649); ir_spectrum:pls:saturates:lv1(0.629); ir_spectrum:pls:bp_35:lv1(0.628); ir_spectrum:pca:pc1(0.615),petroleum_fraction_db_041,density_20c,analysis_plus_non_target_bulk,correlation_weighted
2,petroleum_fraction_db_033,0.398061,0.9002,80,bulk_property:bp_20; bulk_property:bp_35; bulk_property:bp_50; bulk_property:bp_65; bulk_property:bp_80; bulk_property:saturates; gc_fid:pca:pc1; gc_fid:pca:pc2; gc_fid:pca:pc3; gc_fid:pca:pc4; gc_fid:pca:pc5; gc_fid:pls:bp_20:lv1,bulk_property:saturates(0.895); ir:weighted_x_q90(0.728); ir_spectrum:pls:density_20c:lv2(0.727); ir_spectrum:pls:saturates:lv2(0.716); ir_spectrum:pls:density_20c:lv1(0.649); ir_spectrum:pls:saturates:lv1(0.629); ir_spectrum:pls:bp_35:lv1(0.628); ir_spectrum:pca:pc1(0.615),petroleum_fraction_db_041,density_20c,analysis_plus_non_target_bulk,correlation_weighted
3,petroleum_fraction_db_004,0.493931,0.9149,80,bulk_property:bp_20; bulk_property:bp_35; bulk_property:bp_50; bulk_property:bp_65; bulk_property:bp_80; bulk_property:saturates; gc_fid:pca:pc1; gc_fid:pca:pc2; gc_fid:pca:pc3; gc_fid:pca:pc4; gc_fid:pca:pc5; gc_fid:pls:bp_20:lv1,bulk_property:saturates(0.895); ir:weighted_x_q90(0.728); ir_spectrum:pls:density_20c:lv2(0.727); ir_spectrum:pls:saturates:lv2(0.716); ir_spectrum:pls:density_20c:lv1(0.649); ir_spectrum:pls:saturates:lv1(0.629); ir_spectrum:pls:bp_35:lv1(0.628); ir_spectrum:pca:pc1(0.615),petroleum_fraction_db_041,density_20c,analysis_plus_non_target_bulk,correlation_weighted
4,petroleum_fraction_db_063,0.596382,0.8783,80,bulk_property:bp_20; bulk_property:bp_35; bulk_property:bp_50; bulk_property:bp_65; bulk_property:bp_80; bulk_property:saturates; gc_fid:pca:pc1; gc_fid:pca:pc2; gc_fid:pca:pc3; gc_fid:pca:pc4; gc_fid:pca:pc5; gc_fid:pls:bp_20:lv1,bulk_property:saturates(0.895); ir:weighted_x_q90(0.728); ir_spectrum:pls:density_20c:lv2(0.727); ir_spectrum:pls:saturates:lv2(0.716); ir_spectrum:pls:density_20c:lv1(0.649); ir_spectrum:pls:saturates:lv1(0.629); ir_spectrum:pls:bp_35:lv1(0.628); ir_spectrum:pca:pc1(0.615),petroleum_fraction_db_041,density_20c,analysis_plus_non_target_bulk,correlation_weighted
1,petroleum_fraction_db_035,0.315554,71.55463275369856,74,gc_fid:pca:pc1; gc_fid:pca:pc2; gc_fid:pca:pc3; gc_fid:pca:pc4; gc_fid:pca:pc5; gc_fid:pls:bp_20:lv1; gc_fid:pls:bp_20:lv2; gc_fid:pls:bp_20:lv3; gc_fid:pls:bp_20:lv4; gc_fid:pls:bp_35:lv1; gc_fid:pls:bp_35:lv2; gc_fid:pls:bp_35:lv3,gc_fid:pca:pc1(1.000); gc_fid:pca:pc2(1.000); gc_fid:pca:pc3(1.000); gc_fid:pca:pc4(1.000); gc_fid:pca:pc5(1.000); gc_fid:pls:bp_20:lv1(1.000); gc_fid:pls:bp_20:lv2(1.000); gc_fid:pls:bp_20:lv3(1.000),petroleum_fraction_db_041,saturates,analysis_only,equal_weight
2,petroleum_fraction_db_033,0.387894,78.72959279414542,74,gc_fid:pca:pc1; gc_fid:pca:pc2; gc_fid:pca:pc3; gc_fid:pca:pc4; gc_fid:pca:pc5; gc_fid:pls:bp_20:lv1; gc_fid:pls:bp_20:lv2; gc_fid:pls:bp_20:lv3; gc_fid:pls:bp_20:lv4; gc_fid:pls:bp_35:lv1; gc_fid:pls:bp_35:lv2; gc_fid:pls:bp_35:lv3,gc_fid:pca:pc1(1.000); gc_fid:pca:pc2(1.000); gc_fid:pca:pc3(1.000); gc_fid:pca:pc4(1.000); gc_fid:pca:pc5(1.000); gc_fid:pls:bp_20:lv1(1.000); gc_fid:pls:bp_20:lv2(1.000); gc_fid:pls:bp_20:lv3(1.000),petroleum_fraction_db_041,saturates,analysis_only,equal_weight
3,petroleum_fraction_db_009,0.446942,88.64878937776648,74,gc_fid:pca:pc1; gc_fid:pca:pc2; gc_fid:pca:pc3; gc_fid:pca:pc4; gc_fid:pca:pc5; gc_fid:pls:bp_20:lv1; gc_fid:pls:bp_20:lv2; gc_fid:pls:bp_20:lv3; gc_fid:pls:bp_20:lv4; gc_fid:pls:bp_35:lv1; gc_fid:pls:bp_35:lv2; gc_fid:pls:bp_35:lv3,gc_fid:pca:pc1(1.000); gc_fid:pca:pc2(1.000); gc_fid:pca:pc3(1.000); gc_fid:pca:pc4(1.000); gc_fid:pca:pc5(1.000); gc_fid:pls:bp_20:lv1(1.000); gc_fid:pls:bp_20:lv2(1.000); gc_fid:pls:bp_20:lv3(1.000),petroleum_fraction_db_041,saturates,analysis_only,equal_weight
4,petroleum_fraction_db_004,0.524294,57.8354892860672,74,gc_fid:pca:pc1; gc_fid:pca:pc2; gc_fid:pca:pc3; gc_fid:pca:pc4; gc_fid:pca:pc5; gc_fid:pls:bp_20:lv1; gc_fid:pls:bp_20:lv2; gc_fid:pls:bp_20:lv3; gc_fid:pls:bp_20:lv4; gc_fid:pls:bp_35:lv1; gc_fid:pls:bp_35:lv2; gc_fid:pls:bp_35:lv3,gc_fid:pca:pc1(1.000); gc_fid:pca:pc2(1.000); gc_fid:pca:pc3(1.000); gc_fid:pca:pc4(1.000); gc_fid:pca:pc5(1.000); gc_fid:pls:bp_20:lv1(1.000); gc_fid:pls:bp_20:lv2(1.000); gc_fid:pls:bp_20:lv3(1.000),petroleum_fraction_db_041,saturates,analysis_only,equal_weight
1,petroleum_fraction_db_035,0.278098,71.55463275369856,74,gc_fid:pca:pc1; gc_fid:pca:pc2; gc_fid:pca:pc3; gc_fid:pca:pc4; gc_fid:pca:pc5; gc_fid:pls:bp_20:lv1; gc_fid:pls:bp_20:lv2; gc_fid:pls:bp_20:lv3; gc_fid:pls:bp_20:lv4; gc_fid:pls:bp_35:lv1; gc_fid:pls:bp_35:lv2; gc_fid:pls:bp_35:lv3,ir:weighted_x_q90(0.703); ir_spectrum:pls:density_20c:lv1(0.668); ir_spectrum:pls:saturates:lv1(0.668); ir_spectrum:pca:pc1(0.656); ir:weighted_x_mean(0.613); ir_spectrum:pls:bp_80:lv1(0.577); ir_spectrum:pls:saturates:lv2(0.568); ir:weighted_x_q50(0.567),petroleum_fraction_db_041,saturates,analysis_only,correlation_weighted
2,petroleum_fraction_db_033,0.376741,78.72959279414542,74,gc_fid:pca:pc1; gc_fid:pca:pc2; gc_fid:pca:pc3; gc_fid:pca:pc4; gc_fid:pca:pc5; gc_fid:pls:bp_20:lv1; gc_fid:pls:bp_20:lv2; gc_fid:pls:bp_20:lv3; gc_fid:pls:bp_20:lv4; gc_fid:pls:bp_35:lv1; gc_fid:pls:bp_35:lv2; gc_fid:pls:bp_35:lv3,ir:weighted_x_q90(0.703); ir_spectrum:pls:density_20c:lv1(0.668); ir_spectrum:pls:saturates:lv1(0.668); ir_spectrum:pca:pc1(0.656); ir:weighted_x_mean(0.613); ir_spectrum:pls:bp_80:lv1(0.577); ir_spectrum:pls:saturates:lv2(0.568); ir:weighted_x_q50(0.567),petroleum_fraction_db_041,saturates,analysis_only,correlation_weighted
3,petroleum_fraction_db_009,0.514295,88.64878937776648,74,gc_fid:pca:pc1; gc_fid:pca:pc2; gc_fid:pca:pc3; gc_fid:pca:pc4; gc_fid:pca:pc5; gc_fid:pls:bp_20:lv1; gc_fid:pls:bp_20:lv2; gc_fid:pls:bp_20:lv3; gc_fid:pls:bp_20:lv4; gc_fid:pls:bp_35:lv1; gc_fid:pls:bp_35:lv2; gc_fid:pls:bp_35:lv3,ir:weighted_x_q90(0.703); ir_spectrum:pls:density_20c:lv1(0.668); ir_spectrum:pls:saturates:lv1(0.668); ir_spectrum:pca:pc1(0.656); ir:weighted_x_mean(0.613); ir_spectrum:pls:bp_80:lv1(0.577); ir_spectrum:pls:saturates:lv2(0.568); ir:weighted_x_q50(0.567),petroleum_fraction_db_041,saturates,analysis_only,correlation_weighted
4,petroleum_fraction_db_004,0.516655,57.8354892860672,74,gc_fid:pca:pc1; gc_fid:pca:pc2; gc_fid:pca:pc3; gc_fid:pca:pc4; gc_fid:pca:pc5; gc_fid:pls:bp_20:lv1; gc_fid:pls:bp_20:lv2; gc_fid:pls:bp_20:lv3; gc_fid:pls:bp_20:lv4; gc_fid:pls:bp_35:lv1; gc_fid:pls:bp_35:lv2; gc_fid:pls:bp_35:lv3,ir:weighted_x_q90(0.703); ir_spectrum:pls:density_20c:lv1(0.668); ir_spectrum:pls:saturates:lv1(0.668); ir_spectrum:pca:pc1(0.656); ir:weighted_x_mean(0.613); ir_spectrum:pls:bp_80:lv1(0.577); ir_spectrum:pls:saturates:lv2(0.568); ir:weighted_x_q50(0.567),petroleum_fraction_db_041,saturates,analysis_only,correlation_weighted
1,petroleum_fraction_db_035,0.316079,71.55463275369856,80,bulk_property:bp_20; bulk_property:bp_35; bulk_property:bp_50; bulk_property:bp_65; bulk_property:bp_80; bulk_property:density_20c; gc_fid:pca:pc1; gc_fid:pca:pc2; gc_fid:pca:pc3; gc_fid:pca:pc4; gc_fid:pca:pc5; gc_fid:pls:bp_20:lv1,bulk_property:bp_20(1.000); bulk_property:bp_35(1.000); bulk_property:bp_50(1.000); bulk_property:bp_65(1.000); bulk_property:bp_80(1.000); bulk_property:density_20c(1.000); gc_fid:pca:pc1(1.000); gc_fid:pca:pc2(1.000),petroleum_fraction_db_041,saturates,analysis_plus_non_target_bulk,equal_weight
2,petroleum_fraction_db_033,0.403701,78.72959279414542,80,bulk_property:bp_20; bulk_property:bp_35; bulk_property:bp_50; bulk_property:bp_65; bulk_property:bp_80; bulk_property:density_20c; gc_fid:pca:pc1; gc_fid:pca:pc2; gc_fid:pca:pc3; gc_fid:pca:pc4; gc_fid:pca:pc5; gc_fid:pls:bp_20:lv1,bulk_property:bp_20(1.000); bulk_property:bp_35(1.000); bulk_property:bp_50(1.000); bulk_property:bp_65(1.000); bulk_property:bp_80(1.000); bulk_property:density_20c(1.000); gc_fid:pca:pc1(1.000); gc_fid:pca:pc2(1.000),petroleum_fraction_db_041,saturates,analysis_plus_non_target_bulk,equal_weight
3,petroleum_fraction_db_009,0.519245,88.64878937776648,80,bulk_property:bp_20; bulk_property:bp_35; bulk_property:bp_50; bulk_property:bp_65; bulk_property:bp_80; bulk_property:density_20c; gc_fid:pca:pc1; gc_fid:pca:pc2; gc_fid:pca:pc3; gc_fid:pca:pc4; gc_fid:pca:pc5; gc_fid:pls:bp_20:lv1,bulk_property:bp_20(1.000); bulk_property:bp_35(1.000); bulk_property:bp_50(1.000); bulk_property:bp_65(1.000); bulk_property:bp_80(1.000); bulk_property:density_20c(1.000); gc_fid:pca:pc1(1.000); gc_fid:pca:pc2(1.000),petroleum_fraction_db_041,saturates,analysis_plus_non_target_bulk,equal_weight
4,petroleum_fraction_db_004,0.531552,57.8354892860672,80,bulk_property:bp_20; bulk_property:bp_35; bulk_property:bp_50; bulk_property:bp_65; bulk_property:bp_80; bulk_property:density_20c; gc_fid:pca:pc1; gc_fid:pca:pc2; gc_fid:pca:pc3; gc_fid:pca:pc4; gc_fid:pca:pc5; gc_fid:pls:bp_20:lv1,bulk_property:bp_20(1.000); bulk_property:bp_35(1.000); bulk_property:bp_50(1.000); bulk_property:bp_65(1.000); bulk_property:bp_80(1.000); bulk_property:density_20c(1.000); gc_fid:pca:pc1(1.000); gc_fid:pca:pc2(1.000),petroleum_fraction_db_041,saturates,analysis_plus_non_target_bulk,equal_weight
1,petroleum_fraction_db_035,0.278842,71.55463275369856,80,bulk_property:bp_20; bulk_property:bp_35; bulk_property:bp_50; bulk_property:bp_65; bulk_property:bp_80; bulk_property:density_20c; gc_fid:pca:pc1; gc_fid:pca:pc2; gc_fid:pca:pc3; gc_fid:pca:pc4; gc_fid:pca:pc5; gc_fid:pls:bp_20:lv1,bulk_property:density_20c(0.895); ir:weighted_x_q90(0.703); ir_spectrum:pls:density_20c:lv1(0.668); ir_spectrum:pls:saturates:lv1(0.668); ir_spectrum:pca:pc1(0.656); ir:weighted_x_mean(0.613); ir_spectrum:pls:bp_80:lv1(0.577); ir_spectrum:pls:saturates:lv2(0.568),petroleum_fraction_db_041,saturates,analysis_plus_non_target_bulk,correlation_weighted
2,petroleum_fraction_db_033,0.392107,78.72959279414542,80,bulk_property:bp_20; bulk_property:bp_35; bulk_property:bp_50; bulk_property:bp_65; bulk_property:bp_80; bulk_property:density_20c; gc_fid:pca:pc1; gc_fid:pca:pc2; gc_fid:pca:pc3; gc_fid:pca:pc4; gc_fid:pca:pc5; gc_fid:pls:bp_20:lv1,bulk_property:density_20c(0.895); ir:weighted_x_q90(0.703); ir_spectrum:pls:density_20c:lv1(0.668); ir_spectrum:pls:saturates:lv1(0.668); ir_spectrum:pca:pc1(0.656); ir:weighted_x_mean(0.613); ir_spectrum:pls:bp_80:lv1(0.577); ir_spectrum:pls:saturates:lv2(0.568),petroleum_fraction_db_041,saturates,analysis_plus_non_target_bulk,correlation_weighted
3,petroleum_fraction_db_004,0.52075,57.8354892860672,80,bulk_property:bp_20; bulk_property:bp_35; bulk_property:bp_50; bulk_property:bp_65; bulk_property:bp_80; bulk_property:density_20c; gc_fid:pca:pc1; gc_fid:pca:pc2; gc_fid:pca:pc3; gc_fid:pca:pc4; gc_fid:pca:pc5; gc_fid:pls:bp_20:lv1,bulk_property:density_20c(0.895); ir:weighted_x_q90(0.703); ir_spectrum:pls:density_20c:lv1(0.668); ir_spectrum:pls:saturates:lv1(0.668); ir_spectrum:pca:pc1(0.656); ir:weighted_x_mean(0.613); ir_spectrum:pls:bp_80:lv1(0.577); ir_spectrum:pls:saturates:lv2(0.568),petroleum_fraction_db_041,saturates,analysis_plus_non_target_bulk,correlation_weighted
4,petroleum_fraction_db_063,0.577498,86.55688622754492,80,bulk_property:bp_20; bulk_property:bp_35; bulk_property:bp_50; bulk_property:bp_65; bulk_property:bp_80; bulk_property:density_20c; gc_fid:pca:pc1; gc_fid:pca:pc2; gc_fid:pca:pc3; gc_fid:pca:pc4; gc_fid:pca:pc5; gc_fid:pls:bp_20:lv1,bulk_property:density_20c(0.895); ir:weighted_x_q90(0.703); ir_spectrum:pls:density_20c:lv1(0.668); ir_spectrum:pls:saturates:lv1(0.668); ir_spectrum:pca:pc1(0.656); ir:weighted_x_mean(0.613); ir_spectrum:pls:bp_80:lv1(0.577); ir_spectrum:pls:saturates:lv2(0.568),petroleum_fraction_db_041,saturates,analysis_plus_non_target_bulk,correlation_weighted
1,petroleum_fraction_db_035,0.315554,378.4,74,gc_fid:pca:pc1; gc_fid:pca:pc2; gc_fid:pca:pc3; gc_fid:pca:pc4; gc_fid:pca:pc5; gc_fid:pls:bp_20:lv1; gc_fid:pls:bp_20:lv2; gc_fid:pls:bp_20:lv3; gc_fid:pls:bp_20:lv4; gc_fid:pls:bp_35:lv1; gc_fid:pls:bp_35:lv2; gc_fid:pls:bp_35:lv3,gc_fid:pca:pc1(1.000); gc_fid:pca:pc2(1.000); gc_fid:pca:pc3(1.000); gc_fid:pca:pc4(1.000); gc_fid:pca:pc5(1.000); gc_fid:pls:bp_20:lv1(1.000); gc_fid:pls:bp_20:lv2(1.000); gc_fid:pls:bp_20:lv3(1.000),petroleum_fraction_db_041,BP_20,analysis_only,equal_weight
2,petroleum_fraction_db_033,0.387894,368.0,74,gc_fid:pca:pc1; gc_fid:pca:pc2; gc_fid:pca:pc3; gc_fid:pca:pc4; gc_fid:pca:pc5; gc_fid:pls:bp_20:lv1; gc_fid:pls:bp_20:lv2; gc_fid:pls:bp_20:lv3; gc_fid:pls:bp_20:lv4; gc_fid:pls:bp_35:lv1; gc_fid:pls:bp_35:lv2; gc_fid:pls:bp_35:lv3,gc_fid:pca:pc1(1.000); gc_fid:pca:pc2(1.000); gc_fid:pca:pc3(1.000); gc_fid:pca:pc4(1.000); gc_fid:pca:pc5(1.000); gc_fid:pls:bp_20:lv1(1.000); gc_fid:pls:bp_20:lv2(1.000); gc_fid:pls:bp_20:lv3(1.000),petroleum_fraction_db_041,BP_20,analysis_only,equal_weight
3,petroleum_fraction_db_009,0.446942,358.4,74,gc_fid:pca:pc1; gc_fid:pca:pc2; gc_fid:pca:pc3; gc_fid:pca:pc4; gc_fid:pca:pc5; gc_fid:pls:bp_20:lv1; gc_fid:pls:bp_20:lv2; gc_fid:pls:bp_20:lv3; gc_fid:pls:bp_20:lv4; gc_fid:pls:bp_35:lv1; gc_fid:pls:bp_35:lv2; gc_fid:pls:bp_35:lv3,gc_fid:pca:pc1(1.000); gc_fid:pca:pc2(1.000); gc_fid:pca:pc3(1.000); gc_fid:pca:pc4(1.000); gc_fid:pca:pc5(1.000); gc_fid:pls:bp_20:lv1(1.000); gc_fid:pls:bp_20:lv2(1.000); gc_fid:pls:bp_20:lv3(1.000),petroleum_fraction_db_041,BP_20,analysis_only,equal_weight
4,petroleum_fraction_db_004,0.524294,361.2,74,gc_fid:pca:pc1; gc_fid:pca:pc2; gc_fid:pca:pc3; gc_fid:pca:pc4; gc_fid:pca:pc5; gc_fid:pls:bp_20:lv1; gc_fid:pls:bp_20:lv2; gc_fid:pls:bp_20:lv3; gc_fid:pls:bp_20:lv4; gc_fid:pls:bp_35:lv1; gc_fid:pls:bp_35:lv2; gc_fid:pls:bp_35:lv3,gc_fid:pca:pc1(1.000); gc_fid:pca:pc2(1.000); gc_fid:pca:pc3(1.000); gc_fid:pca:pc4(1.000); gc_fid:pca:pc5(1.000); gc_fid:pls:bp_20:lv1(1.000); gc_fid:pls:bp_20:lv2(1.000); gc_fid:pls:bp_20:lv3(1.000),petroleum_fraction_db_041,BP_20,analysis_only,equal_weight
1,petroleum_fraction_db_035,0.274384,378.4,74,gc_fid:pca:pc1; gc_fid:pca:pc2; gc_fid:pca:pc3; gc_fid:pca:pc4; gc_fid:pca:pc5; gc_fid:pls:bp_20:lv1; gc_fid:pls:bp_20:lv2; gc_fid:pls:bp_20:lv3; gc_fid:pls:bp_20:lv4; gc_fid:pls:bp_35:lv1; gc_fid:pls:bp_35:lv2; gc_fid:pls:bp_35:lv3,gc_fid:pls:density_20c:lv1(0.948); gc_fid:pls:bp_20:lv1(0.940); gc_fid:pls:bp_35:lv1(0.939); gc_fid:pls:bp_50:lv1(0.938); gc_fid:pls:bp_65:lv1(0.936); gc_fid:pls:bp_80:lv1(0.934); gc_fid:pls:saturates:lv1(0.928); gc_fid:pca:pc1(0.914),petroleum_fraction_db_041,BP_20,analysis_only,correlation_weighted
2,petroleum_fraction_db_033,0.338671,368.0,74,gc_fid:pca:pc1; gc_fid:pca:pc2; gc_fid:pca:pc3; gc_fid:pca:pc4; gc_fid:pca:pc5; gc_fid:pls:bp_20:lv1; gc_fid:pls:bp_20:lv2; gc_fid:pls:bp_20:lv3; gc_fid:pls:bp_20:lv4; gc_fid:pls:bp_35:lv1; gc_fid:pls:bp_35:lv2; gc_fid:pls:bp_35:lv3,gc_fid:pls:density_20c:lv1(0.948); gc_fid:pls:bp_20:lv1(0.940); gc_fid:pls:bp_35:lv1(0.939); gc_fid:pls:bp_50:lv1(0.938); gc_fid:pls:bp_65:lv1(0.936); gc_fid:pls:bp_80:lv1(0.934); gc_fid:pls:saturates:lv1(0.928); gc_fid:pca:pc1(0.914),petroleum_fraction_db_041,BP_20,analysis_only,correlation_weighted
3,petroleum_fraction_db_009,0.437847,358.4,74,gc_fid:pca:pc1; gc_fid:pca:pc2; gc_fid:pca:pc3; gc_fid:pca:pc4; gc_fid:pca:pc5; gc_fid:pls:bp_20:lv1; gc_fid:pls:bp_20:lv2; gc_fid:pls:bp_20:lv3; gc_fid:pls:bp_20:lv4; gc_fid:pls:bp_35:lv1; gc_fid:pls:bp_35:lv2; gc_fid:pls:bp_35:lv3,gc_fid:pls:density_20c:lv1(0.948); gc_fid:pls:bp_20:lv1(0.940); gc_fid:pls:bp_35:lv1(0.939); gc_fid:pls:bp_50:lv1(0.938); gc_fid:pls:bp_65:lv1(0.936); gc_fid:pls:bp_80:lv1(0.934); gc_fid:pls:saturates:lv1(0.928); gc_fid:pca:pc1(0.914),petroleum_fraction_db_041,BP_20,analysis_only,correlation_weighted
4,petroleum_fraction_db_004,0.489921,361.2,74,gc_fid:pca:pc1; gc_fid:pca:pc2; gc_fid:pca:pc3; gc_fid:pca:pc4; gc_fid:pca:pc5; gc_fid:pls:bp_20:lv1; gc_fid:pls:bp_20:lv2; gc_fid:pls:bp_20:lv3; gc_fid:pls:bp_20:lv4; gc_fid:pls:bp_35:lv1; gc_fid:pls:bp_35:lv2; gc_fid:pls:bp_35:lv3,gc_fid:pls:density_20c:lv1(0.948); gc_fid:pls:bp_20:lv1(0.940); gc_fid:pls:bp_35:lv1(0.939); gc_fid:pls:bp_50:lv1(0.938); gc_fid:pls:bp_65:lv1(0.936); gc_fid:pls:bp_80:lv1(0.934); gc_fid:pls:saturates:lv1(0.928); gc_fid:pca:pc1(0.914),petroleum_fraction_db_041,BP_20,analysis_only,correlation_weighted
1,petroleum_fraction_db_035,0.310987,378.4,80,bulk_property:bp_35; bulk_property:bp_50; bulk_property:bp_65; bulk_property:bp_80; bulk_property:density_20c; bulk_property:saturates; gc_fid:pca:pc1; gc_fid:pca:pc2; gc_fid:pca:pc3; gc_fid:pca:pc4; gc_fid:pca:pc5; gc_fid:pls:bp_20:lv1,bulk_property:bp_35(1.000); bulk_property:bp_50(1.000); bulk_property:bp_65(1.000); bulk_property:bp_80(1.000); bulk_property:density_20c(1.000); bulk_property:saturates(1.000); gc_fid:pca:pc1(1.000); gc_fid:pca:pc2(1.000),petroleum_fraction_db_041,BP_20,analysis_plus_non_target_bulk,equal_weight
2,petroleum_fraction_db_033,0.39967,368.0,80,bulk_property:bp_35; bulk_property:bp_50; bulk_property:bp_65; bulk_property:bp_80; bulk_property:density_20c; bulk_property:saturates; gc_fid:pca:pc1; gc_fid:pca:pc2; gc_fid:pca:pc3; gc_fid:pca:pc4; gc_fid:pca:pc5; gc_fid:pls:bp_20:lv1,bulk_property:bp_35(1.000); bulk_property:bp_50(1.000); bulk_property:bp_65(1.000); bulk_property:bp_80(1.000); bulk_property:density_20c(1.000); bulk_property:saturates(1.000); gc_fid:pca:pc1(1.000); gc_fid:pca:pc2(1.000),petroleum_fraction_db_041,BP_20,analysis_plus_non_target_bulk,equal_weight
3,petroleum_fraction_db_009,0.525428,358.4,80,bulk_property:bp_35; bulk_property:bp_50; bulk_property:bp_65; bulk_property:bp_80; bulk_property:density_20c; bulk_property:saturates; gc_fid:pca:pc1; gc_fid:pca:pc2; gc_fid:pca:pc3; gc_fid:pca:pc4; gc_fid:pca:pc5; gc_fid:pls:bp_20:lv1,bulk_property:bp_35(1.000); bulk_property:bp_50(1.000); bulk_property:bp_65(1.000); bulk_property:bp_80(1.000); bulk_property:density_20c(1.000); bulk_property:saturates(1.000); gc_fid:pca:pc1(1.000); gc_fid:pca:pc2(1.000),petroleum_fraction_db_041,BP_20,analysis_plus_non_target_bulk,equal_weight
4,petroleum_fraction_db_004,0.533825,361.2,80,bulk_property:bp_35; bulk_property:bp_50; bulk_property:bp_65; bulk_property:bp_80; bulk_property:density_20c; bulk_property:saturates; gc_fid:pca:pc1; gc_fid:pca:pc2; gc_fid:pca:pc3; gc_fid:pca:pc4; gc_fid:pca:pc5; gc_fid:pls:bp_20:lv1,bulk_property:bp_35(1.000); bulk_property:bp_50(1.000); bulk_property:bp_65(1.000); bulk_property:bp_80(1.000); bulk_property:density_20c(1.000); bulk_property:saturates(1.000); gc_fid:pca:pc1(1.000); gc_fid:pca:pc2(1.000),petroleum_fraction_db_041,BP_20,analysis_plus_non_target_bulk,equal_weight
1,petroleum_fraction_db_035,0.277158,378.4,80,bulk_property:bp_35; bulk_property:bp_50; bulk_property:bp_65; bulk_property:bp_80; bulk_property:density_20c; bulk_property:saturates; gc_fid:pca:pc1; gc_fid:pca:pc2; gc_fid:pca:pc3; gc_fid:pca:pc4; gc_fid:pca:pc5; gc_fid:pls:bp_20:lv1,bulk_property:bp_35(1.040); bulk_property:bp_50(1.015); bulk_property:bp_65(0.986); gc_fid:pls:density_20c:lv1(0.948); gc_fid:pls:bp_20:lv1(0.940); gc_fid:pls:bp_35:lv1(0.939); bulk_property:bp_80(0.939); gc_fid:pls:bp_50:lv1(0.938),petroleum_fraction_db_041,BP_20,analysis_plus_non_target_bulk,correlation_weighted
2,petroleum_fraction_db_033,0.38426,368.0,80,bulk_property:bp_35; bulk_property:bp_50; bulk_property:bp_65; bulk_property:bp_80; bulk_property:density_20c; bulk_property:saturates; gc_fid:pca:pc1; gc_fid:pca:pc2; gc_fid:pca:pc3; gc_fid:pca:pc4; gc_fid:pca:pc5; gc_fid:pls:bp_20:lv1,bulk_property:bp_35(1.040); bulk_property:bp_50(1.015); bulk_property:bp_65(0.986); gc_fid:pls:density_20c:lv1(0.948); gc_fid:pls:bp_20:lv1(0.940); gc_fid:pls:bp_35:lv1(0.939); bulk_property:bp_80(0.939); gc_fid:pls:bp_50:lv1(0.938),petroleum_fraction_db_041,BP_20,analysis_plus_non_target_bulk,correlation_weighted
3,petroleum_fraction_db_004,0.515513,361.2,80,bulk_property:bp_35; bulk_property:bp_50; bulk_property:bp_65; bulk_property:bp_80; bulk_property:density_20c; bulk_property:saturates; gc_fid:pca:pc1; gc_fid:pca:pc2; gc_fid:pca:pc3; gc_fid:pca:pc4; gc_fid:pca:pc5; gc_fid:pls:bp_20:lv1,bulk_property:bp_35(1.040); bulk_property:bp_50(1.015); bulk_property:bp_65(0.986); gc_fid:pls:density_20c:lv1(0.948); gc_fid:pls:bp_20:lv1(0.940); gc_fid:pls:bp_35:lv1(0.939); bulk_property:bp_80(0.939); gc_fid:pls:bp_50:lv1(0.938),petroleum_fraction_db_041,BP_20,analysis_plus_non_target_bulk,correlation_weighted
4,petroleum_fraction_db_066,0.575288,399.6,80,bulk_property:bp_35; bulk_property:bp_50; bulk_property:bp_65; bulk_property:bp_80; bulk_property:density_20c; bulk_property:saturates; gc_fid:pca:pc1; gc_fid:pca:pc2; gc_fid:pca:pc3; gc_fid:pca:pc4; gc_fid:pca:pc5; gc_fid:pls:bp_20:lv1,bulk_property:bp_35(1.040); bulk_property:bp_50(1.015); bulk_property:bp_65(0.986); gc_fid:pls:density_20c:lv1(0.948); gc_fid:pls:bp_20:lv1(0.940); gc_fid:pls:bp_35:lv1(0.939); bulk_property:bp_80(0.939); gc_fid:pls:bp_50:lv1(0.938),petroleum_fraction_db_041,BP_20,analysis_plus_non_target_bulk,correlation_weighted
1,petroleum_fraction_db_035,0.315554,411.2,74,gc_fid:pca:pc1; gc_fid:pca:pc2; gc_fid:pca:pc3; gc_fid:pca:pc4; gc_fid:pca:pc5; gc_fid:pls:bp_20:lv1; gc_fid:pls:bp_20:lv2; gc_fid:pls:bp_20:lv3; gc_fid:pls:bp_20:lv4; gc_fid:pls:bp_35:lv1; gc_fid:pls:bp_35:lv2; gc_fid:pls:bp_35:lv3,gc_fid:pca:pc1(1.000); gc_fid:pca:pc2(1.000); gc_fid:pca:pc3(1.000); gc_fid:pca:pc4(1.000); gc_fid:pca:pc5(1.000); gc_fid:pls:bp_20:lv1(1.000); gc_fid:pls:bp_20:lv2(1.000); gc_fid:pls:bp_20:lv3(1.000),petroleum_fraction_db_041,BP_35,analysis_only,equal_weight
2,petroleum_fraction_db_033,0.387894,398.6,74,gc_fid:pca:pc1; gc_fid:pca:pc2; gc_fid:pca:pc3; gc_fid:pca:pc4; gc_fid:pca:pc5; gc_fid:pls:bp_20:lv1; gc_fid:pls:bp_20:lv2; gc_fid:pls:bp_20:lv3; gc_fid:pls:bp_20:lv4; gc_fid:pls:bp_35:lv1; gc_fid:pls:bp_35:lv2; gc_fid:pls:bp_35:lv3,gc_fid:pca:pc1(1.000); gc_fid:pca:pc2(1.000); gc_fid:pca:pc3(1.000); gc_fid:pca:pc4(1.000); gc_fid:pca:pc5(1.000); gc_fid:pls:bp_20:lv1(1.000); gc_fid:pls:bp_20:lv2(1.000); gc_fid:pls:bp_20:lv3(1.000),petroleum_fraction_db_041,BP_35,analysis_only,equal_weight
3,petroleum_fraction_db_009,0.446942,378.0,74,gc_fid:pca:pc1; gc_fid:pca:pc2; gc_fid:pca:pc3; gc_fid:pca:pc4; gc_fid:pca:pc5; gc_fid:pls:bp_20:lv1; gc_fid:pls:bp_20:lv2; gc_fid:pls:bp_20:lv3; gc_fid:pls:bp_20:lv4; gc_fid:pls:bp_35:lv1; gc_fid:pls:bp_35:lv2; gc_fid:pls:bp_35:lv3,gc_fid:pca:pc1(1.000); gc_fid:pca:pc2(1.000); gc_fid:pca:pc3(1.000); gc_fid:pca:pc4(1.000); gc_fid:pca:pc5(1.000); gc_fid:pls:bp_20:lv1(1.000); gc_fid:pls:bp_20:lv2(1.000); gc_fid:pls:bp_20:lv3(1.000),petroleum_fraction_db_041,BP_35,analysis_only,equal_weight
4,petroleum_fraction_db_004,0.524294,394.2,74,gc_fid:pca:pc1; gc_fid:pca:pc2; gc_fid:pca:pc3; gc_fid:pca:pc4; gc_fid:pca:pc5; gc_fid:pls:bp_20:lv1; gc_fid:pls:bp_20:lv2; gc_fid:pls:bp_20:lv3; gc_fid:pls:bp_20:lv4; gc_fid:pls:bp_35:lv1; gc_fid:pls:bp_35:lv2; gc_fid:pls:bp_35:lv3,gc_fid:pca:pc1(1.000); gc_fid:pca:pc2(1.000); gc_fid:pca:pc3(1.000); gc_fid:pca:pc4(1.000); gc_fid:pca:pc5(1.000); gc_fid:pls:bp_20:lv1(1.000); gc_fid:pls:bp_20:lv2(1.000); gc_fid:pls:bp_20:lv3(1.000),petroleum_fraction_db_041,BP_35,analysis_only,equal_weight
1,petroleum_fraction_db_035,0.277379,411.2,74,gc_fid:pca:pc1; gc_fid:pca:pc2; gc_fid:pca:pc3; gc_fid:pca:pc4; gc_fid:pca:pc5; gc_fid:pls:bp_20:lv1; gc_fid:pls:bp_20:lv2; gc_fid:pls:bp_20:lv3; gc_fid:pls:bp_20:lv4; gc_fid:pls:bp_35:lv1; gc_fid:pls:bp_35:lv2; gc_fid:pls:bp_35:lv3,gc_fid:pls:density_20c:lv1(0.967); gc_fid:pls:bp_35:lv1(0.949); gc_fid:pls:saturates:lv1(0.948); gc_fid:pls:bp_20:lv1(0.948); gc_fid:pls:bp_50:lv1(0.948); gc_fid:pls:bp_65:lv1(0.947); gc_fid:pls:bp_80:lv1(0.946); gc_fid:pca:pc1(0.921),petroleum_fraction_db_041,BP_35,analysis_only,correlation_weighted
2,petroleum_fraction_db_033,0.345712,398.6,74,gc_fid:pca:pc1; gc_fid:pca:pc2; gc_fid:pca:pc3; gc_fid:pca:pc4; gc_fid:pca:pc5; gc_fid:pls:bp_20:lv1; gc_fid:pls:bp_20:lv2; gc_fid:pls:bp_20:lv3; gc_fid:pls:bp_20:lv4; gc_fid:pls:bp_35:lv1; gc_fid:pls:bp_35:lv2; gc_fid:pls:bp_35:lv3,gc_fid:pls:density_20c:lv1(0.967); gc_fid:pls:bp_35:lv1(0.949); gc_fid:pls:saturates:lv1(0.948); gc_fid:pls:bp_20:lv1(0.948); gc_fid:pls:bp_50:lv1(0.948); gc_fid:pls:bp_65:lv1(0.947); gc_fid:pls:bp_80:lv1(0.946); gc_fid:pca:pc1(0.921),petroleum_fraction_db_041,BP_35,analysis_only,correlation_weighted
3,petroleum_fraction_db_009,0.440131,378.0,74,gc_fid:pca:pc1; gc_fid:pca:pc2; gc_fid:pca:pc3; gc_fid:pca:pc4; gc_fid:pca:pc5; gc_fid:pls:bp_20:lv1; gc_fid:pls:bp_20:lv2; gc_fid:pls:bp_20:lv3; gc_fid:pls:bp_20:lv4; gc_fid:pls:bp_35:lv1; gc_fid:pls:bp_35:lv2; gc_fid:pls:bp_35:lv3,gc_fid:pls:density_20c:lv1(0.967); gc_fid:pls:bp_35:lv1(0.949); gc_fid:pls:saturates:lv1(0.948); gc_fid:pls:bp_20:lv1(0.948); gc_fid:pls:bp_50:lv1(0.948); gc_fid:pls:bp_65:lv1(0.947); gc_fid:pls:bp_80:lv1(0.946); gc_fid:pca:pc1(0.921),petroleum_fraction_db_041,BP_35,analysis_only,correlation_weighted
4,petroleum_fraction_db_004,0.494895,394.2,74,gc_fid:pca:pc1; gc_fid:pca:pc2; gc_fid:pca:pc3; gc_fid:pca:pc4; gc_fid:pca:pc5; gc_fid:pls:bp_20:lv1; gc_fid:pls:bp_20:lv2; gc_fid:pls:bp_20:lv3; gc_fid:pls:bp_20:lv4; gc_fid:pls:bp_35:lv1; gc_fid:pls:bp_35:lv2; gc_fid:pls:bp_35:lv3,gc_fid:pls:density_20c:lv1(0.967); gc_fid:pls:bp_35:lv1(0.949); gc_fid:pls:saturates:lv1(0.948); gc_fid:pls:bp_20:lv1(0.948); gc_fid:pls:bp_50:lv1(0.948); gc_fid:pls:bp_65:lv1(0.947); gc_fid:pls:bp_80:lv1(0.946); gc_fid:pca:pc1(0.921),petroleum_fraction_db_041,BP_35,analysis_only,correlation_weighted
1,petroleum_fraction_db_035,0.312082,411.2,80,bulk_property:bp_20; bulk_property:bp_50; bulk_property:bp_65; bulk_property:bp_80; bulk_property:density_20c; bulk_property:saturates; gc_fid:pca:pc1; gc_fid:pca:pc2; gc_fid:pca:pc3; gc_fid:pca:pc4; gc_fid:pca:pc5; gc_fid:pls:bp_20:lv1,bulk_property:bp_20(1.000); bulk_property:bp_50(1.000); bulk_property:bp_65(1.000); bulk_property:bp_80(1.000); bulk_property:density_20c(1.000); bulk_property:saturates(1.000); gc_fid:pca:pc1(1.000); gc_fid:pca:pc2(1.000),petroleum_fraction_db_041,BP_35,analysis_plus_non_target_bulk,equal_weight
2,petroleum_fraction_db_033,0.400082,398.6,80,bulk_property:bp_20; bulk_property:bp_50; bulk_property:bp_65; bulk_property:bp_80; bulk_property:density_20c; bulk_property:saturates; gc_fid:pca:pc1; gc_fid:pca:pc2; gc_fid:pca:pc3; gc_fid:pca:pc4; gc_fid:pca:pc5; gc_fid:pls:bp_20:lv1,bulk_property:bp_20(1.000); bulk_property:bp_50(1.000); bulk_property:bp_65(1.000); bulk_property:bp_80(1.000); bulk_property:density_20c(1.000); bulk_property:saturates(1.000); gc_fid:pca:pc1(1.000); gc_fid:pca:pc2(1.000),petroleum_fraction_db_041,BP_35,analysis_plus_non_target_bulk,equal_weight
3,petroleum_fraction_db_009,0.521519,378.0,80,bulk_property:bp_20; bulk_property:bp_50; bulk_property:bp_65; bulk_property:bp_80; bulk_property:density_20c; bulk_property:saturates; gc_fid:pca:pc1; gc_fid:pca:pc2; gc_fid:pca:pc3; gc_fid:pca:pc4; gc_fid:pca:pc5; gc_fid:pls:bp_20:lv1,bulk_property:bp_20(1.000); bulk_property:bp_50(1.000); bulk_property:bp_65(1.000); bulk_property:bp_80(1.000); bulk_property:density_20c(1.000); bulk_property:saturates(1.000); gc_fid:pca:pc1(1.000); gc_fid:pca:pc2(1.000),petroleum_fraction_db_041,BP_35,analysis_plus_non_target_bulk,equal_weight
4,petroleum_fraction_db_004,0.534961,394.2,80,bulk_property:bp_20; bulk_property:bp_50; bulk_property:bp_65; bulk_property:bp_80; bulk_property:density_20c; bulk_property:saturates; gc_fid:pca:pc1; gc_fid:pca:pc2; gc_fid:pca:pc3; gc_fid:pca:pc4; gc_fid:pca:pc5; gc_fid:pls:bp_20:lv1,bulk_property:bp_20(1.000); bulk_property:bp_50(1.000); bulk_property:bp_65(1.000); bulk_property:bp_80(1.000); bulk_property:density_20c(1.000); bulk_property:saturates(1.000); gc_fid:pca:pc1(1.000); gc_fid:pca:pc2(1.000),petroleum_fraction_db_041,BP_35,analysis_plus_non_target_bulk,equal_weight
1,petroleum_fraction_db_035,0.282556,411.2,80,bulk_property:bp_20; bulk_property:bp_50; bulk_property:bp_65; bulk_property:bp_80; bulk_property:density_20c; bulk_property:saturates; gc_fid:pca:pc1; gc_fid:pca:pc2; gc_fid:pca:pc3; gc_fid:pca:pc4; gc_fid:pca:pc5; gc_fid:pls:bp_20:lv1,bulk_property:bp_20(1.040); bulk_property:bp_50(1.040); bulk_property:bp_65(1.020); bulk_property:bp_80(0.982); gc_fid:pls:density_20c:lv1(0.967); gc_fid:pls:bp_35:lv1(0.949); gc_fid:pls:saturates:lv1(0.948); gc_fid:pls:bp_20:lv1(0.948),petroleum_fraction_db_041,BP_35,analysis_plus_non_target_bulk,correlation_weighted
2,petroleum_fraction_db_033,0.390982,398.6,80,bulk_property:bp_20; bulk_property:bp_50; bulk_property:bp_65; bulk_property:bp_80; bulk_property:density_20c; bulk_property:saturates; gc_fid:pca:pc1; gc_fid:pca:pc2; gc_fid:pca:pc3; gc_fid:pca:pc4; gc_fid:pca:pc5; gc_fid:pls:bp_20:lv1,bulk_property:bp_20(1.040); bulk_property:bp_50(1.040); bulk_property:bp_65(1.020); bulk_property:bp_80(0.982); gc_fid:pls:density_20c:lv1(0.967); gc_fid:pls:bp_35:lv1(0.949); gc_fid:pls:saturates:lv1(0.948); gc_fid:pls:bp_20:lv1(0.948),petroleum_fraction_db_041,BP_35,analysis_plus_non_target_bulk,correlation_weighted
3,petroleum_fraction_db_004,0.523232,394.2,80,bulk_property:bp_20; bulk_property:bp_50; bulk_property:bp_65; bulk_property:bp_80; bulk_property:density_20c; bulk_property:saturates; gc_fid:pca:pc1; gc_fid:pca:pc2; gc_fid:pca:pc3; gc_fid:pca:pc4; gc_fid:pca:pc5; gc_fid:pls:bp_20:lv1,bulk_property:bp_20(1.040); bulk_property:bp_50(1.040); bulk_property:bp_65(1.020); bulk_property:bp_80(0.982); gc_fid:pls:density_20c:lv1(0.967); gc_fid:pls:bp_35:lv1(0.949); gc_fid:pls:saturates:lv1(0.948); gc_fid:pls:bp_20:lv1(0.948),petroleum_fraction_db_041,BP_35,analysis_plus_non_target_bulk,correlation_weighted
4,petroleum_fraction_db_066,0.577878,415.8,80,bulk_property:bp_20; bulk_property:bp_50; bulk_property:bp_65; bulk_property:bp_80; bulk_property:density_20c; bulk_property:saturates; gc_fid:pca:pc1; gc_fid:pca:pc2; gc_fid:pca:pc3; gc_fid:pca:pc4; gc_fid:pca:pc5; gc_fid:pls:bp_20:lv1,bulk_property:bp_20(1.040); bulk_property:bp_50(1.040); bulk_property:bp_65(1.020); bulk_property:bp_80(0.982); gc_fid:pls:density_20c:lv1(0.967); gc_fid:pls:bp_35:lv1(0.949); gc_fid:pls:saturates:lv1(0.948); gc_fid:pls:bp_20:lv1(0.948),petroleum_fraction_db_041,BP_35,analysis_plus_non_target_bulk,correlation_weighted
1,petroleum_fraction_db_035,0.315554,438.0,74,gc_fid:pca:pc1; gc_fid:pca:pc2; gc_fid:pca:pc3; gc_fid:pca:pc4; gc_fid:pca:pc5; gc_fid:pls:bp_20:lv1; gc_fid:pls:bp_20:lv2; gc_fid:pls:bp_20:lv3; gc_fid:pls:bp_20:lv4; gc_fid:pls:bp_35:lv1; gc_fid:pls:bp_35:lv2; gc_fid:pls:bp_35:lv3,gc_fid:pca:pc1(1.000); gc_fid:pca:pc2(1.000); gc_fid:pca:pc3(1.000); gc_fid:pca:pc4(1.000); gc_fid:pca:pc5(1.000); gc_fid:pls:bp_20:lv1(1.000); gc_fid:pls:bp_20:lv2(1.000); gc_fid:pls:bp_20:lv3(1.000),petroleum_fraction_db_041,BP_50,analysis_only,equal_weight
2,petroleum_fraction_db_033,0.387894,421.8,74,gc_fid:pca:pc1; gc_fid:pca:pc2; gc_fid:pca:pc3; gc_fid:pca:pc4; gc_fid:pca:pc5; gc_fid:pls:bp_20:lv1; gc_fid:pls:bp_20:lv2; gc_fid:pls:bp_20:lv3; gc_fid:pls:bp_20:lv4; gc_fid:pls:bp_35:lv1; gc_fid:pls:bp_35:lv2; gc_fid:pls:bp_35:lv3,gc_fid:pca:pc1(1.000); gc_fid:pca:pc2(1.000); gc_fid:pca:pc3(1.000); gc_fid:pca:pc4(1.000); gc_fid:pca:pc5(1.000); gc_fid:pls:bp_20:lv1(1.000); gc_fid:pls:bp_20:lv2(1.000); gc_fid:pls:bp_20:lv3(1.000),petroleum_fraction_db_041,BP_50,analysis_only,equal_weight
3,petroleum_fraction_db_009,0.446942,395.6,74,gc_fid:pca:pc1; gc_fid:pca:pc2; gc_fid:pca:pc3; gc_fid:pca:pc4; gc_fid:pca:pc5; gc_fid:pls:bp_20:lv1; gc_fid:pls:bp_20:lv2; gc_fid:pls:bp_20:lv3; gc_fid:pls:bp_20:lv4; gc_fid:pls:bp_35:lv1; gc_fid:pls:bp_35:lv2; gc_fid:pls:bp_35:lv3,gc_fid:pca:pc1(1.000); gc_fid:pca:pc2(1.000); gc_fid:pca:pc3(1.000); gc_fid:pca:pc4(1.000); gc_fid:pca:pc5(1.000); gc_fid:pls:bp_20:lv1(1.000); gc_fid:pls:bp_20:lv2(1.000); gc_fid:pls:bp_20:lv3(1.000),petroleum_fraction_db_041,BP_50,analysis_only,equal_weight
4,petroleum_fraction_db_004,0.524294,420.8,74,gc_fid:pca:pc1; gc_fid:pca:pc2; gc_fid:pca:pc3; gc_fid:pca:pc4; gc_fid:pca:pc5; gc_fid:pls:bp_20:lv1; gc_fid:pls:bp_20:lv2; gc_fid:pls:bp_20:lv3; gc_fid:pls:bp_20:lv4; gc_fid:pls:bp_35:lv1; gc_fid:pls:bp_35:lv2; gc_fid:pls:bp_35:lv3,gc_fid:pca:pc1(1.000); gc_fid:pca:pc2(1.000); gc_fid:pca:pc3(1.000); gc_fid:pca:pc4(1.000); gc_fid:pca:pc5(1.000); gc_fid:pls:bp_20:lv1(1.000); gc_fid:pls:bp_20:lv2(1.000); gc_fid:pls:bp_20:lv3(1.000),petroleum_fraction_db_041,BP_50,analysis_only,equal_weight
1,petroleum_fraction_db_035,0.280854,438.0,74,gc_fid:pca:pc1; gc_fid:pca:pc2; gc_fid:pca:pc3; gc_fid:pca:pc4; gc_fid:pca:pc5; gc_fid:pls:bp_20:lv1; gc_fid:pls:bp_20:lv2; gc_fid:pls:bp_20:lv3; gc_fid:pls:bp_20:lv4; gc_fid:pls:bp_35:lv1; gc_fid:pls:bp_35:lv2; gc_fid:pls:bp_35:lv3,gc_fid:pls:density_20c:lv1(0.977); gc_fid:pls:saturates:lv1(0.960); gc_fid:pls:bp_50:lv1(0.951); gc_fid:pls:bp_80:lv1(0.951); gc_fid:pls:bp_35:lv1(0.951); gc_fid:pls:bp_65:lv1(0.951); gc_fid:pls:bp_20:lv1(0.949); gc_fid:pca:pc1(0.923),petroleum_fraction_db_041,BP_50,analysis_only,correlation_weighted
2,petroleum_fraction_db_033,0.351402,421.8,74,gc_fid:pca:pc1; gc_fid:pca:pc2; gc_fid:pca:pc3; gc_fid:pca:pc4; gc_fid:pca:pc5; gc_fid:pls:bp_20:lv1; gc_fid:pls:bp_20:lv2; gc_fid:pls:bp_20:lv3; gc_fid:pls:bp_20:lv4; gc_fid:pls:bp_35:lv1; gc_fid:pls:bp_35:lv2; gc_fid:pls:bp_35:lv3,gc_fid:pls:density_20c:lv1(0.977); gc_fid:pls:saturates:lv1(0.960); gc_fid:pls:bp_50:lv1(0.951); gc_fid:pls:bp_80:lv1(0.951); gc_fid:pls:bp_35:lv1(0.951); gc_fid:pls:bp_65:lv1(0.951); gc_fid:pls:bp_20:lv1(0.949); gc_fid:pca:pc1(0.923),petroleum_fraction_db_041,BP_50,analysis_only,correlation_weighted
3,petroleum_fraction_db_009,0.442605,395.6,74,gc_fid:pca:pc1; gc_fid:pca:pc2; gc_fid:pca:pc3; gc_fid:pca:pc4; gc_fid:pca:pc5; gc_fid:pls:bp_20:lv1; gc_fid:pls:bp_20:lv2; gc_fid:pls:bp_20:lv3; gc_fid:pls:bp_20:lv4; gc_fid:pls:bp_35:lv1; gc_fid:pls:bp_35:lv2; gc_fid:pls:bp_35:lv3,gc_fid:pls:density_20c:lv1(0.977); gc_fid:pls:saturates:lv1(0.960); gc_fid:pls:bp_50:lv1(0.951); gc_fid:pls:bp_80:lv1(0.951); gc_fid:pls:bp_35:lv1(0.951); gc_fid:pls:bp_65:lv1(0.951); gc_fid:pls:bp_20:lv1(0.949); gc_fid:pca:pc1(0.923),petroleum_fraction_db_041,BP_50,analysis_only,correlation_weighted
4,petroleum_fraction_db_004,0.499838,420.8,74,gc_fid:pca:pc1; gc_fid:pca:pc2; gc_fid:pca:pc3; gc_fid:pca:pc4; gc_fid:pca:pc5; gc_fid:pls:bp_20:lv1; gc_fid:pls:bp_20:lv2; gc_fid:pls:bp_20:lv3; gc_fid:pls:bp_20:lv4; gc_fid:pls:bp_35:lv1; gc_fid:pls:bp_35:lv2; gc_fid:pls:bp_35:lv3,gc_fid:pls:density_20c:lv1(0.977); gc_fid:pls:saturates:lv1(0.960); gc_fid:pls:bp_50:lv1(0.951); gc_fid:pls:bp_80:lv1(0.951); gc_fid:pls:bp_35:lv1(0.951); gc_fid:pls:bp_65:lv1(0.951); gc_fid:pls:bp_20:lv1(0.949); gc_fid:pca:pc1(0.923),petroleum_fraction_db_041,BP_50,analysis_only,correlation_weighted
1,petroleum_fraction_db_035,0.31343,438.0,80,bulk_property:bp_20; bulk_property:bp_35; bulk_property:bp_65; bulk_property:bp_80; bulk_property:density_20c; bulk_property:saturates; gc_fid:pca:pc1; gc_fid:pca:pc2; gc_fid:pca:pc3; gc_fid:pca:pc4; gc_fid:pca:pc5; gc_fid:pls:bp_20:lv1,bulk_property:bp_20(1.000); bulk_property:bp_35(1.000); bulk_property:bp_65(1.000); bulk_property:bp_80(1.000); bulk_property:density_20c(1.000); bulk_property:saturates(1.000); gc_fid:pca:pc1(1.000); gc_fid:pca:pc2(1.000),petroleum_fraction_db_041,BP_50,analysis_plus_non_target_bulk,equal_weight
2,petroleum_fraction_db_033,0.400594,421.8,80,bulk_property:bp_20; bulk_property:bp_35; bulk_property:bp_65; bulk_property:bp_80; bulk_property:density_20c; bulk_property:saturates; gc_fid:pca:pc1; gc_fid:pca:pc2; gc_fid:pca:pc3; gc_fid:pca:pc4; gc_fid:pca:pc5; gc_fid:pls:bp_20:lv1,bulk_property:bp_20(1.000); bulk_property:bp_35(1.000); bulk_property:bp_65(1.000); bulk_property:bp_80(1.000); bulk_property:density_20c(1.000); bulk_property:saturates(1.000); gc_fid:pca:pc1(1.000); gc_fid:pca:pc2(1.000),petroleum_fraction_db_041,BP_50,analysis_plus_non_target_bulk,equal_weight
3,petroleum_fraction_db_009,0.519889,395.6,80,bulk_property:bp_20; bulk_property:bp_35; bulk_property:bp_65; bulk_property:bp_80; bulk_property:density_20c; bulk_property:saturates; gc_fid:pca:pc1; gc_fid:pca:pc2; gc_fid:pca:pc3; gc_fid:pca:pc4; gc_fid:pca:pc5; gc_fid:pls:bp_20:lv1,bulk_property:bp_20(1.000); bulk_property:bp_35(1.000); bulk_property:bp_65(1.000); bulk_property:bp_80(1.000); bulk_property:density_20c(1.000); bulk_property:saturates(1.000); gc_fid:pca:pc1(1.000); gc_fid:pca:pc2(1.000),petroleum_fraction_db_041,BP_50,analysis_plus_non_target_bulk,equal_weight
4,petroleum_fraction_db_004,0.536356,420.8,80,bulk_property:bp_20; bulk_property:bp_35; bulk_property:bp_65; bulk_property:bp_80; bulk_property:density_20c; bulk_property:saturates; gc_fid:pca:pc1; gc_fid:pca:pc2; gc_fid:pca:pc3; gc_fid:pca:pc4; gc_fid:pca:pc5; gc_fid:pls:bp_20:lv1,bulk_property:bp_20(1.000); bulk_property:bp_35(1.000); bulk_property:bp_65(1.000); bulk_property:bp_80(1.000); bulk_property:density_20c(1.000); bulk_property:saturates(1.000); gc_fid:pca:pc1(1.000); gc_fid:pca:pc2(1.000),petroleum_fraction_db_041,BP_50,analysis_plus_non_target_bulk,equal_weight
1,petroleum_fraction_db_035,0.288797,438.0,80,bulk_property:bp_20; bulk_property:bp_35; bulk_property:bp_65; bulk_property:bp_80; bulk_property:density_20c; bulk_property:saturates; gc_fid:pca:pc1; gc_fid:pca:pc2; gc_fid:pca:pc3; gc_fid:pca:pc4; gc_fid:pca:pc5; gc_fid:pls:bp_20:lv1,bulk_property:bp_65(1.042); bulk_property:bp_35(1.040); bulk_property:bp_80(1.018); bulk_property:bp_20(1.015); gc_fid:pls:density_20c:lv1(0.977); gc_fid:pls:saturates:lv1(0.960); gc_fid:pls:bp_50:lv1(0.951); gc_fid:pls:bp_80:lv1(0.951),petroleum_fraction_db_041,BP_50,analysis_plus_non_target_bulk,correlation_weighted
2,petroleum_fraction_db_033,0.396601,421.8,80,bulk_property:bp_20; bulk_property:bp_35; bulk_property:bp_65; bulk_property:bp_80; bulk_property:density_20c; bulk_property:saturates; gc_fid:pca:pc1; gc_fid:pca:pc2; gc_fid:pca:pc3; gc_fid:pca:pc4; gc_fid:pca:pc5; gc_fid:pls:bp_20:lv1,bulk_property:bp_65(1.042); bulk_property:bp_35(1.040); bulk_property:bp_80(1.018); bulk_property:bp_20(1.015); gc_fid:pls:density_20c:lv1(0.977); gc_fid:pls:saturates:lv1(0.960); gc_fid:pls:bp_50:lv1(0.951); gc_fid:pls:bp_80:lv1(0.951),petroleum_fraction_db_041,BP_50,analysis_plus_non_target_bulk,correlation_weighted
3,petroleum_fraction_db_004,0.531221,420.8,80,bulk_property:bp_20; bulk_property:bp_35; bulk_property:bp_65; bulk_property:bp_80; bulk_property:density_20c; bulk_property:saturates; gc_fid:pca:pc1; gc_fid:pca:pc2; gc_fid:pca:pc3; gc_fid:pca:pc4; gc_fid:pca:pc5; gc_fid:pls:bp_20:lv1,bulk_property:bp_65(1.042); bulk_property:bp_35(1.040); bulk_property:bp_80(1.018); bulk_property:bp_20(1.015); gc_fid:pls:density_20c:lv1(0.977); gc_fid:pls:saturates:lv1(0.960); gc_fid:pls:bp_50:lv1(0.951); gc_fid:pls:bp_80:lv1(0.951),petroleum_fraction_db_041,BP_50,analysis_plus_non_target_bulk,correlation_weighted
4,petroleum_fraction_db_066,0.577362,427.2,80,bulk_property:bp_20; bulk_property:bp_35; bulk_property:bp_65; bulk_property:bp_80; bulk_property:density_20c; bulk_property:saturates; gc_fid:pca:pc1; gc_fid:pca:pc2; gc_fid:pca:pc3; gc_fid:pca:pc4; gc_fid:pca:pc5; gc_fid:pls:bp_20:lv1,bulk_property:bp_65(1.042); bulk_property:bp_35(1.040); bulk_property:bp_80(1.018); bulk_property:bp_20(1.015); gc_fid:pls:density_20c:lv1(0.977); gc_fid:pls:saturates:lv1(0.960); gc_fid:pls:bp_50:lv1(0.951); gc_fid:pls:bp_80:lv1(0.951),petroleum_fraction_db_041,BP_50,analysis_plus_non_target_bulk,correlation_weighted
1,petroleum_fraction_db_035,0.315554,467.2,74,gc_fid:pca:pc1; gc_fid:pca:pc2; gc_fid:pca:pc3; gc_fid:pca:pc4; gc_fid:pca:pc5; gc_fid:pls:bp_20:lv1; gc_fid:pls:bp_20:lv2; gc_fid:pls:bp_20:lv3; gc_fid:pls:bp_20:lv4; gc_fid:pls:bp_35:lv1; gc_fid:pls:bp_35:lv2; gc_fid:pls:bp_35:lv3,gc_fid:pca:pc1(1.000); gc_fid:pca:pc2(1.000); gc_fid:pca:pc3(1.000); gc_fid:pca:pc4(1.000); gc_fid:pca:pc5(1.000); gc_fid:pls:bp_20:lv1(1.000); gc_fid:pls:bp_20:lv2(1.000); gc_fid:pls:bp_20:lv3(1.000),petroleum_fraction_db_041,BP_65,analysis_only,equal_weight
2,petroleum_fraction_db_033,0.387894,444.2,74,gc_fid:pca:pc1; gc_fid:pca:pc2; gc_fid:pca:pc3; gc_fid:pca:pc4; gc_fid:pca:pc5; gc_fid:pls:bp_20:lv1; gc_fid:pls:bp_20:lv2; gc_fid:pls:bp_20:lv3; gc_fid:pls:bp_20:lv4; gc_fid:pls:bp_35:lv1; gc_fid:pls:bp_35:lv2; gc_fid:pls:bp_35:lv3,gc_fid:pca:pc1(1.000); gc_fid:pca:pc2(1.000); gc_fid:pca:pc3(1.000); gc_fid:pca:pc4(1.000); gc_fid:pca:pc5(1.000); gc_fid:pls:bp_20:lv1(1.000); gc_fid:pls:bp_20:lv2(1.000); gc_fid:pls:bp_20:lv3(1.000),petroleum_fraction_db_041,BP_65,analysis_only,equal_weight
3,petroleum_fraction_db_009,0.446942,412.8,74,gc_fid:pca:pc1; gc_fid:pca:pc2; gc_fid:pca:pc3; gc_fid:pca:pc4; gc_fid:pca:pc5; gc_fid:pls:bp_20:lv1; gc_fid:pls:bp_20:lv2; gc_fid:pls:bp_20:lv3; gc_fid:pls:bp_20:lv4; gc_fid:pls:bp_35:lv1; gc_fid:pls:bp_35:lv2; gc_fid:pls:bp_35:lv3,gc_fid:pca:pc1(1.000); gc_fid:pca:pc2(1.000); gc_fid:pca:pc3(1.000); gc_fid:pca:pc4(1.000); gc_fid:pca:pc5(1.000); gc_fid:pls:bp_20:lv1(1.000); gc_fid:pls:bp_20:lv2(1.000); gc_fid:pls:bp_20:lv3(1.000),petroleum_fraction_db_041,BP_65,analysis_only,equal_weight
4,petroleum_fraction_db_004,0.524294,444.2,74,gc_fid:pca:pc1; gc_fid:pca:pc2; gc_fid:pca:pc3; gc_fid:pca:pc4; gc_fid:pca:pc5; gc_fid:pls:bp_20:lv1; gc_fid:pls:bp_20:lv2; gc_fid:pls:bp_20:lv3; gc_fid:pls:bp_20:lv4; gc_fid:pls:bp_35:lv1; gc_fid:pls:bp_35:lv2; gc_fid:pls:bp_35:lv3,gc_fid:pca:pc1(1.000); gc_fid:pca:pc2(1.000); gc_fid:pca:pc3(1.000); gc_fid:pca:pc4(1.000); gc_fid:pca:pc5(1.000); gc_fid:pls:bp_20:lv1(1.000); gc_fid:pls:bp_20:lv2(1.000); gc_fid:pls:bp_20:lv3(1.000),petroleum_fraction_db_041,BP_65,analysis_only,equal_weight
1,petroleum_fraction_db_035,0.282932,467.2,74,gc_fid:pca:pc1; gc_fid:pca:pc2; gc_fid:pca:pc3; gc_fid:pca:pc4; gc_fid:pca:pc5; gc_fid:pls:bp_20:lv1; gc_fid:pls:bp_20:lv2; gc_fid:pls:bp_20:lv3; gc_fid:pls:bp_20:lv4; gc_fid:pls:bp_35:lv1; gc_fid:pls:bp_35:lv2; gc_fid:pls:bp_35:lv3,gc_fid:pls:density_20c:lv1(0.980); gc_fid:pls:saturates:lv1(0.965); gc_fid:pls:bp_80:lv1(0.952); gc_fid:pls:bp_65:lv1(0.951); gc_fid:pls:bp_50:lv1(0.951); gc_fid:pls:bp_35:lv1(0.950); gc_fid:pls:bp_20:lv1(0.947); gc_fid:pca:pc1(0.922),petroleum_fraction_db_041,BP_65,analysis_only,correlation_weighted
2,petroleum_fraction_db_033,0.353572,444.2,74,gc_fid:pca:pc1; gc_fid:pca:pc2; gc_fid:pca:pc3; gc_fid:pca:pc4; gc_fid:pca:pc5; gc_fid:pls:bp_20:lv1; gc_fid:pls:bp_20:lv2; gc_fid:pls:bp_20:lv3; gc_fid:pls:bp_20:lv4; gc_fid:pls:bp_35:lv1; gc_fid:pls:bp_35:lv2; gc_fid:pls:bp_35:lv3,gc_fid:pls:density_20c:lv1(0.980); gc_fid:pls:saturates:lv1(0.965); gc_fid:pls:bp_80:lv1(0.952); gc_fid:pls:bp_65:lv1(0.951); gc_fid:pls:bp_50:lv1(0.951); gc_fid:pls:bp_35:lv1(0.950); gc_fid:pls:bp_20:lv1(0.947); gc_fid:pca:pc1(0.922),petroleum_fraction_db_041,BP_65,analysis_only,correlation_weighted
3,petroleum_fraction_db_009,0.443584,412.8,74,gc_fid:pca:pc1; gc_fid:pca:pc2; gc_fid:pca:pc3; gc_fid:pca:pc4; gc_fid:pca:pc5; gc_fid:pls:bp_20:lv1; gc_fid:pls:bp_20:lv2; gc_fid:pls:bp_20:lv3; gc_fid:pls:bp_20:lv4; gc_fid:pls:bp_35:lv1; gc_fid:pls:bp_35:lv2; gc_fid:pls:bp_35:lv3,gc_fid:pls:density_20c:lv1(0.980); gc_fid:pls:saturates:lv1(0.965); gc_fid:pls:bp_80:lv1(0.952); gc_fid:pls:bp_65:lv1(0.951); gc_fid:pls:bp_50:lv1(0.951); gc_fid:pls:bp_35:lv1(0.950); gc_fid:pls:bp_20:lv1(0.947); gc_fid:pca:pc1(0.922),petroleum_fraction_db_041,BP_65,analysis_only,correlation_weighted
4,petroleum_fraction_db_004,0.500434,444.2,74,gc_fid:pca:pc1; gc_fid:pca:pc2; gc_fid:pca:pc3; gc_fid:pca:pc4; gc_fid:pca:pc5; gc_fid:pls:bp_20:lv1; gc_fid:pls:bp_20:lv2; gc_fid:pls:bp_20:lv3; gc_fid:pls:bp_20:lv4; gc_fid:pls:bp_35:lv1; gc_fid:pls:bp_35:lv2; gc_fid:pls:bp_35:lv3,gc_fid:pls:density_20c:lv1(0.980); gc_fid:pls:saturates:lv1(0.965); gc_fid:pls:bp_80:lv1(0.952); gc_fid:pls:bp_65:lv1(0.951); gc_fid:pls:bp_50:lv1(0.951); gc_fid:pls:bp_35:lv1(0.950); gc_fid:pls:bp_20:lv1(0.947); gc_fid:pca:pc1(0.922),petroleum_fraction_db_041,BP_65,analysis_only,correlation_weighted
1,petroleum_fraction_db_035,0.315161,467.2,80,bulk_property:bp_20; bulk_property:bp_35; bulk_property:bp_50; bulk_property:bp_80; bulk_property:density_20c; bulk_property:saturates; gc_fid:pca:pc1; gc_fid:pca:pc2; gc_fid:pca:pc3; gc_fid:pca:pc4; gc_fid:pca:pc5; gc_fid:pls:bp_20:lv1,bulk_property:bp_20(1.000); bulk_property:bp_35(1.000); bulk_property:bp_50(1.000); bulk_property:bp_80(1.000); bulk_property:density_20c(1.000); bulk_property:saturates(1.000); gc_fid:pca:pc1(1.000); gc_fid:pca:pc2(1.000),petroleum_fraction_db_041,BP_65,analysis_plus_non_target_bulk,equal_weight
2,petroleum_fraction_db_033,0.40145,444.2,80,bulk_property:bp_20; bulk_property:bp_35; bulk_property:bp_50; bulk_property:bp_80; bulk_property:density_20c; bulk_property:saturates; gc_fid:pca:pc1; gc_fid:pca:pc2; gc_fid:pca:pc3; gc_fid:pca:pc4; gc_fid:pca:pc5; gc_fid:pls:bp_20:lv1,bulk_property:bp_20(1.000); bulk_property:bp_35(1.000); bulk_property:bp_50(1.000); bulk_property:bp_80(1.000); bulk_property:density_20c(1.000); bulk_property:saturates(1.000); gc_fid:pca:pc1(1.000); gc_fid:pca:pc2(1.000),petroleum_fraction_db_041,BP_65,analysis_plus_non_target_bulk,equal_weight
3,petroleum_fraction_db_009,0.519129,412.8,80,bulk_property:bp_20; bulk_property:bp_35; bulk_property:bp_50; bulk_property:bp_80; bulk_property:density_20c; bulk_property:saturates; gc_fid:pca:pc1; gc_fid:pca:pc2; gc_fid:pca:pc3; gc_fid:pca:pc4; gc_fid:pca:pc5; gc_fid:pls:bp_20:lv1,bulk_property:bp_20(1.000); bulk_property:bp_35(1.000); bulk_property:bp_50(1.000); bulk_property:bp_80(1.000); bulk_property:density_20c(1.000); bulk_property:saturates(1.000); gc_fid:pca:pc1(1.000); gc_fid:pca:pc2(1.000),petroleum_fraction_db_041,BP_65,analysis_plus_non_target_bulk,equal_weight
4,petroleum_fraction_db_004,0.537252,444.2,80,bulk_property:bp_20; bulk_property:bp_35; bulk_property:bp_50; bulk_property:bp_80; bulk_property:density_20c; bulk_property:saturates; gc_fid:pca:pc1; gc_fid:pca:pc2; gc_fid:pca:pc3; gc_fid:pca:pc4; gc_fid:pca:pc5; gc_fid:pls:bp_20:lv1,bulk_property:bp_20(1.000); bulk_property:bp_35(1.000); bulk_property:bp_50(1.000); bulk_property:bp_80(1.000); bulk_property:density_20c(1.000); bulk_property:saturates(1.000); gc_fid:pca:pc1(1.000); gc_fid:pca:pc2(1.000),petroleum_fraction_db_041,BP_65,analysis_plus_non_target_bulk,equal_weight
1,petroleum_fraction_db_035,0.294873,467.2,80,bulk_property:bp_20; bulk_property:bp_35; bulk_property:bp_50; bulk_property:bp_80; bulk_property:density_20c; bulk_property:saturates; gc_fid:pca:pc1; gc_fid:pca:pc2; gc_fid:pca:pc3; gc_fid:pca:pc4; gc_fid:pca:pc5; gc_fid:pls:bp_20:lv1,bulk_property:bp_50(1.042); bulk_property:bp_80(1.039); bulk_property:bp_35(1.020); bulk_property:bp_20(0.986); gc_fid:pls:density_20c:lv1(0.980); gc_fid:pls:saturates:lv1(0.965); gc_fid:pls:bp_80:lv1(0.952); gc_fid:pls:bp_65:lv1(0.951),petroleum_fraction_db_041,BP_65,analysis_plus_non_target_bulk,correlation_weighted
2,petroleum_fraction_db_033,0.400139,444.2,80,bulk_property:bp_20; bulk_property:bp_35; bulk_property:bp_50; bulk_property:bp_80; bulk_property:density_20c; bulk_property:saturates; gc_fid:pca:pc1; gc_fid:pca:pc2; gc_fid:pca:pc3; gc_fid:pca:pc4; gc_fid:pca:pc5; gc_fid:pls:bp_20:lv1,bulk_property:bp_50(1.042); bulk_property:bp_80(1.039); bulk_property:bp_35(1.020); bulk_property:bp_20(0.986); gc_fid:pls:density_20c:lv1(0.980); gc_fid:pls:saturates:lv1(0.965); gc_fid:pls:bp_80:lv1(0.952); gc_fid:pls:bp_65:lv1(0.951),petroleum_fraction_db_041,BP_65,analysis_plus_non_target_bulk,correlation_weighted
3,petroleum_fraction_db_004,0.534235,444.2,80,bulk_property:bp_20; bulk_property:bp_35; bulk_property:bp_50; bulk_property:bp_80; bulk_property:density_20c; bulk_property:saturates; gc_fid:pca:pc1; gc_fid:pca:pc2; gc_fid:pca:pc3; gc_fid:pca:pc4; gc_fid:pca:pc5; gc_fid:pls:bp_20:lv1,bulk_property:bp_50(1.042); bulk_property:bp_80(1.039); bulk_property:bp_35(1.020); bulk_property:bp_20(0.986); gc_fid:pls:density_20c:lv1(0.980); gc_fid:pls:saturates:lv1(0.965); gc_fid:pls:bp_80:lv1(0.952); gc_fid:pls:bp_65:lv1(0.951),petroleum_fraction_db_041,BP_65,analysis_plus_non_target_bulk,correlation_weighted
4,petroleum_fraction_db_066,0.576009,438.2,80,bulk_property:bp_20; bulk_property:bp_35; bulk_property:bp_50; bulk_property:bp_80; bulk_property:density_20c; bulk_property:saturates; gc_fid:pca:pc1; gc_fid:pca:pc2; gc_fid:pca:pc3; gc_fid:pca:pc4; gc_fid:pca:pc5; gc_fid:pls:bp_20:lv1,bulk_property:bp_50(1.042); bulk_property:bp_80(1.039); bulk_property:bp_35(1.020); bulk_property:bp_20(0.986); gc_fid:pls:density_20c:lv1(0.980); gc_fid:pls:saturates:lv1(0.965); gc_fid:pls:bp_80:lv1(0.952); gc_fid:pls:bp_65:lv1(0.951),petroleum_fraction_db_041,BP_65,analysis_plus_non_target_bulk,correlation_weighted
1,petroleum_fraction_db_035,0.315554,499.8,74,gc_fid:pca:pc1; gc_fid:pca:pc2; gc_fid:pca:pc3; gc_fid:pca:pc4; gc_fid:pca:pc5; gc_fid:pls:bp_20:lv1; gc_fid:pls:bp_20:lv2; gc_fid:pls:bp_20:lv3; gc_fid:pls:bp_20:lv4; gc_fid:pls:bp_35:lv1; gc_fid:pls:bp_35:lv2; gc_fid:pls:bp_35:lv3,gc_fid:pca:pc1(1.000); gc_fid:pca:pc2(1.000); gc_fid:pca:pc3(1.000); gc_fid:pca:pc4(1.000); gc_fid:pca:pc5(1.000); gc_fid:pls:bp_20:lv1(1.000); gc_fid:pls:bp_20:lv2(1.000); gc_fid:pls:bp_20:lv3(1.000),petroleum_fraction_db_041,BP_80,analysis_only,equal_weight
2,petroleum_fraction_db_033,0.387894,471.0,74,gc_fid:pca:pc1; gc_fid:pca:pc2; gc_fid:pca:pc3; gc_fid:pca:pc4; gc_fid:pca:pc5; gc_fid:pls:bp_20:lv1; gc_fid:pls:bp_20:lv2; gc_fid:pls:bp_20:lv3; gc_fid:pls:bp_20:lv4; gc_fid:pls:bp_35:lv1; gc_fid:pls:bp_35:lv2; gc_fid:pls:bp_35:lv3,gc_fid:pca:pc1(1.000); gc_fid:pca:pc2(1.000); gc_fid:pca:pc3(1.000); gc_fid:pca:pc4(1.000); gc_fid:pca:pc5(1.000); gc_fid:pls:bp_20:lv1(1.000); gc_fid:pls:bp_20:lv2(1.000); gc_fid:pls:bp_20:lv3(1.000),petroleum_fraction_db_041,BP_80,analysis_only,equal_weight
3,petroleum_fraction_db_009,0.446942,434.0,74,gc_fid:pca:pc1; gc_fid:pca:pc2; gc_fid:pca:pc3; gc_fid:pca:pc4; gc_fid:pca:pc5; gc_fid:pls:bp_20:lv1; gc_fid:pls:bp_20:lv2; gc_fid:pls:bp_20:lv3; gc_fid:pls:bp_20:lv4; gc_fid:pls:bp_35:lv1; gc_fid:pls:bp_35:lv2; gc_fid:pls:bp_35:lv3,gc_fid:pca:pc1(1.000); gc_fid:pca:pc2(1.000); gc_fid:pca:pc3(1.000); gc_fid:pca:pc4(1.000); gc_fid:pca:pc5(1.000); gc_fid:pls:bp_20:lv1(1.000); gc_fid:pls:bp_20:lv2(1.000); gc_fid:pls:bp_20:lv3(1.000),petroleum_fraction_db_041,BP_80,analysis_only,equal_weight
4,petroleum_fraction_db_004,0.524294,468.6,74,gc_fid:pca:pc1; gc_fid:pca:pc2; gc_fid:pca:pc3; gc_fid:pca:pc4; gc_fid:pca:pc5; gc_fid:pls:bp_20:lv1; gc_fid:pls:bp_20:lv2; gc_fid:pls:bp_20:lv3; gc_fid:pls:bp_20:lv4; gc_fid:pls:bp_35:lv1; gc_fid:pls:bp_35:lv2; gc_fid:pls:bp_35:lv3,gc_fid:pca:pc1(1.000); gc_fid:pca:pc2(1.000); gc_fid:pca:pc3(1.000); gc_fid:pca:pc4(1.000); gc_fid:pca:pc5(1.000); gc_fid:pls:bp_20:lv1(1.000); gc_fid:pls:bp_20:lv2(1.000); gc_fid:pls:bp_20:lv3(1.000),petroleum_fraction_db_041,BP_80,analysis_only,equal_weight
1,petroleum_fraction_db_035,0.285829,499.8,74,gc_fid:pca:pc1; gc_fid:pca:pc2; gc_fid:pca:pc3; gc_fid:pca:pc4; gc_fid:pca:pc5; gc_fid:pls:bp_20:lv1; gc_fid:pls:bp_20:lv2; gc_fid:pls:bp_20:lv3; gc_fid:pls:bp_20:lv4; gc_fid:pls:bp_35:lv1; gc_fid:pls:bp_35:lv2; gc_fid:pls:bp_35:lv3,gc_fid:pls:density_20c:lv1(0.973); gc_fid:pls:saturates:lv1(0.962); gc_fid:pls:bp_80:lv1(0.945); gc_fid:pls:bp_65:lv1(0.942); gc_fid:pls:bp_50:lv1(0.941); gc_fid:pls:bp_35:lv1(0.939); gc_fid:pls:bp_20:lv1(0.935); gc_fid:pca:pc1(0.913),petroleum_fraction_db_041,BP_80,analysis_only,correlation_weighted
2,petroleum_fraction_db_033,0.354039,471.0,74,gc_fid:pca:pc1; gc_fid:pca:pc2; gc_fid:pca:pc3; gc_fid:pca:pc4; gc_fid:pca:pc5; gc_fid:pls:bp_20:lv1; gc_fid:pls:bp_20:lv2; gc_fid:pls:bp_20:lv3; gc_fid:pls:bp_20:lv4; gc_fid:pls:bp_35:lv1; gc_fid:pls:bp_35:lv2; gc_fid:pls:bp_35:lv3,gc_fid:pls:density_20c:lv1(0.973); gc_fid:pls:saturates:lv1(0.962); gc_fid:pls:bp_80:lv1(0.945); gc_fid:pls:bp_65:lv1(0.942); gc_fid:pls:bp_50:lv1(0.941); gc_fid:pls:bp_35:lv1(0.939); gc_fid:pls:bp_20:lv1(0.935); gc_fid:pca:pc1(0.913),petroleum_fraction_db_041,BP_80,analysis_only,correlation_weighted
3,petroleum_fraction_db_009,0.446344,434.0,74,gc_fid:pca:pc1; gc_fid:pca:pc2; gc_fid:pca:pc3; gc_fid:pca:pc4; gc_fid:pca:pc5; gc_fid:pls:bp_20:lv1; gc_fid:pls:bp_20:lv2; gc_fid:pls:bp_20:lv3; gc_fid:pls:bp_20:lv4; gc_fid:pls:bp_35:lv1; gc_fid:pls:bp_35:lv2; gc_fid:pls:bp_35:lv3,gc_fid:pls:density_20c:lv1(0.973); gc_fid:pls:saturates:lv1(0.962); gc_fid:pls:bp_80:lv1(0.945); gc_fid:pls:bp_65:lv1(0.942); gc_fid:pls:bp_50:lv1(0.941); gc_fid:pls:bp_35:lv1(0.939); gc_fid:pls:bp_20:lv1(0.935); gc_fid:pca:pc1(0.913),petroleum_fraction_db_041,BP_80,analysis_only,correlation_weighted
4,petroleum_fraction_db_004,0.501416,468.6,74,gc_fid:pca:pc1; gc_fid:pca:pc2; gc_fid:pca:pc3; gc_fid:pca:pc4; gc_fid:pca:pc5; gc_fid:pls:bp_20:lv1; gc_fid:pls:bp_20:lv2; gc_fid:pls:bp_20:lv3; gc_fid:pls:bp_20:lv4; gc_fid:pls:bp_35:lv1; gc_fid:pls:bp_35:lv2; gc_fid:pls:bp_35:lv3,gc_fid:pls:density_20c:lv1(0.973); gc_fid:pls:saturates:lv1(0.962); gc_fid:pls:bp_80:lv1(0.945); gc_fid:pls:bp_65:lv1(0.942); gc_fid:pls:bp_50:lv1(0.941); gc_fid:pls:bp_35:lv1(0.939); gc_fid:pls:bp_20:lv1(0.935); gc_fid:pca:pc1(0.913),petroleum_fraction_db_041,BP_80,analysis_only,correlation_weighted
1,petroleum_fraction_db_035,0.31607,499.8,80,bulk_property:bp_20; bulk_property:bp_35; bulk_property:bp_50; bulk_property:bp_65; bulk_property:density_20c; bulk_property:saturates; gc_fid:pca:pc1; gc_fid:pca:pc2; gc_fid:pca:pc3; gc_fid:pca:pc4; gc_fid:pca:pc5; gc_fid:pls:bp_20:lv1,bulk_property:bp_20(1.000); bulk_property:bp_35(1.000); bulk_property:bp_50(1.000); bulk_property:bp_65(1.000); bulk_property:density_20c(1.000); bulk_property:saturates(1.000); gc_fid:pca:pc1(1.000); gc_fid:pca:pc2(1.000),petroleum_fraction_db_041,BP_80,analysis_plus_non_target_bulk,equal_weight
2,petroleum_fraction_db_033,0.403611,471.0,80,bulk_property:bp_20; bulk_property:bp_35; bulk_property:bp_50; bulk_property:bp_65; bulk_property:density_20c; bulk_property:saturates; gc_fid:pca:pc1; gc_fid:pca:pc2; gc_fid:pca:pc3; gc_fid:pca:pc4; gc_fid:pca:pc5; gc_fid:pls:bp_20:lv1,bulk_property:bp_20(1.000); bulk_property:bp_35(1.000); bulk_property:bp_50(1.000); bulk_property:bp_65(1.000); bulk_property:density_20c(1.000); bulk_property:saturates(1.000); gc_fid:pca:pc1(1.000); gc_fid:pca:pc2(1.000),petroleum_fraction_db_041,BP_80,analysis_plus_non_target_bulk,equal_weight
3,petroleum_fraction_db_009,0.521305,434.0,80,bulk_property:bp_20; bulk_property:bp_35; bulk_property:bp_50; bulk_property:bp_65; bulk_property:density_20c; bulk_property:saturates; gc_fid:pca:pc1; gc_fid:pca:pc2; gc_fid:pca:pc3; gc_fid:pca:pc4; gc_fid:pca:pc5; gc_fid:pls:bp_20:lv1,bulk_property:bp_20(1.000); bulk_property:bp_35(1.000); bulk_property:bp_50(1.000); bulk_property:bp_65(1.000); bulk_property:density_20c(1.000); bulk_property:saturates(1.000); gc_fid:pca:pc1(1.000); gc_fid:pca:pc2(1.000),petroleum_fraction_db_041,BP_80,analysis_plus_non_target_bulk,equal_weight
4,petroleum_fraction_db_004,0.538438,468.6,80,bulk_property:bp_20; bulk_property:bp_35; bulk_property:bp_50; bulk_property:bp_65; bulk_property:density_20c; bulk_property:saturates; gc_fid:pca:pc1; gc_fid:pca:pc2; gc_fid:pca:pc3; gc_fid:pca:pc4; gc_fid:pca:pc5; gc_fid:pls:bp_20:lv1,bulk_property:bp_20(1.000); bulk_property:bp_35(1.000); bulk_property:bp_50(1.000); bulk_property:bp_65(1.000); bulk_property:density_20c(1.000); bulk_property:saturates(1.000); gc_fid:pca:pc1(1.000); gc_fid:pca:pc2(1.000),petroleum_fraction_db_041,BP_80,analysis_plus_non_target_bulk,equal_weight
1,petroleum_fraction_db_035,0.298936,499.8,80,bulk_property:bp_20; bulk_property:bp_35; bulk_property:bp_50; bulk_property:bp_65; bulk_property:density_20c; bulk_property:saturates; gc_fid:pca:pc1; gc_fid:pca:pc2; gc_fid:pca:pc3; gc_fid:pca:pc4; gc_fid:pca:pc5; gc_fid:pls:bp_20:lv1,bulk_property:bp_65(1.039); bulk_property:bp_50(1.018); bulk_property:bp_35(0.982); gc_fid:pls:density_20c:lv1(0.973); gc_fid:pls:saturates:lv1(0.962); gc_fid:pls:bp_80:lv1(0.945); gc_fid:pls:bp_65:lv1(0.942); gc_fid:pls:bp_50:lv1(0.941),petroleum_fraction_db_041,BP_80,analysis_plus_non_target_bulk,correlation_weighted
2,petroleum_fraction_db_033,0.405271,471.0,80,bulk_property:bp_20; bulk_property:bp_35; bulk_property:bp_50; bulk_property:bp_65; bulk_property:density_20c; bulk_property:saturates; gc_fid:pca:pc1; gc_fid:pca:pc2; gc_fid:pca:pc3; gc_fid:pca:pc4; gc_fid:pca:pc5; gc_fid:pls:bp_20:lv1,bulk_property:bp_65(1.039); bulk_property:bp_50(1.018); bulk_property:bp_35(0.982); gc_fid:pls:density_20c:lv1(0.973); gc_fid:pls:saturates:lv1(0.962); gc_fid:pls:bp_80:lv1(0.945); gc_fid:pls:bp_65:lv1(0.942); gc_fid:pls:bp_50:lv1(0.941),petroleum_fraction_db_041,BP_80,analysis_plus_non_target_bulk,correlation_weighted
3,petroleum_fraction_db_004,0.537921,468.6,80,bulk_property:bp_20; bulk_property:bp_35; bulk_property:bp_50; bulk_property:bp_65; bulk_property:density_20c; bulk_property:saturates; gc_fid:pca:pc1; gc_fid:pca:pc2; gc_fid:pca:pc3; gc_fid:pca:pc4; gc_fid:pca:pc5; gc_fid:pls:bp_20:lv1,bulk_property:bp_65(1.039); bulk_property:bp_50(1.018); bulk_property:bp_35(0.982); gc_fid:pls:density_20c:lv1(0.973); gc_fid:pls:saturates:lv1(0.962); gc_fid:pls:bp_80:lv1(0.945); gc_fid:pls:bp_65:lv1(0.942); gc_fid:pls:bp_50:lv1(0.941),petroleum_fraction_db_041,BP_80,analysis_plus_non_target_bulk,correlation_weighted
4,petroleum_fraction_db_066,0.578194,450.8,80,bulk_property:bp_20; bulk_property:bp_35; bulk_property:bp_50; bulk_property:bp_65; bulk_property:density_20c; bulk_property:saturates; gc_fid:pca:pc1; gc_fid:pca:pc2; gc_fid:pca:pc3; gc_fid:pca:pc4; gc_fid:pca:pc5; gc_fid:pls:bp_20:lv1,bulk_property:bp_65(1.039); bulk_property:bp_50(1.018); bulk_property:bp_35(0.982); gc_fid:pls:density_20c:lv1(0.973); gc_fid:pls:saturates:lv1(0.962); gc_fid:pls:bp_80:lv1(0.945); gc_fid:pls:bp_65:lv1(0.942); gc_fid:pls:bp_50:lv1(0.941),petroleum_fraction_db_041,BP_80,analysis_plus_non_target_bulk,correlation_weighted
1,petroleum_fraction_db_060,0.787832,0.8782,74,gc_fid:pca:pc1; gc_fid:pca:pc2; gc_fid:pca:pc3; gc_fid:pca:pc4; gc_fid:pca:pc5; gc_fid:pls:bp_20:lv1; gc_fid:pls:bp_20:lv2; gc_fid:pls:bp_20:lv3; gc_fid:pls:bp_20:lv4; gc_fid:pls:bp_35:lv1; gc_fid:pls:bp_35:lv2; gc_fid:pls:bp_35:lv3,gc_fid:pca:pc1(1.000); gc_fid:pca:pc2(1.000); gc_fid:pca:pc3(1.000); gc_fid:pca:pc4(1.000); gc_fid:pca:pc5(1.000); gc_fid:pls:bp_20:lv1(1.000); gc_fid:pls:bp_20:lv2(1.000); gc_fid:pls:bp_20:lv3(1.000),petroleum_fraction_db_047,density_20c,analysis_only,equal_weight
2,petroleum_fraction_db_034,0.882947,0.9133,74,gc_fid:pca:pc1; gc_fid:pca:pc2; gc_fid:pca:pc3; gc_fid:pca:pc4; gc_fid:pca:pc5; gc_fid:pls:bp_20:lv1; gc_fid:pls:bp_20:lv2; gc_fid:pls:bp_20:lv3; gc_fid:pls:bp_20:lv4; gc_fid:pls:bp_35:lv1; gc_fid:pls:bp_35:lv2; gc_fid:pls:bp_35:lv3,gc_fid:pca:pc1(1.000); gc_fid:pca:pc2(1.000); gc_fid:pca:pc3(1.000); gc_fid:pca:pc4(1.000); gc_fid:pca:pc5(1.000); gc_fid:pls:bp_20:lv1(1.000); gc_fid:pls:bp_20:lv2(1.000); gc_fid:pls:bp_20:lv3(1.000),petroleum_fraction_db_047,density_20c,analysis_only,equal_weight
3,petroleum_fraction_db_064,1.009229,0.9008,74,gc_fid:pca:pc1; gc_fid:pca:pc2; gc_fid:pca:pc3; gc_fid:pca:pc4; gc_fid:pca:pc5; gc_fid:pls:bp_20:lv1; gc_fid:pls:bp_20:lv2; gc_fid:pls:bp_20:lv3; gc_fid:pls:bp_20:lv4; gc_fid:pls:bp_35:lv1; gc_fid:pls:bp_35:lv2; gc_fid:pls:bp_35:lv3,gc_fid:pca:pc1(1.000); gc_fid:pca:pc2(1.000); gc_fid:pca:pc3(1.000); gc_fid:pca:pc4(1.000); gc_fid:pca:pc5(1.000); gc_fid:pls:bp_20:lv1(1.000); gc_fid:pls:bp_20:lv2(1.000); gc_fid:pls:bp_20:lv3(1.000),petroleum_fraction_db_047,density_20c,analysis_only,equal_weight
4,petroleum_fraction_db_059,1.019981,0.8737,74,gc_fid:pca:pc1; gc_fid:pca:pc2; gc_fid:pca:pc3; gc_fid:pca:pc4; gc_fid:pca:pc5; gc_fid:pls:bp_20:lv1; gc_fid:pls:bp_20:lv2; gc_fid:pls:bp_20:lv3; gc_fid:pls:bp_20:lv4; gc_fid:pls:bp_35:lv1; gc_fid:pls:bp_35:lv2; gc_fid:pls:bp_35:lv3,gc_fid:pca:pc1(1.000); gc_fid:pca:pc2(1.000); gc_fid:pca:pc3(1.000); gc_fid:pca:pc4(1.000); gc_fid:pca:pc5(1.000); gc_fid:pls:bp_20:lv1(1.000); gc_fid:pls:bp_20:lv2(1.000); gc_fid:pls:bp_20:lv3(1.000),petroleum_fraction_db_047,density_20c,analysis_only,equal_weight
1,petroleum_fraction_db_060,0.695278,0.8782,74,gc_fid:pca:pc1; gc_fid:pca:pc2; gc_fid:pca:pc3; gc_fid:pca:pc4; gc_fid:pca:pc5; gc_fid:pls:bp_20:lv1; gc_fid:pls:bp_20:lv2; gc_fid:pls:bp_20:lv3; gc_fid:pls:bp_20:lv4; gc_fid:pls:bp_35:lv1; gc_fid:pls:bp_35:lv2; gc_fid:pls:bp_35:lv3,ir:weighted_x_q90(0.728); ir_spectrum:pls:density_20c:lv2(0.727); ir_spectrum:pls:saturates:lv2(0.716); ir_spectrum:pls:density_20c:lv1(0.649); ir_spectrum:pls:saturates:lv1(0.629); ir_spectrum:pls:bp_35:lv1(0.628); ir_spectrum:pca:pc1(0.615); ir_spectrum:pls:bp_65:lv1(0.615),petroleum_fraction_db_047,density_20c,analysis_only,correlation_weighted
2,petroleum_fraction_db_034,0.842721,0.9133,74,gc_fid:pca:pc1; gc_fid:pca:pc2; gc_fid:pca:pc3; gc_fid:pca:pc4; gc_fid:pca:pc5; gc_fid:pls:bp_20:lv1; gc_fid:pls:bp_20:lv2; gc_fid:pls:bp_20:lv3; gc_fid:pls:bp_20:lv4; gc_fid:pls:bp_35:lv1; gc_fid:pls:bp_35:lv2; gc_fid:pls:bp_35:lv3,ir:weighted_x_q90(0.728); ir_spectrum:pls:density_20c:lv2(0.727); ir_spectrum:pls:saturates:lv2(0.716); ir_spectrum:pls:density_20c:lv1(0.649); ir_spectrum:pls:saturates:lv1(0.629); ir_spectrum:pls:bp_35:lv1(0.628); ir_spectrum:pca:pc1(0.615); ir_spectrum:pls:bp_65:lv1(0.615),petroleum_fraction_db_047,density_20c,analysis_only,correlation_weighted
3,petroleum_fraction_db_059,0.931811,0.8737,74,gc_fid:pca:pc1; gc_fid:pca:pc2; gc_fid:pca:pc3; gc_fid:pca:pc4; gc_fid:pca:pc5; gc_fid:pls:bp_20:lv1; gc_fid:pls:bp_20:lv2; gc_fid:pls:bp_20:lv3; gc_fid:pls:bp_20:lv4; gc_fid:pls:bp_35:lv1; gc_fid:pls:bp_35:lv2; gc_fid:pls:bp_35:lv3,ir:weighted_x_q90(0.728); ir_spectrum:pls:density_20c:lv2(0.727); ir_spectrum:pls:saturates:lv2(0.716); ir_spectrum:pls:density_20c:lv1(0.649); ir_spectrum:pls:saturates:lv1(0.629); ir_spectrum:pls:bp_35:lv1(0.628); ir_spectrum:pca:pc1(0.615); ir_spectrum:pls:bp_65:lv1(0.615),petroleum_fraction_db_047,density_20c,analysis_only,correlation_weighted
4,petroleum_fraction_db_064,0.946662,0.9008,74,gc_fid:pca:pc1; gc_fid:pca:pc2; gc_fid:pca:pc3; gc_fid:pca:pc4; gc_fid:pca:pc5; gc_fid:pls:bp_20:lv1; gc_fid:pls:bp_20:lv2; gc_fid:pls:bp_20:lv3; gc_fid:pls:bp_20:lv4; gc_fid:pls:bp_35:lv1; gc_fid:pls:bp_35:lv2; gc_fid:pls:bp_35:lv3,ir:weighted_x_q90(0.728); ir_spectrum:pls:density_20c:lv2(0.727); ir_spectrum:pls:saturates:lv2(0.716); ir_spectrum:pls:density_20c:lv1(0.649); ir_spectrum:pls:saturates:lv1(0.629); ir_spectrum:pls:bp_35:lv1(0.628); ir_spectrum:pca:pc1(0.615); ir_spectrum:pls:bp_65:lv1(0.615),petroleum_fraction_db_047,density_20c,analysis_only,correlation_weighted
1,petroleum_fraction_db_060,0.784659,0.8782,80,bulk_property:bp_20; bulk_property:bp_35; bulk_property:bp_50; bulk_property:bp_65; bulk_property:bp_80; bulk_property:saturates; gc_fid:pca:pc1; gc_fid:pca:pc2; gc_fid:pca:pc3; gc_fid:pca:pc4; gc_fid:pca:pc5; gc_fid:pls:bp_20:lv1,bulk_property:bp_20(1.000); bulk_property:bp_35(1.000); bulk_property:bp_50(1.000); bulk_property:bp_65(1.000); bulk_property:bp_80(1.000); bulk_property:saturates(1.000); gc_fid:pca:pc1(1.000); gc_fid:pca:pc2(1.000),petroleum_fraction_db_047,density_20c,analysis_plus_non_target_bulk,equal_weight
2,petroleum_fraction_db_034,0.866618,0.9133,80,bulk_property:bp_20; bulk_property:bp_35; bulk_property:bp_50; bulk_property:bp_65; bulk_property:bp_80; bulk_property:saturates; gc_fid:pca:pc1; gc_fid:pca:pc2; gc_fid:pca:pc3; gc_fid:pca:pc4; gc_fid:pca:pc5; gc_fid:pls:bp_20:lv1,bulk_property:bp_20(1.000); bulk_property:bp_35(1.000); bulk_property:bp_50(1.000); bulk_property:bp_65(1.000); bulk_property:bp_80(1.000); bulk_property:saturates(1.000); gc_fid:pca:pc1(1.000); gc_fid:pca:pc2(1.000),petroleum_fraction_db_047,density_20c,analysis_plus_non_target_bulk,equal_weight
3,petroleum_fraction_db_064,0.98765,0.9008,80,bulk_property:bp_20; bulk_property:bp_35; bulk_property:bp_50; bulk_property:bp_65; bulk_property:bp_80; bulk_property:saturates; gc_fid:pca:pc1; gc_fid:pca:pc2; gc_fid:pca:pc3; gc_fid:pca:pc4; gc_fid:pca:pc5; gc_fid:pls:bp_20:lv1,bulk_property:bp_20(1.000); bulk_property:bp_35(1.000); bulk_property:bp_50(1.000); bulk_property:bp_65(1.000); bulk_property:bp_80(1.000); bulk_property:saturates(1.000); gc_fid:pca:pc1(1.000); gc_fid:pca:pc2(1.000),petroleum_fraction_db_047,density_20c,analysis_plus_non_target_bulk,equal_weight
4,petroleum_fraction_db_005,0.995496,0.9404,80,bulk_property:bp_20; bulk_property:bp_35; bulk_property:bp_50; bulk_property:bp_65; bulk_property:bp_80; bulk_property:saturates; gc_fid:pca:pc1; gc_fid:pca:pc2; gc_fid:pca:pc3; gc_fid:pca:pc4; gc_fid:pca:pc5; gc_fid:pls:bp_20:lv1,bulk_property:bp_20(1.000); bulk_property:bp_35(1.000); bulk_property:bp_50(1.000); bulk_property:bp_65(1.000); bulk_property:bp_80(1.000); bulk_property:saturates(1.000); gc_fid:pca:pc1(1.000); gc_fid:pca:pc2(1.000),petroleum_fraction_db_047,density_20c,analysis_plus_non_target_bulk,equal_weight
1,petroleum_fraction_db_060,0.697486,0.8782,80,bulk_property:bp_20; bulk_property:bp_35; bulk_property:bp_50; bulk_property:bp_65; bulk_property:bp_80; bulk_property:saturates; gc_fid:pca:pc1; gc_fid:pca:pc2; gc_fid:pca:pc3; gc_fid:pca:pc4; gc_fid:pca:pc5; gc_fid:pls:bp_20:lv1,bulk_property:saturates(0.895); ir:weighted_x_q90(0.728); ir_spectrum:pls:density_20c:lv2(0.727); ir_spectrum:pls:saturates:lv2(0.716); ir_spectrum:pls:density_20c:lv1(0.649); ir_spectrum:pls:saturates:lv1(0.629); ir_spectrum:pls:bp_35:lv1(0.628); ir_spectrum:pca:pc1(0.615),petroleum_fraction_db_047,density_20c,analysis_plus_non_target_bulk,correlation_weighted
2,petroleum_fraction_db_034,0.819769,0.9133,80,bulk_property:bp_20; bulk_property:bp_35; bulk_property:bp_50; bulk_property:bp_65; bulk_property:bp_80; bulk_property:saturates; gc_fid:pca:pc1; gc_fid:pca:pc2; gc_fid:pca:pc3; gc_fid:pca:pc4; gc_fid:pca:pc5; gc_fid:pls:bp_20:lv1,bulk_property:saturates(0.895); ir:weighted_x_q90(0.728); ir_spectrum:pls:density_20c:lv2(0.727); ir_spectrum:pls:saturates:lv2(0.716); ir_spectrum:pls:density_20c:lv1(0.649); ir_spectrum:pls:saturates:lv1(0.629); ir_spectrum:pls:bp_35:lv1(0.628); ir_spectrum:pca:pc1(0.615),petroleum_fraction_db_047,density_20c,analysis_plus_non_target_bulk,correlation_weighted
3,petroleum_fraction_db_064,0.924922,0.9008,80,bulk_property:bp_20; bulk_property:bp_35; bulk_property:bp_50; bulk_property:bp_65; bulk_property:bp_80; bulk_property:saturates; gc_fid:pca:pc1; gc_fid:pca:pc2; gc_fid:pca:pc3; gc_fid:pca:pc4; gc_fid:pca:pc5; gc_fid:pls:bp_20:lv1,bulk_property:saturates(0.895); ir:weighted_x_q90(0.728); ir_spectrum:pls:density_20c:lv2(0.727); ir_spectrum:pls:saturates:lv2(0.716); ir_spectrum:pls:density_20c:lv1(0.649); ir_spectrum:pls:saturates:lv1(0.629); ir_spectrum:pls:bp_35:lv1(0.628); ir_spectrum:pca:pc1(0.615),petroleum_fraction_db_047,density_20c,analysis_plus_non_target_bulk,correlation_weighted
4,petroleum_fraction_db_059,0.929149,0.8737,80,bulk_property:bp_20; bulk_property:bp_35; bulk_property:bp_50; bulk_property:bp_65; bulk_property:bp_80; bulk_property:saturates; gc_fid:pca:pc1; gc_fid:pca:pc2; gc_fid:pca:pc3; gc_fid:pca:pc4; gc_fid:pca:pc5; gc_fid:pls:bp_20:lv1,bulk_property:saturates(0.895); ir:weighted_x_q90(0.728); ir_spectrum:pls:density_20c:lv2(0.727); ir_spectrum:pls:saturates:lv2(0.716); ir_spectrum:pls:density_20c:lv1(0.649); ir_spectrum:pls:saturates:lv1(0.629); ir_spectrum:pls:bp_35:lv1(0.628); ir_spectrum:pca:pc1(0.615),petroleum_fraction_db_047,density_20c,analysis_plus_non_target_bulk,correlation_weighted
1,petroleum_fraction_db_060,0.787832,75.83022553720595,74,gc_fid:pca:pc1; gc_fid:pca:pc2; gc_fid:pca:pc3; gc_fid:pca:pc4; gc_fid:pca:pc5; gc_fid:pls:bp_20:lv1; gc_fid:pls:bp_20:lv2; gc_fid:pls:bp_20:lv3; gc_fid:pls:bp_20:lv4; gc_fid:pls:bp_35:lv1; gc_fid:pls:bp_35:lv2; gc_fid:pls:bp_35:lv3,gc_fid:pca:pc1(1.000); gc_fid:pca:pc2(1.000); gc_fid:pca:pc3(1.000); gc_fid:pca:pc4(1.000); gc_fid:pca:pc5(1.000); gc_fid:pls:bp_20:lv1(1.000); gc_fid:pls:bp_20:lv2(1.000); gc_fid:pls:bp_20:lv3(1.000),petroleum_fraction_db_047,saturates,analysis_only,equal_weight
2,petroleum_fraction_db_034,0.882947,60.6094578067661,74,gc_fid:pca:pc1; gc_fid:pca:pc2; gc_fid:pca:pc3; gc_fid:pca:pc4; gc_fid:pca:pc5; gc_fid:pls:bp_20:lv1; gc_fid:pls:bp_20:lv2; gc_fid:pls:bp_20:lv3; gc_fid:pls:bp_20:lv4; gc_fid:pls:bp_35:lv1; gc_fid:pls:bp_35:lv2; gc_fid:pls:bp_35:lv3,gc_fid:pca:pc1(1.000); gc_fid:pca:pc2(1.000); gc_fid:pca:pc3(1.000); gc_fid:pca:pc4(1.000); gc_fid:pca:pc5(1.000); gc_fid:pls:bp_20:lv1(1.000); gc_fid:pls:bp_20:lv2(1.000); gc_fid:pls:bp_20:lv3(1.000),petroleum_fraction_db_047,saturates,analysis_only,equal_weight
3,petroleum_fraction_db_064,1.009229,82.81183932346727,74,gc_fid:pca:pc1; gc_fid:pca:pc2; gc_fid:pca:pc3; gc_fid:pca:pc4; gc_fid:pca:pc5; gc_fid:pls:bp_20:lv1; gc_fid:pls:bp_20:lv2; gc_fid:pls:bp_20:lv3; gc_fid:pls:bp_20:lv4; gc_fid:pls:bp_35:lv1; gc_fid:pls:bp_35:lv2; gc_fid:pls:bp_35:lv3,gc_fid:pca:pc1(1.000); gc_fid:pca:pc2(1.000); gc_fid:pca:pc3(1.000); gc_fid:pca:pc4(1.000); gc_fid:pca:pc5(1.000); gc_fid:pls:bp_20:lv1(1.000); gc_fid:pls:bp_20:lv2(1.000); gc_fid:pls:bp_20:lv3(1.000),petroleum_fraction_db_047,saturates,analysis_only,equal_weight
4,petroleum_fraction_db_059,1.019981,85.86303939962495,74,gc_fid:pca:pc1; gc_fid:pca:pc2; gc_fid:pca:pc3; gc_fid:pca:pc4; gc_fid:pca:pc5; gc_fid:pls:bp_20:lv1; gc_fid:pls:bp_20:lv2; gc_fid:pls:bp_20:lv3; gc_fid:pls:bp_20:lv4; gc_fid:pls:bp_35:lv1; gc_fid:pls:bp_35:lv2; gc_fid:pls:bp_35:lv3,gc_fid:pca:pc1(1.000); gc_fid:pca:pc2(1.000); gc_fid:pca:pc3(1.000); gc_fid:pca:pc4(1.000); gc_fid:pca:pc5(1.000); gc_fid:pls:bp_20:lv1(1.000); gc_fid:pls:bp_20:lv2(1.000); gc_fid:pls:bp_20:lv3(1.000),petroleum_fraction_db_047,saturates,analysis_only,equal_weight
1,petroleum_fraction_db_060,0.633692,75.83022553720595,74,gc_fid:pca:pc1; gc_fid:pca:pc2; gc_fid:pca:pc3; gc_fid:pca:pc4; gc_fid:pca:pc5; gc_fid:pls:bp_20:lv1; gc_fid:pls:bp_20:lv2; gc_fid:pls:bp_20:lv3; gc_fid:pls:bp_20:lv4; gc_fid:pls:bp_35:lv1; gc_fid:pls:bp_35:lv2; gc_fid:pls:bp_35:lv3,ir:weighted_x_q90(0.703); ir_spectrum:pls:density_20c:lv1(0.668); ir_spectrum:pls:saturates:lv1(0.668); ir_spectrum:pca:pc1(0.656); ir:weighted_x_mean(0.613); ir_spectrum:pls:bp_80:lv1(0.577); ir_spectrum:pls:saturates:lv2(0.568); ir:weighted_x_q50(0.567),petroleum_fraction_db_047,saturates,analysis_only,correlation_weighted
2,petroleum_fraction_db_034,0.855538,60.6094578067661,74,gc_fid:pca:pc1; gc_fid:pca:pc2; gc_fid:pca:pc3; gc_fid:pca:pc4; gc_fid:pca:pc5; gc_fid:pls:bp_20:lv1; gc_fid:pls:bp_20:lv2; gc_fid:pls:bp_20:lv3; gc_fid:pls:bp_20:lv4; gc_fid:pls:bp_35:lv1; gc_fid:pls:bp_35:lv2; gc_fid:pls:bp_35:lv3,ir:weighted_x_q90(0.703); ir_spectrum:pls:density_20c:lv1(0.668); ir_spectrum:pls:saturates:lv1(0.668); ir_spectrum:pca:pc1(0.656); ir:weighted_x_mean(0.613); ir_spectrum:pls:bp_80:lv1(0.577); ir_spectrum:pls:saturates:lv2(0.568); ir:weighted_x_q50(0.567),petroleum_fraction_db_047,saturates,analysis_only,correlation_weighted
3,petroleum_fraction_db_064,0.931464,82.81183932346727,74,gc_fid:pca:pc1; gc_fid:pca:pc2; gc_fid:pca:pc3; gc_fid:pca:pc4; gc_fid:pca:pc5; gc_fid:pls:bp_20:lv1; gc_fid:pls:bp_20:lv2; gc_fid:pls:bp_20:lv3; gc_fid:pls:bp_20:lv4; gc_fid:pls:bp_35:lv1; gc_fid:pls:bp_35:lv2; gc_fid:pls:bp_35:lv3,ir:weighted_x_q90(0.703); ir_spectrum:pls:density_20c:lv1(0.668); ir_spectrum:pls:saturates:lv1(0.668); ir_spectrum:pca:pc1(0.656); ir:weighted_x_mean(0.613); ir_spectrum:pls:bp_80:lv1(0.577); ir_spectrum:pls:saturates:lv2(0.568); ir:weighted_x_q50(0.567),petroleum_fraction_db_047,saturates,analysis_only,correlation_weighted
4,petroleum_fraction_db_059,0.942133,85.86303939962495,74,gc_fid:pca:pc1; gc_fid:pca:pc2; gc_fid:pca:pc3; gc_fid:pca:pc4; gc_fid:pca:pc5; gc_fid:pls:bp_20:lv1; gc_fid:pls:bp_20:lv2; gc_fid:pls:bp_20:lv3; gc_fid:pls:bp_20:lv4; gc_fid:pls:bp_35:lv1; gc_fid:pls:bp_35:lv2; gc_fid:pls:bp_35:lv3,ir:weighted_x_q90(0.703); ir_spectrum:pls:density_20c:lv1(0.668); ir_spectrum:pls:saturates:lv1(0.668); ir_spectrum:pca:pc1(0.656); ir:weighted_x_mean(0.613); ir_spectrum:pls:bp_80:lv1(0.577); ir_spectrum:pls:saturates:lv2(0.568); ir:weighted_x_q50(0.567),petroleum_fraction_db_047,saturates,analysis_only,correlation_weighted
1,petroleum_fraction_db_060,0.782456,75.83022553720595,80,bulk_property:bp_20; bulk_property:bp_35; bulk_property:bp_50; bulk_property:bp_65; bulk_property:bp_80; bulk_property:density_20c; gc_fid:pca:pc1; gc_fid:pca:pc2; gc_fid:pca:pc3; gc_fid:pca:pc4; gc_fid:pca:pc5; gc_fid:pls:bp_20:lv1,bulk_property:bp_20(1.000); bulk_property:bp_35(1.000); bulk_property:bp_50(1.000); bulk_property:bp_65(1.000); bulk_property:bp_80(1.000); bulk_property:density_20c(1.000); gc_fid:pca:pc1(1.000); gc_fid:pca:pc2(1.000),petroleum_fraction_db_047,saturates,analysis_plus_non_target_bulk,equal_weight
2,petroleum_fraction_db_034,0.870027,60.6094578067661,80,bulk_property:bp_20; bulk_property:bp_35; bulk_property:bp_50; bulk_property:bp_65; bulk_property:bp_80; bulk_property:density_20c; gc_fid:pca:pc1; gc_fid:pca:pc2; gc_fid:pca:pc3; gc_fid:pca:pc4; gc_fid:pca:pc5; gc_fid:pls:bp_20:lv1,bulk_property:bp_20(1.000); bulk_property:bp_35(1.000); bulk_property:bp_50(1.000); bulk_property:bp_65(1.000); bulk_property:bp_80(1.000); bulk_property:density_20c(1.000); gc_fid:pca:pc1(1.000); gc_fid:pca:pc2(1.000),petroleum_fraction_db_047,saturates,analysis_plus_non_target_bulk,equal_weight
3,petroleum_fraction_db_064,0.983454,82.81183932346727,80,bulk_property:bp_20; bulk_property:bp_35; bulk_property:bp_50; bulk_property:bp_65; bulk_property:bp_80; bulk_property:density_20c; gc_fid:pca:pc1; gc_fid:pca:pc2; gc_fid:pca:pc3; gc_fid:pca:pc4; gc_fid:pca:pc5; gc_fid:pls:bp_20:lv1,bulk_property:bp_20(1.000); bulk_property:bp_35(1.000); bulk_property:bp_50(1.000); bulk_property:bp_65(1.000); bulk_property:bp_80(1.000); bulk_property:density_20c(1.000); gc_fid:pca:pc1(1.000); gc_fid:pca:pc2(1.000),petroleum_fraction_db_047,saturates,analysis_plus_non_target_bulk,equal_weight
4,petroleum_fraction_db_059,0.999185,85.86303939962495,80,bulk_property:bp_20; bulk_property:bp_35; bulk_property:bp_50; bulk_property:bp_65; bulk_property:bp_80; bulk_property:density_20c; gc_fid:pca:pc1; gc_fid:pca:pc2; gc_fid:pca:pc3; gc_fid:pca:pc4; gc_fid:pca:pc5; gc_fid:pls:bp_20:lv1,bulk_property:bp_20(1.000); bulk_property:bp_35(1.000); bulk_property:bp_50(1.000); bulk_property:bp_65(1.000); bulk_property:bp_80(1.000); bulk_property:density_20c(1.000); gc_fid:pca:pc1(1.000); gc_fid:pca:pc2(1.000),petroleum_fraction_db_047,saturates,analysis_plus_non_target_bulk,equal_weight
1,petroleum_fraction_db_060,0.633903,75.83022553720595,80,bulk_property:bp_20; bulk_property:bp_35; bulk_property:bp_50; bulk_property:bp_65; bulk_property:bp_80; bulk_property:density_20c; gc_fid:pca:pc1; gc_fid:pca:pc2; gc_fid:pca:pc3; gc_fid:pca:pc4; gc_fid:pca:pc5; gc_fid:pls:bp_20:lv1,bulk_property:density_20c(0.895); ir:weighted_x_q90(0.703); ir_spectrum:pls:density_20c:lv1(0.668); ir_spectrum:pls:saturates:lv1(0.668); ir_spectrum:pca:pc1(0.656); ir:weighted_x_mean(0.613); ir_spectrum:pls:bp_80:lv1(0.577); ir_spectrum:pls:saturates:lv2(0.568),petroleum_fraction_db_047,saturates,analysis_plus_non_target_bulk,correlation_weighted
2,petroleum_fraction_db_034,0.840743,60.6094578067661,80,bulk_property:bp_20; bulk_property:bp_35; bulk_property:bp_50; bulk_property:bp_65; bulk_property:bp_80; bulk_property:density_20c; gc_fid:pca:pc1; gc_fid:pca:pc2; gc_fid:pca:pc3; gc_fid:pca:pc4; gc_fid:pca:pc5; gc_fid:pls:bp_20:lv1,bulk_property:density_20c(0.895); ir:weighted_x_q90(0.703); ir_spectrum:pls:density_20c:lv1(0.668); ir_spectrum:pls:saturates:lv1(0.668); ir_spectrum:pca:pc1(0.656); ir:weighted_x_mean(0.613); ir_spectrum:pls:bp_80:lv1(0.577); ir_spectrum:pls:saturates:lv2(0.568),petroleum_fraction_db_047,saturates,analysis_plus_non_target_bulk,correlation_weighted
3,petroleum_fraction_db_064,0.900762,82.81183932346727,80,bulk_property:bp_20; bulk_property:bp_35; bulk_property:bp_50; bulk_property:bp_65; bulk_property:bp_80; bulk_property:density_20c; gc_fid:pca:pc1; gc_fid:pca:pc2; gc_fid:pca:pc3; gc_fid:pca:pc4; gc_fid:pca:pc5; gc_fid:pls:bp_20:lv1,bulk_property:density_20c(0.895); ir:weighted_x_q90(0.703); ir_spectrum:pls:density_20c:lv1(0.668); ir_spectrum:pls:saturates:lv1(0.668); ir_spectrum:pca:pc1(0.656); ir:weighted_x_mean(0.613); ir_spectrum:pls:bp_80:lv1(0.577); ir_spectrum:pls:saturates:lv2(0.568),petroleum_fraction_db_047,saturates,analysis_plus_non_target_bulk,correlation_weighted
4,petroleum_fraction_db_059,0.913684,85.86303939962495,80,bulk_property:bp_20; bulk_property:bp_35; bulk_property:bp_50; bulk_property:bp_65; bulk_property:bp_80; bulk_property:density_20c; gc_fid:pca:pc1; gc_fid:pca:pc2; gc_fid:pca:pc3; gc_fid:pca:pc4; gc_fid:pca:pc5; gc_fid:pls:bp_20:lv1,bulk_property:density_20c(0.895); ir:weighted_x_q90(0.703); ir_spectrum:pls:density_20c:lv1(0.668); ir_spectrum:pls:saturates:lv1(0.668); ir_spectrum:pca:pc1(0.656); ir:weighted_x_mean(0.613); ir_spectrum:pls:bp_80:lv1(0.577); ir_spectrum:pls:saturates:lv2(0.568),petroleum_fraction_db_047,saturates,analysis_plus_non_target_bulk,correlation_weighted
1,petroleum_fraction_db_060,0.787832,432.6,74,gc_fid:pca:pc1; gc_fid:pca:pc2; gc_fid:pca:pc3; gc_fid:pca:pc4; gc_fid:pca:pc5; gc_fid:pls:bp_20:lv1; gc_fid:pls:bp_20:lv2; gc_fid:pls:bp_20:lv3; gc_fid:pls:bp_20:lv4; gc_fid:pls:bp_35:lv1; gc_fid:pls:bp_35:lv2; gc_fid:pls:bp_35:lv3,gc_fid:pca:pc1(1.000); gc_fid:pca:pc2(1.000); gc_fid:pca:pc3(1.000); gc_fid:pca:pc4(1.000); gc_fid:pca:pc5(1.000); gc_fid:pls:bp_20:lv1(1.000); gc_fid:pls:bp_20:lv2(1.000); gc_fid:pls:bp_20:lv3(1.000),petroleum_fraction_db_047,BP_20,analysis_only,equal_weight
2,petroleum_fraction_db_034,0.882947,438.6,74,gc_fid:pca:pc1; gc_fid:pca:pc2; gc_fid:pca:pc3; gc_fid:pca:pc4; gc_fid:pca:pc5; gc_fid:pls:bp_20:lv1; gc_fid:pls:bp_20:lv2; gc_fid:pls:bp_20:lv3; gc_fid:pls:bp_20:lv4; gc_fid:pls:bp_35:lv1; gc_fid:pls:bp_35:lv2; gc_fid:pls:bp_35:lv3,gc_fid:pca:pc1(1.000); gc_fid:pca:pc2(1.000); gc_fid:pca:pc3(1.000); gc_fid:pca:pc4(1.000); gc_fid:pca:pc5(1.000); gc_fid:pls:bp_20:lv1(1.000); gc_fid:pls:bp_20:lv2(1.000); gc_fid:pls:bp_20:lv3(1.000),petroleum_fraction_db_047,BP_20,analysis_only,equal_weight
3,petroleum_fraction_db_064,1.009229,453.4,74,gc_fid:pca:pc1; gc_fid:pca:pc2; gc_fid:pca:pc3; gc_fid:pca:pc4; gc_fid:pca:pc5; gc_fid:pls:bp_20:lv1; gc_fid:pls:bp_20:lv2; gc_fid:pls:bp_20:lv3; gc_fid:pls:bp_20:lv4; gc_fid:pls:bp_35:lv1; gc_fid:pls:bp_35:lv2; gc_fid:pls:bp_35:lv3,gc_fid:pca:pc1(1.000); gc_fid:pca:pc2(1.000); gc_fid:pca:pc3(1.000); gc_fid:pca:pc4(1.000); gc_fid:pca:pc5(1.000); gc_fid:pls:bp_20:lv1(1.000); gc_fid:pls:bp_20:lv2(1.000); gc_fid:pls:bp_20:lv3(1.000),petroleum_fraction_db_047,BP_20,analysis_only,equal_weight
4,petroleum_fraction_db_059,1.019981,443.4,74,gc_fid:pca:pc1; gc_fid:pca:pc2; gc_fid:pca:pc3; gc_fid:pca:pc4; gc_fid:pca:pc5; gc_fid:pls:bp_20:lv1; gc_fid:pls:bp_20:lv2; gc_fid:pls:bp_20:lv3; gc_fid:pls:bp_20:lv4; gc_fid:pls:bp_35:lv1; gc_fid:pls:bp_35:lv2; gc_fid:pls:bp_35:lv3,gc_fid:pca:pc1(1.000); gc_fid:pca:pc2(1.000); gc_fid:pca:pc3(1.000); gc_fid:pca:pc4(1.000); gc_fid:pca:pc5(1.000); gc_fid:pls:bp_20:lv1(1.000); gc_fid:pls:bp_20:lv2(1.000); gc_fid:pls:bp_20:lv3(1.000),petroleum_fraction_db_047,BP_20,analysis_only,equal_weight
1,petroleum_fraction_db_060,0.688551,432.6,74,gc_fid:pca:pc1; gc_fid:pca:pc2; gc_fid:pca:pc3; gc_fid:pca:pc4; gc_fid:pca:pc5; gc_fid:pls:bp_20:lv1; gc_fid:pls:bp_20:lv2; gc_fid:pls:bp_20:lv3; gc_fid:pls:bp_20:lv4; gc_fid:pls:bp_35:lv1; gc_fid:pls:bp_35:lv2; gc_fid:pls:bp_35:lv3,gc_fid:pls:density_20c:lv1(0.948); gc_fid:pls:bp_20:lv1(0.940); gc_fid:pls:bp_35:lv1(0.939); gc_fid:pls:bp_50:lv1(0.938); gc_fid:pls:bp_65:lv1(0.936); gc_fid:pls:bp_80:lv1(0.934); gc_fid:pls:saturates:lv1(0.928); gc_fid:pca:pc1(0.914),petroleum_fraction_db_047,BP_20,analysis_only,correlation_weighted
2,petroleum_fraction_db_034,0.785365,438.6,74,gc_fid:pca:pc1; gc_fid:pca:pc2; gc_fid:pca:pc3; gc_fid:pca:pc4; gc_fid:pca:pc5; gc_fid:pls:bp_20:lv1; gc_fid:pls:bp_20:lv2; gc_fid:pls:bp_20:lv3; gc_fid:pls:bp_20:lv4; gc_fid:pls:bp_35:lv1; gc_fid:pls:bp_35:lv2; gc_fid:pls:bp_35:lv3,gc_fid:pls:density_20c:lv1(0.948); gc_fid:pls:bp_20:lv1(0.940); gc_fid:pls:bp_35:lv1(0.939); gc_fid:pls:bp_50:lv1(0.938); gc_fid:pls:bp_65:lv1(0.936); gc_fid:pls:bp_80:lv1(0.934); gc_fid:pls:saturates:lv1(0.928); gc_fid:pca:pc1(0.914),petroleum_fraction_db_047,BP_20,analysis_only,correlation_weighted
3,petroleum_fraction_db_059,0.799774,443.4,74,gc_fid:pca:pc1; gc_fid:pca:pc2; gc_fid:pca:pc3; gc_fid:pca:pc4; gc_fid:pca:pc5; gc_fid:pls:bp_20:lv1; gc_fid:pls:bp_20:lv2; gc_fid:pls:bp_20:lv3; gc_fid:pls:bp_20:lv4; gc_fid:pls:bp_35:lv1; gc_fid:pls:bp_35:lv2; gc_fid:pls:bp_35:lv3,gc_fid:pls:density_20c:lv1(0.948); gc_fid:pls:bp_20:lv1(0.940); gc_fid:pls:bp_35:lv1(0.939); gc_fid:pls:bp_50:lv1(0.938); gc_fid:pls:bp_65:lv1(0.936); gc_fid:pls:bp_80:lv1(0.934); gc_fid:pls:saturates:lv1(0.928); gc_fid:pca:pc1(0.914),petroleum_fraction_db_047,BP_20,analysis_only,correlation_weighted
4,petroleum_fraction_db_064,0.831674,453.4,74,gc_fid:pca:pc1; gc_fid:pca:pc2; gc_fid:pca:pc3; gc_fid:pca:pc4; gc_fid:pca:pc5; gc_fid:pls:bp_20:lv1; gc_fid:pls:bp_20:lv2; gc_fid:pls:bp_20:lv3; gc_fid:pls:bp_20:lv4; gc_fid:pls:bp_35:lv1; gc_fid:pls:bp_35:lv2; gc_fid:pls:bp_35:lv3,gc_fid:pls:density_20c:lv1(0.948); gc_fid:pls:bp_20:lv1(0.940); gc_fid:pls:bp_35:lv1(0.939); gc_fid:pls:bp_50:lv1(0.938); gc_fid:pls:bp_65:lv1(0.936); gc_fid:pls:bp_80:lv1(0.934); gc_fid:pls:saturates:lv1(0.928); gc_fid:pca:pc1(0.914),petroleum_fraction_db_047,BP_20,analysis_only,correlation_weighted
1,petroleum_fraction_db_060,0.77292,432.6,80,bulk_property:bp_35; bulk_property:bp_50; bulk_property:bp_65; bulk_property:bp_80; bulk_property:density_20c; bulk_property:saturates; gc_fid:pca:pc1; gc_fid:pca:pc2; gc_fid:pca:pc3; gc_fid:pca:pc4; gc_fid:pca:pc5; gc_fid:pls:bp_20:lv1,bulk_property:bp_35(1.000); bulk_property:bp_50(1.000); bulk_property:bp_65(1.000); bulk_property:bp_80(1.000); bulk_property:density_20c(1.000); bulk_property:saturates(1.000); gc_fid:pca:pc1(1.000); gc_fid:pca:pc2(1.000),petroleum_fraction_db_047,BP_20,analysis_plus_non_target_bulk,equal_weight
2,petroleum_fraction_db_034,0.862842,438.6,80,bulk_property:bp_35; bulk_property:bp_50; bulk_property:bp_65; bulk_property:bp_80; bulk_property:density_20c; bulk_property:saturates; gc_fid:pca:pc1; gc_fid:pca:pc2; gc_fid:pca:pc3; gc_fid:pca:pc4; gc_fid:pca:pc5; gc_fid:pls:bp_20:lv1,bulk_property:bp_35(1.000); bulk_property:bp_50(1.000); bulk_property:bp_65(1.000); bulk_property:bp_80(1.000); bulk_property:density_20c(1.000); bulk_property:saturates(1.000); gc_fid:pca:pc1(1.000); gc_fid:pca:pc2(1.000),petroleum_fraction_db_047,BP_20,analysis_plus_non_target_bulk,equal_weight
3,petroleum_fraction_db_064,0.985158,453.4,80,bulk_property:bp_35; bulk_property:bp_50; bulk_property:bp_65; bulk_property:bp_80; bulk_property:density_20c; bulk_property:saturates; gc_fid:pca:pc1; gc_fid:pca:pc2; gc_fid:pca:pc3; gc_fid:pca:pc4; gc_fid:pca:pc5; gc_fid:pls:bp_20:lv1,bulk_property:bp_35(1.000); bulk_property:bp_50(1.000); bulk_property:bp_65(1.000); bulk_property:bp_80(1.000); bulk_property:density_20c(1.000); bulk_property:saturates(1.000); gc_fid:pca:pc1(1.000); gc_fid:pca:pc2(1.000),petroleum_fraction_db_047,BP_20,analysis_plus_non_target_bulk,equal_weight
4,petroleum_fraction_db_059,1.001536,443.4,80,bulk_property:bp_35; bulk_property:bp_50; bulk_property:bp_65; bulk_property:bp_80; bulk_property:density_20c; bulk_property:saturates; gc_fid:pca:pc1; gc_fid:pca:pc2; gc_fid:pca:pc3; gc_fid:pca:pc4; gc_fid:pca:pc5; gc_fid:pls:bp_20:lv1,bulk_property:bp_35(1.000); bulk_property:bp_50(1.000); bulk_property:bp_65(1.000); bulk_property:bp_80(1.000); bulk_property:density_20c(1.000); bulk_property:saturates(1.000); gc_fid:pca:pc1(1.000); gc_fid:pca:pc2(1.000),petroleum_fraction_db_047,BP_20,analysis_plus_non_target_bulk,equal_weight
1,petroleum_fraction_db_060,0.675814,432.6,80,bulk_property:bp_35; bulk_property:bp_50; bulk_property:bp_65; bulk_property:bp_80; bulk_property:density_20c; bulk_property:saturates; gc_fid:pca:pc1; gc_fid:pca:pc2; gc_fid:pca:pc3; gc_fid:pca:pc4; gc_fid:pca:pc5; gc_fid:pls:bp_20:lv1,bulk_property:bp_35(1.040); bulk_property:bp_50(1.015); bulk_property:bp_65(0.986); gc_fid:pls:density_20c:lv1(0.948); gc_fid:pls:bp_20:lv1(0.940); gc_fid:pls:bp_35:lv1(0.939); bulk_property:bp_80(0.939); gc_fid:pls:bp_50:lv1(0.938),petroleum_fraction_db_047,BP_20,analysis_plus_non_target_bulk,correlation_weighted
2,petroleum_fraction_db_034,0.753105,438.6,80,bulk_property:bp_35; bulk_property:bp_50; bulk_property:bp_65; bulk_property:bp_80; bulk_property:density_20c; bulk_property:saturates; gc_fid:pca:pc1; gc_fid:pca:pc2; gc_fid:pca:pc3; gc_fid:pca:pc4; gc_fid:pca:pc5; gc_fid:pls:bp_20:lv1,bulk_property:bp_35(1.040); bulk_property:bp_50(1.015); bulk_property:bp_65(0.986); gc_fid:pls:density_20c:lv1(0.948); gc_fid:pls:bp_20:lv1(0.940); gc_fid:pls:bp_35:lv1(0.939); bulk_property:bp_80(0.939); gc_fid:pls:bp_50:lv1(0.938),petroleum_fraction_db_047,BP_20,analysis_plus_non_target_bulk,correlation_weighted
3,petroleum_fraction_db_059,0.787378,443.4,80,bulk_property:bp_35; bulk_property:bp_50; bulk_property:bp_65; bulk_property:bp_80; bulk_property:density_20c; bulk_property:saturates; gc_fid:pca:pc1; gc_fid:pca:pc2; gc_fid:pca:pc3; gc_fid:pca:pc4; gc_fid:pca:pc5; gc_fid:pls:bp_20:lv1,bulk_property:bp_35(1.040); bulk_property:bp_50(1.015); bulk_property:bp_65(0.986); gc_fid:pls:density_20c:lv1(0.948); gc_fid:pls:bp_20:lv1(0.940); gc_fid:pls:bp_35:lv1(0.939); bulk_property:bp_80(0.939); gc_fid:pls:bp_50:lv1(0.938),petroleum_fraction_db_047,BP_20,analysis_plus_non_target_bulk,correlation_weighted
4,petroleum_fraction_db_064,0.796309,453.4,80,bulk_property:bp_35; bulk_property:bp_50; bulk_property:bp_65; bulk_property:bp_80; bulk_property:density_20c; bulk_property:saturates; gc_fid:pca:pc1; gc_fid:pca:pc2; gc_fid:pca:pc3; gc_fid:pca:pc4; gc_fid:pca:pc5; gc_fid:pls:bp_20:lv1,bulk_property:bp_35(1.040); bulk_property:bp_50(1.015); bulk_property:bp_65(0.986); gc_fid:pls:density_20c:lv1(0.948); gc_fid:pls:bp_20:lv1(0.940); gc_fid:pls:bp_35:lv1(0.939); bulk_property:bp_80(0.939); gc_fid:pls:bp_50:lv1(0.938),petroleum_fraction_db_047,BP_20,analysis_plus_non_target_bulk,correlation_weighted
1,petroleum_fraction_db_060,0.787832,472.2,74,gc_fid:pca:pc1; gc_fid:pca:pc2; gc_fid:pca:pc3; gc_fid:pca:pc4; gc_fid:pca:pc5; gc_fid:pls:bp_20:lv1; gc_fid:pls:bp_20:lv2; gc_fid:pls:bp_20:lv3; gc_fid:pls:bp_20:lv4; gc_fid:pls:bp_35:lv1; gc_fid:pls:bp_35:lv2; gc_fid:pls:bp_35:lv3,gc_fid:pca:pc1(1.000); gc_fid:pca:pc2(1.000); gc_fid:pca:pc3(1.000); gc_fid:pca:pc4(1.000); gc_fid:pca:pc5(1.000); gc_fid:pls:bp_20:lv1(1.000); gc_fid:pls:bp_20:lv2(1.000); gc_fid:pls:bp_20:lv3(1.000),petroleum_fraction_db_047,BP_35,analysis_only,equal_weight
2,petroleum_fraction_db_034,0.882947,470.8,74,gc_fid:pca:pc1; gc_fid:pca:pc2; gc_fid:pca:pc3; gc_fid:pca:pc4; gc_fid:pca:pc5; gc_fid:pls:bp_20:lv1; gc_fid:pls:bp_20:lv2; gc_fid:pls:bp_20:lv3; gc_fid:pls:bp_20:lv4; gc_fid:pls:bp_35:lv1; gc_fid:pls:bp_35:lv2; gc_fid:pls:bp_35:lv3,gc_fid:pca:pc1(1.000); gc_fid:pca:pc2(1.000); gc_fid:pca:pc3(1.000); gc_fid:pca:pc4(1.000); gc_fid:pca:pc5(1.000); gc_fid:pls:bp_20:lv1(1.000); gc_fid:pls:bp_20:lv2(1.000); gc_fid:pls:bp_20:lv3(1.000),petroleum_fraction_db_047,BP_35,analysis_only,equal_weight
3,petroleum_fraction_db_064,1.009229,478.4,74,gc_fid:pca:pc1; gc_fid:pca:pc2; gc_fid:pca:pc3; gc_fid:pca:pc4; gc_fid:pca:pc5; gc_fid:pls:bp_20:lv1; gc_fid:pls:bp_20:lv2; gc_fid:pls:bp_20:lv3; gc_fid:pls:bp_20:lv4; gc_fid:pls:bp_35:lv1; gc_fid:pls:bp_35:lv2; gc_fid:pls:bp_35:lv3,gc_fid:pca:pc1(1.000); gc_fid:pca:pc2(1.000); gc_fid:pca:pc3(1.000); gc_fid:pca:pc4(1.000); gc_fid:pca:pc5(1.000); gc_fid:pls:bp_20:lv1(1.000); gc_fid:pls:bp_20:lv2(1.000); gc_fid:pls:bp_20:lv3(1.000),petroleum_fraction_db_047,BP_35,analysis_only,equal_weight
4,petroleum_fraction_db_059,1.019981,463.8,74,gc_fid:pca:pc1; gc_fid:pca:pc2; gc_fid:pca:pc3; gc_fid:pca:pc4; gc_fid:pca:pc5; gc_fid:pls:bp_20:lv1; gc_fid:pls:bp_20:lv2; gc_fid:pls:bp_20:lv3; gc_fid:pls:bp_20:lv4; gc_fid:pls:bp_35:lv1; gc_fid:pls:bp_35:lv2; gc_fid:pls:bp_35:lv3,gc_fid:pca:pc1(1.000); gc_fid:pca:pc2(1.000); gc_fid:pca:pc3(1.000); gc_fid:pca:pc4(1.000); gc_fid:pca:pc5(1.000); gc_fid:pls:bp_20:lv1(1.000); gc_fid:pls:bp_20:lv2(1.000); gc_fid:pls:bp_20:lv3(1.000),petroleum_fraction_db_047,BP_35,analysis_only,equal_weight
1,petroleum_fraction_db_060,0.680397,472.2,74,gc_fid:pca:pc1; gc_fid:pca:pc2; gc_fid:pca:pc3; gc_fid:pca:pc4; gc_fid:pca:pc5; gc_fid:pls:bp_20:lv1; gc_fid:pls:bp_20:lv2; gc_fid:pls:bp_20:lv3; gc_fid:pls:bp_20:lv4; gc_fid:pls:bp_35:lv1; gc_fid:pls:bp_35:lv2; gc_fid:pls:bp_35:lv3,gc_fid:pls:density_20c:lv1(0.967); gc_fid:pls:bp_35:lv1(0.949); gc_fid:pls:saturates:lv1(0.948); gc_fid:pls:bp_20:lv1(0.948); gc_fid:pls:bp_50:lv1(0.948); gc_fid:pls:bp_65:lv1(0.947); gc_fid:pls:bp_80:lv1(0.946); gc_fid:pca:pc1(0.921),petroleum_fraction_db_047,BP_35,analysis_only,correlation_weighted
2,petroleum_fraction_db_034,0.786534,470.8,74,gc_fid:pca:pc1; gc_fid:pca:pc2; gc_fid:pca:pc3; gc_fid:pca:pc4; gc_fid:pca:pc5; gc_fid:pls:bp_20:lv1; gc_fid:pls:bp_20:lv2; gc_fid:pls:bp_20:lv3; gc_fid:pls:bp_20:lv4; gc_fid:pls:bp_35:lv1; gc_fid:pls:bp_35:lv2; gc_fid:pls:bp_35:lv3,gc_fid:pls:density_20c:lv1(0.967); gc_fid:pls:bp_35:lv1(0.949); gc_fid:pls:saturates:lv1(0.948); gc_fid:pls:bp_20:lv1(0.948); gc_fid:pls:bp_50:lv1(0.948); gc_fid:pls:bp_65:lv1(0.947); gc_fid:pls:bp_80:lv1(0.946); gc_fid:pca:pc1(0.921),petroleum_fraction_db_047,BP_35,analysis_only,correlation_weighted
3,petroleum_fraction_db_059,0.801787,463.8,74,gc_fid:pca:pc1; gc_fid:pca:pc2; gc_fid:pca:pc3; gc_fid:pca:pc4; gc_fid:pca:pc5; gc_fid:pls:bp_20:lv1; gc_fid:pls:bp_20:lv2; gc_fid:pls:bp_20:lv3; gc_fid:pls:bp_20:lv4; gc_fid:pls:bp_35:lv1; gc_fid:pls:bp_35:lv2; gc_fid:pls:bp_35:lv3,gc_fid:pls:density_20c:lv1(0.967); gc_fid:pls:bp_35:lv1(0.949); gc_fid:pls:saturates:lv1(0.948); gc_fid:pls:bp_20:lv1(0.948); gc_fid:pls:bp_50:lv1(0.948); gc_fid:pls:bp_65:lv1(0.947); gc_fid:pls:bp_80:lv1(0.946); gc_fid:pca:pc1(0.921),petroleum_fraction_db_047,BP_35,analysis_only,correlation_weighted
4,petroleum_fraction_db_064,0.828099,478.4,74,gc_fid:pca:pc1; gc_fid:pca:pc2; gc_fid:pca:pc3; gc_fid:pca:pc4; gc_fid:pca:pc5; gc_fid:pls:bp_20:lv1; gc_fid:pls:bp_20:lv2; gc_fid:pls:bp_20:lv3; gc_fid:pls:bp_20:lv4; gc_fid:pls:bp_35:lv1; gc_fid:pls:bp_35:lv2; gc_fid:pls:bp_35:lv3,gc_fid:pls:density_20c:lv1(0.967); gc_fid:pls:bp_35:lv1(0.949); gc_fid:pls:saturates:lv1(0.948); gc_fid:pls:bp_20:lv1(0.948); gc_fid:pls:bp_50:lv1(0.948); gc_fid:pls:bp_65:lv1(0.947); gc_fid:pls:bp_80:lv1(0.946); gc_fid:pca:pc1(0.921),petroleum_fraction_db_047,BP_35,analysis_only,correlation_weighted
1,petroleum_fraction_db_060,0.780091,472.2,80,bulk_property:bp_20; bulk_property:bp_50; bulk_property:bp_65; bulk_property:bp_80; bulk_property:density_20c; bulk_property:saturates; gc_fid:pca:pc1; gc_fid:pca:pc2; gc_fid:pca:pc3; gc_fid:pca:pc4; gc_fid:pca:pc5; gc_fid:pls:bp_20:lv1,bulk_property:bp_20(1.000); bulk_property:bp_50(1.000); bulk_property:bp_65(1.000); bulk_property:bp_80(1.000); bulk_property:density_20c(1.000); bulk_property:saturates(1.000); gc_fid:pca:pc1(1.000); gc_fid:pca:pc2(1.000),petroleum_fraction_db_047,BP_35,analysis_plus_non_target_bulk,equal_weight
2,petroleum_fraction_db_034,0.86722,470.8,80,bulk_property:bp_20; bulk_property:bp_50; bulk_property:bp_65; bulk_property:bp_80; bulk_property:density_20c; bulk_property:saturates; gc_fid:pca:pc1; gc_fid:pca:pc2; gc_fid:pca:pc3; gc_fid:pca:pc4; gc_fid:pca:pc5; gc_fid:pls:bp_20:lv1,bulk_property:bp_20(1.000); bulk_property:bp_50(1.000); bulk_property:bp_65(1.000); bulk_property:bp_80(1.000); bulk_property:density_20c(1.000); bulk_property:saturates(1.000); gc_fid:pca:pc1(1.000); gc_fid:pca:pc2(1.000),petroleum_fraction_db_047,BP_35,analysis_plus_non_target_bulk,equal_weight
3,petroleum_fraction_db_064,0.986976,478.4,80,bulk_property:bp_20; bulk_property:bp_50; bulk_property:bp_65; bulk_property:bp_80; bulk_property:density_20c; bulk_property:saturates; gc_fid:pca:pc1; gc_fid:pca:pc2; gc_fid:pca:pc3; gc_fid:pca:pc4; gc_fid:pca:pc5; gc_fid:pls:bp_20:lv1,bulk_property:bp_20(1.000); bulk_property:bp_50(1.000); bulk_property:bp_65(1.000); bulk_property:bp_80(1.000); bulk_property:density_20c(1.000); bulk_property:saturates(1.000); gc_fid:pca:pc1(1.000); gc_fid:pca:pc2(1.000),petroleum_fraction_db_047,BP_35,analysis_plus_non_target_bulk,equal_weight
4,petroleum_fraction_db_059,1.002892,463.8,80,bulk_property:bp_20; bulk_property:bp_50; bulk_property:bp_65; bulk_property:bp_80; bulk_property:density_20c; bulk_property:saturates; gc_fid:pca:pc1; gc_fid:pca:pc2; gc_fid:pca:pc3; gc_fid:pca:pc4; gc_fid:pca:pc5; gc_fid:pls:bp_20:lv1,bulk_property:bp_20(1.000); bulk_property:bp_50(1.000); bulk_property:bp_65(1.000); bulk_property:bp_80(1.000); bulk_property:density_20c(1.000); bulk_property:saturates(1.000); gc_fid:pca:pc1(1.000); gc_fid:pca:pc2(1.000),petroleum_fraction_db_047,BP_35,analysis_plus_non_target_bulk,equal_weight
1,petroleum_fraction_db_060,0.69091,472.2,80,bulk_property:bp_20; bulk_property:bp_50; bulk_property:bp_65; bulk_property:bp_80; bulk_property:density_20c; bulk_property:saturates; gc_fid:pca:pc1; gc_fid:pca:pc2; gc_fid:pca:pc3; gc_fid:pca:pc4; gc_fid:pca:pc5; gc_fid:pls:bp_20:lv1,bulk_property:bp_20(1.040); bulk_property:bp_50(1.040); bulk_property:bp_65(1.020); bulk_property:bp_80(0.982); gc_fid:pls:density_20c:lv1(0.967); gc_fid:pls:bp_35:lv1(0.949); gc_fid:pls:saturates:lv1(0.948); gc_fid:pls:bp_20:lv1(0.948),petroleum_fraction_db_047,BP_35,analysis_plus_non_target_bulk,correlation_weighted
2,petroleum_fraction_db_034,0.766778,470.8,80,bulk_property:bp_20; bulk_property:bp_50; bulk_property:bp_65; bulk_property:bp_80; bulk_property:density_20c; bulk_property:saturates; gc_fid:pca:pc1; gc_fid:pca:pc2; gc_fid:pca:pc3; gc_fid:pca:pc4; gc_fid:pca:pc5; gc_fid:pls:bp_20:lv1,bulk_property:bp_20(1.040); bulk_property:bp_50(1.040); bulk_property:bp_65(1.020); bulk_property:bp_80(0.982); gc_fid:pls:density_20c:lv1(0.967); gc_fid:pls:bp_35:lv1(0.949); gc_fid:pls:saturates:lv1(0.948); gc_fid:pls:bp_20:lv1(0.948),petroleum_fraction_db_047,BP_35,analysis_plus_non_target_bulk,correlation_weighted
3,petroleum_fraction_db_059,0.793708,463.8,80,bulk_property:bp_20; bulk_property:bp_50; bulk_property:bp_65; bulk_property:bp_80; bulk_property:density_20c; bulk_property:saturates; gc_fid:pca:pc1; gc_fid:pca:pc2; gc_fid:pca:pc3; gc_fid:pca:pc4; gc_fid:pca:pc5; gc_fid:pls:bp_20:lv1,bulk_property:bp_20(1.040); bulk_property:bp_50(1.040); bulk_property:bp_65(1.020); bulk_property:bp_80(0.982); gc_fid:pls:density_20c:lv1(0.967); gc_fid:pls:bp_35:lv1(0.949); gc_fid:pls:saturates:lv1(0.948); gc_fid:pls:bp_20:lv1(0.948),petroleum_fraction_db_047,BP_35,analysis_plus_non_target_bulk,correlation_weighted
4,petroleum_fraction_db_064,0.798894,478.4,80,bulk_property:bp_20; bulk_property:bp_50; bulk_property:bp_65; bulk_property:bp_80; bulk_property:density_20c; bulk_property:saturates; gc_fid:pca:pc1; gc_fid:pca:pc2; gc_fid:pca:pc3; gc_fid:pca:pc4; gc_fid:pca:pc5; gc_fid:pls:bp_20:lv1,bulk_property:bp_20(1.040); bulk_property:bp_50(1.040); bulk_property:bp_65(1.020); bulk_property:bp_80(0.982); gc_fid:pls:density_20c:lv1(0.967); gc_fid:pls:bp_35:lv1(0.949); gc_fid:pls:saturates:lv1(0.948); gc_fid:pls:bp_20:lv1(0.948),petroleum_fraction_db_047,BP_35,analysis_plus_non_target_bulk,correlation_weighted
1,petroleum_fraction_db_060,0.787832,524.4,74,gc_fid:pca:pc1; gc_fid:pca:pc2; gc_fid:pca:pc3; gc_fid:pca:pc4; gc_fid:pca:pc5; gc_fid:pls:bp_20:lv1; gc_fid:pls:bp_20:lv2; gc_fid:pls:bp_20:lv3; gc_fid:pls:bp_20:lv4; gc_fid:pls:bp_35:lv1; gc_fid:pls:bp_35:lv2; gc_fid:pls:bp_35:lv3,gc_fid:pca:pc1(1.000); gc_fid:pca:pc2(1.000); gc_fid:pca:pc3(1.000); gc_fid:pca:pc4(1.000); gc_fid:pca:pc5(1.000); gc_fid:pls:bp_20:lv1(1.000); gc_fid:pls:bp_20:lv2(1.000); gc_fid:pls:bp_20:lv3(1.000),petroleum_fraction_db_047,BP_50,analysis_only,equal_weight
2,petroleum_fraction_db_034,0.882947,494.6,74,gc_fid:pca:pc1; gc_fid:pca:pc2; gc_fid:pca:pc3; gc_fid:pca:pc4; gc_fid:pca:pc5; gc_fid:pls:bp_20:lv1; gc_fid:pls:bp_20:lv2; gc_fid:pls:bp_20:lv3; gc_fid:pls:bp_20:lv4; gc_fid:pls:bp_35:lv1; gc_fid:pls:bp_35:lv2; gc_fid:pls:bp_35:lv3,gc_fid:pca:pc1(1.000); gc_fid:pca:pc2(1.000); gc_fid:pca:pc3(1.000); gc_fid:pca:pc4(1.000); gc_fid:pca:pc5(1.000); gc_fid:pls:bp_20:lv1(1.000); gc_fid:pls:bp_20:lv2(1.000); gc_fid:pls:bp_20:lv3(1.000),petroleum_fraction_db_047,BP_50,analysis_only,equal_weight
3,petroleum_fraction_db_064,1.009229,494.0,74,gc_fid:pca:pc1; gc_fid:pca:pc2; gc_fid:pca:pc3; gc_fid:pca:pc4; gc_fid:pca:pc5; gc_fid:pls:bp_20:lv1; gc_fid:pls:bp_20:lv2; gc_fid:pls:bp_20:lv3; gc_fid:pls:bp_20:lv4; gc_fid:pls:bp_35:lv1; gc_fid:pls:bp_35:lv2; gc_fid:pls:bp_35:lv3,gc_fid:pca:pc1(1.000); gc_fid:pca:pc2(1.000); gc_fid:pca:pc3(1.000); gc_fid:pca:pc4(1.000); gc_fid:pca:pc5(1.000); gc_fid:pls:bp_20:lv1(1.000); gc_fid:pls:bp_20:lv2(1.000); gc_fid:pls:bp_20:lv3(1.000),petroleum_fraction_db_047,BP_50,analysis_only,equal_weight
4,petroleum_fraction_db_059,1.019981,481.0,74,gc_fid:pca:pc1; gc_fid:pca:pc2; gc_fid:pca:pc3; gc_fid:pca:pc4; gc_fid:pca:pc5; gc_fid:pls:bp_20:lv1; gc_fid:pls:bp_20:lv2; gc_fid:pls:bp_20:lv3; gc_fid:pls:bp_20:lv4; gc_fid:pls:bp_35:lv1; gc_fid:pls:bp_35:lv2; gc_fid:pls:bp_35:lv3,gc_fid:pca:pc1(1.000); gc_fid:pca:pc2(1.000); gc_fid:pca:pc3(1.000); gc_fid:pca:pc4(1.000); gc_fid:pca:pc5(1.000); gc_fid:pls:bp_20:lv1(1.000); gc_fid:pls:bp_20:lv2(1.000); gc_fid:pls:bp_20:lv3(1.000),petroleum_fraction_db_047,BP_50,analysis_only,equal_weight
1,petroleum_fraction_db_060,0.67512,524.4,74,gc_fid:pca:pc1; gc_fid:pca:pc2; gc_fid:pca:pc3; gc_fid:pca:pc4; gc_fid:pca:pc5; gc_fid:pls:bp_20:lv1; gc_fid:pls:bp_20:lv2; gc_fid:pls:bp_20:lv3; gc_fid:pls:bp_20:lv4; gc_fid:pls:bp_35:lv1; gc_fid:pls:bp_35:lv2; gc_fid:pls:bp_35:lv3,gc_fid:pls:density_20c:lv1(0.977); gc_fid:pls:saturates:lv1(0.960); gc_fid:pls:bp_50:lv1(0.951); gc_fid:pls:bp_80:lv1(0.951); gc_fid:pls:bp_35:lv1(0.951); gc_fid:pls:bp_65:lv1(0.951); gc_fid:pls:bp_20:lv1(0.949); gc_fid:pca:pc1(0.923),petroleum_fraction_db_047,BP_50,analysis_only,correlation_weighted
2,petroleum_fraction_db_034,0.787878,494.6,74,gc_fid:pca:pc1; gc_fid:pca:pc2; gc_fid:pca:pc3; gc_fid:pca:pc4; gc_fid:pca:pc5; gc_fid:pls:bp_20:lv1; gc_fid:pls:bp_20:lv2; gc_fid:pls:bp_20:lv3; gc_fid:pls:bp_20:lv4; gc_fid:pls:bp_35:lv1; gc_fid:pls:bp_35:lv2; gc_fid:pls:bp_35:lv3,gc_fid:pls:density_20c:lv1(0.977); gc_fid:pls:saturates:lv1(0.960); gc_fid:pls:bp_50:lv1(0.951); gc_fid:pls:bp_80:lv1(0.951); gc_fid:pls:bp_35:lv1(0.951); gc_fid:pls:bp_65:lv1(0.951); gc_fid:pls:bp_20:lv1(0.949); gc_fid:pca:pc1(0.923),petroleum_fraction_db_047,BP_50,analysis_only,correlation_weighted
3,petroleum_fraction_db_059,0.805595,481.0,74,gc_fid:pca:pc1; gc_fid:pca:pc2; gc_fid:pca:pc3; gc_fid:pca:pc4; gc_fid:pca:pc5; gc_fid:pls:bp_20:lv1; gc_fid:pls:bp_20:lv2; gc_fid:pls:bp_20:lv3; gc_fid:pls:bp_20:lv4; gc_fid:pls:bp_35:lv1; gc_fid:pls:bp_35:lv2; gc_fid:pls:bp_35:lv3,gc_fid:pls:density_20c:lv1(0.977); gc_fid:pls:saturates:lv1(0.960); gc_fid:pls:bp_50:lv1(0.951); gc_fid:pls:bp_80:lv1(0.951); gc_fid:pls:bp_35:lv1(0.951); gc_fid:pls:bp_65:lv1(0.951); gc_fid:pls:bp_20:lv1(0.949); gc_fid:pca:pc1(0.923),petroleum_fraction_db_047,BP_50,analysis_only,correlation_weighted
4,petroleum_fraction_db_064,0.825742,494.0,74,gc_fid:pca:pc1; gc_fid:pca:pc2; gc_fid:pca:pc3; gc_fid:pca:pc4; gc_fid:pca:pc5; gc_fid:pls:bp_20:lv1; gc_fid:pls:bp_20:lv2; gc_fid:pls:bp_20:lv3; gc_fid:pls:bp_20:lv4; gc_fid:pls:bp_35:lv1; gc_fid:pls:bp_35:lv2; gc_fid:pls:bp_35:lv3,gc_fid:pls:density_20c:lv1(0.977); gc_fid:pls:saturates:lv1(0.960); gc_fid:pls:bp_50:lv1(0.951); gc_fid:pls:bp_80:lv1(0.951); gc_fid:pls:bp_35:lv1(0.951); gc_fid:pls:bp_65:lv1(0.951); gc_fid:pls:bp_20:lv1(0.949); gc_fid:pca:pc1(0.923),petroleum_fraction_db_047,BP_50,analysis_only,correlation_weighted
1,petroleum_fraction_db_060,0.784694,524.4,80,bulk_property:bp_20; bulk_property:bp_35; bulk_property:bp_65; bulk_property:bp_80; bulk_property:density_20c; bulk_property:saturates; gc_fid:pca:pc1; gc_fid:pca:pc2; gc_fid:pca:pc3; gc_fid:pca:pc4; gc_fid:pca:pc5; gc_fid:pls:bp_20:lv1,bulk_property:bp_20(1.000); bulk_property:bp_35(1.000); bulk_property:bp_65(1.000); bulk_property:bp_80(1.000); bulk_property:density_20c(1.000); bulk_property:saturates(1.000); gc_fid:pca:pc1(1.000); gc_fid:pca:pc2(1.000),petroleum_fraction_db_047,BP_50,analysis_plus_non_target_bulk,equal_weight
2,petroleum_fraction_db_034,0.869645,494.6,80,bulk_property:bp_20; bulk_property:bp_35; bulk_property:bp_65; bulk_property:bp_80; bulk_property:density_20c; bulk_property:saturates; gc_fid:pca:pc1; gc_fid:pca:pc2; gc_fid:pca:pc3; gc_fid:pca:pc4; gc_fid:pca:pc5; gc_fid:pls:bp_20:lv1,bulk_property:bp_20(1.000); bulk_property:bp_35(1.000); bulk_property:bp_65(1.000); bulk_property:bp_80(1.000); bulk_property:density_20c(1.000); bulk_property:saturates(1.000); gc_fid:pca:pc1(1.000); gc_fid:pca:pc2(1.000),petroleum_fraction_db_047,BP_50,analysis_plus_non_target_bulk,equal_weight
3,petroleum_fraction_db_064,0.987828,494.0,80,bulk_property:bp_20; bulk_property:bp_35; bulk_property:bp_65; bulk_property:bp_80; bulk_property:density_20c; bulk_property:saturates; gc_fid:pca:pc1; gc_fid:pca:pc2; gc_fid:pca:pc3; gc_fid:pca:pc4; gc_fid:pca:pc5; gc_fid:pls:bp_20:lv1,bulk_property:bp_20(1.000); bulk_property:bp_35(1.000); bulk_property:bp_65(1.000); bulk_property:bp_80(1.000); bulk_property:density_20c(1.000); bulk_property:saturates(1.000); gc_fid:pca:pc1(1.000); gc_fid:pca:pc2(1.000),petroleum_fraction_db_047,BP_50,analysis_plus_non_target_bulk,equal_weight
4,petroleum_fraction_db_059,1.004411,481.0,80,bulk_property:bp_20; bulk_property:bp_35; bulk_property:bp_65; bulk_property:bp_80; bulk_property:density_20c; bulk_property:saturates; gc_fid:pca:pc1; gc_fid:pca:pc2; gc_fid:pca:pc3; gc_fid:pca:pc4; gc_fid:pca:pc5; gc_fid:pls:bp_20:lv1,bulk_property:bp_20(1.000); bulk_property:bp_35(1.000); bulk_property:bp_65(1.000); bulk_property:bp_80(1.000); bulk_property:density_20c(1.000); bulk_property:saturates(1.000); gc_fid:pca:pc1(1.000); gc_fid:pca:pc2(1.000),petroleum_fraction_db_047,BP_50,analysis_plus_non_target_bulk,equal_weight
1,petroleum_fraction_db_060,0.700048,524.4,80,bulk_property:bp_20; bulk_property:bp_35; bulk_property:bp_65; bulk_property:bp_80; bulk_property:density_20c; bulk_property:saturates; gc_fid:pca:pc1; gc_fid:pca:pc2; gc_fid:pca:pc3; gc_fid:pca:pc4; gc_fid:pca:pc5; gc_fid:pls:bp_20:lv1,bulk_property:bp_65(1.042); bulk_property:bp_35(1.040); bulk_property:bp_80(1.018); bulk_property:bp_20(1.015); gc_fid:pls:density_20c:lv1(0.977); gc_fid:pls:saturates:lv1(0.960); gc_fid:pls:bp_50:lv1(0.951); gc_fid:pls:bp_80:lv1(0.951),petroleum_fraction_db_047,BP_50,analysis_plus_non_target_bulk,correlation_weighted
2,petroleum_fraction_db_034,0.774174,494.6,80,bulk_property:bp_20; bulk_property:bp_35; bulk_property:bp_65; bulk_property:bp_80; bulk_property:density_20c; bulk_property:saturates; gc_fid:pca:pc1; gc_fid:pca:pc2; gc_fid:pca:pc3; gc_fid:pca:pc4; gc_fid:pca:pc5; gc_fid:pls:bp_20:lv1,bulk_property:bp_65(1.042); bulk_property:bp_35(1.040); bulk_property:bp_80(1.018); bulk_property:bp_20(1.015); gc_fid:pls:density_20c:lv1(0.977); gc_fid:pls:saturates:lv1(0.960); gc_fid:pls:bp_50:lv1(0.951); gc_fid:pls:bp_80:lv1(0.951),petroleum_fraction_db_047,BP_50,analysis_plus_non_target_bulk,correlation_weighted
3,petroleum_fraction_db_064,0.799276,494.0,80,bulk_property:bp_20; bulk_property:bp_35; bulk_property:bp_65; bulk_property:bp_80; bulk_property:density_20c; bulk_property:saturates; gc_fid:pca:pc1; gc_fid:pca:pc2; gc_fid:pca:pc3; gc_fid:pca:pc4; gc_fid:pca:pc5; gc_fid:pls:bp_20:lv1,bulk_property:bp_65(1.042); bulk_property:bp_35(1.040); bulk_property:bp_80(1.018); bulk_property:bp_20(1.015); gc_fid:pls:density_20c:lv1(0.977); gc_fid:pls:saturates:lv1(0.960); gc_fid:pls:bp_50:lv1(0.951); gc_fid:pls:bp_80:lv1(0.951),petroleum_fraction_db_047,BP_50,analysis_plus_non_target_bulk,correlation_weighted
4,petroleum_fraction_db_059,0.801846,481.0,80,bulk_property:bp_20; bulk_property:bp_35; bulk_property:bp_65; bulk_property:bp_80; bulk_property:density_20c; bulk_property:saturates; gc_fid:pca:pc1; gc_fid:pca:pc2; gc_fid:pca:pc3; gc_fid:pca:pc4; gc_fid:pca:pc5; gc_fid:pls:bp_20:lv1,bulk_property:bp_65(1.042); bulk_property:bp_35(1.040); bulk_property:bp_80(1.018); bulk_property:bp_20(1.015); gc_fid:pls:density_20c:lv1(0.977); gc_fid:pls:saturates:lv1(0.960); gc_fid:pls:bp_50:lv1(0.951); gc_fid:pls:bp_80:lv1(0.951),petroleum_fraction_db_047,BP_50,analysis_plus_non_target_bulk,correlation_weighted
1,petroleum_fraction_db_060,0.787832,558.8,74,gc_fid:pca:pc1; gc_fid:pca:pc2; gc_fid:pca:pc3; gc_fid:pca:pc4; gc_fid:pca:pc5; gc_fid:pls:bp_20:lv1; gc_fid:pls:bp_20:lv2; gc_fid:pls:bp_20:lv3; gc_fid:pls:bp_20:lv4; gc_fid:pls:bp_35:lv1; gc_fid:pls:bp_35:lv2; gc_fid:pls:bp_35:lv3,gc_fid:pca:pc1(1.000); gc_fid:pca:pc2(1.000); gc_fid:pca:pc3(1.000); gc_fid:pca:pc4(1.000); gc_fid:pca:pc5(1.000); gc_fid:pls:bp_20:lv1(1.000); gc_fid:pls:bp_20:lv2(1.000); gc_fid:pls:bp_20:lv3(1.000),petroleum_fraction_db_047,BP_65,analysis_only,equal_weight
2,petroleum_fraction_db_034,0.882947,514.8,74,gc_fid:pca:pc1; gc_fid:pca:pc2; gc_fid:pca:pc3; gc_fid:pca:pc4; gc_fid:pca:pc5; gc_fid:pls:bp_20:lv1; gc_fid:pls:bp_20:lv2; gc_fid:pls:bp_20:lv3; gc_fid:pls:bp_20:lv4; gc_fid:pls:bp_35:lv1; gc_fid:pls:bp_35:lv2; gc_fid:pls:bp_35:lv3,gc_fid:pca:pc1(1.000); gc_fid:pca:pc2(1.000); gc_fid:pca:pc3(1.000); gc_fid:pca:pc4(1.000); gc_fid:pca:pc5(1.000); gc_fid:pls:bp_20:lv1(1.000); gc_fid:pls:bp_20:lv2(1.000); gc_fid:pls:bp_20:lv3(1.000),petroleum_fraction_db_047,BP_65,analysis_only,equal_weight
3,petroleum_fraction_db_064,1.009229,505.4,74,gc_fid:pca:pc1; gc_fid:pca:pc2; gc_fid:pca:pc3; gc_fid:pca:pc4; gc_fid:pca:pc5; gc_fid:pls:bp_20:lv1; gc_fid:pls:bp_20:lv2; gc_fid:pls:bp_20:lv3; gc_fid:pls:bp_20:lv4; gc_fid:pls:bp_35:lv1; gc_fid:pls:bp_35:lv2; gc_fid:pls:bp_35:lv3,gc_fid:pca:pc1(1.000); gc_fid:pca:pc2(1.000); gc_fid:pca:pc3(1.000); gc_fid:pca:pc4(1.000); gc_fid:pca:pc5(1.000); gc_fid:pls:bp_20:lv1(1.000); gc_fid:pls:bp_20:lv2(1.000); gc_fid:pls:bp_20:lv3(1.000),petroleum_fraction_db_047,BP_65,analysis_only,equal_weight
4,petroleum_fraction_db_059,1.019981,498.2,74,gc_fid:pca:pc1; gc_fid:pca:pc2; gc_fid:pca:pc3; gc_fid:pca:pc4; gc_fid:pca:pc5; gc_fid:pls:bp_20:lv1; gc_fid:pls:bp_20:lv2; gc_fid:pls:bp_20:lv3; gc_fid:pls:bp_20:lv4; gc_fid:pls:bp_35:lv1; gc_fid:pls:bp_35:lv2; gc_fid:pls:bp_35:lv3,gc_fid:pca:pc1(1.000); gc_fid:pca:pc2(1.000); gc_fid:pca:pc3(1.000); gc_fid:pca:pc4(1.000); gc_fid:pca:pc5(1.000); gc_fid:pls:bp_20:lv1(1.000); gc_fid:pls:bp_20:lv2(1.000); gc_fid:pls:bp_20:lv3(1.000),petroleum_fraction_db_047,BP_65,analysis_only,equal_weight
1,petroleum_fraction_db_060,0.681017,558.8,74,gc_fid:pca:pc1; gc_fid:pca:pc2; gc_fid:pca:pc3; gc_fid:pca:pc4; gc_fid:pca:pc5; gc_fid:pls:bp_20:lv1; gc_fid:pls:bp_20:lv2; gc_fid:pls:bp_20:lv3; gc_fid:pls:bp_20:lv4; gc_fid:pls:bp_35:lv1; gc_fid:pls:bp_35:lv2; gc_fid:pls:bp_35:lv3,gc_fid:pls:density_20c:lv1(0.980); gc_fid:pls:saturates:lv1(0.965); gc_fid:pls:bp_80:lv1(0.952); gc_fid:pls:bp_65:lv1(0.951); gc_fid:pls:bp_50:lv1(0.951); gc_fid:pls:bp_35:lv1(0.950); gc_fid:pls:bp_20:lv1(0.947); gc_fid:pca:pc1(0.922),petroleum_fraction_db_047,BP_65,analysis_only,correlation_weighted
2,petroleum_fraction_db_034,0.789562,514.8,74,gc_fid:pca:pc1; gc_fid:pca:pc2; gc_fid:pca:pc3; gc_fid:pca:pc4; gc_fid:pca:pc5; gc_fid:pls:bp_20:lv1; gc_fid:pls:bp_20:lv2; gc_fid:pls:bp_20:lv3; gc_fid:pls:bp_20:lv4; gc_fid:pls:bp_35:lv1; gc_fid:pls:bp_35:lv2; gc_fid:pls:bp_35:lv3,gc_fid:pls:density_20c:lv1(0.980); gc_fid:pls:saturates:lv1(0.965); gc_fid:pls:bp_80:lv1(0.952); gc_fid:pls:bp_65:lv1(0.951); gc_fid:pls:bp_50:lv1(0.951); gc_fid:pls:bp_35:lv1(0.950); gc_fid:pls:bp_20:lv1(0.947); gc_fid:pca:pc1(0.922),petroleum_fraction_db_047,BP_65,analysis_only,correlation_weighted
3,petroleum_fraction_db_059,0.812826,498.2,74,gc_fid:pca:pc1; gc_fid:pca:pc2; gc_fid:pca:pc3; gc_fid:pca:pc4; gc_fid:pca:pc5; gc_fid:pls:bp_20:lv1; gc_fid:pls:bp_20:lv2; gc_fid:pls:bp_20:lv3; gc_fid:pls:bp_20:lv4; gc_fid:pls:bp_35:lv1; gc_fid:pls:bp_35:lv2; gc_fid:pls:bp_35:lv3,gc_fid:pls:density_20c:lv1(0.980); gc_fid:pls:saturates:lv1(0.965); gc_fid:pls:bp_80:lv1(0.952); gc_fid:pls:bp_65:lv1(0.951); gc_fid:pls:bp_50:lv1(0.951); gc_fid:pls:bp_35:lv1(0.950); gc_fid:pls:bp_20:lv1(0.947); gc_fid:pca:pc1(0.922),petroleum_fraction_db_047,BP_65,analysis_only,correlation_weighted
4,petroleum_fraction_db_064,0.822188,505.4,74,gc_fid:pca:pc1; gc_fid:pca:pc2; gc_fid:pca:pc3; gc_fid:pca:pc4; gc_fid:pca:pc5; gc_fid:pls:bp_20:lv1; gc_fid:pls:bp_20:lv2; gc_fid:pls:bp_20:lv3; gc_fid:pls:bp_20:lv4; gc_fid:pls:bp_35:lv1; gc_fid:pls:bp_35:lv2; gc_fid:pls:bp_35:lv3,gc_fid:pls:density_20c:lv1(0.980); gc_fid:pls:saturates:lv1(0.965); gc_fid:pls:bp_80:lv1(0.952); gc_fid:pls:bp_65:lv1(0.951); gc_fid:pls:bp_50:lv1(0.951); gc_fid:pls:bp_35:lv1(0.950); gc_fid:pls:bp_20:lv1(0.947); gc_fid:pca:pc1(0.922),petroleum_fraction_db_047,BP_65,analysis_only,correlation_weighted
1,petroleum_fraction_db_060,0.783381,558.8,80,bulk_property:bp_20; bulk_property:bp_35; bulk_property:bp_50; bulk_property:bp_80; bulk_property:density_20c; bulk_property:saturates; gc_fid:pca:pc1; gc_fid:pca:pc2; gc_fid:pca:pc3; gc_fid:pca:pc4; gc_fid:pca:pc5; gc_fid:pls:bp_20:lv1,bulk_property:bp_20(1.000); bulk_property:bp_35(1.000); bulk_property:bp_50(1.000); bulk_property:bp_80(1.000); bulk_property:density_20c(1.000); bulk_property:saturates(1.000); gc_fid:pca:pc1(1.000); gc_fid:pca:pc2(1.000),petroleum_fraction_db_047,BP_65,analysis_plus_non_target_bulk,equal_weight
2,petroleum_fraction_db_034,0.870867,514.8,80,bulk_property:bp_20; bulk_property:bp_35; bulk_property:bp_50; bulk_property:bp_80; bulk_property:density_20c; bulk_property:saturates; gc_fid:pca:pc1; gc_fid:pca:pc2; gc_fid:pca:pc3; gc_fid:pca:pc4; gc_fid:pca:pc5; gc_fid:pls:bp_20:lv1,bulk_property:bp_20(1.000); bulk_property:bp_35(1.000); bulk_property:bp_50(1.000); bulk_property:bp_80(1.000); bulk_property:density_20c(1.000); bulk_property:saturates(1.000); gc_fid:pca:pc1(1.000); gc_fid:pca:pc2(1.000),petroleum_fraction_db_047,BP_65,analysis_plus_non_target_bulk,equal_weight
3,petroleum_fraction_db_064,0.988173,505.4,80,bulk_property:bp_20; bulk_property:bp_35; bulk_property:bp_50; bulk_property:bp_80; bulk_property:density_20c; bulk_property:saturates; gc_fid:pca:pc1; gc_fid:pca:pc2; gc_fid:pca:pc3; gc_fid:pca:pc4; gc_fid:pca:pc5; gc_fid:pls:bp_20:lv1,bulk_property:bp_20(1.000); bulk_property:bp_35(1.000); bulk_property:bp_50(1.000); bulk_property:bp_80(1.000); bulk_property:density_20c(1.000); bulk_property:saturates(1.000); gc_fid:pca:pc1(1.000); gc_fid:pca:pc2(1.000),petroleum_fraction_db_047,BP_65,analysis_plus_non_target_bulk,equal_weight
4,petroleum_fraction_db_059,1.00574,498.2,80,bulk_property:bp_20; bulk_property:bp_35; bulk_property:bp_50; bulk_property:bp_80; bulk_property:density_20c; bulk_property:saturates; gc_fid:pca:pc1; gc_fid:pca:pc2; gc_fid:pca:pc3; gc_fid:pca:pc4; gc_fid:pca:pc5; gc_fid:pls:bp_20:lv1,bulk_property:bp_20(1.000); bulk_property:bp_35(1.000); bulk_property:bp_50(1.000); bulk_property:bp_80(1.000); bulk_property:density_20c(1.000); bulk_property:saturates(1.000); gc_fid:pca:pc1(1.000); gc_fid:pca:pc2(1.000),petroleum_fraction_db_047,BP_65,analysis_plus_non_target_bulk,equal_weight
1,petroleum_fraction_db_060,0.700069,558.8,80,bulk_property:bp_20; bulk_property:bp_35; bulk_property:bp_50; bulk_property:bp_80; bulk_property:density_20c; bulk_property:saturates; gc_fid:pca:pc1; gc_fid:pca:pc2; gc_fid:pca:pc3; gc_fid:pca:pc4; gc_fid:pca:pc5; gc_fid:pls:bp_20:lv1,bulk_property:bp_50(1.042); bulk_property:bp_80(1.039); bulk_property:bp_35(1.020); bulk_property:bp_20(0.986); gc_fid:pls:density_20c:lv1(0.980); gc_fid:pls:saturates:lv1(0.965); gc_fid:pls:bp_80:lv1(0.952); gc_fid:pls:bp_65:lv1(0.951),petroleum_fraction_db_047,BP_65,analysis_plus_non_target_bulk,correlation_weighted
2,petroleum_fraction_db_034,0.778409,514.8,80,bulk_property:bp_20; bulk_property:bp_35; bulk_property:bp_50; bulk_property:bp_80; bulk_property:density_20c; bulk_property:saturates; gc_fid:pca:pc1; gc_fid:pca:pc2; gc_fid:pca:pc3; gc_fid:pca:pc4; gc_fid:pca:pc5; gc_fid:pls:bp_20:lv1,bulk_property:bp_50(1.042); bulk_property:bp_80(1.039); bulk_property:bp_35(1.020); bulk_property:bp_20(0.986); gc_fid:pls:density_20c:lv1(0.980); gc_fid:pls:saturates:lv1(0.965); gc_fid:pls:bp_80:lv1(0.952); gc_fid:pls:bp_65:lv1(0.951),petroleum_fraction_db_047,BP_65,analysis_plus_non_target_bulk,correlation_weighted
3,petroleum_fraction_db_064,0.79724,505.4,80,bulk_property:bp_20; bulk_property:bp_35; bulk_property:bp_50; bulk_property:bp_80; bulk_property:density_20c; bulk_property:saturates; gc_fid:pca:pc1; gc_fid:pca:pc2; gc_fid:pca:pc3; gc_fid:pca:pc4; gc_fid:pca:pc5; gc_fid:pls:bp_20:lv1,bulk_property:bp_50(1.042); bulk_property:bp_80(1.039); bulk_property:bp_35(1.020); bulk_property:bp_20(0.986); gc_fid:pls:density_20c:lv1(0.980); gc_fid:pls:saturates:lv1(0.965); gc_fid:pls:bp_80:lv1(0.952); gc_fid:pls:bp_65:lv1(0.951),petroleum_fraction_db_047,BP_65,analysis_plus_non_target_bulk,correlation_weighted
4,petroleum_fraction_db_059,0.81227,498.2,80,bulk_property:bp_20; bulk_property:bp_35; bulk_property:bp_50; bulk_property:bp_80; bulk_property:density_20c; bulk_property:saturates; gc_fid:pca:pc1; gc_fid:pca:pc2; gc_fid:pca:pc3; gc_fid:pca:pc4; gc_fid:pca:pc5; gc_fid:pls:bp_20:lv1,bulk_property:bp_50(1.042); bulk_property:bp_80(1.039); bulk_property:bp_35(1.020); bulk_property:bp_20(0.986); gc_fid:pls:density_20c:lv1(0.980); gc_fid:pls:saturates:lv1(0.965); gc_fid:pls:bp_80:lv1(0.952); gc_fid:pls:bp_65:lv1(0.951),petroleum_fraction_db_047,BP_65,analysis_plus_non_target_bulk,correlation_weighted
1,petroleum_fraction_db_060,0.787832,607.0,74,gc_fid:pca:pc1; gc_fid:pca:pc2; gc_fid:pca:pc3; gc_fid:pca:pc4; gc_fid:pca:pc5; gc_fid:pls:bp_20:lv1; gc_fid:pls:bp_20:lv2; gc_fid:pls:bp_20:lv3; gc_fid:pls:bp_20:lv4; gc_fid:pls:bp_35:lv1; gc_fid:pls:bp_35:lv2; gc_fid:pls:bp_35:lv3,gc_fid:pca:pc1(1.000); gc_fid:pca:pc2(1.000); gc_fid:pca:pc3(1.000); gc_fid:pca:pc4(1.000); gc_fid:pca:pc5(1.000); gc_fid:pls:bp_20:lv1(1.000); gc_fid:pls:bp_20:lv2(1.000); gc_fid:pls:bp_20:lv3(1.000),petroleum_fraction_db_047,BP_80,analysis_only,equal_weight
2,petroleum_fraction_db_034,0.882947,536.0,74,gc_fid:pca:pc1; gc_fid:pca:pc2; gc_fid:pca:pc3; gc_fid:pca:pc4; gc_fid:pca:pc5; gc_fid:pls:bp_20:lv1; gc_fid:pls:bp_20:lv2; gc_fid:pls:bp_20:lv3; gc_fid:pls:bp_20:lv4; gc_fid:pls:bp_35:lv1; gc_fid:pls:bp_35:lv2; gc_fid:pls:bp_35:lv3,gc_fid:pca:pc1(1.000); gc_fid:pca:pc2(1.000); gc_fid:pca:pc3(1.000); gc_fid:pca:pc4(1.000); gc_fid:pca:pc5(1.000); gc_fid:pls:bp_20:lv1(1.000); gc_fid:pls:bp_20:lv2(1.000); gc_fid:pls:bp_20:lv3(1.000),petroleum_fraction_db_047,BP_80,analysis_only,equal_weight
3,petroleum_fraction_db_064,1.009229,523.2,74,gc_fid:pca:pc1; gc_fid:pca:pc2; gc_fid:pca:pc3; gc_fid:pca:pc4; gc_fid:pca:pc5; gc_fid:pls:bp_20:lv1; gc_fid:pls:bp_20:lv2; gc_fid:pls:bp_20:lv3; gc_fid:pls:bp_20:lv4; gc_fid:pls:bp_35:lv1; gc_fid:pls:bp_35:lv2; gc_fid:pls:bp_35:lv3,gc_fid:pca:pc1(1.000); gc_fid:pca:pc2(1.000); gc_fid:pca:pc3(1.000); gc_fid:pca:pc4(1.000); gc_fid:pca:pc5(1.000); gc_fid:pls:bp_20:lv1(1.000); gc_fid:pls:bp_20:lv2(1.000); gc_fid:pls:bp_20:lv3(1.000),petroleum_fraction_db_047,BP_80,analysis_only,equal_weight
4,petroleum_fraction_db_059,1.019981,518.8,74,gc_fid:pca:pc1; gc_fid:pca:pc2; gc_fid:pca:pc3; gc_fid:pca:pc4; gc_fid:pca:pc5; gc_fid:pls:bp_20:lv1; gc_fid:pls:bp_20:lv2; gc_fid:pls:bp_20:lv3; gc_fid:pls:bp_20:lv4; gc_fid:pls:bp_35:lv1; gc_fid:pls:bp_35:lv2; gc_fid:pls:bp_35:lv3,gc_fid:pca:pc1(1.000); gc_fid:pca:pc2(1.000); gc_fid:pca:pc3(1.000); gc_fid:pca:pc4(1.000); gc_fid:pca:pc5(1.000); gc_fid:pls:bp_20:lv1(1.000); gc_fid:pls:bp_20:lv2(1.000); gc_fid:pls:bp_20:lv3(1.000),petroleum_fraction_db_047,BP_80,analysis_only,equal_weight
1,petroleum_fraction_db_060,0.694638,607.0,74,gc_fid:pca:pc1; gc_fid:pca:pc2; gc_fid:pca:pc3; gc_fid:pca:pc4; gc_fid:pca:pc5; gc_fid:pls:bp_20:lv1; gc_fid:pls:bp_20:lv2; gc_fid:pls:bp_20:lv3; gc_fid:pls:bp_20:lv4; gc_fid:pls:bp_35:lv1; gc_fid:pls:bp_35:lv2; gc_fid:pls:bp_35:lv3,gc_fid:pls:density_20c:lv1(0.973); gc_fid:pls:saturates:lv1(0.962); gc_fid:pls:bp_80:lv1(0.945); gc_fid:pls:bp_65:lv1(0.942); gc_fid:pls:bp_50:lv1(0.941); gc_fid:pls:bp_35:lv1(0.939); gc_fid:pls:bp_20:lv1(0.935); gc_fid:pca:pc1(0.913),petroleum_fraction_db_047,BP_80,analysis_only,correlation_weighted
2,petroleum_fraction_db_034,0.789187,536.0,74,gc_fid:pca:pc1; gc_fid:pca:pc2; gc_fid:pca:pc3; gc_fid:pca:pc4; gc_fid:pca:pc5; gc_fid:pls:bp_20:lv1; gc_fid:pls:bp_20:lv2; gc_fid:pls:bp_20:lv3; gc_fid:pls:bp_20:lv4; gc_fid:pls:bp_35:lv1; gc_fid:pls:bp_35:lv2; gc_fid:pls:bp_35:lv3,gc_fid:pls:density_20c:lv1(0.973); gc_fid:pls:saturates:lv1(0.962); gc_fid:pls:bp_80:lv1(0.945); gc_fid:pls:bp_65:lv1(0.942); gc_fid:pls:bp_50:lv1(0.941); gc_fid:pls:bp_35:lv1(0.939); gc_fid:pls:bp_20:lv1(0.935); gc_fid:pca:pc1(0.913),petroleum_fraction_db_047,BP_80,analysis_only,correlation_weighted
3,petroleum_fraction_db_064,0.814713,523.2,74,gc_fid:pca:pc1; gc_fid:pca:pc2; gc_fid:pca:pc3; gc_fid:pca:pc4; gc_fid:pca:pc5; gc_fid:pls:bp_20:lv1; gc_fid:pls:bp_20:lv2; gc_fid:pls:bp_20:lv3; gc_fid:pls:bp_20:lv4; gc_fid:pls:bp_35:lv1; gc_fid:pls:bp_35:lv2; gc_fid:pls:bp_35:lv3,gc_fid:pls:density_20c:lv1(0.973); gc_fid:pls:saturates:lv1(0.962); gc_fid:pls:bp_80:lv1(0.945); gc_fid:pls:bp_65:lv1(0.942); gc_fid:pls:bp_50:lv1(0.941); gc_fid:pls:bp_35:lv1(0.939); gc_fid:pls:bp_20:lv1(0.935); gc_fid:pca:pc1(0.913),petroleum_fraction_db_047,BP_80,analysis_only,correlation_weighted
4,petroleum_fraction_db_059,0.824806,518.8,74,gc_fid:pca:pc1; gc_fid:pca:pc2; gc_fid:pca:pc3; gc_fid:pca:pc4; gc_fid:pca:pc5; gc_fid:pls:bp_20:lv1; gc_fid:pls:bp_20:lv2; gc_fid:pls:bp_20:lv3; gc_fid:pls:bp_20:lv4; gc_fid:pls:bp_35:lv1; gc_fid:pls:bp_35:lv2; gc_fid:pls:bp_35:lv3,gc_fid:pls:density_20c:lv1(0.973); gc_fid:pls:saturates:lv1(0.962); gc_fid:pls:bp_80:lv1(0.945); gc_fid:pls:bp_65:lv1(0.942); gc_fid:pls:bp_50:lv1(0.941); gc_fid:pls:bp_35:lv1(0.939); gc_fid:pls:bp_20:lv1(0.935); gc_fid:pca:pc1(0.913),petroleum_fraction_db_047,BP_80,analysis_only,correlation_weighted
1,petroleum_fraction_db_060,0.777536,607.0,80,bulk_property:bp_20; bulk_property:bp_35; bulk_property:bp_50; bulk_property:bp_65; bulk_property:density_20c; bulk_property:saturates; gc_fid:pca:pc1; gc_fid:pca:pc2; gc_fid:pca:pc3; gc_fid:pca:pc4; gc_fid:pca:pc5; gc_fid:pls:bp_20:lv1,bulk_property:bp_20(1.000); bulk_property:bp_35(1.000); bulk_property:bp_50(1.000); bulk_property:bp_65(1.000); bulk_property:density_20c(1.000); bulk_property:saturates(1.000); gc_fid:pca:pc1(1.000); gc_fid:pca:pc2(1.000),petroleum_fraction_db_047,BP_80,analysis_plus_non_target_bulk,equal_weight
2,petroleum_fraction_db_034,0.87148,536.0,80,bulk_property:bp_20; bulk_property:bp_35; bulk_property:bp_50; bulk_property:bp_65; bulk_property:density_20c; bulk_property:saturates; gc_fid:pca:pc1; gc_fid:pca:pc2; gc_fid:pca:pc3; gc_fid:pca:pc4; gc_fid:pca:pc5; gc_fid:pls:bp_20:lv1,bulk_property:bp_20(1.000); bulk_property:bp_35(1.000); bulk_property:bp_50(1.000); bulk_property:bp_65(1.000); bulk_property:density_20c(1.000); bulk_property:saturates(1.000); gc_fid:pca:pc1(1.000); gc_fid:pca:pc2(1.000),petroleum_fraction_db_047,BP_80,analysis_plus_non_target_bulk,equal_weight
3,petroleum_fraction_db_064,0.988909,523.2,80,bulk_property:bp_20; bulk_property:bp_35; bulk_property:bp_50; bulk_property:bp_65; bulk_property:density_20c; bulk_property:saturates; gc_fid:pca:pc1; gc_fid:pca:pc2; gc_fid:pca:pc3; gc_fid:pca:pc4; gc_fid:pca:pc5; gc_fid:pls:bp_20:lv1,bulk_property:bp_20(1.000); bulk_property:bp_35(1.000); bulk_property:bp_50(1.000); bulk_property:bp_65(1.000); bulk_property:density_20c(1.000); bulk_property:saturates(1.000); gc_fid:pca:pc1(1.000); gc_fid:pca:pc2(1.000),petroleum_fraction_db_047,BP_80,analysis_plus_non_target_bulk,equal_weight
4,petroleum_fraction_db_059,1.006954,518.8,80,bulk_property:bp_20; bulk_property:bp_35; bulk_property:bp_50; bulk_property:bp_65; bulk_property:density_20c; bulk_property:saturates; gc_fid:pca:pc1; gc_fid:pca:pc2; gc_fid:pca:pc3; gc_fid:pca:pc4; gc_fid:pca:pc5; gc_fid:pls:bp_20:lv1,bulk_property:bp_20(1.000); bulk_property:bp_35(1.000); bulk_property:bp_50(1.000); bulk_property:bp_65(1.000); bulk_property:density_20c(1.000); bulk_property:saturates(1.000); gc_fid:pca:pc1(1.000); gc_fid:pca:pc2(1.000),petroleum_fraction_db_047,BP_80,analysis_plus_non_target_bulk,equal_weight
1,petroleum_fraction_db_060,0.692302,607.0,80,bulk_property:bp_20; bulk_property:bp_35; bulk_property:bp_50; bulk_property:bp_65; bulk_property:density_20c; bulk_property:saturates; gc_fid:pca:pc1; gc_fid:pca:pc2; gc_fid:pca:pc3; gc_fid:pca:pc4; gc_fid:pca:pc5; gc_fid:pls:bp_20:lv1,bulk_property:bp_65(1.039); bulk_property:bp_50(1.018); bulk_property:bp_35(0.982); gc_fid:pls:density_20c:lv1(0.973); gc_fid:pls:saturates:lv1(0.962); gc_fid:pls:bp_80:lv1(0.945); gc_fid:pls:bp_65:lv1(0.942); gc_fid:pls:bp_50:lv1(0.941),petroleum_fraction_db_047,BP_80,analysis_plus_non_target_bulk,correlation_weighted
2,petroleum_fraction_db_034,0.779226,536.0,80,bulk_property:bp_20; bulk_property:bp_35; bulk_property:bp_50; bulk_property:bp_65; bulk_property:density_20c; bulk_property:saturates; gc_fid:pca:pc1; gc_fid:pca:pc2; gc_fid:pca:pc3; gc_fid:pca:pc4; gc_fid:pca:pc5; gc_fid:pls:bp_20:lv1,bulk_property:bp_65(1.039); bulk_property:bp_50(1.018); bulk_property:bp_35(0.982); gc_fid:pls:density_20c:lv1(0.973); gc_fid:pls:saturates:lv1(0.962); gc_fid:pls:bp_80:lv1(0.945); gc_fid:pls:bp_65:lv1(0.942); gc_fid:pls:bp_50:lv1(0.941),petroleum_fraction_db_047,BP_80,analysis_plus_non_target_bulk,correlation_weighted
3,petroleum_fraction_db_064,0.793624,523.2,80,bulk_property:bp_20; bulk_property:bp_35; bulk_property:bp_50; bulk_property:bp_65; bulk_property:density_20c; bulk_property:saturates; gc_fid:pca:pc1; gc_fid:pca:pc2; gc_fid:pca:pc3; gc_fid:pca:pc4; gc_fid:pca:pc5; gc_fid:pls:bp_20:lv1,bulk_property:bp_65(1.039); bulk_property:bp_50(1.018); bulk_property:bp_35(0.982); gc_fid:pls:density_20c:lv1(0.973); gc_fid:pls:saturates:lv1(0.962); gc_fid:pls:bp_80:lv1(0.945); gc_fid:pls:bp_65:lv1(0.942); gc_fid:pls:bp_50:lv1(0.941),petroleum_fraction_db_047,BP_80,analysis_plus_non_target_bulk,correlation_weighted
4,petroleum_fraction_db_059,0.826317,518.8,80,bulk_property:bp_20; bulk_property:bp_35; bulk_property:bp_50; bulk_property:bp_65; bulk_property:density_20c; bulk_property:saturates; gc_fid:pca:pc1; gc_fid:pca:pc2; gc_fid:pca:pc3; gc_fid:pca:pc4; gc_fid:pca:pc5; gc_fid:pls:bp_20:lv1,bulk_property:bp_65(1.039); bulk_property:bp_50(1.018); bulk_property:bp_35(0.982); gc_fid:pls:density_20c:lv1(0.973); gc_fid:pls:saturates:lv1(0.962); gc_fid:pls:bp_80:lv1(0.945); gc_fid:pls:bp_65:lv1(0.942); gc_fid:pls:bp_50:lv1(0.941),petroleum_fraction_db_047,BP_80,analysis_plus_non_target_bulk,correlation_weighted
1,petroleum_fraction_db_042,0.374452,0.8366,74,gc_fid:pca:pc1; gc_fid:pca:pc2; gc_fid:pca:pc3; gc_fid:pca:pc4; gc_fid:pca:pc5; gc_fid:pls:bp_20:lv1; gc_fid:pls:bp_20:lv2; gc_fid:pls:bp_20:lv3; gc_fid:pls:bp_20:lv4; gc_fid:pls:bp_35:lv1; gc_fid:pls:bp_35:lv2; gc_fid:pls:bp_35:lv3,gc_fid:pca:pc1(1.000); gc_fid:pca:pc2(1.000); gc_fid:pca:pc3(1.000); gc_fid:pca:pc4(1.000); gc_fid:pca:pc5(1.000); gc_fid:pls:bp_20:lv1(1.000); gc_fid:pls:bp_20:lv2(1.000); gc_fid:pls:bp_20:lv3(1.000),petroleum_fraction_db_048,density_20c,analysis_only,equal_weight
2,petroleum_fraction_db_049,0.557156,0.8099,74,gc_fid:pca:pc1; gc_fid:pca:pc2; gc_fid:pca:pc3; gc_fid:pca:pc4; gc_fid:pca:pc5; gc_fid:pls:bp_20:lv1; gc_fid:pls:bp_20:lv2; gc_fid:pls:bp_20:lv3; gc_fid:pls:bp_20:lv4; gc_fid:pls:bp_35:lv1; gc_fid:pls:bp_35:lv2; gc_fid:pls:bp_35:lv3,gc_fid:pca:pc1(1.000); gc_fid:pca:pc2(1.000); gc_fid:pca:pc3(1.000); gc_fid:pca:pc4(1.000); gc_fid:pca:pc5(1.000); gc_fid:pls:bp_20:lv1(1.000); gc_fid:pls:bp_20:lv2(1.000); gc_fid:pls:bp_20:lv3(1.000),petroleum_fraction_db_048,density_20c,analysis_only,equal_weight
3,petroleum_fraction_db_043,0.586955,0.8436,74,gc_fid:pca:pc1; gc_fid:pca:pc2; gc_fid:pca:pc3; gc_fid:pca:pc4; gc_fid:pca:pc5; gc_fid:pls:bp_20:lv1; gc_fid:pls:bp_20:lv2; gc_fid:pls:bp_20:lv3; gc_fid:pls:bp_20:lv4; gc_fid:pls:bp_35:lv1; gc_fid:pls:bp_35:lv2; gc_fid:pls:bp_35:lv3,gc_fid:pca:pc1(1.000); gc_fid:pca:pc2(1.000); gc_fid:pca:pc3(1.000); gc_fid:pca:pc4(1.000); gc_fid:pca:pc5(1.000); gc_fid:pls:bp_20:lv1(1.000); gc_fid:pls:bp_20:lv2(1.000); gc_fid:pls:bp_20:lv3(1.000),petroleum_fraction_db_048,density_20c,analysis_only,equal_weight
4,petroleum_fraction_db_037,0.607616,0.884,74,gc_fid:pca:pc1; gc_fid:pca:pc2; gc_fid:pca:pc3; gc_fid:pca:pc4; gc_fid:pca:pc5; gc_fid:pls:bp_20:lv1; gc_fid:pls:bp_20:lv2; gc_fid:pls:bp_20:lv3; gc_fid:pls:bp_20:lv4; gc_fid:pls:bp_35:lv1; gc_fid:pls:bp_35:lv2; gc_fid:pls:bp_35:lv3,gc_fid:pca:pc1(1.000); gc_fid:pca:pc2(1.000); gc_fid:pca:pc3(1.000); gc_fid:pca:pc4(1.000); gc_fid:pca:pc5(1.000); gc_fid:pls:bp_20:lv1(1.000); gc_fid:pls:bp_20:lv2(1.000); gc_fid:pls:bp_20:lv3(1.000),petroleum_fraction_db_048,density_20c,analysis_only,equal_weight
1,petroleum_fraction_db_042,0.343388,0.8366,74,gc_fid:pca:pc1; gc_fid:pca:pc2; gc_fid:pca:pc3; gc_fid:pca:pc4; gc_fid:pca:pc5; gc_fid:pls:bp_20:lv1; gc_fid:pls:bp_20:lv2; gc_fid:pls:bp_20:lv3; gc_fid:pls:bp_20:lv4; gc_fid:pls:bp_35:lv1; gc_fid:pls:bp_35:lv2; gc_fid:pls:bp_35:lv3,ir:weighted_x_q90(0.728); ir_spectrum:pls:density_20c:lv2(0.727); ir_spectrum:pls:saturates:lv2(0.716); ir_spectrum:pls:density_20c:lv1(0.649); ir_spectrum:pls:saturates:lv1(0.629); ir_spectrum:pls:bp_35:lv1(0.628); ir_spectrum:pca:pc1(0.615); ir_spectrum:pls:bp_65:lv1(0.615),petroleum_fraction_db_048,density_20c,analysis_only,correlation_weighted
2,petroleum_fraction_db_049,0.537637,0.8099,74,gc_fid:pca:pc1; gc_fid:pca:pc2; gc_fid:pca:pc3; gc_fid:pca:pc4; gc_fid:pca:pc5; gc_fid:pls:bp_20:lv1; gc_fid:pls:bp_20:lv2; gc_fid:pls:bp_20:lv3; gc_fid:pls:bp_20:lv4; gc_fid:pls:bp_35:lv1; gc_fid:pls:bp_35:lv2; gc_fid:pls:bp_35:lv3,ir:weighted_x_q90(0.728); ir_spectrum:pls:density_20c:lv2(0.727); ir_spectrum:pls:saturates:lv2(0.716); ir_spectrum:pls:density_20c:lv1(0.649); ir_spectrum:pls:saturates:lv1(0.629); ir_spectrum:pls:bp_35:lv1(0.628); ir_spectrum:pca:pc1(0.615); ir_spectrum:pls:bp_65:lv1(0.615),petroleum_fraction_db_048,density_20c,analysis_only,correlation_weighted
3,petroleum_fraction_db_043,0.555985,0.8436,74,gc_fid:pca:pc1; gc_fid:pca:pc2; gc_fid:pca:pc3; gc_fid:pca:pc4; gc_fid:pca:pc5; gc_fid:pls:bp_20:lv1; gc_fid:pls:bp_20:lv2; gc_fid:pls:bp_20:lv3; gc_fid:pls:bp_20:lv4; gc_fid:pls:bp_35:lv1; gc_fid:pls:bp_35:lv2; gc_fid:pls:bp_35:lv3,ir:weighted_x_q90(0.728); ir_spectrum:pls:density_20c:lv2(0.727); ir_spectrum:pls:saturates:lv2(0.716); ir_spectrum:pls:density_20c:lv1(0.649); ir_spectrum:pls:saturates:lv1(0.629); ir_spectrum:pls:bp_35:lv1(0.628); ir_spectrum:pca:pc1(0.615); ir_spectrum:pls:bp_65:lv1(0.615),petroleum_fraction_db_048,density_20c,analysis_only,correlation_weighted
4,petroleum_fraction_db_037,0.594373,0.884,74,gc_fid:pca:pc1; gc_fid:pca:pc2; gc_fid:pca:pc3; gc_fid:pca:pc4; gc_fid:pca:pc5; gc_fid:pls:bp_20:lv1; gc_fid:pls:bp_20:lv2; gc_fid:pls:bp_20:lv3; gc_fid:pls:bp_20:lv4; gc_fid:pls:bp_35:lv1; gc_fid:pls:bp_35:lv2; gc_fid:pls:bp_35:lv3,ir:weighted_x_q90(0.728); ir_spectrum:pls:density_20c:lv2(0.727); ir_spectrum:pls:saturates:lv2(0.716); ir_spectrum:pls:density_20c:lv1(0.649); ir_spectrum:pls:saturates:lv1(0.629); ir_spectrum:pls:bp_35:lv1(0.628); ir_spectrum:pca:pc1(0.615); ir_spectrum:pls:bp_65:lv1(0.615),petroleum_fraction_db_048,density_20c,analysis_only,correlation_weighted
1,petroleum_fraction_db_042,0.366997,0.8366,80,bulk_property:bp_20; bulk_property:bp_35; bulk_property:bp_50; bulk_property:bp_65; bulk_property:bp_80; bulk_property:saturates; gc_fid:pca:pc1; gc_fid:pca:pc2; gc_fid:pca:pc3; gc_fid:pca:pc4; gc_fid:pca:pc5; gc_fid:pls:bp_20:lv1,bulk_property:bp_20(1.000); bulk_property:bp_35(1.000); bulk_property:bp_50(1.000); bulk_property:bp_65(1.000); bulk_property:bp_80(1.000); bulk_property:saturates(1.000); gc_fid:pca:pc1(1.000); gc_fid:pca:pc2(1.000),petroleum_fraction_db_048,density_20c,analysis_plus_non_target_bulk,equal_weight
2,petroleum_fraction_db_049,0.54733,0.8099,80,bulk_property:bp_20; bulk_property:bp_35; bulk_property:bp_50; bulk_property:bp_65; bulk_property:bp_80; bulk_property:saturates; gc_fid:pca:pc1; gc_fid:pca:pc2; gc_fid:pca:pc3; gc_fid:pca:pc4; gc_fid:pca:pc5; gc_fid:pls:bp_20:lv1,bulk_property:bp_20(1.000); bulk_property:bp_35(1.000); bulk_property:bp_50(1.000); bulk_property:bp_65(1.000); bulk_property:bp_80(1.000); bulk_property:saturates(1.000); gc_fid:pca:pc1(1.000); gc_fid:pca:pc2(1.000),petroleum_fraction_db_048,density_20c,analysis_plus_non_target_bulk,equal_weight
3,petroleum_fraction_db_043,0.567823,0.8436,80,bulk_property:bp_20; bulk_property:bp_35; bulk_property:bp_50; bulk_property:bp_65; bulk_property:bp_80; bulk_property:saturates; gc_fid:pca:pc1; gc_fid:pca:pc2; gc_fid:pca:pc3; gc_fid:pca:pc4; gc_fid:pca:pc5; gc_fid:pls:bp_20:lv1,bulk_property:bp_20(1.000); bulk_property:bp_35(1.000); bulk_property:bp_50(1.000); bulk_property:bp_65(1.000); bulk_property:bp_80(1.000); bulk_property:saturates(1.000); gc_fid:pca:pc1(1.000); gc_fid:pca:pc2(1.000),petroleum_fraction_db_048,density_20c,analysis_plus_non_target_bulk,equal_weight
4,petroleum_fraction_db_037,0.600921,0.884,80,bulk_property:bp_20; bulk_property:bp_35; bulk_property:bp_50; bulk_property:bp_65; bulk_property:bp_80; bulk_property:saturates; gc_fid:pca:pc1; gc_fid:pca:pc2; gc_fid:pca:pc3; gc_fid:pca:pc4; gc_fid:pca:pc5; gc_fid:pls:bp_20:lv1,bulk_property:bp_20(1.000); bulk_property:bp_35(1.000); bulk_property:bp_50(1.000); bulk_property:bp_65(1.000); bulk_property:bp_80(1.000); bulk_property:saturates(1.000); gc_fid:pca:pc1(1.000); gc_fid:pca:pc2(1.000),petroleum_fraction_db_048,density_20c,analysis_plus_non_target_bulk,equal_weight
1,petroleum_fraction_db_042,0.334475,0.8366,80,bulk_property:bp_20; bulk_property:bp_35; bulk_property:bp_50; bulk_property:bp_65; bulk_property:bp_80; bulk_property:saturates; gc_fid:pca:pc1; gc_fid:pca:pc2; gc_fid:pca:pc3; gc_fid:pca:pc4; gc_fid:pca:pc5; gc_fid:pls:bp_20:lv1,bulk_property:saturates(0.895); ir:weighted_x_q90(0.728); ir_spectrum:pls:density_20c:lv2(0.727); ir_spectrum:pls:saturates:lv2(0.716); ir_spectrum:pls:density_20c:lv1(0.649); ir_spectrum:pls:saturates:lv1(0.629); ir_spectrum:pls:bp_35:lv1(0.628); ir_spectrum:pca:pc1(0.615),petroleum_fraction_db_048,density_20c,analysis_plus_non_target_bulk,correlation_weighted
2,petroleum_fraction_db_043,0.529996,0.8436,80,bulk_property:bp_20; bulk_property:bp_35; bulk_property:bp_50; bulk_property:bp_65; bulk_property:bp_80; bulk_property:saturates; gc_fid:pca:pc1; gc_fid:pca:pc2; gc_fid:pca:pc3; gc_fid:pca:pc4; gc_fid:pca:pc5; gc_fid:pls:bp_20:lv1,bulk_property:saturates(0.895); ir:weighted_x_q90(0.728); ir_spectrum:pls:density_20c:lv2(0.727); ir_spectrum:pls:saturates:lv2(0.716); ir_spectrum:pls:density_20c:lv1(0.649); ir_spectrum:pls:saturates:lv1(0.629); ir_spectrum:pls:bp_35:lv1(0.628); ir_spectrum:pca:pc1(0.615),petroleum_fraction_db_048,density_20c,analysis_plus_non_target_bulk,correlation_weighted
3,petroleum_fraction_db_049,0.531882,0.8099,80,bulk_property:bp_20; bulk_property:bp_35; bulk_property:bp_50; bulk_property:bp_65; bulk_property:bp_80; bulk_property:saturates; gc_fid:pca:pc1; gc_fid:pca:pc2; gc_fid:pca:pc3; gc_fid:pca:pc4; gc_fid:pca:pc5; gc_fid:pls:bp_20:lv1,bulk_property:saturates(0.895); ir:weighted_x_q90(0.728); ir_spectrum:pls:density_20c:lv2(0.727); ir_spectrum:pls:saturates:lv2(0.716); ir_spectrum:pls:density_20c:lv1(0.649); ir_spectrum:pls:saturates:lv1(0.629); ir_spectrum:pls:bp_35:lv1(0.628); ir_spectrum:pca:pc1(0.615),petroleum_fraction_db_048,density_20c,analysis_plus_non_target_bulk,correlation_weighted
4,petroleum_fraction_db_010,0.582019,0.8619,80,bulk_property:bp_20; bulk_property:bp_35; bulk_property:bp_50; bulk_property:bp_65; bulk_property:bp_80; bulk_property:saturates; gc_fid:pca:pc1; gc_fid:pca:pc2; gc_fid:pca:pc3; gc_fid:pca:pc4; gc_fid:pca:pc5; gc_fid:pls:bp_20:lv1,bulk_property:saturates(0.895); ir:weighted_x_q90(0.728); ir_spectrum:pls:density_20c:lv2(0.727); ir_spectrum:pls:saturates:lv2(0.716); ir_spectrum:pls:density_20c:lv1(0.649); ir_spectrum:pls:saturates:lv1(0.629); ir_spectrum:pls:bp_35:lv1(0.628); ir_spectrum:pca:pc1(0.615),petroleum_fraction_db_048,density_20c,analysis_plus_non_target_bulk,correlation_weighted
1,petroleum_fraction_db_042,0.374452,86.20824762464481,74,gc_fid:pca:pc1; gc_fid:pca:pc2; gc_fid:pca:pc3; gc_fid:pca:pc4; gc_fid:pca:pc5; gc_fid:pls:bp_20:lv1; gc_fid:pls:bp_20:lv2; gc_fid:pls:bp_20:lv3; gc_fid:pls:bp_20:lv4; gc_fid:pls:bp_35:lv1; gc_fid:pls:bp_35:lv2; gc_fid:pls:bp_35:lv3,gc_fid:pca:pc1(1.000); gc_fid:pca:pc2(1.000); gc_fid:pca:pc3(1.000); gc_fid:pca:pc4(1.000); gc_fid:pca:pc5(1.000); gc_fid:pls:bp_20:lv1(1.000); gc_fid:pls:bp_20:lv2(1.000); gc_fid:pls:bp_20:lv3(1.000),petroleum_fraction_db_048,saturates,analysis_only,equal_weight
2,petroleum_fraction_db_049,0.557156,95.99030400969616,74,gc_fid:pca:pc1; gc_fid:pca:pc2; gc_fid:pca:pc3; gc_fid:pca:pc4; gc_fid:pca:pc5; gc_fid:pls:bp_20:lv1; gc_fid:pls:bp_20:lv2; gc_fid:pls:bp_20:lv3; gc_fid:pls:bp_20:lv4; gc_fid:pls:bp_35:lv1; gc_fid:pls:bp_35:lv2; gc_fid:pls:bp_35:lv3,gc_fid:pca:pc1(1.000); gc_fid:pca:pc2(1.000); gc_fid:pca:pc3(1.000); gc_fid:pca:pc4(1.000); gc_fid:pca:pc5(1.000); gc_fid:pls:bp_20:lv1(1.000); gc_fid:pls:bp_20:lv2(1.000); gc_fid:pls:bp_20:lv3(1.000),petroleum_fraction_db_048,saturates,analysis_only,equal_weight
3,petroleum_fraction_db_043,0.586955,87.62604013705467,74,gc_fid:pca:pc1; gc_fid:pca:pc2; gc_fid:pca:pc3; gc_fid:pca:pc4; gc_fid:pca:pc5; gc_fid:pls:bp_20:lv1; gc_fid:pls:bp_20:lv2; gc_fid:pls:bp_20:lv3; gc_fid:pls:bp_20:lv4; gc_fid:pls:bp_35:lv1; gc_fid:pls:bp_35:lv2; gc_fid:pls:bp_35:lv3,gc_fid:pca:pc1(1.000); gc_fid:pca:pc2(1.000); gc_fid:pca:pc3(1.000); gc_fid:pca:pc4(1.000); gc_fid:pca:pc5(1.000); gc_fid:pls:bp_20:lv1(1.000); gc_fid:pls:bp_20:lv2(1.000); gc_fid:pls:bp_20:lv3(1.000),petroleum_fraction_db_048,saturates,analysis_only,equal_weight
4,petroleum_fraction_db_037,0.607616,66.69643743177537,74,gc_fid:pca:pc1; gc_fid:pca:pc2; gc_fid:pca:pc3; gc_fid:pca:pc4; gc_fid:pca:pc5; gc_fid:pls:bp_20:lv1; gc_fid:pls:bp_20:lv2; gc_fid:pls:bp_20:lv3; gc_fid:pls:bp_20:lv4; gc_fid:pls:bp_35:lv1; gc_fid:pls:bp_35:lv2; gc_fid:pls:bp_35:lv3,gc_fid:pca:pc1(1.000); gc_fid:pca:pc2(1.000); gc_fid:pca:pc3(1.000); gc_fid:pca:pc4(1.000); gc_fid:pca:pc5(1.000); gc_fid:pls:bp_20:lv1(1.000); gc_fid:pls:bp_20:lv2(1.000); gc_fid:pls:bp_20:lv3(1.000),petroleum_fraction_db_048,saturates,analysis_only,equal_weight
1,petroleum_fraction_db_042,0.330473,86.20824762464481,74,gc_fid:pca:pc1; gc_fid:pca:pc2; gc_fid:pca:pc3; gc_fid:pca:pc4; gc_fid:pca:pc5; gc_fid:pls:bp_20:lv1; gc_fid:pls:bp_20:lv2; gc_fid:pls:bp_20:lv3; gc_fid:pls:bp_20:lv4; gc_fid:pls:bp_35:lv1; gc_fid:pls:bp_35:lv2; gc_fid:pls:bp_35:lv3,ir:weighted_x_q90(0.703); ir_spectrum:pls:density_20c:lv1(0.668); ir_spectrum:pls:saturates:lv1(0.668); ir_spectrum:pca:pc1(0.656); ir:weighted_x_mean(0.613); ir_spectrum:pls:bp_80:lv1(0.577); ir_spectrum:pls:saturates:lv2(0.568); ir:weighted_x_q50(0.567),petroleum_fraction_db_048,saturates,analysis_only,correlation_weighted
2,petroleum_fraction_db_043,0.536297,87.62604013705467,74,gc_fid:pca:pc1; gc_fid:pca:pc2; gc_fid:pca:pc3; gc_fid:pca:pc4; gc_fid:pca:pc5; gc_fid:pls:bp_20:lv1; gc_fid:pls:bp_20:lv2; gc_fid:pls:bp_20:lv3; gc_fid:pls:bp_20:lv4; gc_fid:pls:bp_35:lv1; gc_fid:pls:bp_35:lv2; gc_fid:pls:bp_35:lv3,ir:weighted_x_q90(0.703); ir_spectrum:pls:density_20c:lv1(0.668); ir_spectrum:pls:saturates:lv1(0.668); ir_spectrum:pca:pc1(0.656); ir:weighted_x_mean(0.613); ir_spectrum:pls:bp_80:lv1(0.577); ir_spectrum:pls:saturates:lv2(0.568); ir:weighted_x_q50(0.567),petroleum_fraction_db_048,saturates,analysis_only,correlation_weighted
3,petroleum_fraction_db_049,0.548726,95.99030400969616,74,gc_fid:pca:pc1; gc_fid:pca:pc2; gc_fid:pca:pc3; gc_fid:pca:pc4; gc_fid:pca:pc5; gc_fid:pls:bp_20:lv1; gc_fid:pls:bp_20:lv2; gc_fid:pls:bp_20:lv3; gc_fid:pls:bp_20:lv4; gc_fid:pls:bp_35:lv1; gc_fid:pls:bp_35:lv2; gc_fid:pls:bp_35:lv3,ir:weighted_x_q90(0.703); ir_spectrum:pls:density_20c:lv1(0.668); ir_spectrum:pls:saturates:lv1(0.668); ir_spectrum:pca:pc1(0.656); ir:weighted_x_mean(0.613); ir_spectrum:pls:bp_80:lv1(0.577); ir_spectrum:pls:saturates:lv2(0.568); ir:weighted_x_q50(0.567),petroleum_fraction_db_048,saturates,analysis_only,correlation_weighted
4,petroleum_fraction_db_010,0.57482,88.04270462633271,74,gc_fid:pca:pc1; gc_fid:pca:pc2; gc_fid:pca:pc3; gc_fid:pca:pc4; gc_fid:pca:pc5; gc_fid:pls:bp_20:lv1; gc_fid:pls:bp_20:lv2; gc_fid:pls:bp_20:lv3; gc_fid:pls:bp_20:lv4; gc_fid:pls:bp_35:lv1; gc_fid:pls:bp_35:lv2; gc_fid:pls:bp_35:lv3,ir:weighted_x_q90(0.703); ir_spectrum:pls:density_20c:lv1(0.668); ir_spectrum:pls:saturates:lv1(0.668); ir_spectrum:pca:pc1(0.656); ir:weighted_x_mean(0.613); ir_spectrum:pls:bp_80:lv1(0.577); ir_spectrum:pls:saturates:lv2(0.568); ir:weighted_x_q50(0.567),petroleum_fraction_db_048,saturates,analysis_only,correlation_weighted
1,petroleum_fraction_db_042,0.36708,86.20824762464481,80,bulk_property:bp_20; bulk_property:bp_35; bulk_property:bp_50; bulk_property:bp_65; bulk_property:bp_80; bulk_property:density_20c; gc_fid:pca:pc1; gc_fid:pca:pc2; gc_fid:pca:pc3; gc_fid:pca:pc4; gc_fid:pca:pc5; gc_fid:pls:bp_20:lv1,bulk_property:bp_20(1.000); bulk_property:bp_35(1.000); bulk_property:bp_50(1.000); bulk_property:bp_65(1.000); bulk_property:bp_80(1.000); bulk_property:density_20c(1.000); gc_fid:pca:pc1(1.000); gc_fid:pca:pc2(1.000),petroleum_fraction_db_048,saturates,analysis_plus_non_target_bulk,equal_weight
2,petroleum_fraction_db_049,0.546597,95.99030400969616,80,bulk_property:bp_20; bulk_property:bp_35; bulk_property:bp_50; bulk_property:bp_65; bulk_property:bp_80; bulk_property:density_20c; gc_fid:pca:pc1; gc_fid:pca:pc2; gc_fid:pca:pc3; gc_fid:pca:pc4; gc_fid:pca:pc5; gc_fid:pls:bp_20:lv1,bulk_property:bp_20(1.000); bulk_property:bp_35(1.000); bulk_property:bp_50(1.000); bulk_property:bp_65(1.000); bulk_property:bp_80(1.000); bulk_property:density_20c(1.000); gc_fid:pca:pc1(1.000); gc_fid:pca:pc2(1.000),petroleum_fraction_db_048,saturates,analysis_plus_non_target_bulk,equal_weight
3,petroleum_fraction_db_043,0.567299,87.62604013705467,80,bulk_property:bp_20; bulk_property:bp_35; bulk_property:bp_50; bulk_property:bp_65; bulk_property:bp_80; bulk_property:density_20c; gc_fid:pca:pc1; gc_fid:pca:pc2; gc_fid:pca:pc3; gc_fid:pca:pc4; gc_fid:pca:pc5; gc_fid:pls:bp_20:lv1,bulk_property:bp_20(1.000); bulk_property:bp_35(1.000); bulk_property:bp_50(1.000); bulk_property:bp_65(1.000); bulk_property:bp_80(1.000); bulk_property:density_20c(1.000); gc_fid:pca:pc1(1.000); gc_fid:pca:pc2(1.000),petroleum_fraction_db_048,saturates,analysis_plus_non_target_bulk,equal_weight
4,petroleum_fraction_db_037,0.595165,66.69643743177537,80,bulk_property:bp_20; bulk_property:bp_35; bulk_property:bp_50; bulk_property:bp_65; bulk_property:bp_80; bulk_property:density_20c; gc_fid:pca:pc1; gc_fid:pca:pc2; gc_fid:pca:pc3; gc_fid:pca:pc4; gc_fid:pca:pc5; gc_fid:pls:bp_20:lv1,bulk_property:bp_20(1.000); bulk_property:bp_35(1.000); bulk_property:bp_50(1.000); bulk_property:bp_65(1.000); bulk_property:bp_80(1.000); bulk_property:density_20c(1.000); gc_fid:pca:pc1(1.000); gc_fid:pca:pc2(1.000),petroleum_fraction_db_048,saturates,analysis_plus_non_target_bulk,equal_weight
1,petroleum_fraction_db_042,0.323804,86.20824762464481,80,bulk_property:bp_20; bulk_property:bp_35; bulk_property:bp_50; bulk_property:bp_65; bulk_property:bp_80; bulk_property:density_20c; gc_fid:pca:pc1; gc_fid:pca:pc2; gc_fid:pca:pc3; gc_fid:pca:pc4; gc_fid:pca:pc5; gc_fid:pls:bp_20:lv1,bulk_property:density_20c(0.895); ir:weighted_x_q90(0.703); ir_spectrum:pls:density_20c:lv1(0.668); ir_spectrum:pls:saturates:lv1(0.668); ir_spectrum:pca:pc1(0.656); ir:weighted_x_mean(0.613); ir_spectrum:pls:bp_80:lv1(0.577); ir_spectrum:pls:saturates:lv2(0.568),petroleum_fraction_db_048,saturates,analysis_plus_non_target_bulk,correlation_weighted
2,petroleum_fraction_db_043,0.511975,87.62604013705467,80,bulk_property:bp_20; bulk_property:bp_35; bulk_property:bp_50; bulk_property:bp_65; bulk_property:bp_80; bulk_property:density_20c; gc_fid:pca:pc1; gc_fid:pca:pc2; gc_fid:pca:pc3; gc_fid:pca:pc4; gc_fid:pca:pc5; gc_fid:pls:bp_20:lv1,bulk_property:density_20c(0.895); ir:weighted_x_q90(0.703); ir_spectrum:pls:density_20c:lv1(0.668); ir_spectrum:pls:saturates:lv1(0.668); ir_spectrum:pca:pc1(0.656); ir:weighted_x_mean(0.613); ir_spectrum:pls:bp_80:lv1(0.577); ir_spectrum:pls:saturates:lv2(0.568),petroleum_fraction_db_048,saturates,analysis_plus_non_target_bulk,correlation_weighted
3,petroleum_fraction_db_049,0.540848,95.99030400969616,80,bulk_property:bp_20; bulk_property:bp_35; bulk_property:bp_50; bulk_property:bp_65; bulk_property:bp_80; bulk_property:density_20c; gc_fid:pca:pc1; gc_fid:pca:pc2; gc_fid:pca:pc3; gc_fid:pca:pc4; gc_fid:pca:pc5; gc_fid:pls:bp_20:lv1,bulk_property:density_20c(0.895); ir:weighted_x_q90(0.703); ir_spectrum:pls:density_20c:lv1(0.668); ir_spectrum:pls:saturates:lv1(0.668); ir_spectrum:pca:pc1(0.656); ir:weighted_x_mean(0.613); ir_spectrum:pls:bp_80:lv1(0.577); ir_spectrum:pls:saturates:lv2(0.568),petroleum_fraction_db_048,saturates,analysis_plus_non_target_bulk,correlation_weighted
4,petroleum_fraction_db_010,0.55541,88.04270462633271,80,bulk_property:bp_20; bulk_property:bp_35; bulk_property:bp_50; bulk_property:bp_65; bulk_property:bp_80; bulk_property:density_20c; gc_fid:pca:pc1; gc_fid:pca:pc2; gc_fid:pca:pc3; gc_fid:pca:pc4; gc_fid:pca:pc5; gc_fid:pls:bp_20:lv1,bulk_property:density_20c(0.895); ir:weighted_x_q90(0.703); ir_spectrum:pls:density_20c:lv1(0.668); ir_spectrum:pls:saturates:lv1(0.668); ir_spectrum:pca:pc1(0.656); ir:weighted_x_mean(0.613); ir_spectrum:pls:bp_80:lv1(0.577); ir_spectrum:pls:saturates:lv2(0.568),petroleum_fraction_db_048,saturates,analysis_plus_non_target_bulk,correlation_weighted
1,petroleum_fraction_db_042,0.374452,297.4,74,gc_fid:pca:pc1; gc_fid:pca:pc2; gc_fid:pca:pc3; gc_fid:pca:pc4; gc_fid:pca:pc5; gc_fid:pls:bp_20:lv1; gc_fid:pls:bp_20:lv2; gc_fid:pls:bp_20:lv3; gc_fid:pls:bp_20:lv4; gc_fid:pls:bp_35:lv1; gc_fid:pls:bp_35:lv2; gc_fid:pls:bp_35:lv3,gc_fid:pca:pc1(1.000); gc_fid:pca:pc2(1.000); gc_fid:pca:pc3(1.000); gc_fid:pca:pc4(1.000); gc_fid:pca:pc5(1.000); gc_fid:pls:bp_20:lv1(1.000); gc_fid:pls:bp_20:lv2(1.000); gc_fid:pls:bp_20:lv3(1.000),petroleum_fraction_db_048,BP_20,analysis_only,equal_weight
2,petroleum_fraction_db_049,0.557156,331.8,74,gc_fid:pca:pc1; gc_fid:pca:pc2; gc_fid:pca:pc3; gc_fid:pca:pc4; gc_fid:pca:pc5; gc_fid:pls:bp_20:lv1; gc_fid:pls:bp_20:lv2; gc_fid:pls:bp_20:lv3; gc_fid:pls:bp_20:lv4; gc_fid:pls:bp_35:lv1; gc_fid:pls:bp_35:lv2; gc_fid:pls:bp_35:lv3,gc_fid:pca:pc1(1.000); gc_fid:pca:pc2(1.000); gc_fid:pca:pc3(1.000); gc_fid:pca:pc4(1.000); gc_fid:pca:pc5(1.000); gc_fid:pls:bp_20:lv1(1.000); gc_fid:pls:bp_20:lv2(1.000); gc_fid:pls:bp_20:lv3(1.000),petroleum_fraction_db_048,BP_20,analysis_only,equal_weight
3,petroleum_fraction_db_043,0.586955,315.6,74,gc_fid:pca:pc1; gc_fid:pca:pc2; gc_fid:pca:pc3; gc_fid:pca:pc4; gc_fid:pca:pc5; gc_fid:pls:bp_20:lv1; gc_fid:pls:bp_20:lv2; gc_fid:pls:bp_20:lv3; gc_fid:pls:bp_20:lv4; gc_fid:pls:bp_35:lv1; gc_fid:pls:bp_35:lv2; gc_fid:pls:bp_35:lv3,gc_fid:pca:pc1(1.000); gc_fid:pca:pc2(1.000); gc_fid:pca:pc3(1.000); gc_fid:pca:pc4(1.000); gc_fid:pca:pc5(1.000); gc_fid:pls:bp_20:lv1(1.000); gc_fid:pls:bp_20:lv2(1.000); gc_fid:pls:bp_20:lv3(1.000),petroleum_fraction_db_048,BP_20,analysis_only,equal_weight
4,petroleum_fraction_db_037,0.607616,296.4,74,gc_fid:pca:pc1; gc_fid:pca:pc2; gc_fid:pca:pc3; gc_fid:pca:pc4; gc_fid:pca:pc5; gc_fid:pls:bp_20:lv1; gc_fid:pls:bp_20:lv2; gc_fid:pls:bp_20:lv3; gc_fid:pls:bp_20:lv4; gc_fid:pls:bp_35:lv1; gc_fid:pls:bp_35:lv2; gc_fid:pls:bp_35:lv3,gc_fid:pca:pc1(1.000); gc_fid:pca:pc2(1.000); gc_fid:pca:pc3(1.000); gc_fid:pca:pc4(1.000); gc_fid:pca:pc5(1.000); gc_fid:pls:bp_20:lv1(1.000); gc_fid:pls:bp_20:lv2(1.000); gc_fid:pls:bp_20:lv3(1.000),petroleum_fraction_db_048,BP_20,analysis_only,equal_weight
1,petroleum_fraction_db_042,0.319061,297.4,74,gc_fid:pca:pc1; gc_fid:pca:pc2; gc_fid:pca:pc3; gc_fid:pca:pc4; gc_fid:pca:pc5; gc_fid:pls:bp_20:lv1; gc_fid:pls:bp_20:lv2; gc_fid:pls:bp_20:lv3; gc_fid:pls:bp_20:lv4; gc_fid:pls:bp_35:lv1; gc_fid:pls:bp_35:lv2; gc_fid:pls:bp_35:lv3,gc_fid:pls:density_20c:lv1(0.948); gc_fid:pls:bp_20:lv1(0.940); gc_fid:pls:bp_35:lv1(0.939); gc_fid:pls:bp_50:lv1(0.938); gc_fid:pls:bp_65:lv1(0.936); gc_fid:pls:bp_80:lv1(0.934); gc_fid:pls:saturates:lv1(0.928); gc_fid:pca:pc1(0.914),petroleum_fraction_db_048,BP_20,analysis_only,correlation_weighted
2,petroleum_fraction_db_049,0.527737,331.8,74,gc_fid:pca:pc1; gc_fid:pca:pc2; gc_fid:pca:pc3; gc_fid:pca:pc4; gc_fid:pca:pc5; gc_fid:pls:bp_20:lv1; gc_fid:pls:bp_20:lv2; gc_fid:pls:bp_20:lv3; gc_fid:pls:bp_20:lv4; gc_fid:pls:bp_35:lv1; gc_fid:pls:bp_35:lv2; gc_fid:pls:bp_35:lv3,gc_fid:pls:density_20c:lv1(0.948); gc_fid:pls:bp_20:lv1(0.940); gc_fid:pls:bp_35:lv1(0.939); gc_fid:pls:bp_50:lv1(0.938); gc_fid:pls:bp_65:lv1(0.936); gc_fid:pls:bp_80:lv1(0.934); gc_fid:pls:saturates:lv1(0.928); gc_fid:pca:pc1(0.914),petroleum_fraction_db_048,BP_20,analysis_only,correlation_weighted
3,petroleum_fraction_db_037,0.530857,296.4,74,gc_fid:pca:pc1; gc_fid:pca:pc2; gc_fid:pca:pc3; gc_fid:pca:pc4; gc_fid:pca:pc5; gc_fid:pls:bp_20:lv1; gc_fid:pls:bp_20:lv2; gc_fid:pls:bp_20:lv3; gc_fid:pls:bp_20:lv4; gc_fid:pls:bp_35:lv1; gc_fid:pls:bp_35:lv2; gc_fid:pls:bp_35:lv3,gc_fid:pls:density_20c:lv1(0.948); gc_fid:pls:bp_20:lv1(0.940); gc_fid:pls:bp_35:lv1(0.939); gc_fid:pls:bp_50:lv1(0.938); gc_fid:pls:bp_65:lv1(0.936); gc_fid:pls:bp_80:lv1(0.934); gc_fid:pls:saturates:lv1(0.928); gc_fid:pca:pc1(0.914),petroleum_fraction_db_048,BP_20,analysis_only,correlation_weighted
4,petroleum_fraction_db_043,0.536013,315.6,74,gc_fid:pca:pc1; gc_fid:pca:pc2; gc_fid:pca:pc3; gc_fid:pca:pc4; gc_fid:pca:pc5; gc_fid:pls:bp_20:lv1; gc_fid:pls:bp_20:lv2; gc_fid:pls:bp_20:lv3; gc_fid:pls:bp_20:lv4; gc_fid:pls:bp_35:lv1; gc_fid:pls:bp_35:lv2; gc_fid:pls:bp_35:lv3,gc_fid:pls:density_20c:lv1(0.948); gc_fid:pls:bp_20:lv1(0.940); gc_fid:pls:bp_35:lv1(0.939); gc_fid:pls:bp_50:lv1(0.938); gc_fid:pls:bp_65:lv1(0.936); gc_fid:pls:bp_80:lv1(0.934); gc_fid:pls:saturates:lv1(0.928); gc_fid:pca:pc1(0.914),petroleum_fraction_db_048,BP_20,analysis_only,correlation_weighted
1,petroleum_fraction_db_042,0.367344,297.4,80,bulk_property:bp_35; bulk_property:bp_50; bulk_property:bp_65; bulk_property:bp_80; bulk_property:density_20c; bulk_property:saturates; gc_fid:pca:pc1; gc_fid:pca:pc2; gc_fid:pca:pc3; gc_fid:pca:pc4; gc_fid:pca:pc5; gc_fid:pls:bp_20:lv1,bulk_property:bp_35(1.000); bulk_property:bp_50(1.000); bulk_property:bp_65(1.000); bulk_property:bp_80(1.000); bulk_property:density_20c(1.000); bulk_property:saturates(1.000); gc_fid:pca:pc1(1.000); gc_fid:pca:pc2(1.000),petroleum_fraction_db_048,BP_20,analysis_plus_non_target_bulk,equal_weight
2,petroleum_fraction_db_049,0.549317,331.8,80,bulk_property:bp_35; bulk_property:bp_50; bulk_property:bp_65; bulk_property:bp_80; bulk_property:density_20c; bulk_property:saturates; gc_fid:pca:pc1; gc_fid:pca:pc2; gc_fid:pca:pc3; gc_fid:pca:pc4; gc_fid:pca:pc5; gc_fid:pls:bp_20:lv1,bulk_property:bp_35(1.000); bulk_property:bp_50(1.000); bulk_property:bp_65(1.000); bulk_property:bp_80(1.000); bulk_property:density_20c(1.000); bulk_property:saturates(1.000); gc_fid:pca:pc1(1.000); gc_fid:pca:pc2(1.000),petroleum_fraction_db_048,BP_20,analysis_plus_non_target_bulk,equal_weight
3,petroleum_fraction_db_043,0.566772,315.6,80,bulk_property:bp_35; bulk_property:bp_50; bulk_property:bp_65; bulk_property:bp_80; bulk_property:density_20c; bulk_property:saturates; gc_fid:pca:pc1; gc_fid:pca:pc2; gc_fid:pca:pc3; gc_fid:pca:pc4; gc_fid:pca:pc5; gc_fid:pls:bp_20:lv1,bulk_property:bp_35(1.000); bulk_property:bp_50(1.000); bulk_property:bp_65(1.000); bulk_property:bp_80(1.000); bulk_property:density_20c(1.000); bulk_property:saturates(1.000); gc_fid:pca:pc1(1.000); gc_fid:pca:pc2(1.000),petroleum_fraction_db_048,BP_20,analysis_plus_non_target_bulk,equal_weight
4,petroleum_fraction_db_037,0.609215,296.4,80,bulk_property:bp_35; bulk_property:bp_50; bulk_property:bp_65; bulk_property:bp_80; bulk_property:density_20c; bulk_property:saturates; gc_fid:pca:pc1; gc_fid:pca:pc2; gc_fid:pca:pc3; gc_fid:pca:pc4; gc_fid:pca:pc5; gc_fid:pls:bp_20:lv1,bulk_property:bp_35(1.000); bulk_property:bp_50(1.000); bulk_property:bp_65(1.000); bulk_property:bp_80(1.000); bulk_property:density_20c(1.000); bulk_property:saturates(1.000); gc_fid:pca:pc1(1.000); gc_fid:pca:pc2(1.000),petroleum_fraction_db_048,BP_20,analysis_plus_non_target_bulk,equal_weight
1,petroleum_fraction_db_042,0.315954,297.4,80,bulk_property:bp_35; bulk_property:bp_50; bulk_property:bp_65; bulk_property:bp_80; bulk_property:density_20c; bulk_property:saturates; gc_fid:pca:pc1; gc_fid:pca:pc2; gc_fid:pca:pc3; gc_fid:pca:pc4; gc_fid:pca:pc5; gc_fid:pls:bp_20:lv1,bulk_property:bp_35(1.040); bulk_property:bp_50(1.015); bulk_property:bp_65(0.986); gc_fid:pls:density_20c:lv1(0.948); gc_fid:pls:bp_20:lv1(0.940); gc_fid:pls:bp_35:lv1(0.939); bulk_property:bp_80(0.939); gc_fid:pls:bp_50:lv1(0.938),petroleum_fraction_db_048,BP_20,analysis_plus_non_target_bulk,correlation_weighted
2,petroleum_fraction_db_043,0.499576,315.6,80,bulk_property:bp_35; bulk_property:bp_50; bulk_property:bp_65; bulk_property:bp_80; bulk_property:density_20c; bulk_property:saturates; gc_fid:pca:pc1; gc_fid:pca:pc2; gc_fid:pca:pc3; gc_fid:pca:pc4; gc_fid:pca:pc5; gc_fid:pls:bp_20:lv1,bulk_property:bp_35(1.040); bulk_property:bp_50(1.015); bulk_property:bp_65(0.986); gc_fid:pls:density_20c:lv1(0.948); gc_fid:pls:bp_20:lv1(0.940); gc_fid:pls:bp_35:lv1(0.939); bulk_property:bp_80(0.939); gc_fid:pls:bp_50:lv1(0.938),petroleum_fraction_db_048,BP_20,analysis_plus_non_target_bulk,correlation_weighted
3,petroleum_fraction_db_049,0.501373,331.8,80,bulk_property:bp_35; bulk_property:bp_50; bulk_property:bp_65; bulk_property:bp_80; bulk_property:density_20c; bulk_property:saturates; gc_fid:pca:pc1; gc_fid:pca:pc2; gc_fid:pca:pc3; gc_fid:pca:pc4; gc_fid:pca:pc5; gc_fid:pls:bp_20:lv1,bulk_property:bp_35(1.040); bulk_property:bp_50(1.015); bulk_property:bp_65(0.986); gc_fid:pls:density_20c:lv1(0.948); gc_fid:pls:bp_20:lv1(0.940); gc_fid:pls:bp_35:lv1(0.939); bulk_property:bp_80(0.939); gc_fid:pls:bp_50:lv1(0.938),petroleum_fraction_db_048,BP_20,analysis_plus_non_target_bulk,correlation_weighted
4,petroleum_fraction_db_037,0.520694,296.4,80,bulk_property:bp_35; bulk_property:bp_50; bulk_property:bp_65; bulk_property:bp_80; bulk_property:density_20c; bulk_property:saturates; gc_fid:pca:pc1; gc_fid:pca:pc2; gc_fid:pca:pc3; gc_fid:pca:pc4; gc_fid:pca:pc5; gc_fid:pls:bp_20:lv1,bulk_property:bp_35(1.040); bulk_property:bp_50(1.015); bulk_property:bp_65(0.986); gc_fid:pls:density_20c:lv1(0.948); gc_fid:pls:bp_20:lv1(0.940); gc_fid:pls:bp_35:lv1(0.939); bulk_property:bp_80(0.939); gc_fid:pls:bp_50:lv1(0.938),petroleum_fraction_db_048,BP_20,analysis_plus_non_target_bulk,correlation_weighted
1,petroleum_fraction_db_042,0.374452,324.4,74,gc_fid:pca:pc1; gc_fid:pca:pc2; gc_fid:pca:pc3; gc_fid:pca:pc4; gc_fid:pca:pc5; gc_fid:pls:bp_20:lv1; gc_fid:pls:bp_20:lv2; gc_fid:pls:bp_20:lv3; gc_fid:pls:bp_20:lv4; gc_fid:pls:bp_35:lv1; gc_fid:pls:bp_35:lv2; gc_fid:pls:bp_35:lv3,gc_fid:pca:pc1(1.000); gc_fid:pca:pc2(1.000); gc_fid:pca:pc3(1.000); gc_fid:pca:pc4(1.000); gc_fid:pca:pc5(1.000); gc_fid:pls:bp_20:lv1(1.000); gc_fid:pls:bp_20:lv2(1.000); gc_fid:pls:bp_20:lv3(1.000),petroleum_fraction_db_048,BP_35,analysis_only,equal_weight
2,petroleum_fraction_db_049,0.557156,349.2,74,gc_fid:pca:pc1; gc_fid:pca:pc2; gc_fid:pca:pc3; gc_fid:pca:pc4; gc_fid:pca:pc5; gc_fid:pls:bp_20:lv1; gc_fid:pls:bp_20:lv2; gc_fid:pls:bp_20:lv3; gc_fid:pls:bp_20:lv4; gc_fid:pls:bp_35:lv1; gc_fid:pls:bp_35:lv2; gc_fid:pls:bp_35:lv3,gc_fid:pca:pc1(1.000); gc_fid:pca:pc2(1.000); gc_fid:pca:pc3(1.000); gc_fid:pca:pc4(1.000); gc_fid:pca:pc5(1.000); gc_fid:pls:bp_20:lv1(1.000); gc_fid:pls:bp_20:lv2(1.000); gc_fid:pls:bp_20:lv3(1.000),petroleum_fraction_db_048,BP_35,analysis_only,equal_weight
3,petroleum_fraction_db_043,0.586955,337.6,74,gc_fid:pca:pc1; gc_fid:pca:pc2; gc_fid:pca:pc3; gc_fid:pca:pc4; gc_fid:pca:pc5; gc_fid:pls:bp_20:lv1; gc_fid:pls:bp_20:lv2; gc_fid:pls:bp_20:lv3; gc_fid:pls:bp_20:lv4; gc_fid:pls:bp_35:lv1; gc_fid:pls:bp_35:lv2; gc_fid:pls:bp_35:lv3,gc_fid:pca:pc1(1.000); gc_fid:pca:pc2(1.000); gc_fid:pca:pc3(1.000); gc_fid:pca:pc4(1.000); gc_fid:pca:pc5(1.000); gc_fid:pls:bp_20:lv1(1.000); gc_fid:pls:bp_20:lv2(1.000); gc_fid:pls:bp_20:lv3(1.000),petroleum_fraction_db_048,BP_35,analysis_only,equal_weight
4,petroleum_fraction_db_037,0.607616,332.0,74,gc_fid:pca:pc1; gc_fid:pca:pc2; gc_fid:pca:pc3; gc_fid:pca:pc4; gc_fid:pca:pc5; gc_fid:pls:bp_20:lv1; gc_fid:pls:bp_20:lv2; gc_fid:pls:bp_20:lv3; gc_fid:pls:bp_20:lv4; gc_fid:pls:bp_35:lv1; gc_fid:pls:bp_35:lv2; gc_fid:pls:bp_35:lv3,gc_fid:pca:pc1(1.000); gc_fid:pca:pc2(1.000); gc_fid:pca:pc3(1.000); gc_fid:pca:pc4(1.000); gc_fid:pca:pc5(1.000); gc_fid:pls:bp_20:lv1(1.000); gc_fid:pls:bp_20:lv2(1.000); gc_fid:pls:bp_20:lv3(1.000),petroleum_fraction_db_048,BP_35,analysis_only,equal_weight
1,petroleum_fraction_db_042,0.308298,324.4,74,gc_fid:pca:pc1; gc_fid:pca:pc2; gc_fid:pca:pc3; gc_fid:pca:pc4; gc_fid:pca:pc5; gc_fid:pls:bp_20:lv1; gc_fid:pls:bp_20:lv2; gc_fid:pls:bp_20:lv3; gc_fid:pls:bp_20:lv4; gc_fid:pls:bp_35:lv1; gc_fid:pls:bp_35:lv2; gc_fid:pls:bp_35:lv3,gc_fid:pls:density_20c:lv1(0.967); gc_fid:pls:bp_35:lv1(0.949); gc_fid:pls:saturates:lv1(0.948); gc_fid:pls:bp_20:lv1(0.948); gc_fid:pls:bp_50:lv1(0.948); gc_fid:pls:bp_65:lv1(0.947); gc_fid:pls:bp_80:lv1(0.946); gc_fid:pca:pc1(0.921),petroleum_fraction_db_048,BP_35,analysis_only,correlation_weighted
2,petroleum_fraction_db_037,0.52243,332.0,74,gc_fid:pca:pc1; gc_fid:pca:pc2; gc_fid:pca:pc3; gc_fid:pca:pc4; gc_fid:pca:pc5; gc_fid:pls:bp_20:lv1; gc_fid:pls:bp_20:lv2; gc_fid:pls:bp_20:lv3; gc_fid:pls:bp_20:lv4; gc_fid:pls:bp_35:lv1; gc_fid:pls:bp_35:lv2; gc_fid:pls:bp_35:lv3,gc_fid:pls:density_20c:lv1(0.967); gc_fid:pls:bp_35:lv1(0.949); gc_fid:pls:saturates:lv1(0.948); gc_fid:pls:bp_20:lv1(0.948); gc_fid:pls:bp_50:lv1(0.948); gc_fid:pls:bp_65:lv1(0.947); gc_fid:pls:bp_80:lv1(0.946); gc_fid:pca:pc1(0.921),petroleum_fraction_db_048,BP_35,analysis_only,correlation_weighted
3,petroleum_fraction_db_049,0.528134,349.2,74,gc_fid:pca:pc1; gc_fid:pca:pc2; gc_fid:pca:pc3; gc_fid:pca:pc4; gc_fid:pca:pc5; gc_fid:pls:bp_20:lv1; gc_fid:pls:bp_20:lv2; gc_fid:pls:bp_20:lv3; gc_fid:pls:bp_20:lv4; gc_fid:pls:bp_35:lv1; gc_fid:pls:bp_35:lv2; gc_fid:pls:bp_35:lv3,gc_fid:pls:density_20c:lv1(0.967); gc_fid:pls:bp_35:lv1(0.949); gc_fid:pls:saturates:lv1(0.948); gc_fid:pls:bp_20:lv1(0.948); gc_fid:pls:bp_50:lv1(0.948); gc_fid:pls:bp_65:lv1(0.947); gc_fid:pls:bp_80:lv1(0.946); gc_fid:pca:pc1(0.921),petroleum_fraction_db_048,BP_35,analysis_only,correlation_weighted
4,petroleum_fraction_db_043,0.532006,337.6,74,gc_fid:pca:pc1; gc_fid:pca:pc2; gc_fid:pca:pc3; gc_fid:pca:pc4; gc_fid:pca:pc5; gc_fid:pls:bp_20:lv1; gc_fid:pls:bp_20:lv2; gc_fid:pls:bp_20:lv3; gc_fid:pls:bp_20:lv4; gc_fid:pls:bp_35:lv1; gc_fid:pls:bp_35:lv2; gc_fid:pls:bp_35:lv3,gc_fid:pls:density_20c:lv1(0.967); gc_fid:pls:bp_35:lv1(0.949); gc_fid:pls:saturates:lv1(0.948); gc_fid:pls:bp_20:lv1(0.948); gc_fid:pls:bp_50:lv1(0.948); gc_fid:pls:bp_65:lv1(0.947); gc_fid:pls:bp_80:lv1(0.946); gc_fid:pca:pc1(0.921),petroleum_fraction_db_048,BP_35,analysis_only,correlation_weighted
1,petroleum_fraction_db_042,0.366601,324.4,80,bulk_property:bp_20; bulk_property:bp_50; bulk_property:bp_65; bulk_property:bp_80; bulk_property:density_20c; bulk_property:saturates; gc_fid:pca:pc1; gc_fid:pca:pc2; gc_fid:pca:pc3; gc_fid:pca:pc4; gc_fid:pca:pc5; gc_fid:pls:bp_20:lv1,bulk_property:bp_20(1.000); bulk_property:bp_50(1.000); bulk_property:bp_65(1.000); bulk_property:bp_80(1.000); bulk_property:density_20c(1.000); bulk_property:saturates(1.000); gc_fid:pca:pc1(1.000); gc_fid:pca:pc2(1.000),petroleum_fraction_db_048,BP_35,analysis_plus_non_target_bulk,equal_weight
2,petroleum_fraction_db_049,0.552764,349.2,80,bulk_property:bp_20; bulk_property:bp_50; bulk_property:bp_65; bulk_property:bp_80; bulk_property:density_20c; bulk_property:saturates; gc_fid:pca:pc1; gc_fid:pca:pc2; gc_fid:pca:pc3; gc_fid:pca:pc4; gc_fid:pca:pc5; gc_fid:pls:bp_20:lv1,bulk_property:bp_20(1.000); bulk_property:bp_50(1.000); bulk_property:bp_65(1.000); bulk_property:bp_80(1.000); bulk_property:density_20c(1.000); bulk_property:saturates(1.000); gc_fid:pca:pc1(1.000); gc_fid:pca:pc2(1.000),petroleum_fraction_db_048,BP_35,analysis_plus_non_target_bulk,equal_weight
3,petroleum_fraction_db_043,0.567818,337.6,80,bulk_property:bp_20; bulk_property:bp_50; bulk_property:bp_65; bulk_property:bp_80; bulk_property:density_20c; bulk_property:saturates; gc_fid:pca:pc1; gc_fid:pca:pc2; gc_fid:pca:pc3; gc_fid:pca:pc4; gc_fid:pca:pc5; gc_fid:pls:bp_20:lv1,bulk_property:bp_20(1.000); bulk_property:bp_50(1.000); bulk_property:bp_65(1.000); bulk_property:bp_80(1.000); bulk_property:density_20c(1.000); bulk_property:saturates(1.000); gc_fid:pca:pc1(1.000); gc_fid:pca:pc2(1.000),petroleum_fraction_db_048,BP_35,analysis_plus_non_target_bulk,equal_weight
4,petroleum_fraction_db_037,0.609169,332.0,80,bulk_property:bp_20; bulk_property:bp_50; bulk_property:bp_65; bulk_property:bp_80; bulk_property:density_20c; bulk_property:saturates; gc_fid:pca:pc1; gc_fid:pca:pc2; gc_fid:pca:pc3; gc_fid:pca:pc4; gc_fid:pca:pc5; gc_fid:pls:bp_20:lv1,bulk_property:bp_20(1.000); bulk_property:bp_50(1.000); bulk_property:bp_65(1.000); bulk_property:bp_80(1.000); bulk_property:density_20c(1.000); bulk_property:saturates(1.000); gc_fid:pca:pc1(1.000); gc_fid:pca:pc2(1.000),petroleum_fraction_db_048,BP_35,analysis_plus_non_target_bulk,equal_weight
1,petroleum_fraction_db_042,0.304429,324.4,80,bulk_property:bp_20; bulk_property:bp_50; bulk_property:bp_65; bulk_property:bp_80; bulk_property:density_20c; bulk_property:saturates; gc_fid:pca:pc1; gc_fid:pca:pc2; gc_fid:pca:pc3; gc_fid:pca:pc4; gc_fid:pca:pc5; gc_fid:pls:bp_20:lv1,bulk_property:bp_20(1.040); bulk_property:bp_50(1.040); bulk_property:bp_65(1.020); bulk_property:bp_80(0.982); gc_fid:pls:density_20c:lv1(0.967); gc_fid:pls:bp_35:lv1(0.949); gc_fid:pls:saturates:lv1(0.948); gc_fid:pls:bp_20:lv1(0.948),petroleum_fraction_db_048,BP_35,analysis_plus_non_target_bulk,correlation_weighted
2,petroleum_fraction_db_043,0.49862,337.6,80,bulk_property:bp_20; bulk_property:bp_50; bulk_property:bp_65; bulk_property:bp_80; bulk_property:density_20c; bulk_property:saturates; gc_fid:pca:pc1; gc_fid:pca:pc2; gc_fid:pca:pc3; gc_fid:pca:pc4; gc_fid:pca:pc5; gc_fid:pls:bp_20:lv1,bulk_property:bp_20(1.040); bulk_property:bp_50(1.040); bulk_property:bp_65(1.020); bulk_property:bp_80(0.982); gc_fid:pls:density_20c:lv1(0.967); gc_fid:pls:bp_35:lv1(0.949); gc_fid:pls:saturates:lv1(0.948); gc_fid:pls:bp_20:lv1(0.948),petroleum_fraction_db_048,BP_35,analysis_plus_non_target_bulk,correlation_weighted
3,petroleum_fraction_db_049,0.51198,349.2,80,bulk_property:bp_20; bulk_property:bp_50; bulk_property:bp_65; bulk_property:bp_80; bulk_property:density_20c; bulk_property:saturates; gc_fid:pca:pc1; gc_fid:pca:pc2; gc_fid:pca:pc3; gc_fid:pca:pc4; gc_fid:pca:pc5; gc_fid:pls:bp_20:lv1,bulk_property:bp_20(1.040); bulk_property:bp_50(1.040); bulk_property:bp_65(1.020); bulk_property:bp_80(0.982); gc_fid:pls:density_20c:lv1(0.967); gc_fid:pls:bp_35:lv1(0.949); gc_fid:pls:saturates:lv1(0.948); gc_fid:pls:bp_20:lv1(0.948),petroleum_fraction_db_048,BP_35,analysis_plus_non_target_bulk,correlation_weighted
4,petroleum_fraction_db_037,0.514487,332.0,80,bulk_property:bp_20; bulk_property:bp_50; bulk_property:bp_65; bulk_property:bp_80; bulk_property:density_20c; bulk_property:saturates; gc_fid:pca:pc1; gc_fid:pca:pc2; gc_fid:pca:pc3; gc_fid:pca:pc4; gc_fid:pca:pc5; gc_fid:pls:bp_20:lv1,bulk_property:bp_20(1.040); bulk_property:bp_50(1.040); bulk_property:bp_65(1.020); bulk_property:bp_80(0.982); gc_fid:pls:density_20c:lv1(0.967); gc_fid:pls:bp_35:lv1(0.949); gc_fid:pls:saturates:lv1(0.948); gc_fid:pls:bp_20:lv1(0.948),petroleum_fraction_db_048,BP_35,analysis_plus_non_target_bulk,correlation_weighted
1,petroleum_fraction_db_042,0.374452,346.4,74,gc_fid:pca:pc1; gc_fid:pca:pc2; gc_fid:pca:pc3; gc_fid:pca:pc4; gc_fid:pca:pc5; gc_fid:pls:bp_20:lv1; gc_fid:pls:bp_20:lv2; gc_fid:pls:bp_20:lv3; gc_fid:pls:bp_20:lv4; gc_fid:pls:bp_35:lv1; gc_fid:pls:bp_35:lv2; gc_fid:pls:bp_35:lv3,gc_fid:pca:pc1(1.000); gc_fid:pca:pc2(1.000); gc_fid:pca:pc3(1.000); gc_fid:pca:pc4(1.000); gc_fid:pca:pc5(1.000); gc_fid:pls:bp_20:lv1(1.000); gc_fid:pls:bp_20:lv2(1.000); gc_fid:pls:bp_20:lv3(1.000),petroleum_fraction_db_048,BP_50,analysis_only,equal_weight
2,petroleum_fraction_db_049,0.557156,363.0,74,gc_fid:pca:pc1; gc_fid:pca:pc2; gc_fid:pca:pc3; gc_fid:pca:pc4; gc_fid:pca:pc5; gc_fid:pls:bp_20:lv1; gc_fid:pls:bp_20:lv2; gc_fid:pls:bp_20:lv3; gc_fid:pls:bp_20:lv4; gc_fid:pls:bp_35:lv1; gc_fid:pls:bp_35:lv2; gc_fid:pls:bp_35:lv3,gc_fid:pca:pc1(1.000); gc_fid:pca:pc2(1.000); gc_fid:pca:pc3(1.000); gc_fid:pca:pc4(1.000); gc_fid:pca:pc5(1.000); gc_fid:pls:bp_20:lv1(1.000); gc_fid:pls:bp_20:lv2(1.000); gc_fid:pls:bp_20:lv3(1.000),petroleum_fraction_db_048,BP_50,analysis_only,equal_weight
3,petroleum_fraction_db_043,0.586955,355.0,74,gc_fid:pca:pc1; gc_fid:pca:pc2; gc_fid:pca:pc3; gc_fid:pca:pc4; gc_fid:pca:pc5; gc_fid:pls:bp_20:lv1; gc_fid:pls:bp_20:lv2; gc_fid:pls:bp_20:lv3; gc_fid:pls:bp_20:lv4; gc_fid:pls:bp_35:lv1; gc_fid:pls:bp_35:lv2; gc_fid:pls:bp_35:lv3,gc_fid:pca:pc1(1.000); gc_fid:pca:pc2(1.000); gc_fid:pca:pc3(1.000); gc_fid:pca:pc4(1.000); gc_fid:pca:pc5(1.000); gc_fid:pls:bp_20:lv1(1.000); gc_fid:pls:bp_20:lv2(1.000); gc_fid:pls:bp_20:lv3(1.000),petroleum_fraction_db_048,BP_50,analysis_only,equal_weight
4,petroleum_fraction_db_037,0.607616,362.8,74,gc_fid:pca:pc1; gc_fid:pca:pc2; gc_fid:pca:pc3; gc_fid:pca:pc4; gc_fid:pca:pc5; gc_fid:pls:bp_20:lv1; gc_fid:pls:bp_20:lv2; gc_fid:pls:bp_20:lv3; gc_fid:pls:bp_20:lv4; gc_fid:pls:bp_35:lv1; gc_fid:pls:bp_35:lv2; gc_fid:pls:bp_35:lv3,gc_fid:pca:pc1(1.000); gc_fid:pca:pc2(1.000); gc_fid:pca:pc3(1.000); gc_fid:pca:pc4(1.000); gc_fid:pca:pc5(1.000); gc_fid:pls:bp_20:lv1(1.000); gc_fid:pls:bp_20:lv2(1.000); gc_fid:pls:bp_20:lv3(1.000),petroleum_fraction_db_048,BP_50,analysis_only,equal_weight
1,petroleum_fraction_db_042,0.295673,346.4,74,gc_fid:pca:pc1; gc_fid:pca:pc2; gc_fid:pca:pc3; gc_fid:pca:pc4; gc_fid:pca:pc5; gc_fid:pls:bp_20:lv1; gc_fid:pls:bp_20:lv2; gc_fid:pls:bp_20:lv3; gc_fid:pls:bp_20:lv4; gc_fid:pls:bp_35:lv1; gc_fid:pls:bp_35:lv2; gc_fid:pls:bp_35:lv3,gc_fid:pls:density_20c:lv1(0.977); gc_fid:pls:saturates:lv1(0.960); gc_fid:pls:bp_50:lv1(0.951); gc_fid:pls:bp_80:lv1(0.951); gc_fid:pls:bp_35:lv1(0.951); gc_fid:pls:bp_65:lv1(0.951); gc_fid:pls:bp_20:lv1(0.949); gc_fid:pca:pc1(0.923),petroleum_fraction_db_048,BP_50,analysis_only,correlation_weighted
2,petroleum_fraction_db_037,0.511578,362.8,74,gc_fid:pca:pc1; gc_fid:pca:pc2; gc_fid:pca:pc3; gc_fid:pca:pc4; gc_fid:pca:pc5; gc_fid:pls:bp_20:lv1; gc_fid:pls:bp_20:lv2; gc_fid:pls:bp_20:lv3; gc_fid:pls:bp_20:lv4; gc_fid:pls:bp_35:lv1; gc_fid:pls:bp_35:lv2; gc_fid:pls:bp_35:lv3,gc_fid:pls:density_20c:lv1(0.977); gc_fid:pls:saturates:lv1(0.960); gc_fid:pls:bp_50:lv1(0.951); gc_fid:pls:bp_80:lv1(0.951); gc_fid:pls:bp_35:lv1(0.951); gc_fid:pls:bp_65:lv1(0.951); gc_fid:pls:bp_20:lv1(0.949); gc_fid:pca:pc1(0.923),petroleum_fraction_db_048,BP_50,analysis_only,correlation_weighted
3,petroleum_fraction_db_043,0.530058,355.0,74,gc_fid:pca:pc1; gc_fid:pca:pc2; gc_fid:pca:pc3; gc_fid:pca:pc4; gc_fid:pca:pc5; gc_fid:pls:bp_20:lv1; gc_fid:pls:bp_20:lv2; gc_fid:pls:bp_20:lv3; gc_fid:pls:bp_20:lv4; gc_fid:pls:bp_35:lv1; gc_fid:pls:bp_35:lv2; gc_fid:pls:bp_35:lv3,gc_fid:pls:density_20c:lv1(0.977); gc_fid:pls:saturates:lv1(0.960); gc_fid:pls:bp_50:lv1(0.951); gc_fid:pls:bp_80:lv1(0.951); gc_fid:pls:bp_35:lv1(0.951); gc_fid:pls:bp_65:lv1(0.951); gc_fid:pls:bp_20:lv1(0.949); gc_fid:pca:pc1(0.923),petroleum_fraction_db_048,BP_50,analysis_only,correlation_weighted
4,petroleum_fraction_db_049,0.530138,363.0,74,gc_fid:pca:pc1; gc_fid:pca:pc2; gc_fid:pca:pc3; gc_fid:pca:pc4; gc_fid:pca:pc5; gc_fid:pls:bp_20:lv1; gc_fid:pls:bp_20:lv2; gc_fid:pls:bp_20:lv3; gc_fid:pls:bp_20:lv4; gc_fid:pls:bp_35:lv1; gc_fid:pls:bp_35:lv2; gc_fid:pls:bp_35:lv3,gc_fid:pls:density_20c:lv1(0.977); gc_fid:pls:saturates:lv1(0.960); gc_fid:pls:bp_50:lv1(0.951); gc_fid:pls:bp_80:lv1(0.951); gc_fid:pls:bp_35:lv1(0.951); gc_fid:pls:bp_65:lv1(0.951); gc_fid:pls:bp_20:lv1(0.949); gc_fid:pca:pc1(0.923),petroleum_fraction_db_048,BP_50,analysis_only,correlation_weighted
1,petroleum_fraction_db_042,0.366313,346.4,80,bulk_property:bp_20; bulk_property:bp_35; bulk_property:bp_65; bulk_property:bp_80; bulk_property:density_20c; bulk_property:saturates; gc_fid:pca:pc1; gc_fid:pca:pc2; gc_fid:pca:pc3; gc_fid:pca:pc4; gc_fid:pca:pc5; gc_fid:pls:bp_20:lv1,bulk_property:bp_20(1.000); bulk_property:bp_35(1.000); bulk_property:bp_65(1.000); bulk_property:bp_80(1.000); bulk_property:density_20c(1.000); bulk_property:saturates(1.000); gc_fid:pca:pc1(1.000); gc_fid:pca:pc2(1.000),petroleum_fraction_db_048,BP_50,analysis_plus_non_target_bulk,equal_weight
2,petroleum_fraction_db_049,0.553339,363.0,80,bulk_property:bp_20; bulk_property:bp_35; bulk_property:bp_65; bulk_property:bp_80; bulk_property:density_20c; bulk_property:saturates; gc_fid:pca:pc1; gc_fid:pca:pc2; gc_fid:pca:pc3; gc_fid:pca:pc4; gc_fid:pca:pc5; gc_fid:pls:bp_20:lv1,bulk_property:bp_20(1.000); bulk_property:bp_35(1.000); bulk_property:bp_65(1.000); bulk_property:bp_80(1.000); bulk_property:density_20c(1.000); bulk_property:saturates(1.000); gc_fid:pca:pc1(1.000); gc_fid:pca:pc2(1.000),petroleum_fraction_db_048,BP_50,analysis_plus_non_target_bulk,equal_weight
3,petroleum_fraction_db_043,0.567722,355.0,80,bulk_property:bp_20; bulk_property:bp_35; bulk_property:bp_65; bulk_property:bp_80; bulk_property:density_20c; bulk_property:saturates; gc_fid:pca:pc1; gc_fid:pca:pc2; gc_fid:pca:pc3; gc_fid:pca:pc4; gc_fid:pca:pc5; gc_fid:pls:bp_20:lv1,bulk_property:bp_20(1.000); bulk_property:bp_35(1.000); bulk_property:bp_65(1.000); bulk_property:bp_80(1.000); bulk_property:density_20c(1.000); bulk_property:saturates(1.000); gc_fid:pca:pc1(1.000); gc_fid:pca:pc2(1.000),petroleum_fraction_db_048,BP_50,analysis_plus_non_target_bulk,equal_weight
4,petroleum_fraction_db_037,0.60921,362.8,80,bulk_property:bp_20; bulk_property:bp_35; bulk_property:bp_65; bulk_property:bp_80; bulk_property:density_20c; bulk_property:saturates; gc_fid:pca:pc1; gc_fid:pca:pc2; gc_fid:pca:pc3; gc_fid:pca:pc4; gc_fid:pca:pc5; gc_fid:pls:bp_20:lv1,bulk_property:bp_20(1.000); bulk_property:bp_35(1.000); bulk_property:bp_65(1.000); bulk_property:bp_80(1.000); bulk_property:density_20c(1.000); bulk_property:saturates(1.000); gc_fid:pca:pc1(1.000); gc_fid:pca:pc2(1.000),petroleum_fraction_db_048,BP_50,analysis_plus_non_target_bulk,equal_weight
1,petroleum_fraction_db_042,0.29298,346.4,80,bulk_property:bp_20; bulk_property:bp_35; bulk_property:bp_65; bulk_property:bp_80; bulk_property:density_20c; bulk_property:saturates; gc_fid:pca:pc1; gc_fid:pca:pc2; gc_fid:pca:pc3; gc_fid:pca:pc4; gc_fid:pca:pc5; gc_fid:pls:bp_20:lv1,bulk_property:bp_65(1.042); bulk_property:bp_35(1.040); bulk_property:bp_80(1.018); bulk_property:bp_20(1.015); gc_fid:pls:density_20c:lv1(0.977); gc_fid:pls:saturates:lv1(0.960); gc_fid:pls:bp_50:lv1(0.951); gc_fid:pls:bp_80:lv1(0.951),petroleum_fraction_db_048,BP_50,analysis_plus_non_target_bulk,correlation_weighted
2,petroleum_fraction_db_043,0.496162,355.0,80,bulk_property:bp_20; bulk_property:bp_35; bulk_property:bp_65; bulk_property:bp_80; bulk_property:density_20c; bulk_property:saturates; gc_fid:pca:pc1; gc_fid:pca:pc2; gc_fid:pca:pc3; gc_fid:pca:pc4; gc_fid:pca:pc5; gc_fid:pls:bp_20:lv1,bulk_property:bp_65(1.042); bulk_property:bp_35(1.040); bulk_property:bp_80(1.018); bulk_property:bp_20(1.015); gc_fid:pls:density_20c:lv1(0.977); gc_fid:pls:saturates:lv1(0.960); gc_fid:pls:bp_50:lv1(0.951); gc_fid:pls:bp_80:lv1(0.951),petroleum_fraction_db_048,BP_50,analysis_plus_non_target_bulk,correlation_weighted
3,petroleum_fraction_db_037,0.506638,362.8,80,bulk_property:bp_20; bulk_property:bp_35; bulk_property:bp_65; bulk_property:bp_80; bulk_property:density_20c; bulk_property:saturates; gc_fid:pca:pc1; gc_fid:pca:pc2; gc_fid:pca:pc3; gc_fid:pca:pc4; gc_fid:pca:pc5; gc_fid:pls:bp_20:lv1,bulk_property:bp_65(1.042); bulk_property:bp_35(1.040); bulk_property:bp_80(1.018); bulk_property:bp_20(1.015); gc_fid:pls:density_20c:lv1(0.977); gc_fid:pls:saturates:lv1(0.960); gc_fid:pls:bp_50:lv1(0.951); gc_fid:pls:bp_80:lv1(0.951),petroleum_fraction_db_048,BP_50,analysis_plus_non_target_bulk,correlation_weighted
4,petroleum_fraction_db_049,0.515285,363.0,80,bulk_property:bp_20; bulk_property:bp_35; bulk_property:bp_65; bulk_property:bp_80; bulk_property:density_20c; bulk_property:saturates; gc_fid:pca:pc1; gc_fid:pca:pc2; gc_fid:pca:pc3; gc_fid:pca:pc4; gc_fid:pca:pc5; gc_fid:pls:bp_20:lv1,bulk_property:bp_65(1.042); bulk_property:bp_35(1.040); bulk_property:bp_80(1.018); bulk_property:bp_20(1.015); gc_fid:pls:density_20c:lv1(0.977); gc_fid:pls:saturates:lv1(0.960); gc_fid:pls:bp_50:lv1(0.951); gc_fid:pls:bp_80:lv1(0.951),petroleum_fraction_db_048,BP_50,analysis_plus_non_target_bulk,correlation_weighted
1,petroleum_fraction_db_042,0.374452,361.8,74,gc_fid:pca:pc1; gc_fid:pca:pc2; gc_fid:pca:pc3; gc_fid:pca:pc4; gc_fid:pca:pc5; gc_fid:pls:bp_20:lv1; gc_fid:pls:bp_20:lv2; gc_fid:pls:bp_20:lv3; gc_fid:pls:bp_20:lv4; gc_fid:pls:bp_35:lv1; gc_fid:pls:bp_35:lv2; gc_fid:pls:bp_35:lv3,gc_fid:pca:pc1(1.000); gc_fid:pca:pc2(1.000); gc_fid:pca:pc3(1.000); gc_fid:pca:pc4(1.000); gc_fid:pca:pc5(1.000); gc_fid:pls:bp_20:lv1(1.000); gc_fid:pls:bp_20:lv2(1.000); gc_fid:pls:bp_20:lv3(1.000),petroleum_fraction_db_048,BP_65,analysis_only,equal_weight
2,petroleum_fraction_db_049,0.557156,376.6,74,gc_fid:pca:pc1; gc_fid:pca:pc2; gc_fid:pca:pc3; gc_fid:pca:pc4; gc_fid:pca:pc5; gc_fid:pls:bp_20:lv1; gc_fid:pls:bp_20:lv2; gc_fid:pls:bp_20:lv3; gc_fid:pls:bp_20:lv4; gc_fid:pls:bp_35:lv1; gc_fid:pls:bp_35:lv2; gc_fid:pls:bp_35:lv3,gc_fid:pca:pc1(1.000); gc_fid:pca:pc2(1.000); gc_fid:pca:pc3(1.000); gc_fid:pca:pc4(1.000); gc_fid:pca:pc5(1.000); gc_fid:pls:bp_20:lv1(1.000); gc_fid:pls:bp_20:lv2(1.000); gc_fid:pls:bp_20:lv3(1.000),petroleum_fraction_db_048,BP_65,analysis_only,equal_weight
3,petroleum_fraction_db_043,0.586955,368.2,74,gc_fid:pca:pc1; gc_fid:pca:pc2; gc_fid:pca:pc3; gc_fid:pca:pc4; gc_fid:pca:pc5; gc_fid:pls:bp_20:lv1; gc_fid:pls:bp_20:lv2; gc_fid:pls:bp_20:lv3; gc_fid:pls:bp_20:lv4; gc_fid:pls:bp_35:lv1; gc_fid:pls:bp_35:lv2; gc_fid:pls:bp_35:lv3,gc_fid:pca:pc1(1.000); gc_fid:pca:pc2(1.000); gc_fid:pca:pc3(1.000); gc_fid:pca:pc4(1.000); gc_fid:pca:pc5(1.000); gc_fid:pls:bp_20:lv1(1.000); gc_fid:pls:bp_20:lv2(1.000); gc_fid:pls:bp_20:lv3(1.000),petroleum_fraction_db_048,BP_65,analysis_only,equal_weight
4,petroleum_fraction_db_037,0.607616,395.6,74,gc_fid:pca:pc1; gc_fid:pca:pc2; gc_fid:pca:pc3; gc_fid:pca:pc4; gc_fid:pca:pc5; gc_fid:pls:bp_20:lv1; gc_fid:pls:bp_20:lv2; gc_fid:pls:bp_20:lv3; gc_fid:pls:bp_20:lv4; gc_fid:pls:bp_35:lv1; gc_fid:pls:bp_35:lv2; gc_fid:pls:bp_35:lv3,gc_fid:pca:pc1(1.000); gc_fid:pca:pc2(1.000); gc_fid:pca:pc3(1.000); gc_fid:pca:pc4(1.000); gc_fid:pca:pc5(1.000); gc_fid:pls:bp_20:lv1(1.000); gc_fid:pls:bp_20:lv2(1.000); gc_fid:pls:bp_20:lv3(1.000),petroleum_fraction_db_048,BP_65,analysis_only,equal_weight
1,petroleum_fraction_db_042,0.284825,361.8,74,gc_fid:pca:pc1; gc_fid:pca:pc2; gc_fid:pca:pc3; gc_fid:pca:pc4; gc_fid:pca:pc5; gc_fid:pls:bp_20:lv1; gc_fid:pls:bp_20:lv2; gc_fid:pls:bp_20:lv3; gc_fid:pls:bp_20:lv4; gc_fid:pls:bp_35:lv1; gc_fid:pls:bp_35:lv2; gc_fid:pls:bp_35:lv3,gc_fid:pls:density_20c:lv1(0.980); gc_fid:pls:saturates:lv1(0.965); gc_fid:pls:bp_80:lv1(0.952); gc_fid:pls:bp_65:lv1(0.951); gc_fid:pls:bp_50:lv1(0.951); gc_fid:pls:bp_35:lv1(0.950); gc_fid:pls:bp_20:lv1(0.947); gc_fid:pca:pc1(0.922),petroleum_fraction_db_048,BP_65,analysis_only,correlation_weighted
2,petroleum_fraction_db_037,0.504853,395.6,74,gc_fid:pca:pc1; gc_fid:pca:pc2; gc_fid:pca:pc3; gc_fid:pca:pc4; gc_fid:pca:pc5; gc_fid:pls:bp_20:lv1; gc_fid:pls:bp_20:lv2; gc_fid:pls:bp_20:lv3; gc_fid:pls:bp_20:lv4; gc_fid:pls:bp_35:lv1; gc_fid:pls:bp_35:lv2; gc_fid:pls:bp_35:lv3,gc_fid:pls:density_20c:lv1(0.980); gc_fid:pls:saturates:lv1(0.965); gc_fid:pls:bp_80:lv1(0.952); gc_fid:pls:bp_65:lv1(0.951); gc_fid:pls:bp_50:lv1(0.951); gc_fid:pls:bp_35:lv1(0.950); gc_fid:pls:bp_20:lv1(0.947); gc_fid:pca:pc1(0.922),petroleum_fraction_db_048,BP_65,analysis_only,correlation_weighted
3,petroleum_fraction_db_043,0.526982,368.2,74,gc_fid:pca:pc1; gc_fid:pca:pc2; gc_fid:pca:pc3; gc_fid:pca:pc4; gc_fid:pca:pc5; gc_fid:pls:bp_20:lv1; gc_fid:pls:bp_20:lv2; gc_fid:pls:bp_20:lv3; gc_fid:pls:bp_20:lv4; gc_fid:pls:bp_35:lv1; gc_fid:pls:bp_35:lv2; gc_fid:pls:bp_35:lv3,gc_fid:pls:density_20c:lv1(0.980); gc_fid:pls:saturates:lv1(0.965); gc_fid:pls:bp_80:lv1(0.952); gc_fid:pls:bp_65:lv1(0.951); gc_fid:pls:bp_50:lv1(0.951); gc_fid:pls:bp_35:lv1(0.950); gc_fid:pls:bp_20:lv1(0.947); gc_fid:pca:pc1(0.922),petroleum_fraction_db_048,BP_65,analysis_only,correlation_weighted
4,petroleum_fraction_db_049,0.532064,376.6,74,gc_fid:pca:pc1; gc_fid:pca:pc2; gc_fid:pca:pc3; gc_fid:pca:pc4; gc_fid:pca:pc5; gc_fid:pls:bp_20:lv1; gc_fid:pls:bp_20:lv2; gc_fid:pls:bp_20:lv3; gc_fid:pls:bp_20:lv4; gc_fid:pls:bp_35:lv1; gc_fid:pls:bp_35:lv2; gc_fid:pls:bp_35:lv3,gc_fid:pls:density_20c:lv1(0.980); gc_fid:pls:saturates:lv1(0.965); gc_fid:pls:bp_80:lv1(0.952); gc_fid:pls:bp_65:lv1(0.951); gc_fid:pls:bp_50:lv1(0.951); gc_fid:pls:bp_35:lv1(0.950); gc_fid:pls:bp_20:lv1(0.947); gc_fid:pca:pc1(0.922),petroleum_fraction_db_048,BP_65,analysis_only,correlation_weighted
1,petroleum_fraction_db_042,0.36546,361.8,80,bulk_property:bp_20; bulk_property:bp_35; bulk_property:bp_50; bulk_property:bp_80; bulk_property:density_20c; bulk_property:saturates; gc_fid:pca:pc1; gc_fid:pca:pc2; gc_fid:pca:pc3; gc_fid:pca:pc4; gc_fid:pca:pc5; gc_fid:pls:bp_20:lv1,bulk_property:bp_20(1.000); bulk_property:bp_35(1.000); bulk_property:bp_50(1.000); bulk_property:bp_80(1.000); bulk_property:density_20c(1.000); bulk_property:saturates(1.000); gc_fid:pca:pc1(1.000); gc_fid:pca:pc2(1.000),petroleum_fraction_db_048,BP_65,analysis_plus_non_target_bulk,equal_weight
2,petroleum_fraction_db_049,0.55328,376.6,80,bulk_property:bp_20; bulk_property:bp_35; bulk_property:bp_50; bulk_property:bp_80; bulk_property:density_20c; bulk_property:saturates; gc_fid:pca:pc1; gc_fid:pca:pc2; gc_fid:pca:pc3; gc_fid:pca:pc4; gc_fid:pca:pc5; gc_fid:pls:bp_20:lv1,bulk_property:bp_20(1.000); bulk_property:bp_35(1.000); bulk_property:bp_50(1.000); bulk_property:bp_80(1.000); bulk_property:density_20c(1.000); bulk_property:saturates(1.000); gc_fid:pca:pc1(1.000); gc_fid:pca:pc2(1.000),petroleum_fraction_db_048,BP_65,analysis_plus_non_target_bulk,equal_weight
3,petroleum_fraction_db_043,0.567273,368.2,80,bulk_property:bp_20; bulk_property:bp_35; bulk_property:bp_50; bulk_property:bp_80; bulk_property:density_20c; bulk_property:saturates; gc_fid:pca:pc1; gc_fid:pca:pc2; gc_fid:pca:pc3; gc_fid:pca:pc4; gc_fid:pca:pc5; gc_fid:pls:bp_20:lv1,bulk_property:bp_20(1.000); bulk_property:bp_35(1.000); bulk_property:bp_50(1.000); bulk_property:bp_80(1.000); bulk_property:density_20c(1.000); bulk_property:saturates(1.000); gc_fid:pca:pc1(1.000); gc_fid:pca:pc2(1.000),petroleum_fraction_db_048,BP_65,analysis_plus_non_target_bulk,equal_weight
4,petroleum_fraction_db_037,0.608665,395.6,80,bulk_property:bp_20; bulk_property:bp_35; bulk_property:bp_50; bulk_property:bp_80; bulk_property:density_20c; bulk_property:saturates; gc_fid:pca:pc1; gc_fid:pca:pc2; gc_fid:pca:pc3; gc_fid:pca:pc4; gc_fid:pca:pc5; gc_fid:pls:bp_20:lv1,bulk_property:bp_20(1.000); bulk_property:bp_35(1.000); bulk_property:bp_50(1.000); bulk_property:bp_80(1.000); bulk_property:density_20c(1.000); bulk_property:saturates(1.000); gc_fid:pca:pc1(1.000); gc_fid:pca:pc2(1.000),petroleum_fraction_db_048,BP_65,analysis_plus_non_target_bulk,equal_weight
1,petroleum_fraction_db_042,0.280956,361.8,80,bulk_property:bp_20; bulk_property:bp_35; bulk_property:bp_50; bulk_property:bp_80; bulk_property:density_20c; bulk_property:saturates; gc_fid:pca:pc1; gc_fid:pca:pc2; gc_fid:pca:pc3; gc_fid:pca:pc4; gc_fid:pca:pc5; gc_fid:pls:bp_20:lv1,bulk_property:bp_50(1.042); bulk_property:bp_80(1.039); bulk_property:bp_35(1.020); bulk_property:bp_20(0.986); gc_fid:pls:density_20c:lv1(0.980); gc_fid:pls:saturates:lv1(0.965); gc_fid:pls:bp_80:lv1(0.952); gc_fid:pls:bp_65:lv1(0.951),petroleum_fraction_db_048,BP_65,analysis_plus_non_target_bulk,correlation_weighted
2,petroleum_fraction_db_043,0.49177,368.2,80,bulk_property:bp_20; bulk_property:bp_35; bulk_property:bp_50; bulk_property:bp_80; bulk_property:density_20c; bulk_property:saturates; gc_fid:pca:pc1; gc_fid:pca:pc2; gc_fid:pca:pc3; gc_fid:pca:pc4; gc_fid:pca:pc5; gc_fid:pls:bp_20:lv1,bulk_property:bp_50(1.042); bulk_property:bp_80(1.039); bulk_property:bp_35(1.020); bulk_property:bp_20(0.986); gc_fid:pls:density_20c:lv1(0.980); gc_fid:pls:saturates:lv1(0.965); gc_fid:pls:bp_80:lv1(0.952); gc_fid:pls:bp_65:lv1(0.951),petroleum_fraction_db_048,BP_65,analysis_plus_non_target_bulk,correlation_weighted
3,petroleum_fraction_db_037,0.500989,395.6,80,bulk_property:bp_20; bulk_property:bp_35; bulk_property:bp_50; bulk_property:bp_80; bulk_property:density_20c; bulk_property:saturates; gc_fid:pca:pc1; gc_fid:pca:pc2; gc_fid:pca:pc3; gc_fid:pca:pc4; gc_fid:pca:pc5; gc_fid:pls:bp_20:lv1,bulk_property:bp_50(1.042); bulk_property:bp_80(1.039); bulk_property:bp_35(1.020); bulk_property:bp_20(0.986); gc_fid:pls:density_20c:lv1(0.980); gc_fid:pls:saturates:lv1(0.965); gc_fid:pls:bp_80:lv1(0.952); gc_fid:pls:bp_65:lv1(0.951),petroleum_fraction_db_048,BP_65,analysis_plus_non_target_bulk,correlation_weighted
4,petroleum_fraction_db_049,0.517084,376.6,80,bulk_property:bp_20; bulk_property:bp_35; bulk_property:bp_50; bulk_property:bp_80; bulk_property:density_20c; bulk_property:saturates; gc_fid:pca:pc1; gc_fid:pca:pc2; gc_fid:pca:pc3; gc_fid:pca:pc4; gc_fid:pca:pc5; gc_fid:pls:bp_20:lv1,bulk_property:bp_50(1.042); bulk_property:bp_80(1.039); bulk_property:bp_35(1.020); bulk_property:bp_20(0.986); gc_fid:pls:density_20c:lv1(0.980); gc_fid:pls:saturates:lv1(0.965); gc_fid:pls:bp_80:lv1(0.952); gc_fid:pls:bp_65:lv1(0.951),petroleum_fraction_db_048,BP_65,analysis_plus_non_target_bulk,correlation_weighted
1,petroleum_fraction_db_042,0.374452,376.0,74,gc_fid:pca:pc1; gc_fid:pca:pc2; gc_fid:pca:pc3; gc_fid:pca:pc4; gc_fid:pca:pc5; gc_fid:pls:bp_20:lv1; gc_fid:pls:bp_20:lv2; gc_fid:pls:bp_20:lv3; gc_fid:pls:bp_20:lv4; gc_fid:pls:bp_35:lv1; gc_fid:pls:bp_35:lv2; gc_fid:pls:bp_35:lv3,gc_fid:pca:pc1(1.000); gc_fid:pca:pc2(1.000); gc_fid:pca:pc3(1.000); gc_fid:pca:pc4(1.000); gc_fid:pca:pc5(1.000); gc_fid:pls:bp_20:lv1(1.000); gc_fid:pls:bp_20:lv2(1.000); gc_fid:pls:bp_20:lv3(1.000),petroleum_fraction_db_048,BP_80,analysis_only,equal_weight
2,petroleum_fraction_db_049,0.557156,394.6,74,gc_fid:pca:pc1; gc_fid:pca:pc2; gc_fid:pca:pc3; gc_fid:pca:pc4; gc_fid:pca:pc5; gc_fid:pls:bp_20:lv1; gc_fid:pls:bp_20:lv2; gc_fid:pls:bp_20:lv3; gc_fid:pls:bp_20:lv4; gc_fid:pls:bp_35:lv1; gc_fid:pls:bp_35:lv2; gc_fid:pls:bp_35:lv3,gc_fid:pca:pc1(1.000); gc_fid:pca:pc2(1.000); gc_fid:pca:pc3(1.000); gc_fid:pca:pc4(1.000); gc_fid:pca:pc5(1.000); gc_fid:pls:bp_20:lv1(1.000); gc_fid:pls:bp_20:lv2(1.000); gc_fid:pls:bp_20:lv3(1.000),petroleum_fraction_db_048,BP_80,analysis_only,equal_weight
3,petroleum_fraction_db_043,0.586955,380.2,74,gc_fid:pca:pc1; gc_fid:pca:pc2; gc_fid:pca:pc3; gc_fid:pca:pc4; gc_fid:pca:pc5; gc_fid:pls:bp_20:lv1; gc_fid:pls:bp_20:lv2; gc_fid:pls:bp_20:lv3; gc_fid:pls:bp_20:lv4; gc_fid:pls:bp_35:lv1; gc_fid:pls:bp_35:lv2; gc_fid:pls:bp_35:lv3,gc_fid:pca:pc1(1.000); gc_fid:pca:pc2(1.000); gc_fid:pca:pc3(1.000); gc_fid:pca:pc4(1.000); gc_fid:pca:pc5(1.000); gc_fid:pls:bp_20:lv1(1.000); gc_fid:pls:bp_20:lv2(1.000); gc_fid:pls:bp_20:lv3(1.000),petroleum_fraction_db_048,BP_80,analysis_only,equal_weight
4,petroleum_fraction_db_037,0.607616,433.4,74,gc_fid:pca:pc1; gc_fid:pca:pc2; gc_fid:pca:pc3; gc_fid:pca:pc4; gc_fid:pca:pc5; gc_fid:pls:bp_20:lv1; gc_fid:pls:bp_20:lv2; gc_fid:pls:bp_20:lv3; gc_fid:pls:bp_20:lv4; gc_fid:pls:bp_35:lv1; gc_fid:pls:bp_35:lv2; gc_fid:pls:bp_35:lv3,gc_fid:pca:pc1(1.000); gc_fid:pca:pc2(1.000); gc_fid:pca:pc3(1.000); gc_fid:pca:pc4(1.000); gc_fid:pca:pc5(1.000); gc_fid:pls:bp_20:lv1(1.000); gc_fid:pls:bp_20:lv2(1.000); gc_fid:pls:bp_20:lv3(1.000),petroleum_fraction_db_048,BP_80,analysis_only,equal_weight
1,petroleum_fraction_db_042,0.274568,376.0,74,gc_fid:pca:pc1; gc_fid:pca:pc2; gc_fid:pca:pc3; gc_fid:pca:pc4; gc_fid:pca:pc5; gc_fid:pls:bp_20:lv1; gc_fid:pls:bp_20:lv2; gc_fid:pls:bp_20:lv3; gc_fid:pls:bp_20:lv4; gc_fid:pls:bp_35:lv1; gc_fid:pls:bp_35:lv2; gc_fid:pls:bp_35:lv3,gc_fid:pls:density_20c:lv1(0.973); gc_fid:pls:saturates:lv1(0.962); gc_fid:pls:bp_80:lv1(0.945); gc_fid:pls:bp_65:lv1(0.942); gc_fid:pls:bp_50:lv1(0.941); gc_fid:pls:bp_35:lv1(0.939); gc_fid:pls:bp_20:lv1(0.935); gc_fid:pca:pc1(0.913),petroleum_fraction_db_048,BP_80,analysis_only,correlation_weighted
2,petroleum_fraction_db_037,0.506304,433.4,74,gc_fid:pca:pc1; gc_fid:pca:pc2; gc_fid:pca:pc3; gc_fid:pca:pc4; gc_fid:pca:pc5; gc_fid:pls:bp_20:lv1; gc_fid:pls:bp_20:lv2; gc_fid:pls:bp_20:lv3; gc_fid:pls:bp_20:lv4; gc_fid:pls:bp_35:lv1; gc_fid:pls:bp_35:lv2; gc_fid:pls:bp_35:lv3,gc_fid:pls:density_20c:lv1(0.973); gc_fid:pls:saturates:lv1(0.962); gc_fid:pls:bp_80:lv1(0.945); gc_fid:pls:bp_65:lv1(0.942); gc_fid:pls:bp_50:lv1(0.941); gc_fid:pls:bp_35:lv1(0.939); gc_fid:pls:bp_20:lv1(0.935); gc_fid:pca:pc1(0.913),petroleum_fraction_db_048,BP_80,analysis_only,correlation_weighted
3,petroleum_fraction_db_043,0.517462,380.2,74,gc_fid:pca:pc1; gc_fid:pca:pc2; gc_fid:pca:pc3; gc_fid:pca:pc4; gc_fid:pca:pc5; gc_fid:pls:bp_20:lv1; gc_fid:pls:bp_20:lv2; gc_fid:pls:bp_20:lv3; gc_fid:pls:bp_20:lv4; gc_fid:pls:bp_35:lv1; gc_fid:pls:bp_35:lv2; gc_fid:pls:bp_35:lv3,gc_fid:pls:density_20c:lv1(0.973); gc_fid:pls:saturates:lv1(0.962); gc_fid:pls:bp_80:lv1(0.945); gc_fid:pls:bp_65:lv1(0.942); gc_fid:pls:bp_50:lv1(0.941); gc_fid:pls:bp_35:lv1(0.939); gc_fid:pls:bp_20:lv1(0.935); gc_fid:pca:pc1(0.913),petroleum_fraction_db_048,BP_80,analysis_only,correlation_weighted
4,petroleum_fraction_db_049,0.531701,394.6,74,gc_fid:pca:pc1; gc_fid:pca:pc2; gc_fid:pca:pc3; gc_fid:pca:pc4; gc_fid:pca:pc5; gc_fid:pls:bp_20:lv1; gc_fid:pls:bp_20:lv2; gc_fid:pls:bp_20:lv3; gc_fid:pls:bp_20:lv4; gc_fid:pls:bp_35:lv1; gc_fid:pls:bp_35:lv2; gc_fid:pls:bp_35:lv3,gc_fid:pls:density_20c:lv1(0.973); gc_fid:pls:saturates:lv1(0.962); gc_fid:pls:bp_80:lv1(0.945); gc_fid:pls:bp_65:lv1(0.942); gc_fid:pls:bp_50:lv1(0.941); gc_fid:pls:bp_35:lv1(0.939); gc_fid:pls:bp_20:lv1(0.935); gc_fid:pca:pc1(0.913),petroleum_fraction_db_048,BP_80,analysis_only,correlation_weighted
1,petroleum_fraction_db_042,0.363989,376.0,80,bulk_property:bp_20; bulk_property:bp_35; bulk_property:bp_50; bulk_property:bp_65; bulk_property:density_20c; bulk_property:saturates; gc_fid:pca:pc1; gc_fid:pca:pc2; gc_fid:pca:pc3; gc_fid:pca:pc4; gc_fid:pca:pc5; gc_fid:pls:bp_20:lv1,bulk_property:bp_20(1.000); bulk_property:bp_35(1.000); bulk_property:bp_50(1.000); bulk_property:bp_65(1.000); bulk_property:density_20c(1.000); bulk_property:saturates(1.000); gc_fid:pca:pc1(1.000); gc_fid:pca:pc2(1.000),petroleum_fraction_db_048,BP_80,analysis_plus_non_target_bulk,equal_weight
2,petroleum_fraction_db_049,0.55309,394.6,80,bulk_property:bp_20; bulk_property:bp_35; bulk_property:bp_50; bulk_property:bp_65; bulk_property:density_20c; bulk_property:saturates; gc_fid:pca:pc1; gc_fid:pca:pc2; gc_fid:pca:pc3; gc_fid:pca:pc4; gc_fid:pca:pc5; gc_fid:pls:bp_20:lv1,bulk_property:bp_20(1.000); bulk_property:bp_35(1.000); bulk_property:bp_50(1.000); bulk_property:bp_65(1.000); bulk_property:density_20c(1.000); bulk_property:saturates(1.000); gc_fid:pca:pc1(1.000); gc_fid:pca:pc2(1.000),petroleum_fraction_db_048,BP_80,analysis_plus_non_target_bulk,equal_weight
3,petroleum_fraction_db_043,0.566268,380.2,80,bulk_property:bp_20; bulk_property:bp_35; bulk_property:bp_50; bulk_property:bp_65; bulk_property:density_20c; bulk_property:saturates; gc_fid:pca:pc1; gc_fid:pca:pc2; gc_fid:pca:pc3; gc_fid:pca:pc4; gc_fid:pca:pc5; gc_fid:pls:bp_20:lv1,bulk_property:bp_20(1.000); bulk_property:bp_35(1.000); bulk_property:bp_50(1.000); bulk_property:bp_65(1.000); bulk_property:density_20c(1.000); bulk_property:saturates(1.000); gc_fid:pca:pc1(1.000); gc_fid:pca:pc2(1.000),petroleum_fraction_db_048,BP_80,analysis_plus_non_target_bulk,equal_weight
4,petroleum_fraction_db_037,0.607206,433.4,80,bulk_property:bp_20; bulk_property:bp_35; bulk_property:bp_50; bulk_property:bp_65; bulk_property:density_20c; bulk_property:saturates; gc_fid:pca:pc1; gc_fid:pca:pc2; gc_fid:pca:pc3; gc_fid:pca:pc4; gc_fid:pca:pc5; gc_fid:pls:bp_20:lv1,bulk_property:bp_20(1.000); bulk_property:bp_35(1.000); bulk_property:bp_50(1.000); bulk_property:bp_65(1.000); bulk_property:density_20c(1.000); bulk_property:saturates(1.000); gc_fid:pca:pc1(1.000); gc_fid:pca:pc2(1.000),petroleum_fraction_db_048,BP_80,analysis_plus_non_target_bulk,equal_weight
1,petroleum_fraction_db_042,0.266906,376.0,80,bulk_property:bp_20; bulk_property:bp_35; bulk_property:bp_50; bulk_property:bp_65; bulk_property:density_20c; bulk_property:saturates; gc_fid:pca:pc1; gc_fid:pca:pc2; gc_fid:pca:pc3; gc_fid:pca:pc4; gc_fid:pca:pc5; gc_fid:pls:bp_20:lv1,bulk_property:bp_65(1.039); bulk_property:bp_50(1.018); bulk_property:bp_35(0.982); gc_fid:pls:density_20c:lv1(0.973); gc_fid:pls:saturates:lv1(0.962); gc_fid:pls:bp_80:lv1(0.945); gc_fid:pls:bp_65:lv1(0.942); gc_fid:pls:bp_50:lv1(0.941),petroleum_fraction_db_048,BP_80,analysis_plus_non_target_bulk,correlation_weighted
2,petroleum_fraction_db_043,0.480241,380.2,80,bulk_property:bp_20; bulk_property:bp_35; bulk_property:bp_50; bulk_property:bp_65; bulk_property:density_20c; bulk_property:saturates; gc_fid:pca:pc1; gc_fid:pca:pc2; gc_fid:pca:pc3; gc_fid:pca:pc4; gc_fid:pca:pc5; gc_fid:pls:bp_20:lv1,bulk_property:bp_65(1.039); bulk_property:bp_50(1.018); bulk_property:bp_35(0.982); gc_fid:pls:density_20c:lv1(0.973); gc_fid:pls:saturates:lv1(0.962); gc_fid:pls:bp_80:lv1(0.945); gc_fid:pls:bp_65:lv1(0.942); gc_fid:pls:bp_50:lv1(0.941),petroleum_fraction_db_048,BP_80,analysis_plus_non_target_bulk,correlation_weighted
3,petroleum_fraction_db_037,0.499578,433.4,80,bulk_property:bp_20; bulk_property:bp_35; bulk_property:bp_50; bulk_property:bp_65; bulk_property:density_20c; bulk_property:saturates; gc_fid:pca:pc1; gc_fid:pca:pc2; gc_fid:pca:pc3; gc_fid:pca:pc4; gc_fid:pca:pc5; gc_fid:pls:bp_20:lv1,bulk_property:bp_65(1.039); bulk_property:bp_50(1.018); bulk_property:bp_35(0.982); gc_fid:pls:density_20c:lv1(0.973); gc_fid:pls:saturates:lv1(0.962); gc_fid:pls:bp_80:lv1(0.945); gc_fid:pls:bp_65:lv1(0.942); gc_fid:pls:bp_50:lv1(0.941),petroleum_fraction_db_048,BP_80,analysis_plus_non_target_bulk,correlation_weighted
4,petroleum_fraction_db_049,0.516898,394.6,80,bulk_property:bp_20; bulk_property:bp_35; bulk_property:bp_50; bulk_property:bp_65; bulk_property:density_20c; bulk_property:saturates; gc_fid:pca:pc1; gc_fid:pca:pc2; gc_fid:pca:pc3; gc_fid:pca:pc4; gc_fid:pca:pc5; gc_fid:pls:bp_20:lv1,bulk_property:bp_65(1.039); bulk_property:bp_50(1.018); bulk_property:bp_35(0.982); gc_fid:pls:density_20c:lv1(0.973); gc_fid:pls:saturates:lv1(0.962); gc_fid:pls:bp_80:lv1(0.945); gc_fid:pls:bp_65:lv1(0.942); gc_fid:pls:bp_50:lv1(0.941),petroleum_fraction_db_048,BP_80,analysis_plus_non_target_bulk,correlation_weighted
1,petroleum_fraction_db_052,0.905124,0.9183,74,gc_fid:pca:pc1; gc_fid:pca:pc2; gc_fid:pca:pc3; gc_fid:pca:pc4; gc_fid:pca:pc5; gc_fid:pls:bp_20:lv1; gc_fid:pls:bp_20:lv2; gc_fid:pls:bp_20:lv3; gc_fid:pls:bp_20:lv4; gc_fid:pls:bp_35:lv1; gc_fid:pls:bp_35:lv2; gc_fid:pls:bp_35:lv3,gc_fid:pca:pc1(1.000); gc_fid:pca:pc2(1.000); gc_fid:pca:pc3(1.000); gc_fid:pca:pc4(1.000); gc_fid:pca:pc5(1.000); gc_fid:pls:bp_20:lv1(1.000); gc_fid:pls:bp_20:lv2(1.000); gc_fid:pls:bp_20:lv3(1.000),petroleum_fraction_db_053,density_20c,analysis_only,equal_weight
2,petroleum_fraction_db_006,1.574224,0.9612,74,gc_fid:pca:pc1; gc_fid:pca:pc2; gc_fid:pca:pc3; gc_fid:pca:pc4; gc_fid:pca:pc5; gc_fid:pls:bp_20:lv1; gc_fid:pls:bp_20:lv2; gc_fid:pls:bp_20:lv3; gc_fid:pls:bp_20:lv4; gc_fid:pls:bp_35:lv1; gc_fid:pls:bp_35:lv2; gc_fid:pls:bp_35:lv3,gc_fid:pca:pc1(1.000); gc_fid:pca:pc2(1.000); gc_fid:pca:pc3(1.000); gc_fid:pca:pc4(1.000); gc_fid:pca:pc5(1.000); gc_fid:pls:bp_20:lv1(1.000); gc_fid:pls:bp_20:lv2(1.000); gc_fid:pls:bp_20:lv3(1.000),petroleum_fraction_db_053,density_20c,analysis_only,equal_weight
3,petroleum_fraction_db_060,1.5995,0.8782,74,gc_fid:pca:pc1; gc_fid:pca:pc2; gc_fid:pca:pc3; gc_fid:pca:pc4; gc_fid:pca:pc5; gc_fid:pls:bp_20:lv1; gc_fid:pls:bp_20:lv2; gc_fid:pls:bp_20:lv3; gc_fid:pls:bp_20:lv4; gc_fid:pls:bp_35:lv1; gc_fid:pls:bp_35:lv2; gc_fid:pls:bp_35:lv3,gc_fid:pca:pc1(1.000); gc_fid:pca:pc2(1.000); gc_fid:pca:pc3(1.000); gc_fid:pca:pc4(1.000); gc_fid:pca:pc5(1.000); gc_fid:pls:bp_20:lv1(1.000); gc_fid:pls:bp_20:lv2(1.000); gc_fid:pls:bp_20:lv3(1.000),petroleum_fraction_db_053,density_20c,analysis_only,equal_weight
4,petroleum_fraction_db_022,1.728429,0.9568,74,gc_fid:pca:pc1; gc_fid:pca:pc2; gc_fid:pca:pc3; gc_fid:pca:pc4; gc_fid:pca:pc5; gc_fid:pls:bp_20:lv1; gc_fid:pls:bp_20:lv2; gc_fid:pls:bp_20:lv3; gc_fid:pls:bp_20:lv4; gc_fid:pls:bp_35:lv1; gc_fid:pls:bp_35:lv2; gc_fid:pls:bp_35:lv3,gc_fid:pca:pc1(1.000); gc_fid:pca:pc2(1.000); gc_fid:pca:pc3(1.000); gc_fid:pca:pc4(1.000); gc_fid:pca:pc5(1.000); gc_fid:pls:bp_20:lv1(1.000); gc_fid:pls:bp_20:lv2(1.000); gc_fid:pls:bp_20:lv3(1.000),petroleum_fraction_db_053,density_20c,analysis_only,equal_weight
1,petroleum_fraction_db_052,0.783274,0.9183,74,gc_fid:pca:pc1; gc_fid:pca:pc2; gc_fid:pca:pc3; gc_fid:pca:pc4; gc_fid:pca:pc5; gc_fid:pls:bp_20:lv1; gc_fid:pls:bp_20:lv2; gc_fid:pls:bp_20:lv3; gc_fid:pls:bp_20:lv4; gc_fid:pls:bp_35:lv1; gc_fid:pls:bp_35:lv2; gc_fid:pls:bp_35:lv3,ir:weighted_x_q90(0.728); ir_spectrum:pls:density_20c:lv2(0.727); ir_spectrum:pls:saturates:lv2(0.716); ir_spectrum:pls:density_20c:lv1(0.649); ir_spectrum:pls:saturates:lv1(0.629); ir_spectrum:pls:bp_35:lv1(0.628); ir_spectrum:pca:pc1(0.615); ir_spectrum:pls:bp_65:lv1(0.615),petroleum_fraction_db_053,density_20c,analysis_only,correlation_weighted
2,petroleum_fraction_db_022,1.379741,0.9568,74,gc_fid:pca:pc1; gc_fid:pca:pc2; gc_fid:pca:pc3; gc_fid:pca:pc4; gc_fid:pca:pc5; gc_fid:pls:bp_20:lv1; gc_fid:pls:bp_20:lv2; gc_fid:pls:bp_20:lv3; gc_fid:pls:bp_20:lv4; gc_fid:pls:bp_35:lv1; gc_fid:pls:bp_35:lv2; gc_fid:pls:bp_35:lv3,ir:weighted_x_q90(0.728); ir_spectrum:pls:density_20c:lv2(0.727); ir_spectrum:pls:saturates:lv2(0.716); ir_spectrum:pls:density_20c:lv1(0.649); ir_spectrum:pls:saturates:lv1(0.629); ir_spectrum:pls:bp_35:lv1(0.628); ir_spectrum:pca:pc1(0.615); ir_spectrum:pls:bp_65:lv1(0.615),petroleum_fraction_db_053,density_20c,analysis_only,correlation_weighted
3,petroleum_fraction_db_060,1.553305,0.8782,74,gc_fid:pca:pc1; gc_fid:pca:pc2; gc_fid:pca:pc3; gc_fid:pca:pc4; gc_fid:pca:pc5; gc_fid:pls:bp_20:lv1; gc_fid:pls:bp_20:lv2; gc_fid:pls:bp_20:lv3; gc_fid:pls:bp_20:lv4; gc_fid:pls:bp_35:lv1; gc_fid:pls:bp_35:lv2; gc_fid:pls:bp_35:lv3,ir:weighted_x_q90(0.728); ir_spectrum:pls:density_20c:lv2(0.727); ir_spectrum:pls:saturates:lv2(0.716); ir_spectrum:pls:density_20c:lv1(0.649); ir_spectrum:pls:saturates:lv1(0.629); ir_spectrum:pls:bp_35:lv1(0.628); ir_spectrum:pca:pc1(0.615); ir_spectrum:pls:bp_65:lv1(0.615),petroleum_fraction_db_053,density_20c,analysis_only,correlation_weighted
4,petroleum_fraction_db_023,1.755448,0.9661,74,gc_fid:pca:pc1; gc_fid:pca:pc2; gc_fid:pca:pc3; gc_fid:pca:pc4; gc_fid:pca:pc5; gc_fid:pls:bp_20:lv1; gc_fid:pls:bp_20:lv2; gc_fid:pls:bp_20:lv3; gc_fid:pls:bp_20:lv4; gc_fid:pls:bp_35:lv1; gc_fid:pls:bp_35:lv2; gc_fid:pls:bp_35:lv3,ir:weighted_x_q90(0.728); ir_spectrum:pls:density_20c:lv2(0.727); ir_spectrum:pls:saturates:lv2(0.716); ir_spectrum:pls:density_20c:lv1(0.649); ir_spectrum:pls:saturates:lv1(0.629); ir_spectrum:pls:bp_35:lv1(0.628); ir_spectrum:pca:pc1(0.615); ir_spectrum:pls:bp_65:lv1(0.615),petroleum_fraction_db_053,density_20c,analysis_only,correlation_weighted
1,petroleum_fraction_db_052,0.925777,0.9183,80,bulk_property:bp_20; bulk_property:bp_35; bulk_property:bp_50; bulk_property:bp_65; bulk_property:bp_80; bulk_property:saturates; gc_fid:pca:pc1; gc_fid:pca:pc2; gc_fid:pca:pc3; gc_fid:pca:pc4; gc_fid:pca:pc5; gc_fid:pls:bp_20:lv1,bulk_property:bp_20(1.000); bulk_property:bp_35(1.000); bulk_property:bp_50(1.000); bulk_property:bp_65(1.000); bulk_property:bp_80(1.000); bulk_property:saturates(1.000); gc_fid:pca:pc1(1.000); gc_fid:pca:pc2(1.000),petroleum_fraction_db_053,density_20c,analysis_plus_non_target_bulk,equal_weight
2,petroleum_fraction_db_006,1.532366,0.9612,80,bulk_property:bp_20; bulk_property:bp_35; bulk_property:bp_50; bulk_property:bp_65; bulk_property:bp_80; bulk_property:saturates; gc_fid:pca:pc1; gc_fid:pca:pc2; gc_fid:pca:pc3; gc_fid:pca:pc4; gc_fid:pca:pc5; gc_fid:pls:bp_20:lv1,bulk_property:bp_20(1.000); bulk_property:bp_35(1.000); bulk_property:bp_50(1.000); bulk_property:bp_65(1.000); bulk_property:bp_80(1.000); bulk_property:saturates(1.000); gc_fid:pca:pc1(1.000); gc_fid:pca:pc2(1.000),petroleum_fraction_db_053,density_20c,analysis_plus_non_target_bulk,equal_weight
3,petroleum_fraction_db_060,1.583048,0.8782,80,bulk_property:bp_20; bulk_property:bp_35; bulk_property:bp_50; bulk_property:bp_65; bulk_property:bp_80; bulk_property:saturates; gc_fid:pca:pc1; gc_fid:pca:pc2; gc_fid:pca:pc3; gc_fid:pca:pc4; gc_fid:pca:pc5; gc_fid:pls:bp_20:lv1,bulk_property:bp_20(1.000); bulk_property:bp_35(1.000); bulk_property:bp_50(1.000); bulk_property:bp_65(1.000); bulk_property:bp_80(1.000); bulk_property:saturates(1.000); gc_fid:pca:pc1(1.000); gc_fid:pca:pc2(1.000),petroleum_fraction_db_053,density_20c,analysis_plus_non_target_bulk,equal_weight
4,petroleum_fraction_db_022,1.830736,0.9568,80,bulk_property:bp_20; bulk_property:bp_35; bulk_property:bp_50; bulk_property:bp_65; bulk_property:bp_80; bulk_property:saturates; gc_fid:pca:pc1; gc_fid:pca:pc2; gc_fid:pca:pc3; gc_fid:pca:pc4; gc_fid:pca:pc5; gc_fid:pls:bp_20:lv1,bulk_property:bp_20(1.000); bulk_property:bp_35(1.000); bulk_property:bp_50(1.000); bulk_property:bp_65(1.000); bulk_property:bp_80(1.000); bulk_property:saturates(1.000); gc_fid:pca:pc1(1.000); gc_fid:pca:pc2(1.000),petroleum_fraction_db_053,density_20c,analysis_plus_non_target_bulk,equal_weight
1,petroleum_fraction_db_052,0.831274,0.9183,80,bulk_property:bp_20; bulk_property:bp_35; bulk_property:bp_50; bulk_property:bp_65; bulk_property:bp_80; bulk_property:saturates; gc_fid:pca:pc1; gc_fid:pca:pc2; gc_fid:pca:pc3; gc_fid:pca:pc4; gc_fid:pca:pc5; gc_fid:pls:bp_20:lv1,bulk_property:saturates(0.895); ir:weighted_x_q90(0.728); ir_spectrum:pls:density_20c:lv2(0.727); ir_spectrum:pls:saturates:lv2(0.716); ir_spectrum:pls:density_20c:lv1(0.649); ir_spectrum:pls:saturates:lv1(0.629); ir_spectrum:pls:bp_35:lv1(0.628); ir_spectrum:pca:pc1(0.615),petroleum_fraction_db_053,density_20c,analysis_plus_non_target_bulk,correlation_weighted
2,petroleum_fraction_db_060,1.530415,0.8782,80,bulk_property:bp_20; bulk_property:bp_35; bulk_property:bp_50; bulk_property:bp_65; bulk_property:bp_80; bulk_property:saturates; gc_fid:pca:pc1; gc_fid:pca:pc2; gc_fid:pca:pc3; gc_fid:pca:pc4; gc_fid:pca:pc5; gc_fid:pls:bp_20:lv1,bulk_property:saturates(0.895); ir:weighted_x_q90(0.728); ir_spectrum:pls:density_20c:lv2(0.727); ir_spectrum:pls:saturates:lv2(0.716); ir_spectrum:pls:density_20c:lv1(0.649); ir_spectrum:pls:saturates:lv1(0.629); ir_spectrum:pls:bp_35:lv1(0.628); ir_spectrum:pca:pc1(0.615),petroleum_fraction_db_053,density_20c,analysis_plus_non_target_bulk,correlation_weighted
3,petroleum_fraction_db_022,1.559392,0.9568,80,bulk_property:bp_20; bulk_property:bp_35; bulk_property:bp_50; bulk_property:bp_65; bulk_property:bp_80; bulk_property:saturates; gc_fid:pca:pc1; gc_fid:pca:pc2; gc_fid:pca:pc3; gc_fid:pca:pc4; gc_fid:pca:pc5; gc_fid:pls:bp_20:lv1,bulk_property:saturates(0.895); ir:weighted_x_q90(0.728); ir_spectrum:pls:density_20c:lv2(0.727); ir_spectrum:pls:saturates:lv2(0.716); ir_spectrum:pls:density_20c:lv1(0.649); ir_spectrum:pls:saturates:lv1(0.629); ir_spectrum:pls:bp_35:lv1(0.628); ir_spectrum:pca:pc1(0.615),petroleum_fraction_db_053,density_20c,analysis_plus_non_target_bulk,correlation_weighted
4,petroleum_fraction_db_006,1.804226,0.9612,80,bulk_property:bp_20; bulk_property:bp_35; bulk_property:bp_50; bulk_property:bp_65; bulk_property:bp_80; bulk_property:saturates; gc_fid:pca:pc1; gc_fid:pca:pc2; gc_fid:pca:pc3; gc_fid:pca:pc4; gc_fid:pca:pc5; gc_fid:pls:bp_20:lv1,bulk_property:saturates(0.895); ir:weighted_x_q90(0.728); ir_spectrum:pls:density_20c:lv2(0.727); ir_spectrum:pls:saturates:lv2(0.716); ir_spectrum:pls:density_20c:lv1(0.649); ir_spectrum:pls:saturates:lv1(0.629); ir_spectrum:pls:bp_35:lv1(0.628); ir_spectrum:pca:pc1(0.615),petroleum_fraction_db_053,density_20c,analysis_plus_non_target_bulk,correlation_weighted
1,petroleum_fraction_db_052,0.905124,74.06340057636729,74,gc_fid:pca:pc1; gc_fid:pca:pc2; gc_fid:pca:pc3; gc_fid:pca:pc4; gc_fid:pca:pc5; gc_fid:pls:bp_20:lv1; gc_fid:pls:bp_20:lv2; gc_fid:pls:bp_20:lv3; gc_fid:pls:bp_20:lv4; gc_fid:pls:bp_35:lv1; gc_fid:pls:bp_35:lv2; gc_fid:pls:bp_35:lv3,gc_fid:pca:pc1(1.000); gc_fid:pca:pc2(1.000); gc_fid:pca:pc3(1.000); gc_fid:pca:pc4(1.000); gc_fid:pca:pc5(1.000); gc_fid:pls:bp_20:lv1(1.000); gc_fid:pls:bp_20:lv2(1.000); gc_fid:pls:bp_20:lv3(1.000),petroleum_fraction_db_053,saturates,analysis_only,equal_weight
2,petroleum_fraction_db_006,1.574224,34.00468384074938,74,gc_fid:pca:pc1; gc_fid:pca:pc2; gc_fid:pca:pc3; gc_fid:pca:pc4; gc_fid:pca:pc5; gc_fid:pls:bp_20:lv1; gc_fid:pls:bp_20:lv2; gc_fid:pls:bp_20:lv3; gc_fid:pls:bp_20:lv4; gc_fid:pls:bp_35:lv1; gc_fid:pls:bp_35:lv2; gc_fid:pls:bp_35:lv3,gc_fid:pca:pc1(1.000); gc_fid:pca:pc2(1.000); gc_fid:pca:pc3(1.000); gc_fid:pca:pc4(1.000); gc_fid:pca:pc5(1.000); gc_fid:pls:bp_20:lv1(1.000); gc_fid:pls:bp_20:lv2(1.000); gc_fid:pls:bp_20:lv3(1.000),petroleum_fraction_db_053,saturates,analysis_only,equal_weight
3,petroleum_fraction_db_060,1.5995,75.83022553720595,74,gc_fid:pca:pc1; gc_fid:pca:pc2; gc_fid:pca:pc3; gc_fid:pca:pc4; gc_fid:pca:pc5; gc_fid:pls:bp_20:lv1; gc_fid:pls:bp_20:lv2; gc_fid:pls:bp_20:lv3; gc_fid:pls:bp_20:lv4; gc_fid:pls:bp_35:lv1; gc_fid:pls:bp_35:lv2; gc_fid:pls:bp_35:lv3,gc_fid:pca:pc1(1.000); gc_fid:pca:pc2(1.000); gc_fid:pca:pc3(1.000); gc_fid:pca:pc4(1.000); gc_fid:pca:pc5(1.000); gc_fid:pls:bp_20:lv1(1.000); gc_fid:pls:bp_20:lv2(1.000); gc_fid:pls:bp_20:lv3(1.000),petroleum_fraction_db_053,saturates,analysis_only,equal_weight
4,petroleum_fraction_db_022,1.728429,62.3645320197054,74,gc_fid:pca:pc1; gc_fid:pca:pc2; gc_fid:pca:pc3; gc_fid:pca:pc4; gc_fid:pca:pc5; gc_fid:pls:bp_20:lv1; gc_fid:pls:bp_20:lv2; gc_fid:pls:bp_20:lv3; gc_fid:pls:bp_20:lv4; gc_fid:pls:bp_35:lv1; gc_fid:pls:bp_35:lv2; gc_fid:pls:bp_35:lv3,gc_fid:pca:pc1(1.000); gc_fid:pca:pc2(1.000); gc_fid:pca:pc3(1.000); gc_fid:pca:pc4(1.000); gc_fid:pca:pc5(1.000); gc_fid:pls:bp_20:lv1(1.000); gc_fid:pls:bp_20:lv2(1.000); gc_fid:pls:bp_20:lv3(1.000),petroleum_fraction_db_053,saturates,analysis_only,equal_weight
1,petroleum_fraction_db_052,0.799628,74.06340057636729,74,gc_fid:pca:pc1; gc_fid:pca:pc2; gc_fid:pca:pc3; gc_fid:pca:pc4; gc_fid:pca:pc5; gc_fid:pls:bp_20:lv1; gc_fid:pls:bp_20:lv2; gc_fid:pls:bp_20:lv3; gc_fid:pls:bp_20:lv4; gc_fid:pls:bp_35:lv1; gc_fid:pls:bp_35:lv2; gc_fid:pls:bp_35:lv3,ir:weighted_x_q90(0.703); ir_spectrum:pls:density_20c:lv1(0.668); ir_spectrum:pls:saturates:lv1(0.668); ir_spectrum:pca:pc1(0.656); ir:weighted_x_mean(0.613); ir_spectrum:pls:bp_80:lv1(0.577); ir_spectrum:pls:saturates:lv2(0.568); ir:weighted_x_q50(0.567),petroleum_fraction_db_053,saturates,analysis_only,correlation_weighted
2,petroleum_fraction_db_022,1.41426,62.3645320197054,74,gc_fid:pca:pc1; gc_fid:pca:pc2; gc_fid:pca:pc3; gc_fid:pca:pc4; gc_fid:pca:pc5; gc_fid:pls:bp_20:lv1; gc_fid:pls:bp_20:lv2; gc_fid:pls:bp_20:lv3; gc_fid:pls:bp_20:lv4; gc_fid:pls:bp_35:lv1; gc_fid:pls:bp_35:lv2; gc_fid:pls:bp_35:lv3,ir:weighted_x_q90(0.703); ir_spectrum:pls:density_20c:lv1(0.668); ir_spectrum:pls:saturates:lv1(0.668); ir_spectrum:pca:pc1(0.656); ir:weighted_x_mean(0.613); ir_spectrum:pls:bp_80:lv1(0.577); ir_spectrum:pls:saturates:lv2(0.568); ir:weighted_x_q50(0.567),petroleum_fraction_db_053,saturates,analysis_only,correlation_weighted
3,petroleum_fraction_db_060,1.608705,75.83022553720595,74,gc_fid:pca:pc1; gc_fid:pca:pc2; gc_fid:pca:pc3; gc_fid:pca:pc4; gc_fid:pca:pc5; gc_fid:pls:bp_20:lv1; gc_fid:pls:bp_20:lv2; gc_fid:pls:bp_20:lv3; gc_fid:pls:bp_20:lv4; gc_fid:pls:bp_35:lv1; gc_fid:pls:bp_35:lv2; gc_fid:pls:bp_35:lv3,ir:weighted_x_q90(0.703); ir_spectrum:pls:density_20c:lv1(0.668); ir_spectrum:pls:saturates:lv1(0.668); ir_spectrum:pca:pc1(0.656); ir:weighted_x_mean(0.613); ir_spectrum:pls:bp_80:lv1(0.577); ir_spectrum:pls:saturates:lv2(0.568); ir:weighted_x_q50(0.567),petroleum_fraction_db_053,saturates,analysis_only,correlation_weighted
4,petroleum_fraction_db_010,1.857153,88.04270462633271,74,gc_fid:pca:pc1; gc_fid:pca:pc2; gc_fid:pca:pc3; gc_fid:pca:pc4; gc_fid:pca:pc5; gc_fid:pls:bp_20:lv1; gc_fid:pls:bp_20:lv2; gc_fid:pls:bp_20:lv3; gc_fid:pls:bp_20:lv4; gc_fid:pls:bp_35:lv1; gc_fid:pls:bp_35:lv2; gc_fid:pls:bp_35:lv3,ir:weighted_x_q90(0.703); ir_spectrum:pls:density_20c:lv1(0.668); ir_spectrum:pls:saturates:lv1(0.668); ir_spectrum:pca:pc1(0.656); ir:weighted_x_mean(0.613); ir_spectrum:pls:bp_80:lv1(0.577); ir_spectrum:pls:saturates:lv2(0.568); ir:weighted_x_q50(0.567),petroleum_fraction_db_053,saturates,analysis_only,correlation_weighted
1,petroleum_fraction_db_052,0.920225,74.06340057636729,80,bulk_property:bp_20; bulk_property:bp_35; bulk_property:bp_50; bulk_property:bp_65; bulk_property:bp_80; bulk_property:density_20c; gc_fid:pca:pc1; gc_fid:pca:pc2; gc_fid:pca:pc3; gc_fid:pca:pc4; gc_fid:pca:pc5; gc_fid:pls:bp_20:lv1,bulk_property:bp_20(1.000); bulk_property:bp_35(1.000); bulk_property:bp_50(1.000); bulk_property:bp_65(1.000); bulk_property:bp_80(1.000); bulk_property:density_20c(1.000); gc_fid:pca:pc1(1.000); gc_fid:pca:pc2(1.000),petroleum_fraction_db_053,saturates,analysis_plus_non_target_bulk,equal_weight
2,petroleum_fraction_db_006,1.523346,34.00468384074938,80,bulk_property:bp_20; bulk_property:bp_35; bulk_property:bp_50; bulk_property:bp_65; bulk_property:bp_80; bulk_property:density_20c; gc_fid:pca:pc1; gc_fid:pca:pc2; gc_fid:pca:pc3; gc_fid:pca:pc4; gc_fid:pca:pc5; gc_fid:pls:bp_20:lv1,bulk_property:bp_20(1.000); bulk_property:bp_35(1.000); bulk_property:bp_50(1.000); bulk_property:bp_65(1.000); bulk_property:bp_80(1.000); bulk_property:density_20c(1.000); gc_fid:pca:pc1(1.000); gc_fid:pca:pc2(1.000),petroleum_fraction_db_053,saturates,analysis_plus_non_target_bulk,equal_weight
3,petroleum_fraction_db_060,1.586312,75.83022553720595,80,bulk_property:bp_20; bulk_property:bp_35; bulk_property:bp_50; bulk_property:bp_65; bulk_property:bp_80; bulk_property:density_20c; gc_fid:pca:pc1; gc_fid:pca:pc2; gc_fid:pca:pc3; gc_fid:pca:pc4; gc_fid:pca:pc5; gc_fid:pls:bp_20:lv1,bulk_property:bp_20(1.000); bulk_property:bp_35(1.000); bulk_property:bp_50(1.000); bulk_property:bp_65(1.000); bulk_property:bp_80(1.000); bulk_property:density_20c(1.000); gc_fid:pca:pc1(1.000); gc_fid:pca:pc2(1.000),petroleum_fraction_db_053,saturates,analysis_plus_non_target_bulk,equal_weight
4,petroleum_fraction_db_022,1.830425,62.3645320197054,80,bulk_property:bp_20; bulk_property:bp_35; bulk_property:bp_50; bulk_property:bp_65; bulk_property:bp_80; bulk_property:density_20c; gc_fid:pca:pc1; gc_fid:pca:pc2; gc_fid:pca:pc3; gc_fid:pca:pc4; gc_fid:pca:pc5; gc_fid:pls:bp_20:lv1,bulk_property:bp_20(1.000); bulk_property:bp_35(1.000); bulk_property:bp_50(1.000); bulk_property:bp_65(1.000); bulk_property:bp_80(1.000); bulk_property:density_20c(1.000); gc_fid:pca:pc1(1.000); gc_fid:pca:pc2(1.000),petroleum_fraction_db_053,saturates,analysis_plus_non_target_bulk,equal_weight
1,petroleum_fraction_db_052,0.82455,74.06340057636729,80,bulk_property:bp_20; bulk_property:bp_35; bulk_property:bp_50; bulk_property:bp_65; bulk_property:bp_80; bulk_property:density_20c; gc_fid:pca:pc1; gc_fid:pca:pc2; gc_fid:pca:pc3; gc_fid:pca:pc4; gc_fid:pca:pc5; gc_fid:pls:bp_20:lv1,bulk_property:density_20c(0.895); ir:weighted_x_q90(0.703); ir_spectrum:pls:density_20c:lv1(0.668); ir_spectrum:pls:saturates:lv1(0.668); ir_spectrum:pca:pc1(0.656); ir:weighted_x_mean(0.613); ir_spectrum:pls:bp_80:lv1(0.577); ir_spectrum:pls:saturates:lv2(0.568),petroleum_fraction_db_053,saturates,analysis_plus_non_target_bulk,correlation_weighted
2,petroleum_fraction_db_022,1.567791,62.3645320197054,80,bulk_property:bp_20; bulk_property:bp_35; bulk_property:bp_50; bulk_property:bp_65; bulk_property:bp_80; bulk_property:density_20c; gc_fid:pca:pc1; gc_fid:pca:pc2; gc_fid:pca:pc3; gc_fid:pca:pc4; gc_fid:pca:pc5; gc_fid:pls:bp_20:lv1,bulk_property:density_20c(0.895); ir:weighted_x_q90(0.703); ir_spectrum:pls:density_20c:lv1(0.668); ir_spectrum:pls:saturates:lv1(0.668); ir_spectrum:pca:pc1(0.656); ir:weighted_x_mean(0.613); ir_spectrum:pls:bp_80:lv1(0.577); ir_spectrum:pls:saturates:lv2(0.568),petroleum_fraction_db_053,saturates,analysis_plus_non_target_bulk,correlation_weighted
3,petroleum_fraction_db_060,1.588015,75.83022553720595,80,bulk_property:bp_20; bulk_property:bp_35; bulk_property:bp_50; bulk_property:bp_65; bulk_property:bp_80; bulk_property:density_20c; gc_fid:pca:pc1; gc_fid:pca:pc2; gc_fid:pca:pc3; gc_fid:pca:pc4; gc_fid:pca:pc5; gc_fid:pls:bp_20:lv1,bulk_property:density_20c(0.895); ir:weighted_x_q90(0.703); ir_spectrum:pls:density_20c:lv1(0.668); ir_spectrum:pls:saturates:lv1(0.668); ir_spectrum:pca:pc1(0.656); ir:weighted_x_mean(0.613); ir_spectrum:pls:bp_80:lv1(0.577); ir_spectrum:pls:saturates:lv2(0.568),petroleum_fraction_db_053,saturates,analysis_plus_non_target_bulk,correlation_weighted
4,petroleum_fraction_db_006,1.821673,34.00468384074938,80,bulk_property:bp_20; bulk_property:bp_35; bulk_property:bp_50; bulk_property:bp_65; bulk_property:bp_80; bulk_property:density_20c; gc_fid:pca:pc1; gc_fid:pca:pc2; gc_fid:pca:pc3; gc_fid:pca:pc4; gc_fid:pca:pc5; gc_fid:pls:bp_20:lv1,bulk_property:density_20c(0.895); ir:weighted_x_q90(0.703); ir_spectrum:pls:density_20c:lv1(0.668); ir_spectrum:pls:saturates:lv1(0.668); ir_spectrum:pca:pc1(0.656); ir:weighted_x_mean(0.613); ir_spectrum:pls:bp_80:lv1(0.577); ir_spectrum:pls:saturates:lv2(0.568),petroleum_fraction_db_053,saturates,analysis_plus_non_target_bulk,correlation_weighted
1,petroleum_fraction_db_052,0.905124,469.0,74,gc_fid:pca:pc1; gc_fid:pca:pc2; gc_fid:pca:pc3; gc_fid:pca:pc4; gc_fid:pca:pc5; gc_fid:pls:bp_20:lv1; gc_fid:pls:bp_20:lv2; gc_fid:pls:bp_20:lv3; gc_fid:pls:bp_20:lv4; gc_fid:pls:bp_35:lv1; gc_fid:pls:bp_35:lv2; gc_fid:pls:bp_35:lv3,gc_fid:pca:pc1(1.000); gc_fid:pca:pc2(1.000); gc_fid:pca:pc3(1.000); gc_fid:pca:pc4(1.000); gc_fid:pca:pc5(1.000); gc_fid:pls:bp_20:lv1(1.000); gc_fid:pls:bp_20:lv2(1.000); gc_fid:pls:bp_20:lv3(1.000),petroleum_fraction_db_053,BP_20,analysis_only,equal_weight
2,petroleum_fraction_db_006,1.574224,511.6,74,gc_fid:pca:pc1; gc_fid:pca:pc2; gc_fid:pca:pc3; gc_fid:pca:pc4; gc_fid:pca:pc5; gc_fid:pls:bp_20:lv1; gc_fid:pls:bp_20:lv2; gc_fid:pls:bp_20:lv3; gc_fid:pls:bp_20:lv4; gc_fid:pls:bp_35:lv1; gc_fid:pls:bp_35:lv2; gc_fid:pls:bp_35:lv3,gc_fid:pca:pc1(1.000); gc_fid:pca:pc2(1.000); gc_fid:pca:pc3(1.000); gc_fid:pca:pc4(1.000); gc_fid:pca:pc5(1.000); gc_fid:pls:bp_20:lv1(1.000); gc_fid:pls:bp_20:lv2(1.000); gc_fid:pls:bp_20:lv3(1.000),petroleum_fraction_db_053,BP_20,analysis_only,equal_weight
3,petroleum_fraction_db_060,1.5995,432.6,74,gc_fid:pca:pc1; gc_fid:pca:pc2; gc_fid:pca:pc3; gc_fid:pca:pc4; gc_fid:pca:pc5; gc_fid:pls:bp_20:lv1; gc_fid:pls:bp_20:lv2; gc_fid:pls:bp_20:lv3; gc_fid:pls:bp_20:lv4; gc_fid:pls:bp_35:lv1; gc_fid:pls:bp_35:lv2; gc_fid:pls:bp_35:lv3,gc_fid:pca:pc1(1.000); gc_fid:pca:pc2(1.000); gc_fid:pca:pc3(1.000); gc_fid:pca:pc4(1.000); gc_fid:pca:pc5(1.000); gc_fid:pls:bp_20:lv1(1.000); gc_fid:pls:bp_20:lv2(1.000); gc_fid:pls:bp_20:lv3(1.000),petroleum_fraction_db_053,BP_20,analysis_only,equal_weight
4,petroleum_fraction_db_022,1.728429,381.8,74,gc_fid:pca:pc1; gc_fid:pca:pc2; gc_fid:pca:pc3; gc_fid:pca:pc4; gc_fid:pca:pc5; gc_fid:pls:bp_20:lv1; gc_fid:pls:bp_20:lv2; gc_fid:pls:bp_20:lv3; gc_fid:pls:bp_20:lv4; gc_fid:pls:bp_35:lv1; gc_fid:pls:bp_35:lv2; gc_fid:pls:bp_35:lv3,gc_fid:pca:pc1(1.000); gc_fid:pca:pc2(1.000); gc_fid:pca:pc3(1.000); gc_fid:pca:pc4(1.000); gc_fid:pca:pc5(1.000); gc_fid:pls:bp_20:lv1(1.000); gc_fid:pls:bp_20:lv2(1.000); gc_fid:pls:bp_20:lv3(1.000),petroleum_fraction_db_053,BP_20,analysis_only,equal_weight
1,petroleum_fraction_db_052,0.801664,469.0,74,gc_fid:pca:pc1; gc_fid:pca:pc2; gc_fid:pca:pc3; gc_fid:pca:pc4; gc_fid:pca:pc5; gc_fid:pls:bp_20:lv1; gc_fid:pls:bp_20:lv2; gc_fid:pls:bp_20:lv3; gc_fid:pls:bp_20:lv4; gc_fid:pls:bp_35:lv1; gc_fid:pls:bp_35:lv2; gc_fid:pls:bp_35:lv3,gc_fid:pls:density_20c:lv1(0.948); gc_fid:pls:bp_20:lv1(0.940); gc_fid:pls:bp_35:lv1(0.939); gc_fid:pls:bp_50:lv1(0.938); gc_fid:pls:bp_65:lv1(0.936); gc_fid:pls:bp_80:lv1(0.934); gc_fid:pls:saturates:lv1(0.928); gc_fid:pca:pc1(0.914),petroleum_fraction_db_053,BP_20,analysis_only,correlation_weighted
2,petroleum_fraction_db_060,1.380068,432.6,74,gc_fid:pca:pc1; gc_fid:pca:pc2; gc_fid:pca:pc3; gc_fid:pca:pc4; gc_fid:pca:pc5; gc_fid:pls:bp_20:lv1; gc_fid:pls:bp_20:lv2; gc_fid:pls:bp_20:lv3; gc_fid:pls:bp_20:lv4; gc_fid:pls:bp_35:lv1; gc_fid:pls:bp_35:lv2; gc_fid:pls:bp_35:lv3,gc_fid:pls:density_20c:lv1(0.948); gc_fid:pls:bp_20:lv1(0.940); gc_fid:pls:bp_35:lv1(0.939); gc_fid:pls:bp_50:lv1(0.938); gc_fid:pls:bp_65:lv1(0.936); gc_fid:pls:bp_80:lv1(0.934); gc_fid:pls:saturates:lv1(0.928); gc_fid:pca:pc1(0.914),petroleum_fraction_db_053,BP_20,analysis_only,correlation_weighted
3,petroleum_fraction_db_006,1.475891,511.6,74,gc_fid:pca:pc1; gc_fid:pca:pc2; gc_fid:pca:pc3; gc_fid:pca:pc4; gc_fid:pca:pc5; gc_fid:pls:bp_20:lv1; gc_fid:pls:bp_20:lv2; gc_fid:pls:bp_20:lv3; gc_fid:pls:bp_20:lv4; gc_fid:pls:bp_35:lv1; gc_fid:pls:bp_35:lv2; gc_fid:pls:bp_35:lv3,gc_fid:pls:density_20c:lv1(0.948); gc_fid:pls:bp_20:lv1(0.940); gc_fid:pls:bp_35:lv1(0.939); gc_fid:pls:bp_50:lv1(0.938); gc_fid:pls:bp_65:lv1(0.936); gc_fid:pls:bp_80:lv1(0.934); gc_fid:pls:saturates:lv1(0.928); gc_fid:pca:pc1(0.914),petroleum_fraction_db_053,BP_20,analysis_only,correlation_weighted
4,petroleum_fraction_db_034,1.588327,438.6,74,gc_fid:pca:pc1; gc_fid:pca:pc2; gc_fid:pca:pc3; gc_fid:pca:pc4; gc_fid:pca:pc5; gc_fid:pls:bp_20:lv1; gc_fid:pls:bp_20:lv2; gc_fid:pls:bp_20:lv3; gc_fid:pls:bp_20:lv4; gc_fid:pls:bp_35:lv1; gc_fid:pls:bp_35:lv2; gc_fid:pls:bp_35:lv3,gc_fid:pls:density_20c:lv1(0.948); gc_fid:pls:bp_20:lv1(0.940); gc_fid:pls:bp_35:lv1(0.939); gc_fid:pls:bp_50:lv1(0.938); gc_fid:pls:bp_65:lv1(0.936); gc_fid:pls:bp_80:lv1(0.934); gc_fid:pls:saturates:lv1(0.928); gc_fid:pca:pc1(0.914),petroleum_fraction_db_053,BP_20,analysis_only,correlation_weighted
1,petroleum_fraction_db_052,0.914252,469.0,80,bulk_property:bp_35; bulk_property:bp_50; bulk_property:bp_65; bulk_property:bp_80; bulk_property:density_20c; bulk_property:saturates; gc_fid:pca:pc1; gc_fid:pca:pc2; gc_fid:pca:pc3; gc_fid:pca:pc4; gc_fid:pca:pc5; gc_fid:pls:bp_20:lv1,bulk_property:bp_35(1.000); bulk_property:bp_50(1.000); bulk_property:bp_65(1.000); bulk_property:bp_80(1.000); bulk_property:density_20c(1.000); bulk_property:saturates(1.000); gc_fid:pca:pc1(1.000); gc_fid:pca:pc2(1.000),petroleum_fraction_db_053,BP_20,analysis_plus_non_target_bulk,equal_weight
2,petroleum_fraction_db_006,1.530641,511.6,80,bulk_property:bp_35; bulk_property:bp_50; bulk_property:bp_65; bulk_property:bp_80; bulk_property:density_20c; bulk_property:saturates; gc_fid:pca:pc1; gc_fid:pca:pc2; gc_fid:pca:pc3; gc_fid:pca:pc4; gc_fid:pca:pc5; gc_fid:pls:bp_20:lv1,bulk_property:bp_35(1.000); bulk_property:bp_50(1.000); bulk_property:bp_65(1.000); bulk_property:bp_80(1.000); bulk_property:density_20c(1.000); bulk_property:saturates(1.000); gc_fid:pca:pc1(1.000); gc_fid:pca:pc2(1.000),petroleum_fraction_db_053,BP_20,analysis_plus_non_target_bulk,equal_weight
3,petroleum_fraction_db_060,1.574918,432.6,80,bulk_property:bp_35; bulk_property:bp_50; bulk_property:bp_65; bulk_property:bp_80; bulk_property:density_20c; bulk_property:saturates; gc_fid:pca:pc1; gc_fid:pca:pc2; gc_fid:pca:pc3; gc_fid:pca:pc4; gc_fid:pca:pc5; gc_fid:pls:bp_20:lv1,bulk_property:bp_35(1.000); bulk_property:bp_50(1.000); bulk_property:bp_65(1.000); bulk_property:bp_80(1.000); bulk_property:density_20c(1.000); bulk_property:saturates(1.000); gc_fid:pca:pc1(1.000); gc_fid:pca:pc2(1.000),petroleum_fraction_db_053,BP_20,analysis_plus_non_target_bulk,equal_weight
4,petroleum_fraction_db_022,1.800001,381.8,80,bulk_property:bp_35; bulk_property:bp_50; bulk_property:bp_65; bulk_property:bp_80; bulk_property:density_20c; bulk_property:saturates; gc_fid:pca:pc1; gc_fid:pca:pc2; gc_fid:pca:pc3; gc_fid:pca:pc4; gc_fid:pca:pc5; gc_fid:pls:bp_20:lv1,bulk_property:bp_35(1.000); bulk_property:bp_50(1.000); bulk_property:bp_65(1.000); bulk_property:bp_80(1.000); bulk_property:density_20c(1.000); bulk_property:saturates(1.000); gc_fid:pca:pc1(1.000); gc_fid:pca:pc2(1.000),petroleum_fraction_db_053,BP_20,analysis_plus_non_target_bulk,equal_weight
1,petroleum_fraction_db_052,0.845147,469.0,80,bulk_property:bp_35; bulk_property:bp_50; bulk_property:bp_65; bulk_property:bp_80; bulk_property:density_20c; bulk_property:saturates; gc_fid:pca:pc1; gc_fid:pca:pc2; gc_fid:pca:pc3; gc_fid:pca:pc4; gc_fid:pca:pc5; gc_fid:pls:bp_20:lv1,bulk_property:bp_35(1.040); bulk_property:bp_50(1.015); bulk_property:bp_65(0.986); gc_fid:pls:density_20c:lv1(0.948); gc_fid:pls:bp_20:lv1(0.940); gc_fid:pls:bp_35:lv1(0.939); bulk_property:bp_80(0.939); gc_fid:pls:bp_50:lv1(0.938),petroleum_fraction_db_053,BP_20,analysis_plus_non_target_bulk,correlation_weighted
2,petroleum_fraction_db_060,1.355411,432.6,80,bulk_property:bp_35; bulk_property:bp_50; bulk_property:bp_65; bulk_property:bp_80; bulk_property:density_20c; bulk_property:saturates; gc_fid:pca:pc1; gc_fid:pca:pc2; gc_fid:pca:pc3; gc_fid:pca:pc4; gc_fid:pca:pc5; gc_fid:pls:bp_20:lv1,bulk_property:bp_35(1.040); bulk_property:bp_50(1.015); bulk_property:bp_65(0.986); gc_fid:pls:density_20c:lv1(0.948); gc_fid:pls:bp_20:lv1(0.940); gc_fid:pls:bp_35:lv1(0.939); bulk_property:bp_80(0.939); gc_fid:pls:bp_50:lv1(0.938),petroleum_fraction_db_053,BP_20,analysis_plus_non_target_bulk,correlation_weighted
3,petroleum_fraction_db_006,1.387058,511.6,80,bulk_property:bp_35; bulk_property:bp_50; bulk_property:bp_65; bulk_property:bp_80; bulk_property:density_20c; bulk_property:saturates; gc_fid:pca:pc1; gc_fid:pca:pc2; gc_fid:pca:pc3; gc_fid:pca:pc4; gc_fid:pca:pc5; gc_fid:pls:bp_20:lv1,bulk_property:bp_35(1.040); bulk_property:bp_50(1.015); bulk_property:bp_65(0.986); gc_fid:pls:density_20c:lv1(0.948); gc_fid:pls:bp_20:lv1(0.940); gc_fid:pls:bp_35:lv1(0.939); bulk_property:bp_80(0.939); gc_fid:pls:bp_50:lv1(0.938),petroleum_fraction_db_053,BP_20,analysis_plus_non_target_bulk,correlation_weighted
4,petroleum_fraction_db_005,1.565652,459.6,80,bulk_property:bp_35; bulk_property:bp_50; bulk_property:bp_65; bulk_property:bp_80; bulk_property:density_20c; bulk_property:saturates; gc_fid:pca:pc1; gc_fid:pca:pc2; gc_fid:pca:pc3; gc_fid:pca:pc4; gc_fid:pca:pc5; gc_fid:pls:bp_20:lv1,bulk_property:bp_35(1.040); bulk_property:bp_50(1.015); bulk_property:bp_65(0.986); gc_fid:pls:density_20c:lv1(0.948); gc_fid:pls:bp_20:lv1(0.940); gc_fid:pls:bp_35:lv1(0.939); bulk_property:bp_80(0.939); gc_fid:pls:bp_50:lv1(0.938),petroleum_fraction_db_053,BP_20,analysis_plus_non_target_bulk,correlation_weighted
1,petroleum_fraction_db_052,0.905124,508.6,74,gc_fid:pca:pc1; gc_fid:pca:pc2; gc_fid:pca:pc3; gc_fid:pca:pc4; gc_fid:pca:pc5; gc_fid:pls:bp_20:lv1; gc_fid:pls:bp_20:lv2; gc_fid:pls:bp_20:lv3; gc_fid:pls:bp_20:lv4; gc_fid:pls:bp_35:lv1; gc_fid:pls:bp_35:lv2; gc_fid:pls:bp_35:lv3,gc_fid:pca:pc1(1.000); gc_fid:pca:pc2(1.000); gc_fid:pca:pc3(1.000); gc_fid:pca:pc4(1.000); gc_fid:pca:pc5(1.000); gc_fid:pls:bp_20:lv1(1.000); gc_fid:pls:bp_20:lv2(1.000); gc_fid:pls:bp_20:lv3(1.000),petroleum_fraction_db_053,BP_35,analysis_only,equal_weight
2,petroleum_fraction_db_006,1.574224,536.0,74,gc_fid:pca:pc1; gc_fid:pca:pc2; gc_fid:pca:pc3; gc_fid:pca:pc4; gc_fid:pca:pc5; gc_fid:pls:bp_20:lv1; gc_fid:pls:bp_20:lv2; gc_fid:pls:bp_20:lv3; gc_fid:pls:bp_20:lv4; gc_fid:pls:bp_35:lv1; gc_fid:pls:bp_35:lv2; gc_fid:pls:bp_35:lv3,gc_fid:pca:pc1(1.000); gc_fid:pca:pc2(1.000); gc_fid:pca:pc3(1.000); gc_fid:pca:pc4(1.000); gc_fid:pca:pc5(1.000); gc_fid:pls:bp_20:lv1(1.000); gc_fid:pls:bp_20:lv2(1.000); gc_fid:pls:bp_20:lv3(1.000),petroleum_fraction_db_053,BP_35,analysis_only,equal_weight
3,petroleum_fraction_db_060,1.5995,472.2,74,gc_fid:pca:pc1; gc_fid:pca:pc2; gc_fid:pca:pc3; gc_fid:pca:pc4; gc_fid:pca:pc5; gc_fid:pls:bp_20:lv1; gc_fid:pls:bp_20:lv2; gc_fid:pls:bp_20:lv3; gc_fid:pls:bp_20:lv4; gc_fid:pls:bp_35:lv1; gc_fid:pls:bp_35:lv2; gc_fid:pls:bp_35:lv3,gc_fid:pca:pc1(1.000); gc_fid:pca:pc2(1.000); gc_fid:pca:pc3(1.000); gc_fid:pca:pc4(1.000); gc_fid:pca:pc5(1.000); gc_fid:pls:bp_20:lv1(1.000); gc_fid:pls:bp_20:lv2(1.000); gc_fid:pls:bp_20:lv3(1.000),petroleum_fraction_db_053,BP_35,analysis_only,equal_weight
4,petroleum_fraction_db_022,1.728429,398.2,74,gc_fid:pca:pc1; gc_fid:pca:pc2; gc_fid:pca:pc3; gc_fid:pca:pc4; gc_fid:pca:pc5; gc_fid:pls:bp_20:lv1; gc_fid:pls:bp_20:lv2; gc_fid:pls:bp_20:lv3; gc_fid:pls:bp_20:lv4; gc_fid:pls:bp_35:lv1; gc_fid:pls:bp_35:lv2; gc_fid:pls:bp_35:lv3,gc_fid:pca:pc1(1.000); gc_fid:pca:pc2(1.000); gc_fid:pca:pc3(1.000); gc_fid:pca:pc4(1.000); gc_fid:pca:pc5(1.000); gc_fid:pls:bp_20:lv1(1.000); gc_fid:pls:bp_20:lv2(1.000); gc_fid:pls:bp_20:lv3(1.000),petroleum_fraction_db_053,BP_35,analysis_only,equal_weight
1,petroleum_fraction_db_052,0.789849,508.6,74,gc_fid:pca:pc1; gc_fid:pca:pc2; gc_fid:pca:pc3; gc_fid:pca:pc4; gc_fid:pca:pc5; gc_fid:pls:bp_20:lv1; gc_fid:pls:bp_20:lv2; gc_fid:pls:bp_20:lv3; gc_fid:pls:bp_20:lv4; gc_fid:pls:bp_35:lv1; gc_fid:pls:bp_35:lv2; gc_fid:pls:bp_35:lv3,gc_fid:pls:density_20c:lv1(0.967); gc_fid:pls:bp_35:lv1(0.949); gc_fid:pls:saturates:lv1(0.948); gc_fid:pls:bp_20:lv1(0.948); gc_fid:pls:bp_50:lv1(0.948); gc_fid:pls:bp_65:lv1(0.947); gc_fid:pls:bp_80:lv1(0.946); gc_fid:pca:pc1(0.921),petroleum_fraction_db_053,BP_35,analysis_only,correlation_weighted
2,petroleum_fraction_db_060,1.37235,472.2,74,gc_fid:pca:pc1; gc_fid:pca:pc2; gc_fid:pca:pc3; gc_fid:pca:pc4; gc_fid:pca:pc5; gc_fid:pls:bp_20:lv1; gc_fid:pls:bp_20:lv2; gc_fid:pls:bp_20:lv3; gc_fid:pls:bp_20:lv4; gc_fid:pls:bp_35:lv1; gc_fid:pls:bp_35:lv2; gc_fid:pls:bp_35:lv3,gc_fid:pls:density_20c:lv1(0.967); gc_fid:pls:bp_35:lv1(0.949); gc_fid:pls:saturates:lv1(0.948); gc_fid:pls:bp_20:lv1(0.948); gc_fid:pls:bp_50:lv1(0.948); gc_fid:pls:bp_65:lv1(0.947); gc_fid:pls:bp_80:lv1(0.946); gc_fid:pca:pc1(0.921),petroleum_fraction_db_053,BP_35,analysis_only,correlation_weighted
3,petroleum_fraction_db_006,1.473127,536.0,74,gc_fid:pca:pc1; gc_fid:pca:pc2; gc_fid:pca:pc3; gc_fid:pca:pc4; gc_fid:pca:pc5; gc_fid:pls:bp_20:lv1; gc_fid:pls:bp_20:lv2; gc_fid:pls:bp_20:lv3; gc_fid:pls:bp_20:lv4; gc_fid:pls:bp_35:lv1; gc_fid:pls:bp_35:lv2; gc_fid:pls:bp_35:lv3,gc_fid:pls:density_20c:lv1(0.967); gc_fid:pls:bp_35:lv1(0.949); gc_fid:pls:saturates:lv1(0.948); gc_fid:pls:bp_20:lv1(0.948); gc_fid:pls:bp_50:lv1(0.948); gc_fid:pls:bp_65:lv1(0.947); gc_fid:pls:bp_80:lv1(0.946); gc_fid:pca:pc1(0.921),petroleum_fraction_db_053,BP_35,analysis_only,correlation_weighted
4,petroleum_fraction_db_005,1.592107,484.8,74,gc_fid:pca:pc1; gc_fid:pca:pc2; gc_fid:pca:pc3; gc_fid:pca:pc4; gc_fid:pca:pc5; gc_fid:pls:bp_20:lv1; gc_fid:pls:bp_20:lv2; gc_fid:pls:bp_20:lv3; gc_fid:pls:bp_20:lv4; gc_fid:pls:bp_35:lv1; gc_fid:pls:bp_35:lv2; gc_fid:pls:bp_35:lv3,gc_fid:pls:density_20c:lv1(0.967); gc_fid:pls:bp_35:lv1(0.949); gc_fid:pls:saturates:lv1(0.948); gc_fid:pls:bp_20:lv1(0.948); gc_fid:pls:bp_50:lv1(0.948); gc_fid:pls:bp_65:lv1(0.947); gc_fid:pls:bp_80:lv1(0.946); gc_fid:pca:pc1(0.921),petroleum_fraction_db_053,BP_35,analysis_only,correlation_weighted
1,petroleum_fraction_db_052,0.92009,508.6,80,bulk_property:bp_20; bulk_property:bp_50; bulk_property:bp_65; bulk_property:bp_80; bulk_property:density_20c; bulk_property:saturates; gc_fid:pca:pc1; gc_fid:pca:pc2; gc_fid:pca:pc3; gc_fid:pca:pc4; gc_fid:pca:pc5; gc_fid:pls:bp_20:lv1,bulk_property:bp_20(1.000); bulk_property:bp_50(1.000); bulk_property:bp_65(1.000); bulk_property:bp_80(1.000); bulk_property:density_20c(1.000); bulk_property:saturates(1.000); gc_fid:pca:pc1(1.000); gc_fid:pca:pc2(1.000),petroleum_fraction_db_053,BP_35,analysis_plus_non_target_bulk,equal_weight
2,petroleum_fraction_db_006,1.530961,536.0,80,bulk_property:bp_20; bulk_property:bp_50; bulk_property:bp_65; bulk_property:bp_80; bulk_property:density_20c; bulk_property:saturates; gc_fid:pca:pc1; gc_fid:pca:pc2; gc_fid:pca:pc3; gc_fid:pca:pc4; gc_fid:pca:pc5; gc_fid:pls:bp_20:lv1,bulk_property:bp_20(1.000); bulk_property:bp_50(1.000); bulk_property:bp_65(1.000); bulk_property:bp_80(1.000); bulk_property:density_20c(1.000); bulk_property:saturates(1.000); gc_fid:pca:pc1(1.000); gc_fid:pca:pc2(1.000),petroleum_fraction_db_053,BP_35,analysis_plus_non_target_bulk,equal_weight
3,petroleum_fraction_db_060,1.580039,472.2,80,bulk_property:bp_20; bulk_property:bp_50; bulk_property:bp_65; bulk_property:bp_80; bulk_property:density_20c; bulk_property:saturates; gc_fid:pca:pc1; gc_fid:pca:pc2; gc_fid:pca:pc3; gc_fid:pca:pc4; gc_fid:pca:pc5; gc_fid:pls:bp_20:lv1,bulk_property:bp_20(1.000); bulk_property:bp_50(1.000); bulk_property:bp_65(1.000); bulk_property:bp_80(1.000); bulk_property:density_20c(1.000); bulk_property:saturates(1.000); gc_fid:pca:pc1(1.000); gc_fid:pca:pc2(1.000),petroleum_fraction_db_053,BP_35,analysis_plus_non_target_bulk,equal_weight
4,petroleum_fraction_db_022,1.798641,398.2,80,bulk_property:bp_20; bulk_property:bp_50; bulk_property:bp_65; bulk_property:bp_80; bulk_property:density_20c; bulk_property:saturates; gc_fid:pca:pc1; gc_fid:pca:pc2; gc_fid:pca:pc3; gc_fid:pca:pc4; gc_fid:pca:pc5; gc_fid:pls:bp_20:lv1,bulk_property:bp_20(1.000); bulk_property:bp_50(1.000); bulk_property:bp_65(1.000); bulk_property:bp_80(1.000); bulk_property:density_20c(1.000); bulk_property:saturates(1.000); gc_fid:pca:pc1(1.000); gc_fid:pca:pc2(1.000),petroleum_fraction_db_053,BP_35,analysis_plus_non_target_bulk,equal_weight
1,petroleum_fraction_db_052,0.853784,508.6,80,bulk_property:bp_20; bulk_property:bp_50; bulk_property:bp_65; bulk_property:bp_80; bulk_property:density_20c; bulk_property:saturates; gc_fid:pca:pc1; gc_fid:pca:pc2; gc_fid:pca:pc3; gc_fid:pca:pc4; gc_fid:pca:pc5; gc_fid:pls:bp_20:lv1,bulk_property:bp_20(1.040); bulk_property:bp_50(1.040); bulk_property:bp_65(1.020); bulk_property:bp_80(0.982); gc_fid:pls:density_20c:lv1(0.967); gc_fid:pls:bp_35:lv1(0.949); gc_fid:pls:saturates:lv1(0.948); gc_fid:pls:bp_20:lv1(0.948),petroleum_fraction_db_053,BP_35,analysis_plus_non_target_bulk,correlation_weighted
2,petroleum_fraction_db_060,1.363775,472.2,80,bulk_property:bp_20; bulk_property:bp_50; bulk_property:bp_65; bulk_property:bp_80; bulk_property:density_20c; bulk_property:saturates; gc_fid:pca:pc1; gc_fid:pca:pc2; gc_fid:pca:pc3; gc_fid:pca:pc4; gc_fid:pca:pc5; gc_fid:pls:bp_20:lv1,bulk_property:bp_20(1.040); bulk_property:bp_50(1.040); bulk_property:bp_65(1.020); bulk_property:bp_80(0.982); gc_fid:pls:density_20c:lv1(0.967); gc_fid:pls:bp_35:lv1(0.949); gc_fid:pls:saturates:lv1(0.948); gc_fid:pls:bp_20:lv1(0.948),petroleum_fraction_db_053,BP_35,analysis_plus_non_target_bulk,correlation_weighted
3,petroleum_fraction_db_006,1.384437,536.0,80,bulk_property:bp_20; bulk_property:bp_50; bulk_property:bp_65; bulk_property:bp_80; bulk_property:density_20c; bulk_property:saturates; gc_fid:pca:pc1; gc_fid:pca:pc2; gc_fid:pca:pc3; gc_fid:pca:pc4; gc_fid:pca:pc5; gc_fid:pls:bp_20:lv1,bulk_property:bp_20(1.040); bulk_property:bp_50(1.040); bulk_property:bp_65(1.020); bulk_property:bp_80(0.982); gc_fid:pls:density_20c:lv1(0.967); gc_fid:pls:bp_35:lv1(0.949); gc_fid:pls:saturates:lv1(0.948); gc_fid:pls:bp_20:lv1(0.948),petroleum_fraction_db_053,BP_35,analysis_plus_non_target_bulk,correlation_weighted
4,petroleum_fraction_db_005,1.56943,484.8,80,bulk_property:bp_20; bulk_property:bp_50; bulk_property:bp_65; bulk_property:bp_80; bulk_property:density_20c; bulk_property:saturates; gc_fid:pca:pc1; gc_fid:pca:pc2; gc_fid:pca:pc3; gc_fid:pca:pc4; gc_fid:pca:pc5; gc_fid:pls:bp_20:lv1,bulk_property:bp_20(1.040); bulk_property:bp_50(1.040); bulk_property:bp_65(1.020); bulk_property:bp_80(0.982); gc_fid:pls:density_20c:lv1(0.967); gc_fid:pls:bp_35:lv1(0.949); gc_fid:pls:saturates:lv1(0.948); gc_fid:pls:bp_20:lv1(0.948),petroleum_fraction_db_053,BP_35,analysis_plus_non_target_bulk,correlation_weighted
1,petroleum_fraction_db_052,0.905124,530.0,74,gc_fid:pca:pc1; gc_fid:pca:pc2; gc_fid:pca:pc3; gc_fid:pca:pc4; gc_fid:pca:pc5; gc_fid:pls:bp_20:lv1; gc_fid:pls:bp_20:lv2; gc_fid:pls:bp_20:lv3; gc_fid:pls:bp_20:lv4; gc_fid:pls:bp_35:lv1; gc_fid:pls:bp_35:lv2; gc_fid:pls:bp_35:lv3,gc_fid:pca:pc1(1.000); gc_fid:pca:pc2(1.000); gc_fid:pca:pc3(1.000); gc_fid:pca:pc4(1.000); gc_fid:pca:pc5(1.000); gc_fid:pls:bp_20:lv1(1.000); gc_fid:pls:bp_20:lv2(1.000); gc_fid:pls:bp_20:lv3(1.000),petroleum_fraction_db_053,BP_50,analysis_only,equal_weight
2,petroleum_fraction_db_006,1.574224,552.4,74,gc_fid:pca:pc1; gc_fid:pca:pc2; gc_fid:pca:pc3; gc_fid:pca:pc4; gc_fid:pca:pc5; gc_fid:pls:bp_20:lv1; gc_fid:pls:bp_20:lv2; gc_fid:pls:bp_20:lv3; gc_fid:pls:bp_20:lv4; gc_fid:pls:bp_35:lv1; gc_fid:pls:bp_35:lv2; gc_fid:pls:bp_35:lv3,gc_fid:pca:pc1(1.000); gc_fid:pca:pc2(1.000); gc_fid:pca:pc3(1.000); gc_fid:pca:pc4(1.000); gc_fid:pca:pc5(1.000); gc_fid:pls:bp_20:lv1(1.000); gc_fid:pls:bp_20:lv2(1.000); gc_fid:pls:bp_20:lv3(1.000),petroleum_fraction_db_053,BP_50,analysis_only,equal_weight
3,petroleum_fraction_db_060,1.5995,524.4,74,gc_fid:pca:pc1; gc_fid:pca:pc2; gc_fid:pca:pc3; gc_fid:pca:pc4; gc_fid:pca:pc5; gc_fid:pls:bp_20:lv1; gc_fid:pls:bp_20:lv2; gc_fid:pls:bp_20:lv3; gc_fid:pls:bp_20:lv4; gc_fid:pls:bp_35:lv1; gc_fid:pls:bp_35:lv2; gc_fid:pls:bp_35:lv3,gc_fid:pca:pc1(1.000); gc_fid:pca:pc2(1.000); gc_fid:pca:pc3(1.000); gc_fid:pca:pc4(1.000); gc_fid:pca:pc5(1.000); gc_fid:pls:bp_20:lv1(1.000); gc_fid:pls:bp_20:lv2(1.000); gc_fid:pls:bp_20:lv3(1.000),petroleum_fraction_db_053,BP_50,analysis_only,equal_weight
4,petroleum_fraction_db_022,1.728429,412.0,74,gc_fid:pca:pc1; gc_fid:pca:pc2; gc_fid:pca:pc3; gc_fid:pca:pc4; gc_fid:pca:pc5; gc_fid:pls:bp_20:lv1; gc_fid:pls:bp_20:lv2; gc_fid:pls:bp_20:lv3; gc_fid:pls:bp_20:lv4; gc_fid:pls:bp_35:lv1; gc_fid:pls:bp_35:lv2; gc_fid:pls:bp_35:lv3,gc_fid:pca:pc1(1.000); gc_fid:pca:pc2(1.000); gc_fid:pca:pc3(1.000); gc_fid:pca:pc4(1.000); gc_fid:pca:pc5(1.000); gc_fid:pls:bp_20:lv1(1.000); gc_fid:pls:bp_20:lv2(1.000); gc_fid:pls:bp_20:lv3(1.000),petroleum_fraction_db_053,BP_50,analysis_only,equal_weight
1,petroleum_fraction_db_052,0.774901,530.0,74,gc_fid:pca:pc1; gc_fid:pca:pc2; gc_fid:pca:pc3; gc_fid:pca:pc4; gc_fid:pca:pc5; gc_fid:pls:bp_20:lv1; gc_fid:pls:bp_20:lv2; gc_fid:pls:bp_20:lv3; gc_fid:pls:bp_20:lv4; gc_fid:pls:bp_35:lv1; gc_fid:pls:bp_35:lv2; gc_fid:pls:bp_35:lv3,gc_fid:pls:density_20c:lv1(0.977); gc_fid:pls:saturates:lv1(0.960); gc_fid:pls:bp_50:lv1(0.951); gc_fid:pls:bp_80:lv1(0.951); gc_fid:pls:bp_35:lv1(0.951); gc_fid:pls:bp_65:lv1(0.951); gc_fid:pls:bp_20:lv1(0.949); gc_fid:pca:pc1(0.923),petroleum_fraction_db_053,BP_50,analysis_only,correlation_weighted
2,petroleum_fraction_db_060,1.363409,524.4,74,gc_fid:pca:pc1; gc_fid:pca:pc2; gc_fid:pca:pc3; gc_fid:pca:pc4; gc_fid:pca:pc5; gc_fid:pls:bp_20:lv1; gc_fid:pls:bp_20:lv2; gc_fid:pls:bp_20:lv3; gc_fid:pls:bp_20:lv4; gc_fid:pls:bp_35:lv1; gc_fid:pls:bp_35:lv2; gc_fid:pls:bp_35:lv3,gc_fid:pls:density_20c:lv1(0.977); gc_fid:pls:saturates:lv1(0.960); gc_fid:pls:bp_50:lv1(0.951); gc_fid:pls:bp_80:lv1(0.951); gc_fid:pls:bp_35:lv1(0.951); gc_fid:pls:bp_65:lv1(0.951); gc_fid:pls:bp_20:lv1(0.949); gc_fid:pca:pc1(0.923),petroleum_fraction_db_053,BP_50,analysis_only,correlation_weighted
3,petroleum_fraction_db_006,1.47567,552.4,74,gc_fid:pca:pc1; gc_fid:pca:pc2; gc_fid:pca:pc3; gc_fid:pca:pc4; gc_fid:pca:pc5; gc_fid:pls:bp_20:lv1; gc_fid:pls:bp_20:lv2; gc_fid:pls:bp_20:lv3; gc_fid:pls:bp_20:lv4; gc_fid:pls:bp_35:lv1; gc_fid:pls:bp_35:lv2; gc_fid:pls:bp_35:lv3,gc_fid:pls:density_20c:lv1(0.977); gc_fid:pls:saturates:lv1(0.960); gc_fid:pls:bp_50:lv1(0.951); gc_fid:pls:bp_80:lv1(0.951); gc_fid:pls:bp_35:lv1(0.951); gc_fid:pls:bp_65:lv1(0.951); gc_fid:pls:bp_20:lv1(0.949); gc_fid:pca:pc1(0.923),petroleum_fraction_db_053,BP_50,analysis_only,correlation_weighted
4,petroleum_fraction_db_034,1.591161,494.6,74,gc_fid:pca:pc1; gc_fid:pca:pc2; gc_fid:pca:pc3; gc_fid:pca:pc4; gc_fid:pca:pc5; gc_fid:pls:bp_20:lv1; gc_fid:pls:bp_20:lv2; gc_fid:pls:bp_20:lv3; gc_fid:pls:bp_20:lv4; gc_fid:pls:bp_35:lv1; gc_fid:pls:bp_35:lv2; gc_fid:pls:bp_35:lv3,gc_fid:pls:density_20c:lv1(0.977); gc_fid:pls:saturates:lv1(0.960); gc_fid:pls:bp_50:lv1(0.951); gc_fid:pls:bp_80:lv1(0.951); gc_fid:pls:bp_35:lv1(0.951); gc_fid:pls:bp_65:lv1(0.951); gc_fid:pls:bp_20:lv1(0.949); gc_fid:pca:pc1(0.923),petroleum_fraction_db_053,BP_50,analysis_only,correlation_weighted
1,petroleum_fraction_db_052,0.921558,530.0,80,bulk_property:bp_20; bulk_property:bp_35; bulk_property:bp_65; bulk_property:bp_80; bulk_property:density_20c; bulk_property:saturates; gc_fid:pca:pc1; gc_fid:pca:pc2; gc_fid:pca:pc3; gc_fid:pca:pc4; gc_fid:pca:pc5; gc_fid:pls:bp_20:lv1,bulk_property:bp_20(1.000); bulk_property:bp_35(1.000); bulk_property:bp_65(1.000); bulk_property:bp_80(1.000); bulk_property:density_20c(1.000); bulk_property:saturates(1.000); gc_fid:pca:pc1(1.000); gc_fid:pca:pc2(1.000),petroleum_fraction_db_053,BP_50,analysis_plus_non_target_bulk,equal_weight
2,petroleum_fraction_db_006,1.530981,552.4,80,bulk_property:bp_20; bulk_property:bp_35; bulk_property:bp_65; bulk_property:bp_80; bulk_property:density_20c; bulk_property:saturates; gc_fid:pca:pc1; gc_fid:pca:pc2; gc_fid:pca:pc3; gc_fid:pca:pc4; gc_fid:pca:pc5; gc_fid:pls:bp_20:lv1,bulk_property:bp_20(1.000); bulk_property:bp_35(1.000); bulk_property:bp_65(1.000); bulk_property:bp_80(1.000); bulk_property:density_20c(1.000); bulk_property:saturates(1.000); gc_fid:pca:pc1(1.000); gc_fid:pca:pc2(1.000),petroleum_fraction_db_053,BP_50,analysis_plus_non_target_bulk,equal_weight
3,petroleum_fraction_db_060,1.587343,524.4,80,bulk_property:bp_20; bulk_property:bp_35; bulk_property:bp_65; bulk_property:bp_80; bulk_property:density_20c; bulk_property:saturates; gc_fid:pca:pc1; gc_fid:pca:pc2; gc_fid:pca:pc3; gc_fid:pca:pc4; gc_fid:pca:pc5; gc_fid:pls:bp_20:lv1,bulk_property:bp_20(1.000); bulk_property:bp_35(1.000); bulk_property:bp_65(1.000); bulk_property:bp_80(1.000); bulk_property:density_20c(1.000); bulk_property:saturates(1.000); gc_fid:pca:pc1(1.000); gc_fid:pca:pc2(1.000),petroleum_fraction_db_053,BP_50,analysis_plus_non_target_bulk,equal_weight
4,petroleum_fraction_db_022,1.798889,412.0,80,bulk_property:bp_20; bulk_property:bp_35; bulk_property:bp_65; bulk_property:bp_80; bulk_property:density_20c; bulk_property:saturates; gc_fid:pca:pc1; gc_fid:pca:pc2; gc_fid:pca:pc3; gc_fid:pca:pc4; gc_fid:pca:pc5; gc_fid:pls:bp_20:lv1,bulk_property:bp_20(1.000); bulk_property:bp_35(1.000); bulk_property:bp_65(1.000); bulk_property:bp_80(1.000); bulk_property:density_20c(1.000); bulk_property:saturates(1.000); gc_fid:pca:pc1(1.000); gc_fid:pca:pc2(1.000),petroleum_fraction_db_053,BP_50,analysis_plus_non_target_bulk,equal_weight
1,petroleum_fraction_db_052,0.846684,530.0,80,bulk_property:bp_20; bulk_property:bp_35; bulk_property:bp_65; bulk_property:bp_80; bulk_property:density_20c; bulk_property:saturates; gc_fid:pca:pc1; gc_fid:pca:pc2; gc_fid:pca:pc3; gc_fid:pca:pc4; gc_fid:pca:pc5; gc_fid:pls:bp_20:lv1,bulk_property:bp_65(1.042); bulk_property:bp_35(1.040); bulk_property:bp_80(1.018); bulk_property:bp_20(1.015); gc_fid:pls:density_20c:lv1(0.977); gc_fid:pls:saturates:lv1(0.960); gc_fid:pls:bp_50:lv1(0.951); gc_fid:pls:bp_80:lv1(0.951),petroleum_fraction_db_053,BP_50,analysis_plus_non_target_bulk,correlation_weighted
2,petroleum_fraction_db_060,1.377436,524.4,80,bulk_property:bp_20; bulk_property:bp_35; bulk_property:bp_65; bulk_property:bp_80; bulk_property:density_20c; bulk_property:saturates; gc_fid:pca:pc1; gc_fid:pca:pc2; gc_fid:pca:pc3; gc_fid:pca:pc4; gc_fid:pca:pc5; gc_fid:pls:bp_20:lv1,bulk_property:bp_65(1.042); bulk_property:bp_35(1.040); bulk_property:bp_80(1.018); bulk_property:bp_20(1.015); gc_fid:pls:density_20c:lv1(0.977); gc_fid:pls:saturates:lv1(0.960); gc_fid:pls:bp_50:lv1(0.951); gc_fid:pls:bp_80:lv1(0.951),petroleum_fraction_db_053,BP_50,analysis_plus_non_target_bulk,correlation_weighted
3,petroleum_fraction_db_006,1.386145,552.4,80,bulk_property:bp_20; bulk_property:bp_35; bulk_property:bp_65; bulk_property:bp_80; bulk_property:density_20c; bulk_property:saturates; gc_fid:pca:pc1; gc_fid:pca:pc2; gc_fid:pca:pc3; gc_fid:pca:pc4; gc_fid:pca:pc5; gc_fid:pls:bp_20:lv1,bulk_property:bp_65(1.042); bulk_property:bp_35(1.040); bulk_property:bp_80(1.018); bulk_property:bp_20(1.015); gc_fid:pls:density_20c:lv1(0.977); gc_fid:pls:saturates:lv1(0.960); gc_fid:pls:bp_50:lv1(0.951); gc_fid:pls:bp_80:lv1(0.951),petroleum_fraction_db_053,BP_50,analysis_plus_non_target_bulk,correlation_weighted
4,petroleum_fraction_db_005,1.569447,502.8,80,bulk_property:bp_20; bulk_property:bp_35; bulk_property:bp_65; bulk_property:bp_80; bulk_property:density_20c; bulk_property:saturates; gc_fid:pca:pc1; gc_fid:pca:pc2; gc_fid:pca:pc3; gc_fid:pca:pc4; gc_fid:pca:pc5; gc_fid:pls:bp_20:lv1,bulk_property:bp_65(1.042); bulk_property:bp_35(1.040); bulk_property:bp_80(1.018); bulk_property:bp_20(1.015); gc_fid:pls:density_20c:lv1(0.977); gc_fid:pls:saturates:lv1(0.960); gc_fid:pls:bp_50:lv1(0.951); gc_fid:pls:bp_80:lv1(0.951),petroleum_fraction_db_053,BP_50,analysis_plus_non_target_bulk,correlation_weighted
1,petroleum_fraction_db_052,0.905124,548.4,74,gc_fid:pca:pc1; gc_fid:pca:pc2; gc_fid:pca:pc3; gc_fid:pca:pc4; gc_fid:pca:pc5; gc_fid:pls:bp_20:lv1; gc_fid:pls:bp_20:lv2; gc_fid:pls:bp_20:lv3; gc_fid:pls:bp_20:lv4; gc_fid:pls:bp_35:lv1; gc_fid:pls:bp_35:lv2; gc_fid:pls:bp_35:lv3,gc_fid:pca:pc1(1.000); gc_fid:pca:pc2(1.000); gc_fid:pca:pc3(1.000); gc_fid:pca:pc4(1.000); gc_fid:pca:pc5(1.000); gc_fid:pls:bp_20:lv1(1.000); gc_fid:pls:bp_20:lv2(1.000); gc_fid:pls:bp_20:lv3(1.000),petroleum_fraction_db_053,BP_65,analysis_only,equal_weight
2,petroleum_fraction_db_006,1.574224,568.6,74,gc_fid:pca:pc1; gc_fid:pca:pc2; gc_fid:pca:pc3; gc_fid:pca:pc4; gc_fid:pca:pc5; gc_fid:pls:bp_20:lv1; gc_fid:pls:bp_20:lv2; gc_fid:pls:bp_20:lv3; gc_fid:pls:bp_20:lv4; gc_fid:pls:bp_35:lv1; gc_fid:pls:bp_35:lv2; gc_fid:pls:bp_35:lv3,gc_fid:pca:pc1(1.000); gc_fid:pca:pc2(1.000); gc_fid:pca:pc3(1.000); gc_fid:pca:pc4(1.000); gc_fid:pca:pc5(1.000); gc_fid:pls:bp_20:lv1(1.000); gc_fid:pls:bp_20:lv2(1.000); gc_fid:pls:bp_20:lv3(1.000),petroleum_fraction_db_053,BP_65,analysis_only,equal_weight
3,petroleum_fraction_db_060,1.5995,558.8,74,gc_fid:pca:pc1; gc_fid:pca:pc2; gc_fid:pca:pc3; gc_fid:pca:pc4; gc_fid:pca:pc5; gc_fid:pls:bp_20:lv1; gc_fid:pls:bp_20:lv2; gc_fid:pls:bp_20:lv3; gc_fid:pls:bp_20:lv4; gc_fid:pls:bp_35:lv1; gc_fid:pls:bp_35:lv2; gc_fid:pls:bp_35:lv3,gc_fid:pca:pc1(1.000); gc_fid:pca:pc2(1.000); gc_fid:pca:pc3(1.000); gc_fid:pca:pc4(1.000); gc_fid:pca:pc5(1.000); gc_fid:pls:bp_20:lv1(1.000); gc_fid:pls:bp_20:lv2(1.000); gc_fid:pls:bp_20:lv3(1.000),petroleum_fraction_db_053,BP_65,analysis_only,equal_weight
4,petroleum_fraction_db_022,1.728429,423.8,74,gc_fid:pca:pc1; gc_fid:pca:pc2; gc_fid:pca:pc3; gc_fid:pca:pc4; gc_fid:pca:pc5; gc_fid:pls:bp_20:lv1; gc_fid:pls:bp_20:lv2; gc_fid:pls:bp_20:lv3; gc_fid:pls:bp_20:lv4; gc_fid:pls:bp_35:lv1; gc_fid:pls:bp_35:lv2; gc_fid:pls:bp_35:lv3,gc_fid:pca:pc1(1.000); gc_fid:pca:pc2(1.000); gc_fid:pca:pc3(1.000); gc_fid:pca:pc4(1.000); gc_fid:pca:pc5(1.000); gc_fid:pls:bp_20:lv1(1.000); gc_fid:pls:bp_20:lv2(1.000); gc_fid:pls:bp_20:lv3(1.000),petroleum_fraction_db_053,BP_65,analysis_only,equal_weight
1,petroleum_fraction_db_052,0.767898,548.4,74,gc_fid:pca:pc1; gc_fid:pca:pc2; gc_fid:pca:pc3; gc_fid:pca:pc4; gc_fid:pca:pc5; gc_fid:pls:bp_20:lv1; gc_fid:pls:bp_20:lv2; gc_fid:pls:bp_20:lv3; gc_fid:pls:bp_20:lv4; gc_fid:pls:bp_35:lv1; gc_fid:pls:bp_35:lv2; gc_fid:pls:bp_35:lv3,gc_fid:pls:density_20c:lv1(0.980); gc_fid:pls:saturates:lv1(0.965); gc_fid:pls:bp_80:lv1(0.952); gc_fid:pls:bp_65:lv1(0.951); gc_fid:pls:bp_50:lv1(0.951); gc_fid:pls:bp_35:lv1(0.950); gc_fid:pls:bp_20:lv1(0.947); gc_fid:pca:pc1(0.922),petroleum_fraction_db_053,BP_65,analysis_only,correlation_weighted
2,petroleum_fraction_db_060,1.366224,558.8,74,gc_fid:pca:pc1; gc_fid:pca:pc2; gc_fid:pca:pc3; gc_fid:pca:pc4; gc_fid:pca:pc5; gc_fid:pls:bp_20:lv1; gc_fid:pls:bp_20:lv2; gc_fid:pls:bp_20:lv3; gc_fid:pls:bp_20:lv4; gc_fid:pls:bp_35:lv1; gc_fid:pls:bp_35:lv2; gc_fid:pls:bp_35:lv3,gc_fid:pls:density_20c:lv1(0.980); gc_fid:pls:saturates:lv1(0.965); gc_fid:pls:bp_80:lv1(0.952); gc_fid:pls:bp_65:lv1(0.951); gc_fid:pls:bp_50:lv1(0.951); gc_fid:pls:bp_35:lv1(0.950); gc_fid:pls:bp_20:lv1(0.947); gc_fid:pca:pc1(0.922),petroleum_fraction_db_053,BP_65,analysis_only,correlation_weighted
3,petroleum_fraction_db_006,1.481228,568.6,74,gc_fid:pca:pc1; gc_fid:pca:pc2; gc_fid:pca:pc3; gc_fid:pca:pc4; gc_fid:pca:pc5; gc_fid:pls:bp_20:lv1; gc_fid:pls:bp_20:lv2; gc_fid:pls:bp_20:lv3; gc_fid:pls:bp_20:lv4; gc_fid:pls:bp_35:lv1; gc_fid:pls:bp_35:lv2; gc_fid:pls:bp_35:lv3,gc_fid:pls:density_20c:lv1(0.980); gc_fid:pls:saturates:lv1(0.965); gc_fid:pls:bp_80:lv1(0.952); gc_fid:pls:bp_65:lv1(0.951); gc_fid:pls:bp_50:lv1(0.951); gc_fid:pls:bp_35:lv1(0.950); gc_fid:pls:bp_20:lv1(0.947); gc_fid:pca:pc1(0.922),petroleum_fraction_db_053,BP_65,analysis_only,correlation_weighted
4,petroleum_fraction_db_005,1.596467,518.6,74,gc_fid:pca:pc1; gc_fid:pca:pc2; gc_fid:pca:pc3; gc_fid:pca:pc4; gc_fid:pca:pc5; gc_fid:pls:bp_20:lv1; gc_fid:pls:bp_20:lv2; gc_fid:pls:bp_20:lv3; gc_fid:pls:bp_20:lv4; gc_fid:pls:bp_35:lv1; gc_fid:pls:bp_35:lv2; gc_fid:pls:bp_35:lv3,gc_fid:pls:density_20c:lv1(0.980); gc_fid:pls:saturates:lv1(0.965); gc_fid:pls:bp_80:lv1(0.952); gc_fid:pls:bp_65:lv1(0.951); gc_fid:pls:bp_50:lv1(0.951); gc_fid:pls:bp_35:lv1(0.950); gc_fid:pls:bp_20:lv1(0.947); gc_fid:pca:pc1(0.922),petroleum_fraction_db_053,BP_65,analysis_only,correlation_weighted
1,petroleum_fraction_db_052,0.921921,548.4,80,bulk_property:bp_20; bulk_property:bp_35; bulk_property:bp_50; bulk_property:bp_80; bulk_property:density_20c; bulk_property:saturates; gc_fid:pca:pc1; gc_fid:pca:pc2; gc_fid:pca:pc3; gc_fid:pca:pc4; gc_fid:pca:pc5; gc_fid:pls:bp_20:lv1,bulk_property:bp_20(1.000); bulk_property:bp_35(1.000); bulk_property:bp_50(1.000); bulk_property:bp_80(1.000); bulk_property:density_20c(1.000); bulk_property:saturates(1.000); gc_fid:pca:pc1(1.000); gc_fid:pca:pc2(1.000),petroleum_fraction_db_053,BP_65,analysis_plus_non_target_bulk,equal_weight
2,petroleum_fraction_db_006,1.530861,568.6,80,bulk_property:bp_20; bulk_property:bp_35; bulk_property:bp_50; bulk_property:bp_80; bulk_property:density_20c; bulk_property:saturates; gc_fid:pca:pc1; gc_fid:pca:pc2; gc_fid:pca:pc3; gc_fid:pca:pc4; gc_fid:pca:pc5; gc_fid:pls:bp_20:lv1,bulk_property:bp_20(1.000); bulk_property:bp_35(1.000); bulk_property:bp_50(1.000); bulk_property:bp_80(1.000); bulk_property:density_20c(1.000); bulk_property:saturates(1.000); gc_fid:pca:pc1(1.000); gc_fid:pca:pc2(1.000),petroleum_fraction_db_053,BP_65,analysis_plus_non_target_bulk,equal_weight
3,petroleum_fraction_db_060,1.589605,558.8,80,bulk_property:bp_20; bulk_property:bp_35; bulk_property:bp_50; bulk_property:bp_80; bulk_property:density_20c; bulk_property:saturates; gc_fid:pca:pc1; gc_fid:pca:pc2; gc_fid:pca:pc3; gc_fid:pca:pc4; gc_fid:pca:pc5; gc_fid:pls:bp_20:lv1,bulk_property:bp_20(1.000); bulk_property:bp_35(1.000); bulk_property:bp_50(1.000); bulk_property:bp_80(1.000); bulk_property:density_20c(1.000); bulk_property:saturates(1.000); gc_fid:pca:pc1(1.000); gc_fid:pca:pc2(1.000),petroleum_fraction_db_053,BP_65,analysis_plus_non_target_bulk,equal_weight
4,petroleum_fraction_db_022,1.798495,423.8,80,bulk_property:bp_20; bulk_property:bp_35; bulk_property:bp_50; bulk_property:bp_80; bulk_property:density_20c; bulk_property:saturates; gc_fid:pca:pc1; gc_fid:pca:pc2; gc_fid:pca:pc3; gc_fid:pca:pc4; gc_fid:pca:pc5; gc_fid:pls:bp_20:lv1,bulk_property:bp_20(1.000); bulk_property:bp_35(1.000); bulk_property:bp_50(1.000); bulk_property:bp_80(1.000); bulk_property:density_20c(1.000); bulk_property:saturates(1.000); gc_fid:pca:pc1(1.000); gc_fid:pca:pc2(1.000),petroleum_fraction_db_053,BP_65,analysis_plus_non_target_bulk,equal_weight
1,petroleum_fraction_db_052,0.842159,548.4,80,bulk_property:bp_20; bulk_property:bp_35; bulk_property:bp_50; bulk_property:bp_80; bulk_property:density_20c; bulk_property:saturates; gc_fid:pca:pc1; gc_fid:pca:pc2; gc_fid:pca:pc3; gc_fid:pca:pc4; gc_fid:pca:pc5; gc_fid:pls:bp_20:lv1,bulk_property:bp_50(1.042); bulk_property:bp_80(1.039); bulk_property:bp_35(1.020); bulk_property:bp_20(0.986); gc_fid:pls:density_20c:lv1(0.980); gc_fid:pls:saturates:lv1(0.965); gc_fid:pls:bp_80:lv1(0.952); gc_fid:pls:bp_65:lv1(0.951),petroleum_fraction_db_053,BP_65,analysis_plus_non_target_bulk,correlation_weighted
2,petroleum_fraction_db_060,1.385276,558.8,80,bulk_property:bp_20; bulk_property:bp_35; bulk_property:bp_50; bulk_property:bp_80; bulk_property:density_20c; bulk_property:saturates; gc_fid:pca:pc1; gc_fid:pca:pc2; gc_fid:pca:pc3; gc_fid:pca:pc4; gc_fid:pca:pc5; gc_fid:pls:bp_20:lv1,bulk_property:bp_50(1.042); bulk_property:bp_80(1.039); bulk_property:bp_35(1.020); bulk_property:bp_20(0.986); gc_fid:pls:density_20c:lv1(0.980); gc_fid:pls:saturates:lv1(0.965); gc_fid:pls:bp_80:lv1(0.952); gc_fid:pls:bp_65:lv1(0.951),petroleum_fraction_db_053,BP_65,analysis_plus_non_target_bulk,correlation_weighted
3,petroleum_fraction_db_006,1.390745,568.6,80,bulk_property:bp_20; bulk_property:bp_35; bulk_property:bp_50; bulk_property:bp_80; bulk_property:density_20c; bulk_property:saturates; gc_fid:pca:pc1; gc_fid:pca:pc2; gc_fid:pca:pc3; gc_fid:pca:pc4; gc_fid:pca:pc5; gc_fid:pls:bp_20:lv1,bulk_property:bp_50(1.042); bulk_property:bp_80(1.039); bulk_property:bp_35(1.020); bulk_property:bp_20(0.986); gc_fid:pls:density_20c:lv1(0.980); gc_fid:pls:saturates:lv1(0.965); gc_fid:pls:bp_80:lv1(0.952); gc_fid:pls:bp_65:lv1(0.951),petroleum_fraction_db_053,BP_65,analysis_plus_non_target_bulk,correlation_weighted
4,petroleum_fraction_db_005,1.57271,518.6,80,bulk_property:bp_20; bulk_property:bp_35; bulk_property:bp_50; bulk_property:bp_80; bulk_property:density_20c; bulk_property:saturates; gc_fid:pca:pc1; gc_fid:pca:pc2; gc_fid:pca:pc3; gc_fid:pca:pc4; gc_fid:pca:pc5; gc_fid:pls:bp_20:lv1,bulk_property:bp_50(1.042); bulk_property:bp_80(1.039); bulk_property:bp_35(1.020); bulk_property:bp_20(0.986); gc_fid:pls:density_20c:lv1(0.980); gc_fid:pls:saturates:lv1(0.965); gc_fid:pls:bp_80:lv1(0.952); gc_fid:pls:bp_65:lv1(0.951),petroleum_fraction_db_053,BP_65,analysis_plus_non_target_bulk,correlation_weighted
1,petroleum_fraction_db_052,0.905124,569.0,74,gc_fid:pca:pc1; gc_fid:pca:pc2; gc_fid:pca:pc3; gc_fid:pca:pc4; gc_fid:pca:pc5; gc_fid:pls:bp_20:lv1; gc_fid:pls:bp_20:lv2; gc_fid:pls:bp_20:lv3; gc_fid:pls:bp_20:lv4; gc_fid:pls:bp_35:lv1; gc_fid:pls:bp_35:lv2; gc_fid:pls:bp_35:lv3,gc_fid:pca:pc1(1.000); gc_fid:pca:pc2(1.000); gc_fid:pca:pc3(1.000); gc_fid:pca:pc4(1.000); gc_fid:pca:pc5(1.000); gc_fid:pls:bp_20:lv1(1.000); gc_fid:pls:bp_20:lv2(1.000); gc_fid:pls:bp_20:lv3(1.000),petroleum_fraction_db_053,BP_80,analysis_only,equal_weight
2,petroleum_fraction_db_006,1.574224,594.8,74,gc_fid:pca:pc1; gc_fid:pca:pc2; gc_fid:pca:pc3; gc_fid:pca:pc4; gc_fid:pca:pc5; gc_fid:pls:bp_20:lv1; gc_fid:pls:bp_20:lv2; gc_fid:pls:bp_20:lv3; gc_fid:pls:bp_20:lv4; gc_fid:pls:bp_35:lv1; gc_fid:pls:bp_35:lv2; gc_fid:pls:bp_35:lv3,gc_fid:pca:pc1(1.000); gc_fid:pca:pc2(1.000); gc_fid:pca:pc3(1.000); gc_fid:pca:pc4(1.000); gc_fid:pca:pc5(1.000); gc_fid:pls:bp_20:lv1(1.000); gc_fid:pls:bp_20:lv2(1.000); gc_fid:pls:bp_20:lv3(1.000),petroleum_fraction_db_053,BP_80,analysis_only,equal_weight
3,petroleum_fraction_db_060,1.5995,607.0,74,gc_fid:pca:pc1; gc_fid:pca:pc2; gc_fid:pca:pc3; gc_fid:pca:pc4; gc_fid:pca:pc5; gc_fid:pls:bp_20:lv1; gc_fid:pls:bp_20:lv2; gc_fid:pls:bp_20:lv3; gc_fid:pls:bp_20:lv4; gc_fid:pls:bp_35:lv1; gc_fid:pls:bp_35:lv2; gc_fid:pls:bp_35:lv3,gc_fid:pca:pc1(1.000); gc_fid:pca:pc2(1.000); gc_fid:pca:pc3(1.000); gc_fid:pca:pc4(1.000); gc_fid:pca:pc5(1.000); gc_fid:pls:bp_20:lv1(1.000); gc_fid:pls:bp_20:lv2(1.000); gc_fid:pls:bp_20:lv3(1.000),petroleum_fraction_db_053,BP_80,analysis_only,equal_weight
4,petroleum_fraction_db_022,1.728429,434.8,74,gc_fid:pca:pc1; gc_fid:pca:pc2; gc_fid:pca:pc3; gc_fid:pca:pc4; gc_fid:pca:pc5; gc_fid:pls:bp_20:lv1; gc_fid:pls:bp_20:lv2; gc_fid:pls:bp_20:lv3; gc_fid:pls:bp_20:lv4; gc_fid:pls:bp_35:lv1; gc_fid:pls:bp_35:lv2; gc_fid:pls:bp_35:lv3,gc_fid:pca:pc1(1.000); gc_fid:pca:pc2(1.000); gc_fid:pca:pc3(1.000); gc_fid:pca:pc4(1.000); gc_fid:pca:pc5(1.000); gc_fid:pls:bp_20:lv1(1.000); gc_fid:pls:bp_20:lv2(1.000); gc_fid:pls:bp_20:lv3(1.000),petroleum_fraction_db_053,BP_80,analysis_only,equal_weight
1,petroleum_fraction_db_052,0.780449,569.0,74,gc_fid:pca:pc1; gc_fid:pca:pc2; gc_fid:pca:pc3; gc_fid:pca:pc4; gc_fid:pca:pc5; gc_fid:pls:bp_20:lv1; gc_fid:pls:bp_20:lv2; gc_fid:pls:bp_20:lv3; gc_fid:pls:bp_20:lv4; gc_fid:pls:bp_35:lv1; gc_fid:pls:bp_35:lv2; gc_fid:pls:bp_35:lv3,gc_fid:pls:density_20c:lv1(0.973); gc_fid:pls:saturates:lv1(0.962); gc_fid:pls:bp_80:lv1(0.945); gc_fid:pls:bp_65:lv1(0.942); gc_fid:pls:bp_50:lv1(0.941); gc_fid:pls:bp_35:lv1(0.939); gc_fid:pls:bp_20:lv1(0.935); gc_fid:pca:pc1(0.913),petroleum_fraction_db_053,BP_80,analysis_only,correlation_weighted
2,petroleum_fraction_db_060,1.391558,607.0,74,gc_fid:pca:pc1; gc_fid:pca:pc2; gc_fid:pca:pc3; gc_fid:pca:pc4; gc_fid:pca:pc5; gc_fid:pls:bp_20:lv1; gc_fid:pls:bp_20:lv2; gc_fid:pls:bp_20:lv3; gc_fid:pls:bp_20:lv4; gc_fid:pls:bp_35:lv1; gc_fid:pls:bp_35:lv2; gc_fid:pls:bp_35:lv3,gc_fid:pls:density_20c:lv1(0.973); gc_fid:pls:saturates:lv1(0.962); gc_fid:pls:bp_80:lv1(0.945); gc_fid:pls:bp_65:lv1(0.942); gc_fid:pls:bp_50:lv1(0.941); gc_fid:pls:bp_35:lv1(0.939); gc_fid:pls:bp_20:lv1(0.935); gc_fid:pca:pc1(0.913),petroleum_fraction_db_053,BP_80,analysis_only,correlation_weighted
3,petroleum_fraction_db_006,1.497085,594.8,74,gc_fid:pca:pc1; gc_fid:pca:pc2; gc_fid:pca:pc3; gc_fid:pca:pc4; gc_fid:pca:pc5; gc_fid:pls:bp_20:lv1; gc_fid:pls:bp_20:lv2; gc_fid:pls:bp_20:lv3; gc_fid:pls:bp_20:lv4; gc_fid:pls:bp_35:lv1; gc_fid:pls:bp_35:lv2; gc_fid:pls:bp_35:lv3,gc_fid:pls:density_20c:lv1(0.973); gc_fid:pls:saturates:lv1(0.962); gc_fid:pls:bp_80:lv1(0.945); gc_fid:pls:bp_65:lv1(0.942); gc_fid:pls:bp_50:lv1(0.941); gc_fid:pls:bp_35:lv1(0.939); gc_fid:pls:bp_20:lv1(0.935); gc_fid:pca:pc1(0.913),petroleum_fraction_db_053,BP_80,analysis_only,correlation_weighted
4,petroleum_fraction_db_005,1.617916,536.8,74,gc_fid:pca:pc1; gc_fid:pca:pc2; gc_fid:pca:pc3; gc_fid:pca:pc4; gc_fid:pca:pc5; gc_fid:pls:bp_20:lv1; gc_fid:pls:bp_20:lv2; gc_fid:pls:bp_20:lv3; gc_fid:pls:bp_20:lv4; gc_fid:pls:bp_35:lv1; gc_fid:pls:bp_35:lv2; gc_fid:pls:bp_35:lv3,gc_fid:pls:density_20c:lv1(0.973); gc_fid:pls:saturates:lv1(0.962); gc_fid:pls:bp_80:lv1(0.945); gc_fid:pls:bp_65:lv1(0.942); gc_fid:pls:bp_50:lv1(0.941); gc_fid:pls:bp_35:lv1(0.939); gc_fid:pls:bp_20:lv1(0.935); gc_fid:pca:pc1(0.913),petroleum_fraction_db_053,BP_80,analysis_only,correlation_weighted
1,petroleum_fraction_db_052,0.920162,569.0,80,bulk_property:bp_20; bulk_property:bp_35; bulk_property:bp_50; bulk_property:bp_65; bulk_property:density_20c; bulk_property:saturates; gc_fid:pca:pc1; gc_fid:pca:pc2; gc_fid:pca:pc3; gc_fid:pca:pc4; gc_fid:pca:pc5; gc_fid:pls:bp_20:lv1,bulk_property:bp_20(1.000); bulk_property:bp_35(1.000); bulk_property:bp_50(1.000); bulk_property:bp_65(1.000); bulk_property:density_20c(1.000); bulk_property:saturates(1.000); gc_fid:pca:pc1(1.000); gc_fid:pca:pc2(1.000),petroleum_fraction_db_053,BP_80,analysis_plus_non_target_bulk,equal_weight
2,petroleum_fraction_db_006,1.53051,594.8,80,bulk_property:bp_20; bulk_property:bp_35; bulk_property:bp_50; bulk_property:bp_65; bulk_property:density_20c; bulk_property:saturates; gc_fid:pca:pc1; gc_fid:pca:pc2; gc_fid:pca:pc3; gc_fid:pca:pc4; gc_fid:pca:pc5; gc_fid:pls:bp_20:lv1,bulk_property:bp_20(1.000); bulk_property:bp_35(1.000); bulk_property:bp_50(1.000); bulk_property:bp_65(1.000); bulk_property:density_20c(1.000); bulk_property:saturates(1.000); gc_fid:pca:pc1(1.000); gc_fid:pca:pc2(1.000),petroleum_fraction_db_053,BP_80,analysis_plus_non_target_bulk,equal_weight
3,petroleum_fraction_db_060,1.591152,607.0,80,bulk_property:bp_20; bulk_property:bp_35; bulk_property:bp_50; bulk_property:bp_65; bulk_property:density_20c; bulk_property:saturates; gc_fid:pca:pc1; gc_fid:pca:pc2; gc_fid:pca:pc3; gc_fid:pca:pc4; gc_fid:pca:pc5; gc_fid:pls:bp_20:lv1,bulk_property:bp_20(1.000); bulk_property:bp_35(1.000); bulk_property:bp_50(1.000); bulk_property:bp_65(1.000); bulk_property:density_20c(1.000); bulk_property:saturates(1.000); gc_fid:pca:pc1(1.000); gc_fid:pca:pc2(1.000),petroleum_fraction_db_053,BP_80,analysis_plus_non_target_bulk,equal_weight
4,petroleum_fraction_db_022,1.796143,434.8,80,bulk_property:bp_20; bulk_property:bp_35; bulk_property:bp_50; bulk_property:bp_65; bulk_property:density_20c; bulk_property:saturates; gc_fid:pca:pc1; gc_fid:pca:pc2; gc_fid:pca:pc3; gc_fid:pca:pc4; gc_fid:pca:pc5; gc_fid:pls:bp_20:lv1,bulk_property:bp_20(1.000); bulk_property:bp_35(1.000); bulk_property:bp_50(1.000); bulk_property:bp_65(1.000); bulk_property:density_20c(1.000); bulk_property:saturates(1.000); gc_fid:pca:pc1(1.000); gc_fid:pca:pc2(1.000),petroleum_fraction_db_053,BP_80,analysis_plus_non_target_bulk,equal_weight
1,petroleum_fraction_db_052,0.845222,569.0,80,bulk_property:bp_20; bulk_property:bp_35; bulk_property:bp_50; bulk_property:bp_65; bulk_property:density_20c; bulk_property:saturates; gc_fid:pca:pc1; gc_fid:pca:pc2; gc_fid:pca:pc3; gc_fid:pca:pc4; gc_fid:pca:pc5; gc_fid:pls:bp_20:lv1,bulk_property:bp_65(1.039); bulk_property:bp_50(1.018); bulk_property:bp_35(0.982); gc_fid:pls:density_20c:lv1(0.973); gc_fid:pls:saturates:lv1(0.962); gc_fid:pls:bp_80:lv1(0.945); gc_fid:pls:bp_65:lv1(0.942); gc_fid:pls:bp_50:lv1(0.941),petroleum_fraction_db_053,BP_80,analysis_plus_non_target_bulk,correlation_weighted
2,petroleum_fraction_db_006,1.405309,594.8,80,bulk_property:bp_20; bulk_property:bp_35; bulk_property:bp_50; bulk_property:bp_65; bulk_property:density_20c; bulk_property:saturates; gc_fid:pca:pc1; gc_fid:pca:pc2; gc_fid:pca:pc3; gc_fid:pca:pc4; gc_fid:pca:pc5; gc_fid:pls:bp_20:lv1,bulk_property:bp_65(1.039); bulk_property:bp_50(1.018); bulk_property:bp_35(0.982); gc_fid:pls:density_20c:lv1(0.973); gc_fid:pls:saturates:lv1(0.962); gc_fid:pls:bp_80:lv1(0.945); gc_fid:pls:bp_65:lv1(0.942); gc_fid:pls:bp_50:lv1(0.941),petroleum_fraction_db_053,BP_80,analysis_plus_non_target_bulk,correlation_weighted
3,petroleum_fraction_db_060,1.409324,607.0,80,bulk_property:bp_20; bulk_property:bp_35; bulk_property:bp_50; bulk_property:bp_65; bulk_property:density_20c; bulk_property:saturates; gc_fid:pca:pc1; gc_fid:pca:pc2; gc_fid:pca:pc3; gc_fid:pca:pc4; gc_fid:pca:pc5; gc_fid:pls:bp_20:lv1,bulk_property:bp_65(1.039); bulk_property:bp_50(1.018); bulk_property:bp_35(0.982); gc_fid:pls:density_20c:lv1(0.973); gc_fid:pls:saturates:lv1(0.962); gc_fid:pls:bp_80:lv1(0.945); gc_fid:pls:bp_65:lv1(0.942); gc_fid:pls:bp_50:lv1(0.941),petroleum_fraction_db_053,BP_80,analysis_plus_non_target_bulk,correlation_weighted
4,petroleum_fraction_db_005,1.585985,536.8,80,bulk_property:bp_20; bulk_property:bp_35; bulk_property:bp_50; bulk_property:bp_65; bulk_property:density_20c; bulk_property:saturates; gc_fid:pca:pc1; gc_fid:pca:pc2; gc_fid:pca:pc3; gc_fid:pca:pc4; gc_fid:pca:pc5; gc_fid:pls:bp_20:lv1,bulk_property:bp_65(1.039); bulk_property:bp_50(1.018); bulk_property:bp_35(0.982); gc_fid:pls:density_20c:lv1(0.973); gc_fid:pls:saturates:lv1(0.962); gc_fid:pls:bp_80:lv1(0.945); gc_fid:pls:bp_65:lv1(0.942); gc_fid:pls:bp_50:lv1(0.941),petroleum_fraction_db_053,BP_80,analysis_plus_non_target_bulk,correlation_weighted
1,petroleum_fraction_db_033,0.271727,0.9002,74,gc_fid:pca:pc1; gc_fid:pca:pc2; gc_fid:pca:pc3; gc_fid:pca:pc4; gc_fid:pca:pc5; gc_fid:pls:bp_20:lv1; gc_fid:pls:bp_20:lv2; gc_fid:pls:bp_20:lv3; gc_fid:pls:bp_20:lv4; gc_fid:pls:bp_35:lv1; gc_fid:pls:bp_35:lv2; gc_fid:pls:bp_35:lv3,gc_fid:pca:pc1(1.000); gc_fid:pca:pc2(1.000); gc_fid:pca:pc3(1.000); gc_fid:pca:pc4(1.000); gc_fid:pca:pc5(1.000); gc_fid:pls:bp_20:lv1(1.000); gc_fid:pls:bp_20:lv2(1.000); gc_fid:pls:bp_20:lv3(1.000),petroleum_fraction_db_056,density_20c,analysis_only,equal_weight
2,petroleum_fraction_db_035,0.277008,0.9004,74,gc_fid:pca:pc1; gc_fid:pca:pc2; gc_fid:pca:pc3; gc_fid:pca:pc4; gc_fid:pca:pc5; gc_fid:pls:bp_20:lv1; gc_fid:pls:bp_20:lv2; gc_fid:pls:bp_20:lv3; gc_fid:pls:bp_20:lv4; gc_fid:pls:bp_35:lv1; gc_fid:pls:bp_35:lv2; gc_fid:pls:bp_35:lv3,gc_fid:pca:pc1(1.000); gc_fid:pca:pc2(1.000); gc_fid:pca:pc3(1.000); gc_fid:pca:pc4(1.000); gc_fid:pca:pc5(1.000); gc_fid:pls:bp_20:lv1(1.000); gc_fid:pls:bp_20:lv2(1.000); gc_fid:pls:bp_20:lv3(1.000),petroleum_fraction_db_056,density_20c,analysis_only,equal_weight
3,petroleum_fraction_db_063,0.36676,0.8783,74,gc_fid:pca:pc1; gc_fid:pca:pc2; gc_fid:pca:pc3; gc_fid:pca:pc4; gc_fid:pca:pc5; gc_fid:pls:bp_20:lv1; gc_fid:pls:bp_20:lv2; gc_fid:pls:bp_20:lv3; gc_fid:pls:bp_20:lv4; gc_fid:pls:bp_35:lv1; gc_fid:pls:bp_35:lv2; gc_fid:pls:bp_35:lv3,gc_fid:pca:pc1(1.000); gc_fid:pca:pc2(1.000); gc_fid:pca:pc3(1.000); gc_fid:pca:pc4(1.000); gc_fid:pca:pc5(1.000); gc_fid:pls:bp_20:lv1(1.000); gc_fid:pls:bp_20:lv2(1.000); gc_fid:pls:bp_20:lv3(1.000),petroleum_fraction_db_056,density_20c,analysis_only,equal_weight
4,petroleum_fraction_db_004,0.37906,0.9149,74,gc_fid:pca:pc1; gc_fid:pca:pc2; gc_fid:pca:pc3; gc_fid:pca:pc4; gc_fid:pca:pc5; gc_fid:pls:bp_20:lv1; gc_fid:pls:bp_20:lv2; gc_fid:pls:bp_20:lv3; gc_fid:pls:bp_20:lv4; gc_fid:pls:bp_35:lv1; gc_fid:pls:bp_35:lv2; gc_fid:pls:bp_35:lv3,gc_fid:pca:pc1(1.000); gc_fid:pca:pc2(1.000); gc_fid:pca:pc3(1.000); gc_fid:pca:pc4(1.000); gc_fid:pca:pc5(1.000); gc_fid:pls:bp_20:lv1(1.000); gc_fid:pls:bp_20:lv2(1.000); gc_fid:pls:bp_20:lv3(1.000),petroleum_fraction_db_056,density_20c,analysis_only,equal_weight
1,petroleum_fraction_db_033,0.261114,0.9002,74,gc_fid:pca:pc1; gc_fid:pca:pc2; gc_fid:pca:pc3; gc_fid:pca:pc4; gc_fid:pca:pc5; gc_fid:pls:bp_20:lv1; gc_fid:pls:bp_20:lv2; gc_fid:pls:bp_20:lv3; gc_fid:pls:bp_20:lv4; gc_fid:pls:bp_35:lv1; gc_fid:pls:bp_35:lv2; gc_fid:pls:bp_35:lv3,ir:weighted_x_q90(0.728); ir_spectrum:pls:density_20c:lv2(0.727); ir_spectrum:pls:saturates:lv2(0.716); ir_spectrum:pls:density_20c:lv1(0.649); ir_spectrum:pls:saturates:lv1(0.629); ir_spectrum:pls:bp_35:lv1(0.628); ir_spectrum:pca:pc1(0.615); ir_spectrum:pls:bp_65:lv1(0.615),petroleum_fraction_db_056,density_20c,analysis_only,correlation_weighted
2,petroleum_fraction_db_035,0.261161,0.9004,74,gc_fid:pca:pc1; gc_fid:pca:pc2; gc_fid:pca:pc3; gc_fid:pca:pc4; gc_fid:pca:pc5; gc_fid:pls:bp_20:lv1; gc_fid:pls:bp_20:lv2; gc_fid:pls:bp_20:lv3; gc_fid:pls:bp_20:lv4; gc_fid:pls:bp_35:lv1; gc_fid:pls:bp_35:lv2; gc_fid:pls:bp_35:lv3,ir:weighted_x_q90(0.728); ir_spectrum:pls:density_20c:lv2(0.727); ir_spectrum:pls:saturates:lv2(0.716); ir_spectrum:pls:density_20c:lv1(0.649); ir_spectrum:pls:saturates:lv1(0.629); ir_spectrum:pls:bp_35:lv1(0.628); ir_spectrum:pca:pc1(0.615); ir_spectrum:pls:bp_65:lv1(0.615),petroleum_fraction_db_056,density_20c,analysis_only,correlation_weighted
3,petroleum_fraction_db_004,0.352223,0.9149,74,gc_fid:pca:pc1; gc_fid:pca:pc2; gc_fid:pca:pc3; gc_fid:pca:pc4; gc_fid:pca:pc5; gc_fid:pls:bp_20:lv1; gc_fid:pls:bp_20:lv2; gc_fid:pls:bp_20:lv3; gc_fid:pls:bp_20:lv4; gc_fid:pls:bp_35:lv1; gc_fid:pls:bp_35:lv2; gc_fid:pls:bp_35:lv3,ir:weighted_x_q90(0.728); ir_spectrum:pls:density_20c:lv2(0.727); ir_spectrum:pls:saturates:lv2(0.716); ir_spectrum:pls:density_20c:lv1(0.649); ir_spectrum:pls:saturates:lv1(0.629); ir_spectrum:pls:bp_35:lv1(0.628); ir_spectrum:pca:pc1(0.615); ir_spectrum:pls:bp_65:lv1(0.615),petroleum_fraction_db_056,density_20c,analysis_only,correlation_weighted
4,petroleum_fraction_db_063,0.40337,0.8783,74,gc_fid:pca:pc1; gc_fid:pca:pc2; gc_fid:pca:pc3; gc_fid:pca:pc4; gc_fid:pca:pc5; gc_fid:pls:bp_20:lv1; gc_fid:pls:bp_20:lv2; gc_fid:pls:bp_20:lv3; gc_fid:pls:bp_20:lv4; gc_fid:pls:bp_35:lv1; gc_fid:pls:bp_35:lv2; gc_fid:pls:bp_35:lv3,ir:weighted_x_q90(0.728); ir_spectrum:pls:density_20c:lv2(0.727); ir_spectrum:pls:saturates:lv2(0.716); ir_spectrum:pls:density_20c:lv1(0.649); ir_spectrum:pls:saturates:lv1(0.629); ir_spectrum:pls:bp_35:lv1(0.628); ir_spectrum:pca:pc1(0.615); ir_spectrum:pls:bp_65:lv1(0.615),petroleum_fraction_db_056,density_20c,analysis_only,correlation_weighted
1,petroleum_fraction_db_033,0.265148,0.9002,80,bulk_property:bp_20; bulk_property:bp_35; bulk_property:bp_50; bulk_property:bp_65; bulk_property:bp_80; bulk_property:saturates; gc_fid:pca:pc1; gc_fid:pca:pc2; gc_fid:pca:pc3; gc_fid:pca:pc4; gc_fid:pca:pc5; gc_fid:pls:bp_20:lv1,bulk_property:bp_20(1.000); bulk_property:bp_35(1.000); bulk_property:bp_50(1.000); bulk_property:bp_65(1.000); bulk_property:bp_80(1.000); bulk_property:saturates(1.000); gc_fid:pca:pc1(1.000); gc_fid:pca:pc2(1.000),petroleum_fraction_db_056,density_20c,analysis_plus_non_target_bulk,equal_weight
2,petroleum_fraction_db_035,0.294604,0.9004,80,bulk_property:bp_20; bulk_property:bp_35; bulk_property:bp_50; bulk_property:bp_65; bulk_property:bp_80; bulk_property:saturates; gc_fid:pca:pc1; gc_fid:pca:pc2; gc_fid:pca:pc3; gc_fid:pca:pc4; gc_fid:pca:pc5; gc_fid:pls:bp_20:lv1,bulk_property:bp_20(1.000); bulk_property:bp_35(1.000); bulk_property:bp_50(1.000); bulk_property:bp_65(1.000); bulk_property:bp_80(1.000); bulk_property:saturates(1.000); gc_fid:pca:pc1(1.000); gc_fid:pca:pc2(1.000),petroleum_fraction_db_056,density_20c,analysis_plus_non_target_bulk,equal_weight
3,petroleum_fraction_db_063,0.359436,0.8783,80,bulk_property:bp_20; bulk_property:bp_35; bulk_property:bp_50; bulk_property:bp_65; bulk_property:bp_80; bulk_property:saturates; gc_fid:pca:pc1; gc_fid:pca:pc2; gc_fid:pca:pc3; gc_fid:pca:pc4; gc_fid:pca:pc5; gc_fid:pls:bp_20:lv1,bulk_property:bp_20(1.000); bulk_property:bp_35(1.000); bulk_property:bp_50(1.000); bulk_property:bp_65(1.000); bulk_property:bp_80(1.000); bulk_property:saturates(1.000); gc_fid:pca:pc1(1.000); gc_fid:pca:pc2(1.000),petroleum_fraction_db_056,density_20c,analysis_plus_non_target_bulk,equal_weight
4,petroleum_fraction_db_004,0.400012,0.9149,80,bulk_property:bp_20; bulk_property:bp_35; bulk_property:bp_50; bulk_property:bp_65; bulk_property:bp_80; bulk_property:saturates; gc_fid:pca:pc1; gc_fid:pca:pc2; gc_fid:pca:pc3; gc_fid:pca:pc4; gc_fid:pca:pc5; gc_fid:pls:bp_20:lv1,bulk_property:bp_20(1.000); bulk_property:bp_35(1.000); bulk_property:bp_50(1.000); bulk_property:bp_65(1.000); bulk_property:bp_80(1.000); bulk_property:saturates(1.000); gc_fid:pca:pc1(1.000); gc_fid:pca:pc2(1.000),petroleum_fraction_db_056,density_20c,analysis_plus_non_target_bulk,equal_weight
1,petroleum_fraction_db_033,0.251569,0.9002,80,bulk_property:bp_20; bulk_property:bp_35; bulk_property:bp_50; bulk_property:bp_65; bulk_property:bp_80; bulk_property:saturates; gc_fid:pca:pc1; gc_fid:pca:pc2; gc_fid:pca:pc3; gc_fid:pca:pc4; gc_fid:pca:pc5; gc_fid:pls:bp_20:lv1,bulk_property:saturates(0.895); ir:weighted_x_q90(0.728); ir_spectrum:pls:density_20c:lv2(0.727); ir_spectrum:pls:saturates:lv2(0.716); ir_spectrum:pls:density_20c:lv1(0.649); ir_spectrum:pls:saturates:lv1(0.629); ir_spectrum:pls:bp_35:lv1(0.628); ir_spectrum:pca:pc1(0.615),petroleum_fraction_db_056,density_20c,analysis_plus_non_target_bulk,correlation_weighted
2,petroleum_fraction_db_035,0.292746,0.9004,80,bulk_property:bp_20; bulk_property:bp_35; bulk_property:bp_50; bulk_property:bp_65; bulk_property:bp_80; bulk_property:saturates; gc_fid:pca:pc1; gc_fid:pca:pc2; gc_fid:pca:pc3; gc_fid:pca:pc4; gc_fid:pca:pc5; gc_fid:pls:bp_20:lv1,bulk_property:saturates(0.895); ir:weighted_x_q90(0.728); ir_spectrum:pls:density_20c:lv2(0.727); ir_spectrum:pls:saturates:lv2(0.716); ir_spectrum:pls:density_20c:lv1(0.649); ir_spectrum:pls:saturates:lv1(0.629); ir_spectrum:pls:bp_35:lv1(0.628); ir_spectrum:pca:pc1(0.615),petroleum_fraction_db_056,density_20c,analysis_plus_non_target_bulk,correlation_weighted
3,petroleum_fraction_db_063,0.392987,0.8783,80,bulk_property:bp_20; bulk_property:bp_35; bulk_property:bp_50; bulk_property:bp_65; bulk_property:bp_80; bulk_property:saturates; gc_fid:pca:pc1; gc_fid:pca:pc2; gc_fid:pca:pc3; gc_fid:pca:pc4; gc_fid:pca:pc5; gc_fid:pls:bp_20:lv1,bulk_property:saturates(0.895); ir:weighted_x_q90(0.728); ir_spectrum:pls:density_20c:lv2(0.727); ir_spectrum:pls:saturates:lv2(0.716); ir_spectrum:pls:density_20c:lv1(0.649); ir_spectrum:pls:saturates:lv1(0.629); ir_spectrum:pls:bp_35:lv1(0.628); ir_spectrum:pca:pc1(0.615),petroleum_fraction_db_056,density_20c,analysis_plus_non_target_bulk,correlation_weighted
4,petroleum_fraction_db_004,0.42533,0.9149,80,bulk_property:bp_20; bulk_property:bp_35; bulk_property:bp_50; bulk_property:bp_65; bulk_property:bp_80; bulk_property:saturates; gc_fid:pca:pc1; gc_fid:pca:pc2; gc_fid:pca:pc3; gc_fid:pca:pc4; gc_fid:pca:pc5; gc_fid:pls:bp_20:lv1,bulk_property:saturates(0.895); ir:weighted_x_q90(0.728); ir_spectrum:pls:density_20c:lv2(0.727); ir_spectrum:pls:saturates:lv2(0.716); ir_spectrum:pls:density_20c:lv1(0.649); ir_spectrum:pls:saturates:lv1(0.629); ir_spectrum:pls:bp_35:lv1(0.628); ir_spectrum:pca:pc1(0.615),petroleum_fraction_db_056,density_20c,analysis_plus_non_target_bulk,correlation_weighted
1,petroleum_fraction_db_033,0.271727,78.72959279414542,74,gc_fid:pca:pc1; gc_fid:pca:pc2; gc_fid:pca:pc3; gc_fid:pca:pc4; gc_fid:pca:pc5; gc_fid:pls:bp_20:lv1; gc_fid:pls:bp_20:lv2; gc_fid:pls:bp_20:lv3; gc_fid:pls:bp_20:lv4; gc_fid:pls:bp_35:lv1; gc_fid:pls:bp_35:lv2; gc_fid:pls:bp_35:lv3,gc_fid:pca:pc1(1.000); gc_fid:pca:pc2(1.000); gc_fid:pca:pc3(1.000); gc_fid:pca:pc4(1.000); gc_fid:pca:pc5(1.000); gc_fid:pls:bp_20:lv1(1.000); gc_fid:pls:bp_20:lv2(1.000); gc_fid:pls:bp_20:lv3(1.000),petroleum_fraction_db_056,saturates,analysis_only,equal_weight
2,petroleum_fraction_db_035,0.277008,71.55463275369856,74,gc_fid:pca:pc1; gc_fid:pca:pc2; gc_fid:pca:pc3; gc_fid:pca:pc4; gc_fid:pca:pc5; gc_fid:pls:bp_20:lv1; gc_fid:pls:bp_20:lv2; gc_fid:pls:bp_20:lv3; gc_fid:pls:bp_20:lv4; gc_fid:pls:bp_35:lv1; gc_fid:pls:bp_35:lv2; gc_fid:pls:bp_35:lv3,gc_fid:pca:pc1(1.000); gc_fid:pca:pc2(1.000); gc_fid:pca:pc3(1.000); gc_fid:pca:pc4(1.000); gc_fid:pca:pc5(1.000); gc_fid:pls:bp_20:lv1(1.000); gc_fid:pls:bp_20:lv2(1.000); gc_fid:pls:bp_20:lv3(1.000),petroleum_fraction_db_056,saturates,analysis_only,equal_weight
3,petroleum_fraction_db_063,0.36676,86.55688622754492,74,gc_fid:pca:pc1; gc_fid:pca:pc2; gc_fid:pca:pc3; gc_fid:pca:pc4; gc_fid:pca:pc5; gc_fid:pls:bp_20:lv1; gc_fid:pls:bp_20:lv2; gc_fid:pls:bp_20:lv3; gc_fid:pls:bp_20:lv4; gc_fid:pls:bp_35:lv1; gc_fid:pls:bp_35:lv2; gc_fid:pls:bp_35:lv3,gc_fid:pca:pc1(1.000); gc_fid:pca:pc2(1.000); gc_fid:pca:pc3(1.000); gc_fid:pca:pc4(1.000); gc_fid:pca:pc5(1.000); gc_fid:pls:bp_20:lv1(1.000); gc_fid:pls:bp_20:lv2(1.000); gc_fid:pls:bp_20:lv3(1.000),petroleum_fraction_db_056,saturates,analysis_only,equal_weight
4,petroleum_fraction_db_004,0.37906,57.8354892860672,74,gc_fid:pca:pc1; gc_fid:pca:pc2; gc_fid:pca:pc3; gc_fid:pca:pc4; gc_fid:pca:pc5; gc_fid:pls:bp_20:lv1; gc_fid:pls:bp_20:lv2; gc_fid:pls:bp_20:lv3; gc_fid:pls:bp_20:lv4; gc_fid:pls:bp_35:lv1; gc_fid:pls:bp_35:lv2; gc_fid:pls:bp_35:lv3,gc_fid:pca:pc1(1.000); gc_fid:pca:pc2(1.000); gc_fid:pca:pc3(1.000); gc_fid:pca:pc4(1.000); gc_fid:pca:pc5(1.000); gc_fid:pls:bp_20:lv1(1.000); gc_fid:pls:bp_20:lv2(1.000); gc_fid:pls:bp_20:lv3(1.000),petroleum_fraction_db_056,saturates,analysis_only,equal_weight
1,petroleum_fraction_db_033,0.243428,78.72959279414542,74,gc_fid:pca:pc1; gc_fid:pca:pc2; gc_fid:pca:pc3; gc_fid:pca:pc4; gc_fid:pca:pc5; gc_fid:pls:bp_20:lv1; gc_fid:pls:bp_20:lv2; gc_fid:pls:bp_20:lv3; gc_fid:pls:bp_20:lv4; gc_fid:pls:bp_35:lv1; gc_fid:pls:bp_35:lv2; gc_fid:pls:bp_35:lv3,ir:weighted_x_q90(0.703); ir_spectrum:pls:density_20c:lv1(0.668); ir_spectrum:pls:saturates:lv1(0.668); ir_spectrum:pca:pc1(0.656); ir:weighted_x_mean(0.613); ir_spectrum:pls:bp_80:lv1(0.577); ir_spectrum:pls:saturates:lv2(0.568); ir:weighted_x_q50(0.567),petroleum_fraction_db_056,saturates,analysis_only,correlation_weighted
2,petroleum_fraction_db_035,0.252105,71.55463275369856,74,gc_fid:pca:pc1; gc_fid:pca:pc2; gc_fid:pca:pc3; gc_fid:pca:pc4; gc_fid:pca:pc5; gc_fid:pls:bp_20:lv1; gc_fid:pls:bp_20:lv2; gc_fid:pls:bp_20:lv3; gc_fid:pls:bp_20:lv4; gc_fid:pls:bp_35:lv1; gc_fid:pls:bp_35:lv2; gc_fid:pls:bp_35:lv3,ir:weighted_x_q90(0.703); ir_spectrum:pls:density_20c:lv1(0.668); ir_spectrum:pls:saturates:lv1(0.668); ir_spectrum:pca:pc1(0.656); ir:weighted_x_mean(0.613); ir_spectrum:pls:bp_80:lv1(0.577); ir_spectrum:pls:saturates:lv2(0.568); ir:weighted_x_q50(0.567),petroleum_fraction_db_056,saturates,analysis_only,correlation_weighted
3,petroleum_fraction_db_004,0.392487,57.8354892860672,74,gc_fid:pca:pc1; gc_fid:pca:pc2; gc_fid:pca:pc3; gc_fid:pca:pc4; gc_fid:pca:pc5; gc_fid:pls:bp_20:lv1; gc_fid:pls:bp_20:lv2; gc_fid:pls:bp_20:lv3; gc_fid:pls:bp_20:lv4; gc_fid:pls:bp_35:lv1; gc_fid:pls:bp_35:lv2; gc_fid:pls:bp_35:lv3,ir:weighted_x_q90(0.703); ir_spectrum:pls:density_20c:lv1(0.668); ir_spectrum:pls:saturates:lv1(0.668); ir_spectrum:pca:pc1(0.656); ir:weighted_x_mean(0.613); ir_spectrum:pls:bp_80:lv1(0.577); ir_spectrum:pls:saturates:lv2(0.568); ir:weighted_x_q50(0.567),petroleum_fraction_db_056,saturates,analysis_only,correlation_weighted
4,petroleum_fraction_db_063,0.415539,86.55688622754492,74,gc_fid:pca:pc1; gc_fid:pca:pc2; gc_fid:pca:pc3; gc_fid:pca:pc4; gc_fid:pca:pc5; gc_fid:pls:bp_20:lv1; gc_fid:pls:bp_20:lv2; gc_fid:pls:bp_20:lv3; gc_fid:pls:bp_20:lv4; gc_fid:pls:bp_35:lv1; gc_fid:pls:bp_35:lv2; gc_fid:pls:bp_35:lv3,ir:weighted_x_q90(0.703); ir_spectrum:pls:density_20c:lv1(0.668); ir_spectrum:pls:saturates:lv1(0.668); ir_spectrum:pca:pc1(0.656); ir:weighted_x_mean(0.613); ir_spectrum:pls:bp_80:lv1(0.577); ir_spectrum:pls:saturates:lv2(0.568); ir:weighted_x_q50(0.567),petroleum_fraction_db_056,saturates,analysis_only,correlation_weighted
1,petroleum_fraction_db_033,0.265415,78.72959279414542,80,bulk_property:bp_20; bulk_property:bp_35; bulk_property:bp_50; bulk_property:bp_65; bulk_property:bp_80; bulk_property:density_20c; gc_fid:pca:pc1; gc_fid:pca:pc2; gc_fid:pca:pc3; gc_fid:pca:pc4; gc_fid:pca:pc5; gc_fid:pls:bp_20:lv1,bulk_property:bp_20(1.000); bulk_property:bp_35(1.000); bulk_property:bp_50(1.000); bulk_property:bp_65(1.000); bulk_property:bp_80(1.000); bulk_property:density_20c(1.000); gc_fid:pca:pc1(1.000); gc_fid:pca:pc2(1.000),petroleum_fraction_db_056,saturates,analysis_plus_non_target_bulk,equal_weight
2,petroleum_fraction_db_035,0.28854,71.55463275369856,80,bulk_property:bp_20; bulk_property:bp_35; bulk_property:bp_50; bulk_property:bp_65; bulk_property:bp_80; bulk_property:density_20c; gc_fid:pca:pc1; gc_fid:pca:pc2; gc_fid:pca:pc3; gc_fid:pca:pc4; gc_fid:pca:pc5; gc_fid:pls:bp_20:lv1,bulk_property:bp_20(1.000); bulk_property:bp_35(1.000); bulk_property:bp_50(1.000); bulk_property:bp_65(1.000); bulk_property:bp_80(1.000); bulk_property:density_20c(1.000); gc_fid:pca:pc1(1.000); gc_fid:pca:pc2(1.000),petroleum_fraction_db_056,saturates,analysis_plus_non_target_bulk,equal_weight
3,petroleum_fraction_db_063,0.358099,86.55688622754492,80,bulk_property:bp_20; bulk_property:bp_35; bulk_property:bp_50; bulk_property:bp_65; bulk_property:bp_80; bulk_property:density_20c; gc_fid:pca:pc1; gc_fid:pca:pc2; gc_fid:pca:pc3; gc_fid:pca:pc4; gc_fid:pca:pc5; gc_fid:pls:bp_20:lv1,bulk_property:bp_20(1.000); bulk_property:bp_35(1.000); bulk_property:bp_50(1.000); bulk_property:bp_65(1.000); bulk_property:bp_80(1.000); bulk_property:density_20c(1.000); gc_fid:pca:pc1(1.000); gc_fid:pca:pc2(1.000),petroleum_fraction_db_056,saturates,analysis_plus_non_target_bulk,equal_weight
4,petroleum_fraction_db_004,0.368823,57.8354892860672,80,bulk_property:bp_20; bulk_property:bp_35; bulk_property:bp_50; bulk_property:bp_65; bulk_property:bp_80; bulk_property:density_20c; gc_fid:pca:pc1; gc_fid:pca:pc2; gc_fid:pca:pc3; gc_fid:pca:pc4; gc_fid:pca:pc5; gc_fid:pls:bp_20:lv1,bulk_property:bp_20(1.000); bulk_property:bp_35(1.000); bulk_property:bp_50(1.000); bulk_property:bp_65(1.000); bulk_property:bp_80(1.000); bulk_property:density_20c(1.000); gc_fid:pca:pc1(1.000); gc_fid:pca:pc2(1.000),petroleum_fraction_db_056,saturates,analysis_plus_non_target_bulk,equal_weight
1,petroleum_fraction_db_033,0.235983,78.72959279414542,80,bulk_property:bp_20; bulk_property:bp_35; bulk_property:bp_50; bulk_property:bp_65; bulk_property:bp_80; bulk_property:density_20c; gc_fid:pca:pc1; gc_fid:pca:pc2; gc_fid:pca:pc3; gc_fid:pca:pc4; gc_fid:pca:pc5; gc_fid:pls:bp_20:lv1,bulk_property:density_20c(0.895); ir:weighted_x_q90(0.703); ir_spectrum:pls:density_20c:lv1(0.668); ir_spectrum:pls:saturates:lv1(0.668); ir_spectrum:pca:pc1(0.656); ir:weighted_x_mean(0.613); ir_spectrum:pls:bp_80:lv1(0.577); ir_spectrum:pls:saturates:lv2(0.568),petroleum_fraction_db_056,saturates,analysis_plus_non_target_bulk,correlation_weighted
2,petroleum_fraction_db_035,0.266607,71.55463275369856,80,bulk_property:bp_20; bulk_property:bp_35; bulk_property:bp_50; bulk_property:bp_65; bulk_property:bp_80; bulk_property:density_20c; gc_fid:pca:pc1; gc_fid:pca:pc2; gc_fid:pca:pc3; gc_fid:pca:pc4; gc_fid:pca:pc5; gc_fid:pls:bp_20:lv1,bulk_property:density_20c(0.895); ir:weighted_x_q90(0.703); ir_spectrum:pls:density_20c:lv1(0.668); ir_spectrum:pls:saturates:lv1(0.668); ir_spectrum:pca:pc1(0.656); ir:weighted_x_mean(0.613); ir_spectrum:pls:bp_80:lv1(0.577); ir_spectrum:pls:saturates:lv2(0.568),petroleum_fraction_db_056,saturates,analysis_plus_non_target_bulk,correlation_weighted
3,petroleum_fraction_db_004,0.381488,57.8354892860672,80,bulk_property:bp_20; bulk_property:bp_35; bulk_property:bp_50; bulk_property:bp_65; bulk_property:bp_80; bulk_property:density_20c; gc_fid:pca:pc1; gc_fid:pca:pc2; gc_fid:pca:pc3; gc_fid:pca:pc4; gc_fid:pca:pc5; gc_fid:pls:bp_20:lv1,bulk_property:density_20c(0.895); ir:weighted_x_q90(0.703); ir_spectrum:pls:density_20c:lv1(0.668); ir_spectrum:pls:saturates:lv1(0.668); ir_spectrum:pca:pc1(0.656); ir:weighted_x_mean(0.613); ir_spectrum:pls:bp_80:lv1(0.577); ir_spectrum:pls:saturates:lv2(0.568),petroleum_fraction_db_056,saturates,analysis_plus_non_target_bulk,correlation_weighted
4,petroleum_fraction_db_063,0.402304,86.55688622754492,80,bulk_property:bp_20; bulk_property:bp_35; bulk_property:bp_50; bulk_property:bp_65; bulk_property:bp_80; bulk_property:density_20c; gc_fid:pca:pc1; gc_fid:pca:pc2; gc_fid:pca:pc3; gc_fid:pca:pc4; gc_fid:pca:pc5; gc_fid:pls:bp_20:lv1,bulk_property:density_20c(0.895); ir:weighted_x_q90(0.703); ir_spectrum:pls:density_20c:lv1(0.668); ir_spectrum:pls:saturates:lv1(0.668); ir_spectrum:pca:pc1(0.656); ir:weighted_x_mean(0.613); ir_spectrum:pls:bp_80:lv1(0.577); ir_spectrum:pls:saturates:lv2(0.568),petroleum_fraction_db_056,saturates,analysis_plus_non_target_bulk,correlation_weighted
1,petroleum_fraction_db_033,0.271727,368.0,74,gc_fid:pca:pc1; gc_fid:pca:pc2; gc_fid:pca:pc3; gc_fid:pca:pc4; gc_fid:pca:pc5; gc_fid:pls:bp_20:lv1; gc_fid:pls:bp_20:lv2; gc_fid:pls:bp_20:lv3; gc_fid:pls:bp_20:lv4; gc_fid:pls:bp_35:lv1; gc_fid:pls:bp_35:lv2; gc_fid:pls:bp_35:lv3,gc_fid:pca:pc1(1.000); gc_fid:pca:pc2(1.000); gc_fid:pca:pc3(1.000); gc_fid:pca:pc4(1.000); gc_fid:pca:pc5(1.000); gc_fid:pls:bp_20:lv1(1.000); gc_fid:pls:bp_20:lv2(1.000); gc_fid:pls:bp_20:lv3(1.000),petroleum_fraction_db_056,BP_20,analysis_only,equal_weight
2,petroleum_fraction_db_035,0.277008,378.4,74,gc_fid:pca:pc1; gc_fid:pca:pc2; gc_fid:pca:pc3; gc_fid:pca:pc4; gc_fid:pca:pc5; gc_fid:pls:bp_20:lv1; gc_fid:pls:bp_20:lv2; gc_fid:pls:bp_20:lv3; gc_fid:pls:bp_20:lv4; gc_fid:pls:bp_35:lv1; gc_fid:pls:bp_35:lv2; gc_fid:pls:bp_35:lv3,gc_fid:pca:pc1(1.000); gc_fid:pca:pc2(1.000); gc_fid:pca:pc3(1.000); gc_fid:pca:pc4(1.000); gc_fid:pca:pc5(1.000); gc_fid:pls:bp_20:lv1(1.000); gc_fid:pls:bp_20:lv2(1.000); gc_fid:pls:bp_20:lv3(1.000),petroleum_fraction_db_056,BP_20,analysis_only,equal_weight
3,petroleum_fraction_db_063,0.36676,343.0,74,gc_fid:pca:pc1; gc_fid:pca:pc2; gc_fid:pca:pc3; gc_fid:pca:pc4; gc_fid:pca:pc5; gc_fid:pls:bp_20:lv1; gc_fid:pls:bp_20:lv2; gc_fid:pls:bp_20:lv3; gc_fid:pls:bp_20:lv4; gc_fid:pls:bp_35:lv1; gc_fid:pls:bp_35:lv2; gc_fid:pls:bp_35:lv3,gc_fid:pca:pc1(1.000); gc_fid:pca:pc2(1.000); gc_fid:pca:pc3(1.000); gc_fid:pca:pc4(1.000); gc_fid:pca:pc5(1.000); gc_fid:pls:bp_20:lv1(1.000); gc_fid:pls:bp_20:lv2(1.000); gc_fid:pls:bp_20:lv3(1.000),petroleum_fraction_db_056,BP_20,analysis_only,equal_weight
4,petroleum_fraction_db_004,0.37906,361.2,74,gc_fid:pca:pc1; gc_fid:pca:pc2; gc_fid:pca:pc3; gc_fid:pca:pc4; gc_fid:pca:pc5; gc_fid:pls:bp_20:lv1; gc_fid:pls:bp_20:lv2; gc_fid:pls:bp_20:lv3; gc_fid:pls:bp_20:lv4; gc_fid:pls:bp_35:lv1; gc_fid:pls:bp_35:lv2; gc_fid:pls:bp_35:lv3,gc_fid:pca:pc1(1.000); gc_fid:pca:pc2(1.000); gc_fid:pca:pc3(1.000); gc_fid:pca:pc4(1.000); gc_fid:pca:pc5(1.000); gc_fid:pls:bp_20:lv1(1.000); gc_fid:pls:bp_20:lv2(1.000); gc_fid:pls:bp_20:lv3(1.000),petroleum_fraction_db_056,BP_20,analysis_only,equal_weight
1,petroleum_fraction_db_033,0.25292,368.0,74,gc_fid:pca:pc1; gc_fid:pca:pc2; gc_fid:pca:pc3; gc_fid:pca:pc4; gc_fid:pca:pc5; gc_fid:pls:bp_20:lv1; gc_fid:pls:bp_20:lv2; gc_fid:pls:bp_20:lv3; gc_fid:pls:bp_20:lv4; gc_fid:pls:bp_35:lv1; gc_fid:pls:bp_35:lv2; gc_fid:pls:bp_35:lv3,gc_fid:pls:density_20c:lv1(0.948); gc_fid:pls:bp_20:lv1(0.940); gc_fid:pls:bp_35:lv1(0.939); gc_fid:pls:bp_50:lv1(0.938); gc_fid:pls:bp_65:lv1(0.936); gc_fid:pls:bp_80:lv1(0.934); gc_fid:pls:saturates:lv1(0.928); gc_fid:pca:pc1(0.914),petroleum_fraction_db_056,BP_20,analysis_only,correlation_weighted
2,petroleum_fraction_db_035,0.281448,378.4,74,gc_fid:pca:pc1; gc_fid:pca:pc2; gc_fid:pca:pc3; gc_fid:pca:pc4; gc_fid:pca:pc5; gc_fid:pls:bp_20:lv1; gc_fid:pls:bp_20:lv2; gc_fid:pls:bp_20:lv3; gc_fid:pls:bp_20:lv4; gc_fid:pls:bp_35:lv1; gc_fid:pls:bp_35:lv2; gc_fid:pls:bp_35:lv3,gc_fid:pls:density_20c:lv1(0.948); gc_fid:pls:bp_20:lv1(0.940); gc_fid:pls:bp_35:lv1(0.939); gc_fid:pls:bp_50:lv1(0.938); gc_fid:pls:bp_65:lv1(0.936); gc_fid:pls:bp_80:lv1(0.934); gc_fid:pls:saturates:lv1(0.928); gc_fid:pca:pc1(0.914),petroleum_fraction_db_056,BP_20,analysis_only,correlation_weighted
3,petroleum_fraction_db_063,0.34301,343.0,74,gc_fid:pca:pc1; gc_fid:pca:pc2; gc_fid:pca:pc3; gc_fid:pca:pc4; gc_fid:pca:pc5; gc_fid:pls:bp_20:lv1; gc_fid:pls:bp_20:lv2; gc_fid:pls:bp_20:lv3; gc_fid:pls:bp_20:lv4; gc_fid:pls:bp_35:lv1; gc_fid:pls:bp_35:lv2; gc_fid:pls:bp_35:lv3,gc_fid:pls:density_20c:lv1(0.948); gc_fid:pls:bp_20:lv1(0.940); gc_fid:pls:bp_35:lv1(0.939); gc_fid:pls:bp_50:lv1(0.938); gc_fid:pls:bp_65:lv1(0.936); gc_fid:pls:bp_80:lv1(0.934); gc_fid:pls:saturates:lv1(0.928); gc_fid:pca:pc1(0.914),petroleum_fraction_db_056,BP_20,analysis_only,correlation_weighted
4,petroleum_fraction_db_004,0.348765,361.2,74,gc_fid:pca:pc1; gc_fid:pca:pc2; gc_fid:pca:pc3; gc_fid:pca:pc4; gc_fid:pca:pc5; gc_fid:pls:bp_20:lv1; gc_fid:pls:bp_20:lv2; gc_fid:pls:bp_20:lv3; gc_fid:pls:bp_20:lv4; gc_fid:pls:bp_35:lv1; gc_fid:pls:bp_35:lv2; gc_fid:pls:bp_35:lv3,gc_fid:pls:density_20c:lv1(0.948); gc_fid:pls:bp_20:lv1(0.940); gc_fid:pls:bp_35:lv1(0.939); gc_fid:pls:bp_50:lv1(0.938); gc_fid:pls:bp_65:lv1(0.936); gc_fid:pls:bp_80:lv1(0.934); gc_fid:pls:saturates:lv1(0.928); gc_fid:pca:pc1(0.914),petroleum_fraction_db_056,BP_20,analysis_only,correlation_weighted
1,petroleum_fraction_db_033,0.262581,368.0,80,bulk_property:bp_35; bulk_property:bp_50; bulk_property:bp_65; bulk_property:bp_80; bulk_property:density_20c; bulk_property:saturates; gc_fid:pca:pc1; gc_fid:pca:pc2; gc_fid:pca:pc3; gc_fid:pca:pc4; gc_fid:pca:pc5; gc_fid:pls:bp_20:lv1,bulk_property:bp_35(1.000); bulk_property:bp_50(1.000); bulk_property:bp_65(1.000); bulk_property:bp_80(1.000); bulk_property:density_20c(1.000); bulk_property:saturates(1.000); gc_fid:pca:pc1(1.000); gc_fid:pca:pc2(1.000),petroleum_fraction_db_056,BP_20,analysis_plus_non_target_bulk,equal_weight
2,petroleum_fraction_db_035,0.288753,378.4,80,bulk_property:bp_35; bulk_property:bp_50; bulk_property:bp_65; bulk_property:bp_80; bulk_property:density_20c; bulk_property:saturates; gc_fid:pca:pc1; gc_fid:pca:pc2; gc_fid:pca:pc3; gc_fid:pca:pc4; gc_fid:pca:pc5; gc_fid:pls:bp_20:lv1,bulk_property:bp_35(1.000); bulk_property:bp_50(1.000); bulk_property:bp_65(1.000); bulk_property:bp_80(1.000); bulk_property:density_20c(1.000); bulk_property:saturates(1.000); gc_fid:pca:pc1(1.000); gc_fid:pca:pc2(1.000),petroleum_fraction_db_056,BP_20,analysis_plus_non_target_bulk,equal_weight
3,petroleum_fraction_db_063,0.361493,343.0,80,bulk_property:bp_35; bulk_property:bp_50; bulk_property:bp_65; bulk_property:bp_80; bulk_property:density_20c; bulk_property:saturates; gc_fid:pca:pc1; gc_fid:pca:pc2; gc_fid:pca:pc3; gc_fid:pca:pc4; gc_fid:pca:pc5; gc_fid:pls:bp_20:lv1,bulk_property:bp_35(1.000); bulk_property:bp_50(1.000); bulk_property:bp_65(1.000); bulk_property:bp_80(1.000); bulk_property:density_20c(1.000); bulk_property:saturates(1.000); gc_fid:pca:pc1(1.000); gc_fid:pca:pc2(1.000),petroleum_fraction_db_056,BP_20,analysis_plus_non_target_bulk,equal_weight
4,petroleum_fraction_db_004,0.402348,361.2,80,bulk_property:bp_35; bulk_property:bp_50; bulk_property:bp_65; bulk_property:bp_80; bulk_property:density_20c; bulk_property:saturates; gc_fid:pca:pc1; gc_fid:pca:pc2; gc_fid:pca:pc3; gc_fid:pca:pc4; gc_fid:pca:pc5; gc_fid:pls:bp_20:lv1,bulk_property:bp_35(1.000); bulk_property:bp_50(1.000); bulk_property:bp_65(1.000); bulk_property:bp_80(1.000); bulk_property:density_20c(1.000); bulk_property:saturates(1.000); gc_fid:pca:pc1(1.000); gc_fid:pca:pc2(1.000),petroleum_fraction_db_056,BP_20,analysis_plus_non_target_bulk,equal_weight
1,petroleum_fraction_db_033,0.236884,368.0,80,bulk_property:bp_35; bulk_property:bp_50; bulk_property:bp_65; bulk_property:bp_80; bulk_property:density_20c; bulk_property:saturates; gc_fid:pca:pc1; gc_fid:pca:pc2; gc_fid:pca:pc3; gc_fid:pca:pc4; gc_fid:pca:pc5; gc_fid:pls:bp_20:lv1,bulk_property:bp_35(1.040); bulk_property:bp_50(1.015); bulk_property:bp_65(0.986); gc_fid:pls:density_20c:lv1(0.948); gc_fid:pls:bp_20:lv1(0.940); gc_fid:pls:bp_35:lv1(0.939); bulk_property:bp_80(0.939); gc_fid:pls:bp_50:lv1(0.938),petroleum_fraction_db_056,BP_20,analysis_plus_non_target_bulk,correlation_weighted
2,petroleum_fraction_db_035,0.305224,378.4,80,bulk_property:bp_35; bulk_property:bp_50; bulk_property:bp_65; bulk_property:bp_80; bulk_property:density_20c; bulk_property:saturates; gc_fid:pca:pc1; gc_fid:pca:pc2; gc_fid:pca:pc3; gc_fid:pca:pc4; gc_fid:pca:pc5; gc_fid:pls:bp_20:lv1,bulk_property:bp_35(1.040); bulk_property:bp_50(1.015); bulk_property:bp_65(0.986); gc_fid:pls:density_20c:lv1(0.948); gc_fid:pls:bp_20:lv1(0.940); gc_fid:pls:bp_35:lv1(0.939); bulk_property:bp_80(0.939); gc_fid:pls:bp_50:lv1(0.938),petroleum_fraction_db_056,BP_20,analysis_plus_non_target_bulk,correlation_weighted
3,petroleum_fraction_db_063,0.331216,343.0,80,bulk_property:bp_35; bulk_property:bp_50; bulk_property:bp_65; bulk_property:bp_80; bulk_property:density_20c; bulk_property:saturates; gc_fid:pca:pc1; gc_fid:pca:pc2; gc_fid:pca:pc3; gc_fid:pca:pc4; gc_fid:pca:pc5; gc_fid:pls:bp_20:lv1,bulk_property:bp_35(1.040); bulk_property:bp_50(1.015); bulk_property:bp_65(0.986); gc_fid:pls:density_20c:lv1(0.948); gc_fid:pls:bp_20:lv1(0.940); gc_fid:pls:bp_35:lv1(0.939); bulk_property:bp_80(0.939); gc_fid:pls:bp_50:lv1(0.938),petroleum_fraction_db_056,BP_20,analysis_plus_non_target_bulk,correlation_weighted
4,petroleum_fraction_db_004,0.35856,361.2,80,bulk_property:bp_35; bulk_property:bp_50; bulk_property:bp_65; bulk_property:bp_80; bulk_property:density_20c; bulk_property:saturates; gc_fid:pca:pc1; gc_fid:pca:pc2; gc_fid:pca:pc3; gc_fid:pca:pc4; gc_fid:pca:pc5; gc_fid:pls:bp_20:lv1,bulk_property:bp_35(1.040); bulk_property:bp_50(1.015); bulk_property:bp_65(0.986); gc_fid:pls:density_20c:lv1(0.948); gc_fid:pls:bp_20:lv1(0.940); gc_fid:pls:bp_35:lv1(0.939); bulk_property:bp_80(0.939); gc_fid:pls:bp_50:lv1(0.938),petroleum_fraction_db_056,BP_20,analysis_plus_non_target_bulk,correlation_weighted
1,petroleum_fraction_db_033,0.271727,398.6,74,gc_fid:pca:pc1; gc_fid:pca:pc2; gc_fid:pca:pc3; gc_fid:pca:pc4; gc_fid:pca:pc5; gc_fid:pls:bp_20:lv1; gc_fid:pls:bp_20:lv2; gc_fid:pls:bp_20:lv3; gc_fid:pls:bp_20:lv4; gc_fid:pls:bp_35:lv1; gc_fid:pls:bp_35:lv2; gc_fid:pls:bp_35:lv3,gc_fid:pca:pc1(1.000); gc_fid:pca:pc2(1.000); gc_fid:pca:pc3(1.000); gc_fid:pca:pc4(1.000); gc_fid:pca:pc5(1.000); gc_fid:pls:bp_20:lv1(1.000); gc_fid:pls:bp_20:lv2(1.000); gc_fid:pls:bp_20:lv3(1.000),petroleum_fraction_db_056,BP_35,analysis_only,equal_weight
2,petroleum_fraction_db_035,0.277008,411.2,74,gc_fid:pca:pc1; gc_fid:pca:pc2; gc_fid:pca:pc3; gc_fid:pca:pc4; gc_fid:pca:pc5; gc_fid:pls:bp_20:lv1; gc_fid:pls:bp_20:lv2; gc_fid:pls:bp_20:lv3; gc_fid:pls:bp_20:lv4; gc_fid:pls:bp_35:lv1; gc_fid:pls:bp_35:lv2; gc_fid:pls:bp_35:lv3,gc_fid:pca:pc1(1.000); gc_fid:pca:pc2(1.000); gc_fid:pca:pc3(1.000); gc_fid:pca:pc4(1.000); gc_fid:pca:pc5(1.000); gc_fid:pls:bp_20:lv1(1.000); gc_fid:pls:bp_20:lv2(1.000); gc_fid:pls:bp_20:lv3(1.000),petroleum_fraction_db_056,BP_35,analysis_only,equal_weight
3,petroleum_fraction_db_063,0.36676,375.6,74,gc_fid:pca:pc1; gc_fid:pca:pc2; gc_fid:pca:pc3; gc_fid:pca:pc4; gc_fid:pca:pc5; gc_fid:pls:bp_20:lv1; gc_fid:pls:bp_20:lv2; gc_fid:pls:bp_20:lv3; gc_fid:pls:bp_20:lv4; gc_fid:pls:bp_35:lv1; gc_fid:pls:bp_35:lv2; gc_fid:pls:bp_35:lv3,gc_fid:pca:pc1(1.000); gc_fid:pca:pc2(1.000); gc_fid:pca:pc3(1.000); gc_fid:pca:pc4(1.000); gc_fid:pca:pc5(1.000); gc_fid:pls:bp_20:lv1(1.000); gc_fid:pls:bp_20:lv2(1.000); gc_fid:pls:bp_20:lv3(1.000),petroleum_fraction_db_056,BP_35,analysis_only,equal_weight
4,petroleum_fraction_db_004,0.37906,394.2,74,gc_fid:pca:pc1; gc_fid:pca:pc2; gc_fid:pca:pc3; gc_fid:pca:pc4; gc_fid:pca:pc5; gc_fid:pls:bp_20:lv1; gc_fid:pls:bp_20:lv2; gc_fid:pls:bp_20:lv3; gc_fid:pls:bp_20:lv4; gc_fid:pls:bp_35:lv1; gc_fid:pls:bp_35:lv2; gc_fid:pls:bp_35:lv3,gc_fid:pca:pc1(1.000); gc_fid:pca:pc2(1.000); gc_fid:pca:pc3(1.000); gc_fid:pca:pc4(1.000); gc_fid:pca:pc5(1.000); gc_fid:pls:bp_20:lv1(1.000); gc_fid:pls:bp_20:lv2(1.000); gc_fid:pls:bp_20:lv3(1.000),petroleum_fraction_db_056,BP_35,analysis_only,equal_weight
1,petroleum_fraction_db_033,0.245419,398.6,74,gc_fid:pca:pc1; gc_fid:pca:pc2; gc_fid:pca:pc3; gc_fid:pca:pc4; gc_fid:pca:pc5; gc_fid:pls:bp_20:lv1; gc_fid:pls:bp_20:lv2; gc_fid:pls:bp_20:lv3; gc_fid:pls:bp_20:lv4; gc_fid:pls:bp_35:lv1; gc_fid:pls:bp_35:lv2; gc_fid:pls:bp_35:lv3,gc_fid:pls:density_20c:lv1(0.967); gc_fid:pls:bp_35:lv1(0.949); gc_fid:pls:saturates:lv1(0.948); gc_fid:pls:bp_20:lv1(0.948); gc_fid:pls:bp_50:lv1(0.948); gc_fid:pls:bp_65:lv1(0.947); gc_fid:pls:bp_80:lv1(0.946); gc_fid:pca:pc1(0.921),petroleum_fraction_db_056,BP_35,analysis_only,correlation_weighted
2,petroleum_fraction_db_035,0.278738,411.2,74,gc_fid:pca:pc1; gc_fid:pca:pc2; gc_fid:pca:pc3; gc_fid:pca:pc4; gc_fid:pca:pc5; gc_fid:pls:bp_20:lv1; gc_fid:pls:bp_20:lv2; gc_fid:pls:bp_20:lv3; gc_fid:pls:bp_20:lv4; gc_fid:pls:bp_35:lv1; gc_fid:pls:bp_35:lv2; gc_fid:pls:bp_35:lv3,gc_fid:pls:density_20c:lv1(0.967); gc_fid:pls:bp_35:lv1(0.949); gc_fid:pls:saturates:lv1(0.948); gc_fid:pls:bp_20:lv1(0.948); gc_fid:pls:bp_50:lv1(0.948); gc_fid:pls:bp_65:lv1(0.947); gc_fid:pls:bp_80:lv1(0.946); gc_fid:pca:pc1(0.921),petroleum_fraction_db_056,BP_35,analysis_only,correlation_weighted
3,petroleum_fraction_db_063,0.343286,375.6,74,gc_fid:pca:pc1; gc_fid:pca:pc2; gc_fid:pca:pc3; gc_fid:pca:pc4; gc_fid:pca:pc5; gc_fid:pls:bp_20:lv1; gc_fid:pls:bp_20:lv2; gc_fid:pls:bp_20:lv3; gc_fid:pls:bp_20:lv4; gc_fid:pls:bp_35:lv1; gc_fid:pls:bp_35:lv2; gc_fid:pls:bp_35:lv3,gc_fid:pls:density_20c:lv1(0.967); gc_fid:pls:bp_35:lv1(0.949); gc_fid:pls:saturates:lv1(0.948); gc_fid:pls:bp_20:lv1(0.948); gc_fid:pls:bp_50:lv1(0.948); gc_fid:pls:bp_65:lv1(0.947); gc_fid:pls:bp_80:lv1(0.946); gc_fid:pca:pc1(0.921),petroleum_fraction_db_056,BP_35,analysis_only,correlation_weighted
4,petroleum_fraction_db_004,0.350981,394.2,74,gc_fid:pca:pc1; gc_fid:pca:pc2; gc_fid:pca:pc3; gc_fid:pca:pc4; gc_fid:pca:pc5; gc_fid:pls:bp_20:lv1; gc_fid:pls:bp_20:lv2; gc_fid:pls:bp_20:lv3; gc_fid:pls:bp_20:lv4; gc_fid:pls:bp_35:lv1; gc_fid:pls:bp_35:lv2; gc_fid:pls:bp_35:lv3,gc_fid:pls:density_20c:lv1(0.967); gc_fid:pls:bp_35:lv1(0.949); gc_fid:pls:saturates:lv1(0.948); gc_fid:pls:bp_20:lv1(0.948); gc_fid:pls:bp_50:lv1(0.948); gc_fid:pls:bp_65:lv1(0.947); gc_fid:pls:bp_80:lv1(0.946); gc_fid:pca:pc1(0.921),petroleum_fraction_db_056,BP_35,analysis_only,correlation_weighted
1,petroleum_fraction_db_033,0.264479,398.6,80,bulk_property:bp_20; bulk_property:bp_50; bulk_property:bp_65; bulk_property:bp_80; bulk_property:density_20c; bulk_property:saturates; gc_fid:pca:pc1; gc_fid:pca:pc2; gc_fid:pca:pc3; gc_fid:pca:pc4; gc_fid:pca:pc5; gc_fid:pls:bp_20:lv1,bulk_property:bp_20(1.000); bulk_property:bp_50(1.000); bulk_property:bp_65(1.000); bulk_property:bp_80(1.000); bulk_property:density_20c(1.000); bulk_property:saturates(1.000); gc_fid:pca:pc1(1.000); gc_fid:pca:pc2(1.000),petroleum_fraction_db_056,BP_35,analysis_plus_non_target_bulk,equal_weight
2,petroleum_fraction_db_035,0.290934,411.2,80,bulk_property:bp_20; bulk_property:bp_50; bulk_property:bp_65; bulk_property:bp_80; bulk_property:density_20c; bulk_property:saturates; gc_fid:pca:pc1; gc_fid:pca:pc2; gc_fid:pca:pc3; gc_fid:pca:pc4; gc_fid:pca:pc5; gc_fid:pls:bp_20:lv1,bulk_property:bp_20(1.000); bulk_property:bp_50(1.000); bulk_property:bp_65(1.000); bulk_property:bp_80(1.000); bulk_property:density_20c(1.000); bulk_property:saturates(1.000); gc_fid:pca:pc1(1.000); gc_fid:pca:pc2(1.000),petroleum_fraction_db_056,BP_35,analysis_plus_non_target_bulk,equal_weight
3,petroleum_fraction_db_063,0.360971,375.6,80,bulk_property:bp_20; bulk_property:bp_50; bulk_property:bp_65; bulk_property:bp_80; bulk_property:density_20c; bulk_property:saturates; gc_fid:pca:pc1; gc_fid:pca:pc2; gc_fid:pca:pc3; gc_fid:pca:pc4; gc_fid:pca:pc5; gc_fid:pls:bp_20:lv1,bulk_property:bp_20(1.000); bulk_property:bp_50(1.000); bulk_property:bp_65(1.000); bulk_property:bp_80(1.000); bulk_property:density_20c(1.000); bulk_property:saturates(1.000); gc_fid:pca:pc1(1.000); gc_fid:pca:pc2(1.000),petroleum_fraction_db_056,BP_35,analysis_plus_non_target_bulk,equal_weight
4,petroleum_fraction_db_004,0.402892,394.2,80,bulk_property:bp_20; bulk_property:bp_50; bulk_property:bp_65; bulk_property:bp_80; bulk_property:density_20c; bulk_property:saturates; gc_fid:pca:pc1; gc_fid:pca:pc2; gc_fid:pca:pc3; gc_fid:pca:pc4; gc_fid:pca:pc5; gc_fid:pls:bp_20:lv1,bulk_property:bp_20(1.000); bulk_property:bp_50(1.000); bulk_property:bp_65(1.000); bulk_property:bp_80(1.000); bulk_property:density_20c(1.000); bulk_property:saturates(1.000); gc_fid:pca:pc1(1.000); gc_fid:pca:pc2(1.000),petroleum_fraction_db_056,BP_35,analysis_plus_non_target_bulk,equal_weight
1,petroleum_fraction_db_033,0.235634,398.6,80,bulk_property:bp_20; bulk_property:bp_50; bulk_property:bp_65; bulk_property:bp_80; bulk_property:density_20c; bulk_property:saturates; gc_fid:pca:pc1; gc_fid:pca:pc2; gc_fid:pca:pc3; gc_fid:pca:pc4; gc_fid:pca:pc5; gc_fid:pls:bp_20:lv1,bulk_property:bp_20(1.040); bulk_property:bp_50(1.040); bulk_property:bp_65(1.020); bulk_property:bp_80(0.982); gc_fid:pls:density_20c:lv1(0.967); gc_fid:pls:bp_35:lv1(0.949); gc_fid:pls:saturates:lv1(0.948); gc_fid:pls:bp_20:lv1(0.948),petroleum_fraction_db_056,BP_35,analysis_plus_non_target_bulk,correlation_weighted
2,petroleum_fraction_db_035,0.309344,411.2,80,bulk_property:bp_20; bulk_property:bp_50; bulk_property:bp_65; bulk_property:bp_80; bulk_property:density_20c; bulk_property:saturates; gc_fid:pca:pc1; gc_fid:pca:pc2; gc_fid:pca:pc3; gc_fid:pca:pc4; gc_fid:pca:pc5; gc_fid:pls:bp_20:lv1,bulk_property:bp_20(1.040); bulk_property:bp_50(1.040); bulk_property:bp_65(1.020); bulk_property:bp_80(0.982); gc_fid:pls:density_20c:lv1(0.967); gc_fid:pls:bp_35:lv1(0.949); gc_fid:pls:saturates:lv1(0.948); gc_fid:pls:bp_20:lv1(0.948),petroleum_fraction_db_056,BP_35,analysis_plus_non_target_bulk,correlation_weighted
3,petroleum_fraction_db_063,0.329933,375.6,80,bulk_property:bp_20; bulk_property:bp_50; bulk_property:bp_65; bulk_property:bp_80; bulk_property:density_20c; bulk_property:saturates; gc_fid:pca:pc1; gc_fid:pca:pc2; gc_fid:pca:pc3; gc_fid:pca:pc4; gc_fid:pca:pc5; gc_fid:pls:bp_20:lv1,bulk_property:bp_20(1.040); bulk_property:bp_50(1.040); bulk_property:bp_65(1.020); bulk_property:bp_80(0.982); gc_fid:pls:density_20c:lv1(0.967); gc_fid:pls:bp_35:lv1(0.949); gc_fid:pls:saturates:lv1(0.948); gc_fid:pls:bp_20:lv1(0.948),petroleum_fraction_db_056,BP_35,analysis_plus_non_target_bulk,correlation_weighted
4,petroleum_fraction_db_004,0.364797,394.2,80,bulk_property:bp_20; bulk_property:bp_50; bulk_property:bp_65; bulk_property:bp_80; bulk_property:density_20c; bulk_property:saturates; gc_fid:pca:pc1; gc_fid:pca:pc2; gc_fid:pca:pc3; gc_fid:pca:pc4; gc_fid:pca:pc5; gc_fid:pls:bp_20:lv1,bulk_property:bp_20(1.040); bulk_property:bp_50(1.040); bulk_property:bp_65(1.020); bulk_property:bp_80(0.982); gc_fid:pls:density_20c:lv1(0.967); gc_fid:pls:bp_35:lv1(0.949); gc_fid:pls:saturates:lv1(0.948); gc_fid:pls:bp_20:lv1(0.948),petroleum_fraction_db_056,BP_35,analysis_plus_non_target_bulk,correlation_weighted
1,petroleum_fraction_db_033,0.271727,421.8,74,gc_fid:pca:pc1; gc_fid:pca:pc2; gc_fid:pca:pc3; gc_fid:pca:pc4; gc_fid:pca:pc5; gc_fid:pls:bp_20:lv1; gc_fid:pls:bp_20:lv2; gc_fid:pls:bp_20:lv3; gc_fid:pls:bp_20:lv4; gc_fid:pls:bp_35:lv1; gc_fid:pls:bp_35:lv2; gc_fid:pls:bp_35:lv3,gc_fid:pca:pc1(1.000); gc_fid:pca:pc2(1.000); gc_fid:pca:pc3(1.000); gc_fid:pca:pc4(1.000); gc_fid:pca:pc5(1.000); gc_fid:pls:bp_20:lv1(1.000); gc_fid:pls:bp_20:lv2(1.000); gc_fid:pls:bp_20:lv3(1.000),petroleum_fraction_db_056,BP_50,analysis_only,equal_weight
2,petroleum_fraction_db_035,0.277008,438.0,74,gc_fid:pca:pc1; gc_fid:pca:pc2; gc_fid:pca:pc3; gc_fid:pca:pc4; gc_fid:pca:pc5; gc_fid:pls:bp_20:lv1; gc_fid:pls:bp_20:lv2; gc_fid:pls:bp_20:lv3; gc_fid:pls:bp_20:lv4; gc_fid:pls:bp_35:lv1; gc_fid:pls:bp_35:lv2; gc_fid:pls:bp_35:lv3,gc_fid:pca:pc1(1.000); gc_fid:pca:pc2(1.000); gc_fid:pca:pc3(1.000); gc_fid:pca:pc4(1.000); gc_fid:pca:pc5(1.000); gc_fid:pls:bp_20:lv1(1.000); gc_fid:pls:bp_20:lv2(1.000); gc_fid:pls:bp_20:lv3(1.000),petroleum_fraction_db_056,BP_50,analysis_only,equal_weight
3,petroleum_fraction_db_063,0.36676,404.0,74,gc_fid:pca:pc1; gc_fid:pca:pc2; gc_fid:pca:pc3; gc_fid:pca:pc4; gc_fid:pca:pc5; gc_fid:pls:bp_20:lv1; gc_fid:pls:bp_20:lv2; gc_fid:pls:bp_20:lv3; gc_fid:pls:bp_20:lv4; gc_fid:pls:bp_35:lv1; gc_fid:pls:bp_35:lv2; gc_fid:pls:bp_35:lv3,gc_fid:pca:pc1(1.000); gc_fid:pca:pc2(1.000); gc_fid:pca:pc3(1.000); gc_fid:pca:pc4(1.000); gc_fid:pca:pc5(1.000); gc_fid:pls:bp_20:lv1(1.000); gc_fid:pls:bp_20:lv2(1.000); gc_fid:pls:bp_20:lv3(1.000),petroleum_fraction_db_056,BP_50,analysis_only,equal_weight
4,petroleum_fraction_db_004,0.37906,420.8,74,gc_fid:pca:pc1; gc_fid:pca:pc2; gc_fid:pca:pc3; gc_fid:pca:pc4; gc_fid:pca:pc5; gc_fid:pls:bp_20:lv1; gc_fid:pls:bp_20:lv2; gc_fid:pls:bp_20:lv3; gc_fid:pls:bp_20:lv4; gc_fid:pls:bp_35:lv1; gc_fid:pls:bp_35:lv2; gc_fid:pls:bp_35:lv3,gc_fid:pca:pc1(1.000); gc_fid:pca:pc2(1.000); gc_fid:pca:pc3(1.000); gc_fid:pca:pc4(1.000); gc_fid:pca:pc5(1.000); gc_fid:pls:bp_20:lv1(1.000); gc_fid:pls:bp_20:lv2(1.000); gc_fid:pls:bp_20:lv3(1.000),petroleum_fraction_db_056,BP_50,analysis_only,equal_weight
1,petroleum_fraction_db_033,0.236651,421.8,74,gc_fid:pca:pc1; gc_fid:pca:pc2; gc_fid:pca:pc3; gc_fid:pca:pc4; gc_fid:pca:pc5; gc_fid:pls:bp_20:lv1; gc_fid:pls:bp_20:lv2; gc_fid:pls:bp_20:lv3; gc_fid:pls:bp_20:lv4; gc_fid:pls:bp_35:lv1; gc_fid:pls:bp_35:lv2; gc_fid:pls:bp_35:lv3,gc_fid:pls:density_20c:lv1(0.977); gc_fid:pls:saturates:lv1(0.960); gc_fid:pls:bp_50:lv1(0.951); gc_fid:pls:bp_80:lv1(0.951); gc_fid:pls:bp_35:lv1(0.951); gc_fid:pls:bp_65:lv1(0.951); gc_fid:pls:bp_20:lv1(0.949); gc_fid:pca:pc1(0.923),petroleum_fraction_db_056,BP_50,analysis_only,correlation_weighted
2,petroleum_fraction_db_035,0.27718,438.0,74,gc_fid:pca:pc1; gc_fid:pca:pc2; gc_fid:pca:pc3; gc_fid:pca:pc4; gc_fid:pca:pc5; gc_fid:pls:bp_20:lv1; gc_fid:pls:bp_20:lv2; gc_fid:pls:bp_20:lv3; gc_fid:pls:bp_20:lv4; gc_fid:pls:bp_35:lv1; gc_fid:pls:bp_35:lv2; gc_fid:pls:bp_35:lv3,gc_fid:pls:density_20c:lv1(0.977); gc_fid:pls:saturates:lv1(0.960); gc_fid:pls:bp_50:lv1(0.951); gc_fid:pls:bp_80:lv1(0.951); gc_fid:pls:bp_35:lv1(0.951); gc_fid:pls:bp_65:lv1(0.951); gc_fid:pls:bp_20:lv1(0.949); gc_fid:pca:pc1(0.923),petroleum_fraction_db_056,BP_50,analysis_only,correlation_weighted
3,petroleum_fraction_db_063,0.343415,404.0,74,gc_fid:pca:pc1; gc_fid:pca:pc2; gc_fid:pca:pc3; gc_fid:pca:pc4; gc_fid:pca:pc5; gc_fid:pls:bp_20:lv1; gc_fid:pls:bp_20:lv2; gc_fid:pls:bp_20:lv3; gc_fid:pls:bp_20:lv4; gc_fid:pls:bp_35:lv1; gc_fid:pls:bp_35:lv2; gc_fid:pls:bp_35:lv3,gc_fid:pls:density_20c:lv1(0.977); gc_fid:pls:saturates:lv1(0.960); gc_fid:pls:bp_50:lv1(0.951); gc_fid:pls:bp_80:lv1(0.951); gc_fid:pls:bp_35:lv1(0.951); gc_fid:pls:bp_65:lv1(0.951); gc_fid:pls:bp_20:lv1(0.949); gc_fid:pca:pc1(0.923),petroleum_fraction_db_056,BP_50,analysis_only,correlation_weighted
4,petroleum_fraction_db_004,0.353637,420.8,74,gc_fid:pca:pc1; gc_fid:pca:pc2; gc_fid:pca:pc3; gc_fid:pca:pc4; gc_fid:pca:pc5; gc_fid:pls:bp_20:lv1; gc_fid:pls:bp_20:lv2; gc_fid:pls:bp_20:lv3; gc_fid:pls:bp_20:lv4; gc_fid:pls:bp_35:lv1; gc_fid:pls:bp_35:lv2; gc_fid:pls:bp_35:lv3,gc_fid:pls:density_20c:lv1(0.977); gc_fid:pls:saturates:lv1(0.960); gc_fid:pls:bp_50:lv1(0.951); gc_fid:pls:bp_80:lv1(0.951); gc_fid:pls:bp_35:lv1(0.951); gc_fid:pls:bp_65:lv1(0.951); gc_fid:pls:bp_20:lv1(0.949); gc_fid:pca:pc1(0.923),petroleum_fraction_db_056,BP_50,analysis_only,correlation_weighted
1,petroleum_fraction_db_033,0.265361,421.8,80,bulk_property:bp_20; bulk_property:bp_35; bulk_property:bp_65; bulk_property:bp_80; bulk_property:density_20c; bulk_property:saturates; gc_fid:pca:pc1; gc_fid:pca:pc2; gc_fid:pca:pc3; gc_fid:pca:pc4; gc_fid:pca:pc5; gc_fid:pls:bp_20:lv1,bulk_property:bp_20(1.000); bulk_property:bp_35(1.000); bulk_property:bp_65(1.000); bulk_property:bp_80(1.000); bulk_property:density_20c(1.000); bulk_property:saturates(1.000); gc_fid:pca:pc1(1.000); gc_fid:pca:pc2(1.000),petroleum_fraction_db_056,BP_50,analysis_plus_non_target_bulk,equal_weight
2,petroleum_fraction_db_035,0.292114,438.0,80,bulk_property:bp_20; bulk_property:bp_35; bulk_property:bp_65; bulk_property:bp_80; bulk_property:density_20c; bulk_property:saturates; gc_fid:pca:pc1; gc_fid:pca:pc2; gc_fid:pca:pc3; gc_fid:pca:pc4; gc_fid:pca:pc5; gc_fid:pls:bp_20:lv1,bulk_property:bp_20(1.000); bulk_property:bp_35(1.000); bulk_property:bp_65(1.000); bulk_property:bp_80(1.000); bulk_property:density_20c(1.000); bulk_property:saturates(1.000); gc_fid:pca:pc1(1.000); gc_fid:pca:pc2(1.000),petroleum_fraction_db_056,BP_50,analysis_plus_non_target_bulk,equal_weight
3,petroleum_fraction_db_063,0.360773,404.0,80,bulk_property:bp_20; bulk_property:bp_35; bulk_property:bp_65; bulk_property:bp_80; bulk_property:density_20c; bulk_property:saturates; gc_fid:pca:pc1; gc_fid:pca:pc2; gc_fid:pca:pc3; gc_fid:pca:pc4; gc_fid:pca:pc5; gc_fid:pls:bp_20:lv1,bulk_property:bp_20(1.000); bulk_property:bp_35(1.000); bulk_property:bp_65(1.000); bulk_property:bp_80(1.000); bulk_property:density_20c(1.000); bulk_property:saturates(1.000); gc_fid:pca:pc1(1.000); gc_fid:pca:pc2(1.000),petroleum_fraction_db_056,BP_50,analysis_plus_non_target_bulk,equal_weight
4,petroleum_fraction_db_004,0.403091,420.8,80,bulk_property:bp_20; bulk_property:bp_35; bulk_property:bp_65; bulk_property:bp_80; bulk_property:density_20c; bulk_property:saturates; gc_fid:pca:pc1; gc_fid:pca:pc2; gc_fid:pca:pc3; gc_fid:pca:pc4; gc_fid:pca:pc5; gc_fid:pls:bp_20:lv1,bulk_property:bp_20(1.000); bulk_property:bp_35(1.000); bulk_property:bp_65(1.000); bulk_property:bp_80(1.000); bulk_property:density_20c(1.000); bulk_property:saturates(1.000); gc_fid:pca:pc1(1.000); gc_fid:pca:pc2(1.000),petroleum_fraction_db_056,BP_50,analysis_plus_non_target_bulk,equal_weight
1,petroleum_fraction_db_033,0.230312,421.8,80,bulk_property:bp_20; bulk_property:bp_35; bulk_property:bp_65; bulk_property:bp_80; bulk_property:density_20c; bulk_property:saturates; gc_fid:pca:pc1; gc_fid:pca:pc2; gc_fid:pca:pc3; gc_fid:pca:pc4; gc_fid:pca:pc5; gc_fid:pls:bp_20:lv1,bulk_property:bp_65(1.042); bulk_property:bp_35(1.040); bulk_property:bp_80(1.018); bulk_property:bp_20(1.015); gc_fid:pls:density_20c:lv1(0.977); gc_fid:pls:saturates:lv1(0.960); gc_fid:pls:bp_50:lv1(0.951); gc_fid:pls:bp_80:lv1(0.951),petroleum_fraction_db_056,BP_50,analysis_plus_non_target_bulk,correlation_weighted
2,petroleum_fraction_db_035,0.311515,438.0,80,bulk_property:bp_20; bulk_property:bp_35; bulk_property:bp_65; bulk_property:bp_80; bulk_property:density_20c; bulk_property:saturates; gc_fid:pca:pc1; gc_fid:pca:pc2; gc_fid:pca:pc3; gc_fid:pca:pc4; gc_fid:pca:pc5; gc_fid:pls:bp_20:lv1,bulk_property:bp_65(1.042); bulk_property:bp_35(1.040); bulk_property:bp_80(1.018); bulk_property:bp_20(1.015); gc_fid:pls:density_20c:lv1(0.977); gc_fid:pls:saturates:lv1(0.960); gc_fid:pls:bp_50:lv1(0.951); gc_fid:pls:bp_80:lv1(0.951),petroleum_fraction_db_056,BP_50,analysis_plus_non_target_bulk,correlation_weighted
3,petroleum_fraction_db_063,0.329585,404.0,80,bulk_property:bp_20; bulk_property:bp_35; bulk_property:bp_65; bulk_property:bp_80; bulk_property:density_20c; bulk_property:saturates; gc_fid:pca:pc1; gc_fid:pca:pc2; gc_fid:pca:pc3; gc_fid:pca:pc4; gc_fid:pca:pc5; gc_fid:pls:bp_20:lv1,bulk_property:bp_65(1.042); bulk_property:bp_35(1.040); bulk_property:bp_80(1.018); bulk_property:bp_20(1.015); gc_fid:pls:density_20c:lv1(0.977); gc_fid:pls:saturates:lv1(0.960); gc_fid:pls:bp_50:lv1(0.951); gc_fid:pls:bp_80:lv1(0.951),petroleum_fraction_db_056,BP_50,analysis_plus_non_target_bulk,correlation_weighted
4,petroleum_fraction_db_004,0.370012,420.8,80,bulk_property:bp_20; bulk_property:bp_35; bulk_property:bp_65; bulk_property:bp_80; bulk_property:density_20c; bulk_property:saturates; gc_fid:pca:pc1; gc_fid:pca:pc2; gc_fid:pca:pc3; gc_fid:pca:pc4; gc_fid:pca:pc5; gc_fid:pls:bp_20:lv1,bulk_property:bp_65(1.042); bulk_property:bp_35(1.040); bulk_property:bp_80(1.018); bulk_property:bp_20(1.015); gc_fid:pls:density_20c:lv1(0.977); gc_fid:pls:saturates:lv1(0.960); gc_fid:pls:bp_50:lv1(0.951); gc_fid:pls:bp_80:lv1(0.951),petroleum_fraction_db_056,BP_50,analysis_plus_non_target_bulk,correlation_weighted
1,petroleum_fraction_db_033,0.271727,444.2,74,gc_fid:pca:pc1; gc_fid:pca:pc2; gc_fid:pca:pc3; gc_fid:pca:pc4; gc_fid:pca:pc5; gc_fid:pls:bp_20:lv1; gc_fid:pls:bp_20:lv2; gc_fid:pls:bp_20:lv3; gc_fid:pls:bp_20:lv4; gc_fid:pls:bp_35:lv1; gc_fid:pls:bp_35:lv2; gc_fid:pls:bp_35:lv3,gc_fid:pca:pc1(1.000); gc_fid:pca:pc2(1.000); gc_fid:pca:pc3(1.000); gc_fid:pca:pc4(1.000); gc_fid:pca:pc5(1.000); gc_fid:pls:bp_20:lv1(1.000); gc_fid:pls:bp_20:lv2(1.000); gc_fid:pls:bp_20:lv3(1.000),petroleum_fraction_db_056,BP_65,analysis_only,equal_weight
2,petroleum_fraction_db_035,0.277008,467.2,74,gc_fid:pca:pc1; gc_fid:pca:pc2; gc_fid:pca:pc3; gc_fid:pca:pc4; gc_fid:pca:pc5; gc_fid:pls:bp_20:lv1; gc_fid:pls:bp_20:lv2; gc_fid:pls:bp_20:lv3; gc_fid:pls:bp_20:lv4; gc_fid:pls:bp_35:lv1; gc_fid:pls:bp_35:lv2; gc_fid:pls:bp_35:lv3,gc_fid:pca:pc1(1.000); gc_fid:pca:pc2(1.000); gc_fid:pca:pc3(1.000); gc_fid:pca:pc4(1.000); gc_fid:pca:pc5(1.000); gc_fid:pls:bp_20:lv1(1.000); gc_fid:pls:bp_20:lv2(1.000); gc_fid:pls:bp_20:lv3(1.000),petroleum_fraction_db_056,BP_65,analysis_only,equal_weight
3,petroleum_fraction_db_063,0.36676,429.0,74,gc_fid:pca:pc1; gc_fid:pca:pc2; gc_fid:pca:pc3; gc_fid:pca:pc4; gc_fid:pca:pc5; gc_fid:pls:bp_20:lv1; gc_fid:pls:bp_20:lv2; gc_fid:pls:bp_20:lv3; gc_fid:pls:bp_20:lv4; gc_fid:pls:bp_35:lv1; gc_fid:pls:bp_35:lv2; gc_fid:pls:bp_35:lv3,gc_fid:pca:pc1(1.000); gc_fid:pca:pc2(1.000); gc_fid:pca:pc3(1.000); gc_fid:pca:pc4(1.000); gc_fid:pca:pc5(1.000); gc_fid:pls:bp_20:lv1(1.000); gc_fid:pls:bp_20:lv2(1.000); gc_fid:pls:bp_20:lv3(1.000),petroleum_fraction_db_056,BP_65,analysis_only,equal_weight
4,petroleum_fraction_db_004,0.37906,444.2,74,gc_fid:pca:pc1; gc_fid:pca:pc2; gc_fid:pca:pc3; gc_fid:pca:pc4; gc_fid:pca:pc5; gc_fid:pls:bp_20:lv1; gc_fid:pls:bp_20:lv2; gc_fid:pls:bp_20:lv3; gc_fid:pls:bp_20:lv4; gc_fid:pls:bp_35:lv1; gc_fid:pls:bp_35:lv2; gc_fid:pls:bp_35:lv3,gc_fid:pca:pc1(1.000); gc_fid:pca:pc2(1.000); gc_fid:pca:pc3(1.000); gc_fid:pca:pc4(1.000); gc_fid:pca:pc5(1.000); gc_fid:pls:bp_20:lv1(1.000); gc_fid:pls:bp_20:lv2(1.000); gc_fid:pls:bp_20:lv3(1.000),petroleum_fraction_db_056,BP_65,analysis_only,equal_weight
1,petroleum_fraction_db_033,0.227603,444.2,74,gc_fid:pca:pc1; gc_fid:pca:pc2; gc_fid:pca:pc3; gc_fid:pca:pc4; gc_fid:pca:pc5; gc_fid:pls:bp_20:lv1; gc_fid:pls:bp_20:lv2; gc_fid:pls:bp_20:lv3; gc_fid:pls:bp_20:lv4; gc_fid:pls:bp_35:lv1; gc_fid:pls:bp_35:lv2; gc_fid:pls:bp_35:lv3,gc_fid:pls:density_20c:lv1(0.980); gc_fid:pls:saturates:lv1(0.965); gc_fid:pls:bp_80:lv1(0.952); gc_fid:pls:bp_65:lv1(0.951); gc_fid:pls:bp_50:lv1(0.951); gc_fid:pls:bp_35:lv1(0.950); gc_fid:pls:bp_20:lv1(0.947); gc_fid:pca:pc1(0.922),petroleum_fraction_db_056,BP_65,analysis_only,correlation_weighted
2,petroleum_fraction_db_035,0.276737,467.2,74,gc_fid:pca:pc1; gc_fid:pca:pc2; gc_fid:pca:pc3; gc_fid:pca:pc4; gc_fid:pca:pc5; gc_fid:pls:bp_20:lv1; gc_fid:pls:bp_20:lv2; gc_fid:pls:bp_20:lv3; gc_fid:pls:bp_20:lv4; gc_fid:pls:bp_35:lv1; gc_fid:pls:bp_35:lv2; gc_fid:pls:bp_35:lv3,gc_fid:pls:density_20c:lv1(0.980); gc_fid:pls:saturates:lv1(0.965); gc_fid:pls:bp_80:lv1(0.952); gc_fid:pls:bp_65:lv1(0.951); gc_fid:pls:bp_50:lv1(0.951); gc_fid:pls:bp_35:lv1(0.950); gc_fid:pls:bp_20:lv1(0.947); gc_fid:pca:pc1(0.922),petroleum_fraction_db_056,BP_65,analysis_only,correlation_weighted
3,petroleum_fraction_db_063,0.342427,429.0,74,gc_fid:pca:pc1; gc_fid:pca:pc2; gc_fid:pca:pc3; gc_fid:pca:pc4; gc_fid:pca:pc5; gc_fid:pls:bp_20:lv1; gc_fid:pls:bp_20:lv2; gc_fid:pls:bp_20:lv3; gc_fid:pls:bp_20:lv4; gc_fid:pls:bp_35:lv1; gc_fid:pls:bp_35:lv2; gc_fid:pls:bp_35:lv3,gc_fid:pls:density_20c:lv1(0.980); gc_fid:pls:saturates:lv1(0.965); gc_fid:pls:bp_80:lv1(0.952); gc_fid:pls:bp_65:lv1(0.951); gc_fid:pls:bp_50:lv1(0.951); gc_fid:pls:bp_35:lv1(0.950); gc_fid:pls:bp_20:lv1(0.947); gc_fid:pca:pc1(0.922),petroleum_fraction_db_056,BP_65,analysis_only,correlation_weighted
4,petroleum_fraction_db_004,0.352958,444.2,74,gc_fid:pca:pc1; gc_fid:pca:pc2; gc_fid:pca:pc3; gc_fid:pca:pc4; gc_fid:pca:pc5; gc_fid:pls:bp_20:lv1; gc_fid:pls:bp_20:lv2; gc_fid:pls:bp_20:lv3; gc_fid:pls:bp_20:lv4; gc_fid:pls:bp_35:lv1; gc_fid:pls:bp_35:lv2; gc_fid:pls:bp_35:lv3,gc_fid:pls:density_20c:lv1(0.980); gc_fid:pls:saturates:lv1(0.965); gc_fid:pls:bp_80:lv1(0.952); gc_fid:pls:bp_65:lv1(0.951); gc_fid:pls:bp_50:lv1(0.951); gc_fid:pls:bp_35:lv1(0.950); gc_fid:pls:bp_20:lv1(0.947); gc_fid:pca:pc1(0.922),petroleum_fraction_db_056,BP_65,analysis_only,correlation_weighted
1,petroleum_fraction_db_033,0.265513,444.2,80,bulk_property:bp_20; bulk_property:bp_35; bulk_property:bp_50; bulk_property:bp_80; bulk_property:density_20c; bulk_property:saturates; gc_fid:pca:pc1; gc_fid:pca:pc2; gc_fid:pca:pc3; gc_fid:pca:pc4; gc_fid:pca:pc5; gc_fid:pls:bp_20:lv1,bulk_property:bp_20(1.000); bulk_property:bp_35(1.000); bulk_property:bp_50(1.000); bulk_property:bp_80(1.000); bulk_property:density_20c(1.000); bulk_property:saturates(1.000); gc_fid:pca:pc1(1.000); gc_fid:pca:pc2(1.000),petroleum_fraction_db_056,BP_65,analysis_plus_non_target_bulk,equal_weight
2,petroleum_fraction_db_035,0.291353,467.2,80,bulk_property:bp_20; bulk_property:bp_35; bulk_property:bp_50; bulk_property:bp_80; bulk_property:density_20c; bulk_property:saturates; gc_fid:pca:pc1; gc_fid:pca:pc2; gc_fid:pca:pc3; gc_fid:pca:pc4; gc_fid:pca:pc5; gc_fid:pls:bp_20:lv1,bulk_property:bp_20(1.000); bulk_property:bp_35(1.000); bulk_property:bp_50(1.000); bulk_property:bp_80(1.000); bulk_property:density_20c(1.000); bulk_property:saturates(1.000); gc_fid:pca:pc1(1.000); gc_fid:pca:pc2(1.000),petroleum_fraction_db_056,BP_65,analysis_plus_non_target_bulk,equal_weight
3,petroleum_fraction_db_063,0.360724,429.0,80,bulk_property:bp_20; bulk_property:bp_35; bulk_property:bp_50; bulk_property:bp_80; bulk_property:density_20c; bulk_property:saturates; gc_fid:pca:pc1; gc_fid:pca:pc2; gc_fid:pca:pc3; gc_fid:pca:pc4; gc_fid:pca:pc5; gc_fid:pls:bp_20:lv1,bulk_property:bp_20(1.000); bulk_property:bp_35(1.000); bulk_property:bp_50(1.000); bulk_property:bp_80(1.000); bulk_property:density_20c(1.000); bulk_property:saturates(1.000); gc_fid:pca:pc1(1.000); gc_fid:pca:pc2(1.000),petroleum_fraction_db_056,BP_65,analysis_plus_non_target_bulk,equal_weight
4,petroleum_fraction_db_004,0.403149,444.2,80,bulk_property:bp_20; bulk_property:bp_35; bulk_property:bp_50; bulk_property:bp_80; bulk_property:density_20c; bulk_property:saturates; gc_fid:pca:pc1; gc_fid:pca:pc2; gc_fid:pca:pc3; gc_fid:pca:pc4; gc_fid:pca:pc5; gc_fid:pls:bp_20:lv1,bulk_property:bp_20(1.000); bulk_property:bp_35(1.000); bulk_property:bp_50(1.000); bulk_property:bp_80(1.000); bulk_property:density_20c(1.000); bulk_property:saturates(1.000); gc_fid:pca:pc1(1.000); gc_fid:pca:pc2(1.000),petroleum_fraction_db_056,BP_65,analysis_plus_non_target_bulk,equal_weight
1,petroleum_fraction_db_033,0.222657,444.2,80,bulk_property:bp_20; bulk_property:bp_35; bulk_property:bp_50; bulk_property:bp_80; bulk_property:density_20c; bulk_property:saturates; gc_fid:pca:pc1; gc_fid:pca:pc2; gc_fid:pca:pc3; gc_fid:pca:pc4; gc_fid:pca:pc5; gc_fid:pls:bp_20:lv1,bulk_property:bp_50(1.042); bulk_property:bp_80(1.039); bulk_property:bp_35(1.020); bulk_property:bp_20(0.986); gc_fid:pls:density_20c:lv1(0.980); gc_fid:pls:saturates:lv1(0.965); gc_fid:pls:bp_80:lv1(0.952); gc_fid:pls:bp_65:lv1(0.951),petroleum_fraction_db_056,BP_65,analysis_plus_non_target_bulk,correlation_weighted
2,petroleum_fraction_db_035,0.309394,467.2,80,bulk_property:bp_20; bulk_property:bp_35; bulk_property:bp_50; bulk_property:bp_80; bulk_property:density_20c; bulk_property:saturates; gc_fid:pca:pc1; gc_fid:pca:pc2; gc_fid:pca:pc3; gc_fid:pca:pc4; gc_fid:pca:pc5; gc_fid:pls:bp_20:lv1,bulk_property:bp_50(1.042); bulk_property:bp_80(1.039); bulk_property:bp_35(1.020); bulk_property:bp_20(0.986); gc_fid:pls:density_20c:lv1(0.980); gc_fid:pls:saturates:lv1(0.965); gc_fid:pls:bp_80:lv1(0.952); gc_fid:pls:bp_65:lv1(0.951),petroleum_fraction_db_056,BP_65,analysis_plus_non_target_bulk,correlation_weighted
3,petroleum_fraction_db_063,0.328863,429.0,80,bulk_property:bp_20; bulk_property:bp_35; bulk_property:bp_50; bulk_property:bp_80; bulk_property:density_20c; bulk_property:saturates; gc_fid:pca:pc1; gc_fid:pca:pc2; gc_fid:pca:pc3; gc_fid:pca:pc4; gc_fid:pca:pc5; gc_fid:pls:bp_20:lv1,bulk_property:bp_50(1.042); bulk_property:bp_80(1.039); bulk_property:bp_35(1.020); bulk_property:bp_20(0.986); gc_fid:pls:density_20c:lv1(0.980); gc_fid:pls:saturates:lv1(0.965); gc_fid:pls:bp_80:lv1(0.952); gc_fid:pls:bp_65:lv1(0.951),petroleum_fraction_db_056,BP_65,analysis_plus_non_target_bulk,correlation_weighted
4,petroleum_fraction_db_004,0.372822,444.2,80,bulk_property:bp_20; bulk_property:bp_35; bulk_property:bp_50; bulk_property:bp_80; bulk_property:density_20c; bulk_property:saturates; gc_fid:pca:pc1; gc_fid:pca:pc2; gc_fid:pca:pc3; gc_fid:pca:pc4; gc_fid:pca:pc5; gc_fid:pls:bp_20:lv1,bulk_property:bp_50(1.042); bulk_property:bp_80(1.039); bulk_property:bp_35(1.020); bulk_property:bp_20(0.986); gc_fid:pls:density_20c:lv1(0.980); gc_fid:pls:saturates:lv1(0.965); gc_fid:pls:bp_80:lv1(0.952); gc_fid:pls:bp_65:lv1(0.951),petroleum_fraction_db_056,BP_65,analysis_plus_non_target_bulk,correlation_weighted
1,petroleum_fraction_db_033,0.271727,471.0,74,gc_fid:pca:pc1; gc_fid:pca:pc2; gc_fid:pca:pc3; gc_fid:pca:pc4; gc_fid:pca:pc5; gc_fid:pls:bp_20:lv1; gc_fid:pls:bp_20:lv2; gc_fid:pls:bp_20:lv3; gc_fid:pls:bp_20:lv4; gc_fid:pls:bp_35:lv1; gc_fid:pls:bp_35:lv2; gc_fid:pls:bp_35:lv3,gc_fid:pca:pc1(1.000); gc_fid:pca:pc2(1.000); gc_fid:pca:pc3(1.000); gc_fid:pca:pc4(1.000); gc_fid:pca:pc5(1.000); gc_fid:pls:bp_20:lv1(1.000); gc_fid:pls:bp_20:lv2(1.000); gc_fid:pls:bp_20:lv3(1.000),petroleum_fraction_db_056,BP_80,analysis_only,equal_weight
2,petroleum_fraction_db_035,0.277008,499.8,74,gc_fid:pca:pc1; gc_fid:pca:pc2; gc_fid:pca:pc3; gc_fid:pca:pc4; gc_fid:pca:pc5; gc_fid:pls:bp_20:lv1; gc_fid:pls:bp_20:lv2; gc_fid:pls:bp_20:lv3; gc_fid:pls:bp_20:lv4; gc_fid:pls:bp_35:lv1; gc_fid:pls:bp_35:lv2; gc_fid:pls:bp_35:lv3,gc_fid:pca:pc1(1.000); gc_fid:pca:pc2(1.000); gc_fid:pca:pc3(1.000); gc_fid:pca:pc4(1.000); gc_fid:pca:pc5(1.000); gc_fid:pls:bp_20:lv1(1.000); gc_fid:pls:bp_20:lv2(1.000); gc_fid:pls:bp_20:lv3(1.000),petroleum_fraction_db_056,BP_80,analysis_only,equal_weight
3,petroleum_fraction_db_063,0.36676,456.4,74,gc_fid:pca:pc1; gc_fid:pca:pc2; gc_fid:pca:pc3; gc_fid:pca:pc4; gc_fid:pca:pc5; gc_fid:pls:bp_20:lv1; gc_fid:pls:bp_20:lv2; gc_fid:pls:bp_20:lv3; gc_fid:pls:bp_20:lv4; gc_fid:pls:bp_35:lv1; gc_fid:pls:bp_35:lv2; gc_fid:pls:bp_35:lv3,gc_fid:pca:pc1(1.000); gc_fid:pca:pc2(1.000); gc_fid:pca:pc3(1.000); gc_fid:pca:pc4(1.000); gc_fid:pca:pc5(1.000); gc_fid:pls:bp_20:lv1(1.000); gc_fid:pls:bp_20:lv2(1.000); gc_fid:pls:bp_20:lv3(1.000),petroleum_fraction_db_056,BP_80,analysis_only,equal_weight
4,petroleum_fraction_db_004,0.37906,468.6,74,gc_fid:pca:pc1; gc_fid:pca:pc2; gc_fid:pca:pc3; gc_fid:pca:pc4; gc_fid:pca:pc5; gc_fid:pls:bp_20:lv1; gc_fid:pls:bp_20:lv2; gc_fid:pls:bp_20:lv3; gc_fid:pls:bp_20:lv4; gc_fid:pls:bp_35:lv1; gc_fid:pls:bp_35:lv2; gc_fid:pls:bp_35:lv3,gc_fid:pca:pc1(1.000); gc_fid:pca:pc2(1.000); gc_fid:pca:pc3(1.000); gc_fid:pca:pc4(1.000); gc_fid:pca:pc5(1.000); gc_fid:pls:bp_20:lv1(1.000); gc_fid:pls:bp_20:lv2(1.000); gc_fid:pls:bp_20:lv3(1.000),petroleum_fraction_db_056,BP_80,analysis_only,equal_weight
1,petroleum_fraction_db_033,0.218123,471.0,74,gc_fid:pca:pc1; gc_fid:pca:pc2; gc_fid:pca:pc3; gc_fid:pca:pc4; gc_fid:pca:pc5; gc_fid:pls:bp_20:lv1; gc_fid:pls:bp_20:lv2; gc_fid:pls:bp_20:lv3; gc_fid:pls:bp_20:lv4; gc_fid:pls:bp_35:lv1; gc_fid:pls:bp_35:lv2; gc_fid:pls:bp_35:lv3,gc_fid:pls:density_20c:lv1(0.973); gc_fid:pls:saturates:lv1(0.962); gc_fid:pls:bp_80:lv1(0.945); gc_fid:pls:bp_65:lv1(0.942); gc_fid:pls:bp_50:lv1(0.941); gc_fid:pls:bp_35:lv1(0.939); gc_fid:pls:bp_20:lv1(0.935); gc_fid:pca:pc1(0.913),petroleum_fraction_db_056,BP_80,analysis_only,correlation_weighted
2,petroleum_fraction_db_035,0.279126,499.8,74,gc_fid:pca:pc1; gc_fid:pca:pc2; gc_fid:pca:pc3; gc_fid:pca:pc4; gc_fid:pca:pc5; gc_fid:pls:bp_20:lv1; gc_fid:pls:bp_20:lv2; gc_fid:pls:bp_20:lv3; gc_fid:pls:bp_20:lv4; gc_fid:pls:bp_35:lv1; gc_fid:pls:bp_35:lv2; gc_fid:pls:bp_35:lv3,gc_fid:pls:density_20c:lv1(0.973); gc_fid:pls:saturates:lv1(0.962); gc_fid:pls:bp_80:lv1(0.945); gc_fid:pls:bp_65:lv1(0.942); gc_fid:pls:bp_50:lv1(0.941); gc_fid:pls:bp_35:lv1(0.939); gc_fid:pls:bp_20:lv1(0.935); gc_fid:pca:pc1(0.913),petroleum_fraction_db_056,BP_80,analysis_only,correlation_weighted
3,petroleum_fraction_db_063,0.340525,456.4,74,gc_fid:pca:pc1; gc_fid:pca:pc2; gc_fid:pca:pc3; gc_fid:pca:pc4; gc_fid:pca:pc5; gc_fid:pls:bp_20:lv1; gc_fid:pls:bp_20:lv2; gc_fid:pls:bp_20:lv3; gc_fid:pls:bp_20:lv4; gc_fid:pls:bp_35:lv1; gc_fid:pls:bp_35:lv2; gc_fid:pls:bp_35:lv3,gc_fid:pls:density_20c:lv1(0.973); gc_fid:pls:saturates:lv1(0.962); gc_fid:pls:bp_80:lv1(0.945); gc_fid:pls:bp_65:lv1(0.942); gc_fid:pls:bp_50:lv1(0.941); gc_fid:pls:bp_35:lv1(0.939); gc_fid:pls:bp_20:lv1(0.935); gc_fid:pca:pc1(0.913),petroleum_fraction_db_056,BP_80,analysis_only,correlation_weighted
4,petroleum_fraction_db_004,0.353872,468.6,74,gc_fid:pca:pc1; gc_fid:pca:pc2; gc_fid:pca:pc3; gc_fid:pca:pc4; gc_fid:pca:pc5; gc_fid:pls:bp_20:lv1; gc_fid:pls:bp_20:lv2; gc_fid:pls:bp_20:lv3; gc_fid:pls:bp_20:lv4; gc_fid:pls:bp_35:lv1; gc_fid:pls:bp_35:lv2; gc_fid:pls:bp_35:lv3,gc_fid:pls:density_20c:lv1(0.973); gc_fid:pls:saturates:lv1(0.962); gc_fid:pls:bp_80:lv1(0.945); gc_fid:pls:bp_65:lv1(0.942); gc_fid:pls:bp_50:lv1(0.941); gc_fid:pls:bp_35:lv1(0.939); gc_fid:pls:bp_20:lv1(0.935); gc_fid:pca:pc1(0.913),petroleum_fraction_db_056,BP_80,analysis_only,correlation_weighted
1,petroleum_fraction_db_033,0.265526,471.0,80,bulk_property:bp_20; bulk_property:bp_35; bulk_property:bp_50; bulk_property:bp_65; bulk_property:density_20c; bulk_property:saturates; gc_fid:pca:pc1; gc_fid:pca:pc2; gc_fid:pca:pc3; gc_fid:pca:pc4; gc_fid:pca:pc5; gc_fid:pls:bp_20:lv1,bulk_property:bp_20(1.000); bulk_property:bp_35(1.000); bulk_property:bp_50(1.000); bulk_property:bp_65(1.000); bulk_property:density_20c(1.000); bulk_property:saturates(1.000); gc_fid:pca:pc1(1.000); gc_fid:pca:pc2(1.000),petroleum_fraction_db_056,BP_80,analysis_plus_non_target_bulk,equal_weight
2,petroleum_fraction_db_035,0.290676,499.8,80,bulk_property:bp_20; bulk_property:bp_35; bulk_property:bp_50; bulk_property:bp_65; bulk_property:density_20c; bulk_property:saturates; gc_fid:pca:pc1; gc_fid:pca:pc2; gc_fid:pca:pc3; gc_fid:pca:pc4; gc_fid:pca:pc5; gc_fid:pls:bp_20:lv1,bulk_property:bp_20(1.000); bulk_property:bp_35(1.000); bulk_property:bp_50(1.000); bulk_property:bp_65(1.000); bulk_property:density_20c(1.000); bulk_property:saturates(1.000); gc_fid:pca:pc1(1.000); gc_fid:pca:pc2(1.000),petroleum_fraction_db_056,BP_80,analysis_plus_non_target_bulk,equal_weight
3,petroleum_fraction_db_063,0.360768,456.4,80,bulk_property:bp_20; bulk_property:bp_35; bulk_property:bp_50; bulk_property:bp_65; bulk_property:density_20c; bulk_property:saturates; gc_fid:pca:pc1; gc_fid:pca:pc2; gc_fid:pca:pc3; gc_fid:pca:pc4; gc_fid:pca:pc5; gc_fid:pls:bp_20:lv1,bulk_property:bp_20(1.000); bulk_property:bp_35(1.000); bulk_property:bp_50(1.000); bulk_property:bp_65(1.000); bulk_property:density_20c(1.000); bulk_property:saturates(1.000); gc_fid:pca:pc1(1.000); gc_fid:pca:pc2(1.000),petroleum_fraction_db_056,BP_80,analysis_plus_non_target_bulk,equal_weight
4,petroleum_fraction_db_004,0.403136,468.6,80,bulk_property:bp_20; bulk_property:bp_35; bulk_property:bp_50; bulk_property:bp_65; bulk_property:density_20c; bulk_property:saturates; gc_fid:pca:pc1; gc_fid:pca:pc2; gc_fid:pca:pc3; gc_fid:pca:pc4; gc_fid:pca:pc5; gc_fid:pls:bp_20:lv1,bulk_property:bp_20(1.000); bulk_property:bp_35(1.000); bulk_property:bp_50(1.000); bulk_property:bp_65(1.000); bulk_property:density_20c(1.000); bulk_property:saturates(1.000); gc_fid:pca:pc1(1.000); gc_fid:pca:pc2(1.000),petroleum_fraction_db_056,BP_80,analysis_plus_non_target_bulk,equal_weight
1,petroleum_fraction_db_033,0.21427,471.0,80,bulk_property:bp_20; bulk_property:bp_35; bulk_property:bp_50; bulk_property:bp_65; bulk_property:density_20c; bulk_property:saturates; gc_fid:pca:pc1; gc_fid:pca:pc2; gc_fid:pca:pc3; gc_fid:pca:pc4; gc_fid:pca:pc5; gc_fid:pls:bp_20:lv1,bulk_property:bp_65(1.039); bulk_property:bp_50(1.018); bulk_property:bp_35(0.982); gc_fid:pls:density_20c:lv1(0.973); gc_fid:pls:saturates:lv1(0.962); gc_fid:pls:bp_80:lv1(0.945); gc_fid:pls:bp_65:lv1(0.942); gc_fid:pls:bp_50:lv1(0.941),petroleum_fraction_db_056,BP_80,analysis_plus_non_target_bulk,correlation_weighted
2,petroleum_fraction_db_035,0.30915,499.8,80,bulk_property:bp_20; bulk_property:bp_35; bulk_property:bp_50; bulk_property:bp_65; bulk_property:density_20c; bulk_property:saturates; gc_fid:pca:pc1; gc_fid:pca:pc2; gc_fid:pca:pc3; gc_fid:pca:pc4; gc_fid:pca:pc5; gc_fid:pls:bp_20:lv1,bulk_property:bp_65(1.039); bulk_property:bp_50(1.018); bulk_property:bp_35(0.982); gc_fid:pls:density_20c:lv1(0.973); gc_fid:pls:saturates:lv1(0.962); gc_fid:pls:bp_80:lv1(0.945); gc_fid:pls:bp_65:lv1(0.942); gc_fid:pls:bp_50:lv1(0.941),petroleum_fraction_db_056,BP_80,analysis_plus_non_target_bulk,correlation_weighted
3,petroleum_fraction_db_063,0.327871,456.4,80,bulk_property:bp_20; bulk_property:bp_35; bulk_property:bp_50; bulk_property:bp_65; bulk_property:density_20c; bulk_property:saturates; gc_fid:pca:pc1; gc_fid:pca:pc2; gc_fid:pca:pc3; gc_fid:pca:pc4; gc_fid:pca:pc5; gc_fid:pls:bp_20:lv1,bulk_property:bp_65(1.039); bulk_property:bp_50(1.018); bulk_property:bp_35(0.982); gc_fid:pls:density_20c:lv1(0.973); gc_fid:pls:saturates:lv1(0.962); gc_fid:pls:bp_80:lv1(0.945); gc_fid:pls:bp_65:lv1(0.942); gc_fid:pls:bp_50:lv1(0.941),petroleum_fraction_db_056,BP_80,analysis_plus_non_target_bulk,correlation_weighted
4,petroleum_fraction_db_004,0.376963,468.6,80,bulk_property:bp_20; bulk_property:bp_35; bulk_property:bp_50; bulk_property:bp_65; bulk_property:density_20c; bulk_property:saturates; gc_fid:pca:pc1; gc_fid:pca:pc2; gc_fid:pca:pc3; gc_fid:pca:pc4; gc_fid:pca:pc5; gc_fid:pls:bp_20:lv1,bulk_property:bp_65(1.039); bulk_property:bp_50(1.018); bulk_property:bp_35(0.982); gc_fid:pls:density_20c:lv1(0.973); gc_fid:pls:saturates:lv1(0.962); gc_fid:pls:bp_80:lv1(0.945); gc_fid:pls:bp_65:lv1(0.942); gc_fid:pls:bp_50:lv1(0.941),petroleum_fraction_db_056,BP_80,analysis_plus_non_target_bulk,correlation_weighted
1,petroleum_fraction_db_032,1.025043,0.8634,74,gc_fid:pca:pc1; gc_fid:pca:pc2; gc_fid:pca:pc3; gc_fid:pca:pc4; gc_fid:pca:pc5; gc_fid:pls:bp_20:lv1; gc_fid:pls:bp_20:lv2; gc_fid:pls:bp_20:lv3; gc_fid:pls:bp_20:lv4; gc_fid:pls:bp_35:lv1; gc_fid:pls:bp_35:lv2; gc_fid:pls:bp_35:lv3,gc_fid:pca:pc1(1.000); gc_fid:pca:pc2(1.000); gc_fid:pca:pc3(1.000); gc_fid:pca:pc4(1.000); gc_fid:pca:pc5(1.000); gc_fid:pls:bp_20:lv1(1.000); gc_fid:pls:bp_20:lv2(1.000); gc_fid:pls:bp_20:lv3(1.000),petroleum_fraction_db_061,density_20c,analysis_only,equal_weight
2,petroleum_fraction_db_036,1.094549,0.8621,74,gc_fid:pca:pc1; gc_fid:pca:pc2; gc_fid:pca:pc3; gc_fid:pca:pc4; gc_fid:pca:pc5; gc_fid:pls:bp_20:lv1; gc_fid:pls:bp_20:lv2; gc_fid:pls:bp_20:lv3; gc_fid:pls:bp_20:lv4; gc_fid:pls:bp_35:lv1; gc_fid:pls:bp_35:lv2; gc_fid:pls:bp_35:lv3,gc_fid:pca:pc1(1.000); gc_fid:pca:pc2(1.000); gc_fid:pca:pc3(1.000); gc_fid:pca:pc4(1.000); gc_fid:pca:pc5(1.000); gc_fid:pls:bp_20:lv1(1.000); gc_fid:pls:bp_20:lv2(1.000); gc_fid:pls:bp_20:lv3(1.000),petroleum_fraction_db_061,density_20c,analysis_only,equal_weight
3,petroleum_fraction_db_003,1.264198,0.9004,74,gc_fid:pca:pc1; gc_fid:pca:pc2; gc_fid:pca:pc3; gc_fid:pca:pc4; gc_fid:pca:pc5; gc_fid:pls:bp_20:lv1; gc_fid:pls:bp_20:lv2; gc_fid:pls:bp_20:lv3; gc_fid:pls:bp_20:lv4; gc_fid:pls:bp_35:lv1; gc_fid:pls:bp_35:lv2; gc_fid:pls:bp_35:lv3,gc_fid:pca:pc1(1.000); gc_fid:pca:pc2(1.000); gc_fid:pca:pc3(1.000); gc_fid:pca:pc4(1.000); gc_fid:pca:pc5(1.000); gc_fid:pls:bp_20:lv1(1.000); gc_fid:pls:bp_20:lv2(1.000); gc_fid:pls:bp_20:lv3(1.000),petroleum_fraction_db_061,density_20c,analysis_only,equal_weight
4,petroleum_fraction_db_057,1.29904,0.8553,74,gc_fid:pca:pc1; gc_fid:pca:pc2; gc_fid:pca:pc3; gc_fid:pca:pc4; gc_fid:pca:pc5; gc_fid:pls:bp_20:lv1; gc_fid:pls:bp_20:lv2; gc_fid:pls:bp_20:lv3; gc_fid:pls:bp_20:lv4; gc_fid:pls:bp_35:lv1; gc_fid:pls:bp_35:lv2; gc_fid:pls:bp_35:lv3,gc_fid:pca:pc1(1.000); gc_fid:pca:pc2(1.000); gc_fid:pca:pc3(1.000); gc_fid:pca:pc4(1.000); gc_fid:pca:pc5(1.000); gc_fid:pls:bp_20:lv1(1.000); gc_fid:pls:bp_20:lv2(1.000); gc_fid:pls:bp_20:lv3(1.000),petroleum_fraction_db_061,density_20c,analysis_only,equal_weight
1,petroleum_fraction_db_032,0.852206,0.8634,74,gc_fid:pca:pc1; gc_fid:pca:pc2; gc_fid:pca:pc3; gc_fid:pca:pc4; gc_fid:pca:pc5; gc_fid:pls:bp_20:lv1; gc_fid:pls:bp_20:lv2; gc_fid:pls:bp_20:lv3; gc_fid:pls:bp_20:lv4; gc_fid:pls:bp_35:lv1; gc_fid:pls:bp_35:lv2; gc_fid:pls:bp_35:lv3,ir:weighted_x_q90(0.728); ir_spectrum:pls:density_20c:lv2(0.727); ir_spectrum:pls:saturates:lv2(0.716); ir_spectrum:pls:density_20c:lv1(0.649); ir_spectrum:pls:saturates:lv1(0.629); ir_spectrum:pls:bp_35:lv1(0.628); ir_spectrum:pca:pc1(0.615); ir_spectrum:pls:bp_65:lv1(0.615),petroleum_fraction_db_061,density_20c,analysis_only,correlation_weighted
2,petroleum_fraction_db_036,0.951033,0.8621,74,gc_fid:pca:pc1; gc_fid:pca:pc2; gc_fid:pca:pc3; gc_fid:pca:pc4; gc_fid:pca:pc5; gc_fid:pls:bp_20:lv1; gc_fid:pls:bp_20:lv2; gc_fid:pls:bp_20:lv3; gc_fid:pls:bp_20:lv4; gc_fid:pls:bp_35:lv1; gc_fid:pls:bp_35:lv2; gc_fid:pls:bp_35:lv3,ir:weighted_x_q90(0.728); ir_spectrum:pls:density_20c:lv2(0.727); ir_spectrum:pls:saturates:lv2(0.716); ir_spectrum:pls:density_20c:lv1(0.649); ir_spectrum:pls:saturates:lv1(0.629); ir_spectrum:pls:bp_35:lv1(0.628); ir_spectrum:pca:pc1(0.615); ir_spectrum:pls:bp_65:lv1(0.615),petroleum_fraction_db_061,density_20c,analysis_only,correlation_weighted
3,petroleum_fraction_db_037,1.053738,0.884,74,gc_fid:pca:pc1; gc_fid:pca:pc2; gc_fid:pca:pc3; gc_fid:pca:pc4; gc_fid:pca:pc5; gc_fid:pls:bp_20:lv1; gc_fid:pls:bp_20:lv2; gc_fid:pls:bp_20:lv3; gc_fid:pls:bp_20:lv4; gc_fid:pls:bp_35:lv1; gc_fid:pls:bp_35:lv2; gc_fid:pls:bp_35:lv3,ir:weighted_x_q90(0.728); ir_spectrum:pls:density_20c:lv2(0.727); ir_spectrum:pls:saturates:lv2(0.716); ir_spectrum:pls:density_20c:lv1(0.649); ir_spectrum:pls:saturates:lv1(0.629); ir_spectrum:pls:bp_35:lv1(0.628); ir_spectrum:pca:pc1(0.615); ir_spectrum:pls:bp_65:lv1(0.615),petroleum_fraction_db_061,density_20c,analysis_only,correlation_weighted
4,petroleum_fraction_db_057,1.101684,0.8553,74,gc_fid:pca:pc1; gc_fid:pca:pc2; gc_fid:pca:pc3; gc_fid:pca:pc4; gc_fid:pca:pc5; gc_fid:pls:bp_20:lv1; gc_fid:pls:bp_20:lv2; gc_fid:pls:bp_20:lv3; gc_fid:pls:bp_20:lv4; gc_fid:pls:bp_35:lv1; gc_fid:pls:bp_35:lv2; gc_fid:pls:bp_35:lv3,ir:weighted_x_q90(0.728); ir_spectrum:pls:density_20c:lv2(0.727); ir_spectrum:pls:saturates:lv2(0.716); ir_spectrum:pls:density_20c:lv1(0.649); ir_spectrum:pls:saturates:lv1(0.629); ir_spectrum:pls:bp_35:lv1(0.628); ir_spectrum:pca:pc1(0.615); ir_spectrum:pls:bp_65:lv1(0.615),petroleum_fraction_db_061,density_20c,analysis_only,correlation_weighted
1,petroleum_fraction_db_032,0.998334,0.8634,80,bulk_property:bp_20; bulk_property:bp_35; bulk_property:bp_50; bulk_property:bp_65; bulk_property:bp_80; bulk_property:saturates; gc_fid:pca:pc1; gc_fid:pca:pc2; gc_fid:pca:pc3; gc_fid:pca:pc4; gc_fid:pca:pc5; gc_fid:pls:bp_20:lv1,bulk_property:bp_20(1.000); bulk_property:bp_35(1.000); bulk_property:bp_50(1.000); bulk_property:bp_65(1.000); bulk_property:bp_80(1.000); bulk_property:saturates(1.000); gc_fid:pca:pc1(1.000); gc_fid:pca:pc2(1.000),petroleum_fraction_db_061,density_20c,analysis_plus_non_target_bulk,equal_weight
2,petroleum_fraction_db_036,1.072547,0.8621,80,bulk_property:bp_20; bulk_property:bp_35; bulk_property:bp_50; bulk_property:bp_65; bulk_property:bp_80; bulk_property:saturates; gc_fid:pca:pc1; gc_fid:pca:pc2; gc_fid:pca:pc3; gc_fid:pca:pc4; gc_fid:pca:pc5; gc_fid:pls:bp_20:lv1,bulk_property:bp_20(1.000); bulk_property:bp_35(1.000); bulk_property:bp_50(1.000); bulk_property:bp_65(1.000); bulk_property:bp_80(1.000); bulk_property:saturates(1.000); gc_fid:pca:pc1(1.000); gc_fid:pca:pc2(1.000),petroleum_fraction_db_061,density_20c,analysis_plus_non_target_bulk,equal_weight
3,petroleum_fraction_db_003,1.254878,0.9004,80,bulk_property:bp_20; bulk_property:bp_35; bulk_property:bp_50; bulk_property:bp_65; bulk_property:bp_80; bulk_property:saturates; gc_fid:pca:pc1; gc_fid:pca:pc2; gc_fid:pca:pc3; gc_fid:pca:pc4; gc_fid:pca:pc5; gc_fid:pls:bp_20:lv1,bulk_property:bp_20(1.000); bulk_property:bp_35(1.000); bulk_property:bp_50(1.000); bulk_property:bp_65(1.000); bulk_property:bp_80(1.000); bulk_property:saturates(1.000); gc_fid:pca:pc1(1.000); gc_fid:pca:pc2(1.000),petroleum_fraction_db_061,density_20c,analysis_plus_non_target_bulk,equal_weight
4,petroleum_fraction_db_057,1.26645,0.8553,80,bulk_property:bp_20; bulk_property:bp_35; bulk_property:bp_50; bulk_property:bp_65; bulk_property:bp_80; bulk_property:saturates; gc_fid:pca:pc1; gc_fid:pca:pc2; gc_fid:pca:pc3; gc_fid:pca:pc4; gc_fid:pca:pc5; gc_fid:pls:bp_20:lv1,bulk_property:bp_20(1.000); bulk_property:bp_35(1.000); bulk_property:bp_50(1.000); bulk_property:bp_65(1.000); bulk_property:bp_80(1.000); bulk_property:saturates(1.000); gc_fid:pca:pc1(1.000); gc_fid:pca:pc2(1.000),petroleum_fraction_db_061,density_20c,analysis_plus_non_target_bulk,equal_weight
1,petroleum_fraction_db_032,0.825245,0.8634,80,bulk_property:bp_20; bulk_property:bp_35; bulk_property:bp_50; bulk_property:bp_65; bulk_property:bp_80; bulk_property:saturates; gc_fid:pca:pc1; gc_fid:pca:pc2; gc_fid:pca:pc3; gc_fid:pca:pc4; gc_fid:pca:pc5; gc_fid:pls:bp_20:lv1,bulk_property:saturates(0.895); ir:weighted_x_q90(0.728); ir_spectrum:pls:density_20c:lv2(0.727); ir_spectrum:pls:saturates:lv2(0.716); ir_spectrum:pls:density_20c:lv1(0.649); ir_spectrum:pls:saturates:lv1(0.629); ir_spectrum:pls:bp_35:lv1(0.628); ir_spectrum:pca:pc1(0.615),petroleum_fraction_db_061,density_20c,analysis_plus_non_target_bulk,correlation_weighted
2,petroleum_fraction_db_036,0.929665,0.8621,80,bulk_property:bp_20; bulk_property:bp_35; bulk_property:bp_50; bulk_property:bp_65; bulk_property:bp_80; bulk_property:saturates; gc_fid:pca:pc1; gc_fid:pca:pc2; gc_fid:pca:pc3; gc_fid:pca:pc4; gc_fid:pca:pc5; gc_fid:pls:bp_20:lv1,bulk_property:saturates(0.895); ir:weighted_x_q90(0.728); ir_spectrum:pls:density_20c:lv2(0.727); ir_spectrum:pls:saturates:lv2(0.716); ir_spectrum:pls:density_20c:lv1(0.649); ir_spectrum:pls:saturates:lv1(0.629); ir_spectrum:pls:bp_35:lv1(0.628); ir_spectrum:pca:pc1(0.615),petroleum_fraction_db_061,density_20c,analysis_plus_non_target_bulk,correlation_weighted
3,petroleum_fraction_db_037,1.009866,0.884,80,bulk_property:bp_20; bulk_property:bp_35; bulk_property:bp_50; bulk_property:bp_65; bulk_property:bp_80; bulk_property:saturates; gc_fid:pca:pc1; gc_fid:pca:pc2; gc_fid:pca:pc3; gc_fid:pca:pc4; gc_fid:pca:pc5; gc_fid:pls:bp_20:lv1,bulk_property:saturates(0.895); ir:weighted_x_q90(0.728); ir_spectrum:pls:density_20c:lv2(0.727); ir_spectrum:pls:saturates:lv2(0.716); ir_spectrum:pls:density_20c:lv1(0.649); ir_spectrum:pls:saturates:lv1(0.629); ir_spectrum:pls:bp_35:lv1(0.628); ir_spectrum:pca:pc1(0.615),petroleum_fraction_db_061,density_20c,analysis_plus_non_target_bulk,correlation_weighted
4,petroleum_fraction_db_057,1.067142,0.8553,80,bulk_property:bp_20; bulk_property:bp_35; bulk_property:bp_50; bulk_property:bp_65; bulk_property:bp_80; bulk_property:saturates; gc_fid:pca:pc1; gc_fid:pca:pc2; gc_fid:pca:pc3; gc_fid:pca:pc4; gc_fid:pca:pc5; gc_fid:pls:bp_20:lv1,bulk_property:saturates(0.895); ir:weighted_x_q90(0.728); ir_spectrum:pls:density_20c:lv2(0.727); ir_spectrum:pls:saturates:lv2(0.716); ir_spectrum:pls:density_20c:lv1(0.649); ir_spectrum:pls:saturates:lv1(0.629); ir_spectrum:pls:bp_35:lv1(0.628); ir_spectrum:pca:pc1(0.615),petroleum_fraction_db_061,density_20c,analysis_plus_non_target_bulk,correlation_weighted
1,petroleum_fraction_db_032,1.025043,80.21159153633693,74,gc_fid:pca:pc1; gc_fid:pca:pc2; gc_fid:pca:pc3; gc_fid:pca:pc4; gc_fid:pca:pc5; gc_fid:pls:bp_20:lv1; gc_fid:pls:bp_20:lv2; gc_fid:pls:bp_20:lv3; gc_fid:pls:bp_20:lv4; gc_fid:pls:bp_35:lv1; gc_fid:pls:bp_35:lv2; gc_fid:pls:bp_35:lv3,gc_fid:pca:pc1(1.000); gc_fid:pca:pc2(1.000); gc_fid:pca:pc3(1.000); gc_fid:pca:pc4(1.000); gc_fid:pca:pc5(1.000); gc_fid:pls:bp_20:lv1(1.000); gc_fid:pls:bp_20:lv2(1.000); gc_fid:pls:bp_20:lv3(1.000),petroleum_fraction_db_061,saturates,analysis_only,equal_weight
2,petroleum_fraction_db_036,1.094549,82.44899289485755,74,gc_fid:pca:pc1; gc_fid:pca:pc2; gc_fid:pca:pc3; gc_fid:pca:pc4; gc_fid:pca:pc5; gc_fid:pls:bp_20:lv1; gc_fid:pls:bp_20:lv2; gc_fid:pls:bp_20:lv3; gc_fid:pls:bp_20:lv4; gc_fid:pls:bp_35:lv1; gc_fid:pls:bp_35:lv2; gc_fid:pls:bp_35:lv3,gc_fid:pca:pc1(1.000); gc_fid:pca:pc2(1.000); gc_fid:pca:pc3(1.000); gc_fid:pca:pc4(1.000); gc_fid:pca:pc5(1.000); gc_fid:pls:bp_20:lv1(1.000); gc_fid:pls:bp_20:lv2(1.000); gc_fid:pls:bp_20:lv3(1.000),petroleum_fraction_db_061,saturates,analysis_only,equal_weight
3,petroleum_fraction_db_003,1.264198,90.9286047596827,74,gc_fid:pca:pc1; gc_fid:pca:pc2; gc_fid:pca:pc3; gc_fid:pca:pc4; gc_fid:pca:pc5; gc_fid:pls:bp_20:lv1; gc_fid:pls:bp_20:lv2; gc_fid:pls:bp_20:lv3; gc_fid:pls:bp_20:lv4; gc_fid:pls:bp_35:lv1; gc_fid:pls:bp_35:lv2; gc_fid:pls:bp_35:lv3,gc_fid:pca:pc1(1.000); gc_fid:pca:pc2(1.000); gc_fid:pca:pc3(1.000); gc_fid:pca:pc4(1.000); gc_fid:pca:pc5(1.000); gc_fid:pls:bp_20:lv1(1.000); gc_fid:pls:bp_20:lv2(1.000); gc_fid:pls:bp_20:lv3(1.000),petroleum_fraction_db_061,saturates,analysis_only,equal_weight
4,petroleum_fraction_db_057,1.29904,81.55222680205082,74,gc_fid:pca:pc1; gc_fid:pca:pc2; gc_fid:pca:pc3; gc_fid:pca:pc4; gc_fid:pca:pc5; gc_fid:pls:bp_20:lv1; gc_fid:pls:bp_20:lv2; gc_fid:pls:bp_20:lv3; gc_fid:pls:bp_20:lv4; gc_fid:pls:bp_35:lv1; gc_fid:pls:bp_35:lv2; gc_fid:pls:bp_35:lv3,gc_fid:pca:pc1(1.000); gc_fid:pca:pc2(1.000); gc_fid:pca:pc3(1.000); gc_fid:pca:pc4(1.000); gc_fid:pca:pc5(1.000); gc_fid:pls:bp_20:lv1(1.000); gc_fid:pls:bp_20:lv2(1.000); gc_fid:pls:bp_20:lv3(1.000),petroleum_fraction_db_061,saturates,analysis_only,equal_weight
1,petroleum_fraction_db_032,0.814369,80.21159153633693,74,gc_fid:pca:pc1; gc_fid:pca:pc2; gc_fid:pca:pc3; gc_fid:pca:pc4; gc_fid:pca:pc5; gc_fid:pls:bp_20:lv1; gc_fid:pls:bp_20:lv2; gc_fid:pls:bp_20:lv3; gc_fid:pls:bp_20:lv4; gc_fid:pls:bp_35:lv1; gc_fid:pls:bp_35:lv2; gc_fid:pls:bp_35:lv3,ir:weighted_x_q90(0.703); ir_spectrum:pls:density_20c:lv1(0.668); ir_spectrum:pls:saturates:lv1(0.668); ir_spectrum:pca:pc1(0.656); ir:weighted_x_mean(0.613); ir_spectrum:pls:bp_80:lv1(0.577); ir_spectrum:pls:saturates:lv2(0.568); ir:weighted_x_q50(0.567),petroleum_fraction_db_061,saturates,analysis_only,correlation_weighted
2,petroleum_fraction_db_036,0.925873,82.44899289485755,74,gc_fid:pca:pc1; gc_fid:pca:pc2; gc_fid:pca:pc3; gc_fid:pca:pc4; gc_fid:pca:pc5; gc_fid:pls:bp_20:lv1; gc_fid:pls:bp_20:lv2; gc_fid:pls:bp_20:lv3; gc_fid:pls:bp_20:lv4; gc_fid:pls:bp_35:lv1; gc_fid:pls:bp_35:lv2; gc_fid:pls:bp_35:lv3,ir:weighted_x_q90(0.703); ir_spectrum:pls:density_20c:lv1(0.668); ir_spectrum:pls:saturates:lv1(0.668); ir_spectrum:pca:pc1(0.656); ir:weighted_x_mean(0.613); ir_spectrum:pls:bp_80:lv1(0.577); ir_spectrum:pls:saturates:lv2(0.568); ir:weighted_x_q50(0.567),petroleum_fraction_db_061,saturates,analysis_only,correlation_weighted
3,petroleum_fraction_db_057,1.004148,81.55222680205082,74,gc_fid:pca:pc1; gc_fid:pca:pc2; gc_fid:pca:pc3; gc_fid:pca:pc4; gc_fid:pca:pc5; gc_fid:pls:bp_20:lv1; gc_fid:pls:bp_20:lv2; gc_fid:pls:bp_20:lv3; gc_fid:pls:bp_20:lv4; gc_fid:pls:bp_35:lv1; gc_fid:pls:bp_35:lv2; gc_fid:pls:bp_35:lv3,ir:weighted_x_q90(0.703); ir_spectrum:pls:density_20c:lv1(0.668); ir_spectrum:pls:saturates:lv1(0.668); ir_spectrum:pca:pc1(0.656); ir:weighted_x_mean(0.613); ir_spectrum:pls:bp_80:lv1(0.577); ir_spectrum:pls:saturates:lv2(0.568); ir:weighted_x_q50(0.567),petroleum_fraction_db_061,saturates,analysis_only,correlation_weighted
4,petroleum_fraction_db_037,1.006379,66.69643743177537,74,gc_fid:pca:pc1; gc_fid:pca:pc2; gc_fid:pca:pc3; gc_fid:pca:pc4; gc_fid:pca:pc5; gc_fid:pls:bp_20:lv1; gc_fid:pls:bp_20:lv2; gc_fid:pls:bp_20:lv3; gc_fid:pls:bp_20:lv4; gc_fid:pls:bp_35:lv1; gc_fid:pls:bp_35:lv2; gc_fid:pls:bp_35:lv3,ir:weighted_x_q90(0.703); ir_spectrum:pls:density_20c:lv1(0.668); ir_spectrum:pls:saturates:lv1(0.668); ir_spectrum:pca:pc1(0.656); ir:weighted_x_mean(0.613); ir_spectrum:pls:bp_80:lv1(0.577); ir_spectrum:pls:saturates:lv2(0.568); ir:weighted_x_q50(0.567),petroleum_fraction_db_061,saturates,analysis_only,correlation_weighted
1,petroleum_fraction_db_032,0.997919,80.21159153633693,80,bulk_property:bp_20; bulk_property:bp_35; bulk_property:bp_50; bulk_property:bp_65; bulk_property:bp_80; bulk_property:density_20c; gc_fid:pca:pc1; gc_fid:pca:pc2; gc_fid:pca:pc3; gc_fid:pca:pc4; gc_fid:pca:pc5; gc_fid:pls:bp_20:lv1,bulk_property:bp_20(1.000); bulk_property:bp_35(1.000); bulk_property:bp_50(1.000); bulk_property:bp_65(1.000); bulk_property:bp_80(1.000); bulk_property:density_20c(1.000); gc_fid:pca:pc1(1.000); gc_fid:pca:pc2(1.000),petroleum_fraction_db_061,saturates,analysis_plus_non_target_bulk,equal_weight
2,petroleum_fraction_db_036,1.071497,82.44899289485755,80,bulk_property:bp_20; bulk_property:bp_35; bulk_property:bp_50; bulk_property:bp_65; bulk_property:bp_80; bulk_property:density_20c; gc_fid:pca:pc1; gc_fid:pca:pc2; gc_fid:pca:pc3; gc_fid:pca:pc4; gc_fid:pca:pc5; gc_fid:pls:bp_20:lv1,bulk_property:bp_20(1.000); bulk_property:bp_35(1.000); bulk_property:bp_50(1.000); bulk_property:bp_65(1.000); bulk_property:bp_80(1.000); bulk_property:density_20c(1.000); gc_fid:pca:pc1(1.000); gc_fid:pca:pc2(1.000),petroleum_fraction_db_061,saturates,analysis_plus_non_target_bulk,equal_weight
3,petroleum_fraction_db_003,1.250642,90.9286047596827,80,bulk_property:bp_20; bulk_property:bp_35; bulk_property:bp_50; bulk_property:bp_65; bulk_property:bp_80; bulk_property:density_20c; gc_fid:pca:pc1; gc_fid:pca:pc2; gc_fid:pca:pc3; gc_fid:pca:pc4; gc_fid:pca:pc5; gc_fid:pls:bp_20:lv1,bulk_property:bp_20(1.000); bulk_property:bp_35(1.000); bulk_property:bp_50(1.000); bulk_property:bp_65(1.000); bulk_property:bp_80(1.000); bulk_property:density_20c(1.000); gc_fid:pca:pc1(1.000); gc_fid:pca:pc2(1.000),petroleum_fraction_db_061,saturates,analysis_plus_non_target_bulk,equal_weight
4,petroleum_fraction_db_057,1.266377,81.55222680205082,80,bulk_property:bp_20; bulk_property:bp_35; bulk_property:bp_50; bulk_property:bp_65; bulk_property:bp_80; bulk_property:density_20c; gc_fid:pca:pc1; gc_fid:pca:pc2; gc_fid:pca:pc3; gc_fid:pca:pc4; gc_fid:pca:pc5; gc_fid:pls:bp_20:lv1,bulk_property:bp_20(1.000); bulk_property:bp_35(1.000); bulk_property:bp_50(1.000); bulk_property:bp_65(1.000); bulk_property:bp_80(1.000); bulk_property:density_20c(1.000); gc_fid:pca:pc1(1.000); gc_fid:pca:pc2(1.000),petroleum_fraction_db_061,saturates,analysis_plus_non_target_bulk,equal_weight
1,petroleum_fraction_db_032,0.791731,80.21159153633693,80,bulk_property:bp_20; bulk_property:bp_35; bulk_property:bp_50; bulk_property:bp_65; bulk_property:bp_80; bulk_property:density_20c; gc_fid:pca:pc1; gc_fid:pca:pc2; gc_fid:pca:pc3; gc_fid:pca:pc4; gc_fid:pca:pc5; gc_fid:pls:bp_20:lv1,bulk_property:density_20c(0.895); ir:weighted_x_q90(0.703); ir_spectrum:pls:density_20c:lv1(0.668); ir_spectrum:pls:saturates:lv1(0.668); ir_spectrum:pca:pc1(0.656); ir:weighted_x_mean(0.613); ir_spectrum:pls:bp_80:lv1(0.577); ir_spectrum:pls:saturates:lv2(0.568),petroleum_fraction_db_061,saturates,analysis_plus_non_target_bulk,correlation_weighted
2,petroleum_fraction_db_036,0.906253,82.44899289485755,80,bulk_property:bp_20; bulk_property:bp_35; bulk_property:bp_50; bulk_property:bp_65; bulk_property:bp_80; bulk_property:density_20c; gc_fid:pca:pc1; gc_fid:pca:pc2; gc_fid:pca:pc3; gc_fid:pca:pc4; gc_fid:pca:pc5; gc_fid:pls:bp_20:lv1,bulk_property:density_20c(0.895); ir:weighted_x_q90(0.703); ir_spectrum:pls:density_20c:lv1(0.668); ir_spectrum:pls:saturates:lv1(0.668); ir_spectrum:pca:pc1(0.656); ir:weighted_x_mean(0.613); ir_spectrum:pls:bp_80:lv1(0.577); ir_spectrum:pls:saturates:lv2(0.568),petroleum_fraction_db_061,saturates,analysis_plus_non_target_bulk,correlation_weighted
3,petroleum_fraction_db_037,0.963981,66.69643743177537,80,bulk_property:bp_20; bulk_property:bp_35; bulk_property:bp_50; bulk_property:bp_65; bulk_property:bp_80; bulk_property:density_20c; gc_fid:pca:pc1; gc_fid:pca:pc2; gc_fid:pca:pc3; gc_fid:pca:pc4; gc_fid:pca:pc5; gc_fid:pls:bp_20:lv1,bulk_property:density_20c(0.895); ir:weighted_x_q90(0.703); ir_spectrum:pls:density_20c:lv1(0.668); ir_spectrum:pls:saturates:lv1(0.668); ir_spectrum:pca:pc1(0.656); ir:weighted_x_mean(0.613); ir_spectrum:pls:bp_80:lv1(0.577); ir_spectrum:pls:saturates:lv2(0.568),petroleum_fraction_db_061,saturates,analysis_plus_non_target_bulk,correlation_weighted
4,petroleum_fraction_db_057,0.980135,81.55222680205082,80,bulk_property:bp_20; bulk_property:bp_35; bulk_property:bp_50; bulk_property:bp_65; bulk_property:bp_80; bulk_property:density_20c; gc_fid:pca:pc1; gc_fid:pca:pc2; gc_fid:pca:pc3; gc_fid:pca:pc4; gc_fid:pca:pc5; gc_fid:pls:bp_20:lv1,bulk_property:density_20c(0.895); ir:weighted_x_q90(0.703); ir_spectrum:pls:density_20c:lv1(0.668); ir_spectrum:pls:saturates:lv1(0.668); ir_spectrum:pca:pc1(0.656); ir:weighted_x_mean(0.613); ir_spectrum:pls:bp_80:lv1(0.577); ir_spectrum:pls:saturates:lv2(0.568),petroleum_fraction_db_061,saturates,analysis_plus_non_target_bulk,correlation_weighted
1,petroleum_fraction_db_032,1.025043,257.2,74,gc_fid:pca:pc1; gc_fid:pca:pc2; gc_fid:pca:pc3; gc_fid:pca:pc4; gc_fid:pca:pc5; gc_fid:pls:bp_20:lv1; gc_fid:pls:bp_20:lv2; gc_fid:pls:bp_20:lv3; gc_fid:pls:bp_20:lv4; gc_fid:pls:bp_35:lv1; gc_fid:pls:bp_35:lv2; gc_fid:pls:bp_35:lv3,gc_fid:pca:pc1(1.000); gc_fid:pca:pc2(1.000); gc_fid:pca:pc3(1.000); gc_fid:pca:pc4(1.000); gc_fid:pca:pc5(1.000); gc_fid:pls:bp_20:lv1(1.000); gc_fid:pls:bp_20:lv2(1.000); gc_fid:pls:bp_20:lv3(1.000),petroleum_fraction_db_061,BP_20,analysis_only,equal_weight
2,petroleum_fraction_db_036,1.094549,251.6,74,gc_fid:pca:pc1; gc_fid:pca:pc2; gc_fid:pca:pc3; gc_fid:pca:pc4; gc_fid:pca:pc5; gc_fid:pls:bp_20:lv1; gc_fid:pls:bp_20:lv2; gc_fid:pls:bp_20:lv3; gc_fid:pls:bp_20:lv4; gc_fid:pls:bp_35:lv1; gc_fid:pls:bp_35:lv2; gc_fid:pls:bp_35:lv3,gc_fid:pca:pc1(1.000); gc_fid:pca:pc2(1.000); gc_fid:pca:pc3(1.000); gc_fid:pca:pc4(1.000); gc_fid:pca:pc5(1.000); gc_fid:pls:bp_20:lv1(1.000); gc_fid:pls:bp_20:lv2(1.000); gc_fid:pls:bp_20:lv3(1.000),petroleum_fraction_db_061,BP_20,analysis_only,equal_weight
3,petroleum_fraction_db_003,1.264198,251.4,74,gc_fid:pca:pc1; gc_fid:pca:pc2; gc_fid:pca:pc3; gc_fid:pca:pc4; gc_fid:pca:pc5; gc_fid:pls:bp_20:lv1; gc_fid:pls:bp_20:lv2; gc_fid:pls:bp_20:lv3; gc_fid:pls:bp_20:lv4; gc_fid:pls:bp_35:lv1; gc_fid:pls:bp_35:lv2; gc_fid:pls:bp_35:lv3,gc_fid:pca:pc1(1.000); gc_fid:pca:pc2(1.000); gc_fid:pca:pc3(1.000); gc_fid:pca:pc4(1.000); gc_fid:pca:pc5(1.000); gc_fid:pls:bp_20:lv1(1.000); gc_fid:pls:bp_20:lv2(1.000); gc_fid:pls:bp_20:lv3(1.000),petroleum_fraction_db_061,BP_20,analysis_only,equal_weight
4,petroleum_fraction_db_057,1.29904,289.4,74,gc_fid:pca:pc1; gc_fid:pca:pc2; gc_fid:pca:pc3; gc_fid:pca:pc4; gc_fid:pca:pc5; gc_fid:pls:bp_20:lv1; gc_fid:pls:bp_20:lv2; gc_fid:pls:bp_20:lv3; gc_fid:pls:bp_20:lv4; gc_fid:pls:bp_35:lv1; gc_fid:pls:bp_35:lv2; gc_fid:pls:bp_35:lv3,gc_fid:pca:pc1(1.000); gc_fid:pca:pc2(1.000); gc_fid:pca:pc3(1.000); gc_fid:pca:pc4(1.000); gc_fid:pca:pc5(1.000); gc_fid:pls:bp_20:lv1(1.000); gc_fid:pls:bp_20:lv2(1.000); gc_fid:pls:bp_20:lv3(1.000),petroleum_fraction_db_061,BP_20,analysis_only,equal_weight
1,petroleum_fraction_db_032,0.98434,257.2,74,gc_fid:pca:pc1; gc_fid:pca:pc2; gc_fid:pca:pc3; gc_fid:pca:pc4; gc_fid:pca:pc5; gc_fid:pls:bp_20:lv1; gc_fid:pls:bp_20:lv2; gc_fid:pls:bp_20:lv3; gc_fid:pls:bp_20:lv4; gc_fid:pls:bp_35:lv1; gc_fid:pls:bp_35:lv2; gc_fid:pls:bp_35:lv3,gc_fid:pls:density_20c:lv1(0.948); gc_fid:pls:bp_20:lv1(0.940); gc_fid:pls:bp_35:lv1(0.939); gc_fid:pls:bp_50:lv1(0.938); gc_fid:pls:bp_65:lv1(0.936); gc_fid:pls:bp_80:lv1(0.934); gc_fid:pls:saturates:lv1(0.928); gc_fid:pca:pc1(0.914),petroleum_fraction_db_061,BP_20,analysis_only,correlation_weighted
2,petroleum_fraction_db_036,1.075776,251.6,74,gc_fid:pca:pc1; gc_fid:pca:pc2; gc_fid:pca:pc3; gc_fid:pca:pc4; gc_fid:pca:pc5; gc_fid:pls:bp_20:lv1; gc_fid:pls:bp_20:lv2; gc_fid:pls:bp_20:lv3; gc_fid:pls:bp_20:lv4; gc_fid:pls:bp_35:lv1; gc_fid:pls:bp_35:lv2; gc_fid:pls:bp_35:lv3,gc_fid:pls:density_20c:lv1(0.948); gc_fid:pls:bp_20:lv1(0.940); gc_fid:pls:bp_35:lv1(0.939); gc_fid:pls:bp_50:lv1(0.938); gc_fid:pls:bp_65:lv1(0.936); gc_fid:pls:bp_80:lv1(0.934); gc_fid:pls:saturates:lv1(0.928); gc_fid:pca:pc1(0.914),petroleum_fraction_db_061,BP_20,analysis_only,correlation_weighted
3,petroleum_fraction_db_037,1.277338,296.4,74,gc_fid:pca:pc1; gc_fid:pca:pc2; gc_fid:pca:pc3; gc_fid:pca:pc4; gc_fid:pca:pc5; gc_fid:pls:bp_20:lv1; gc_fid:pls:bp_20:lv2; gc_fid:pls:bp_20:lv3; gc_fid:pls:bp_20:lv4; gc_fid:pls:bp_35:lv1; gc_fid:pls:bp_35:lv2; gc_fid:pls:bp_35:lv3,gc_fid:pls:density_20c:lv1(0.948); gc_fid:pls:bp_20:lv1(0.940); gc_fid:pls:bp_35:lv1(0.939); gc_fid:pls:bp_50:lv1(0.938); gc_fid:pls:bp_65:lv1(0.936); gc_fid:pls:bp_80:lv1(0.934); gc_fid:pls:saturates:lv1(0.928); gc_fid:pca:pc1(0.914),petroleum_fraction_db_061,BP_20,analysis_only,correlation_weighted
4,petroleum_fraction_db_003,1.285516,251.4,74,gc_fid:pca:pc1; gc_fid:pca:pc2; gc_fid:pca:pc3; gc_fid:pca:pc4; gc_fid:pca:pc5; gc_fid:pls:bp_20:lv1; gc_fid:pls:bp_20:lv2; gc_fid:pls:bp_20:lv3; gc_fid:pls:bp_20:lv4; gc_fid:pls:bp_35:lv1; gc_fid:pls:bp_35:lv2; gc_fid:pls:bp_35:lv3,gc_fid:pls:density_20c:lv1(0.948); gc_fid:pls:bp_20:lv1(0.940); gc_fid:pls:bp_35:lv1(0.939); gc_fid:pls:bp_50:lv1(0.938); gc_fid:pls:bp_65:lv1(0.936); gc_fid:pls:bp_80:lv1(0.934); gc_fid:pls:saturates:lv1(0.928); gc_fid:pca:pc1(0.914),petroleum_fraction_db_061,BP_20,analysis_only,correlation_weighted
1,petroleum_fraction_db_032,0.998358,257.2,80,bulk_property:bp_35; bulk_property:bp_50; bulk_property:bp_65; bulk_property:bp_80; bulk_property:density_20c; bulk_property:saturates; gc_fid:pca:pc1; gc_fid:pca:pc2; gc_fid:pca:pc3; gc_fid:pca:pc4; gc_fid:pca:pc5; gc_fid:pls:bp_20:lv1,bulk_property:bp_35(1.000); bulk_property:bp_50(1.000); bulk_property:bp_65(1.000); bulk_property:bp_80(1.000); bulk_property:density_20c(1.000); bulk_property:saturates(1.000); gc_fid:pca:pc1(1.000); gc_fid:pca:pc2(1.000),petroleum_fraction_db_061,BP_20,analysis_plus_non_target_bulk,equal_weight
2,petroleum_fraction_db_036,1.072897,251.6,80,bulk_property:bp_35; bulk_property:bp_50; bulk_property:bp_65; bulk_property:bp_80; bulk_property:density_20c; bulk_property:saturates; gc_fid:pca:pc1; gc_fid:pca:pc2; gc_fid:pca:pc3; gc_fid:pca:pc4; gc_fid:pca:pc5; gc_fid:pls:bp_20:lv1,bulk_property:bp_35(1.000); bulk_property:bp_50(1.000); bulk_property:bp_65(1.000); bulk_property:bp_80(1.000); bulk_property:density_20c(1.000); bulk_property:saturates(1.000); gc_fid:pca:pc1(1.000); gc_fid:pca:pc2(1.000),petroleum_fraction_db_061,BP_20,analysis_plus_non_target_bulk,equal_weight
3,petroleum_fraction_db_003,1.256242,251.4,80,bulk_property:bp_35; bulk_property:bp_50; bulk_property:bp_65; bulk_property:bp_80; bulk_property:density_20c; bulk_property:saturates; gc_fid:pca:pc1; gc_fid:pca:pc2; gc_fid:pca:pc3; gc_fid:pca:pc4; gc_fid:pca:pc5; gc_fid:pls:bp_20:lv1,bulk_property:bp_35(1.000); bulk_property:bp_50(1.000); bulk_property:bp_65(1.000); bulk_property:bp_80(1.000); bulk_property:density_20c(1.000); bulk_property:saturates(1.000); gc_fid:pca:pc1(1.000); gc_fid:pca:pc2(1.000),petroleum_fraction_db_061,BP_20,analysis_plus_non_target_bulk,equal_weight
4,petroleum_fraction_db_057,1.264055,289.4,80,bulk_property:bp_35; bulk_property:bp_50; bulk_property:bp_65; bulk_property:bp_80; bulk_property:density_20c; bulk_property:saturates; gc_fid:pca:pc1; gc_fid:pca:pc2; gc_fid:pca:pc3; gc_fid:pca:pc4; gc_fid:pca:pc5; gc_fid:pls:bp_20:lv1,bulk_property:bp_35(1.000); bulk_property:bp_50(1.000); bulk_property:bp_65(1.000); bulk_property:bp_80(1.000); bulk_property:density_20c(1.000); bulk_property:saturates(1.000); gc_fid:pca:pc1(1.000); gc_fid:pca:pc2(1.000),petroleum_fraction_db_061,BP_20,analysis_plus_non_target_bulk,equal_weight
1,petroleum_fraction_db_032,0.938221,257.2,80,bulk_property:bp_35; bulk_property:bp_50; bulk_property:bp_65; bulk_property:bp_80; bulk_property:density_20c; bulk_property:saturates; gc_fid:pca:pc1; gc_fid:pca:pc2; gc_fid:pca:pc3; gc_fid:pca:pc4; gc_fid:pca:pc5; gc_fid:pls:bp_20:lv1,bulk_property:bp_35(1.040); bulk_property:bp_50(1.015); bulk_property:bp_65(0.986); gc_fid:pls:density_20c:lv1(0.948); gc_fid:pls:bp_20:lv1(0.940); gc_fid:pls:bp_35:lv1(0.939); bulk_property:bp_80(0.939); gc_fid:pls:bp_50:lv1(0.938),petroleum_fraction_db_061,BP_20,analysis_plus_non_target_bulk,correlation_weighted
2,petroleum_fraction_db_036,1.040648,251.6,80,bulk_property:bp_35; bulk_property:bp_50; bulk_property:bp_65; bulk_property:bp_80; bulk_property:density_20c; bulk_property:saturates; gc_fid:pca:pc1; gc_fid:pca:pc2; gc_fid:pca:pc3; gc_fid:pca:pc4; gc_fid:pca:pc5; gc_fid:pls:bp_20:lv1,bulk_property:bp_35(1.040); bulk_property:bp_50(1.015); bulk_property:bp_65(0.986); gc_fid:pls:density_20c:lv1(0.948); gc_fid:pls:bp_20:lv1(0.940); gc_fid:pls:bp_35:lv1(0.939); bulk_property:bp_80(0.939); gc_fid:pls:bp_50:lv1(0.938),petroleum_fraction_db_061,BP_20,analysis_plus_non_target_bulk,correlation_weighted
3,petroleum_fraction_db_037,1.185317,296.4,80,bulk_property:bp_35; bulk_property:bp_50; bulk_property:bp_65; bulk_property:bp_80; bulk_property:density_20c; bulk_property:saturates; gc_fid:pca:pc1; gc_fid:pca:pc2; gc_fid:pca:pc3; gc_fid:pca:pc4; gc_fid:pca:pc5; gc_fid:pls:bp_20:lv1,bulk_property:bp_35(1.040); bulk_property:bp_50(1.015); bulk_property:bp_65(0.986); gc_fid:pls:density_20c:lv1(0.948); gc_fid:pls:bp_20:lv1(0.940); gc_fid:pls:bp_35:lv1(0.939); bulk_property:bp_80(0.939); gc_fid:pls:bp_50:lv1(0.938),petroleum_fraction_db_061,BP_20,analysis_plus_non_target_bulk,correlation_weighted
4,petroleum_fraction_db_057,1.267213,289.4,80,bulk_property:bp_35; bulk_property:bp_50; bulk_property:bp_65; bulk_property:bp_80; bulk_property:density_20c; bulk_property:saturates; gc_fid:pca:pc1; gc_fid:pca:pc2; gc_fid:pca:pc3; gc_fid:pca:pc4; gc_fid:pca:pc5; gc_fid:pls:bp_20:lv1,bulk_property:bp_35(1.040); bulk_property:bp_50(1.015); bulk_property:bp_65(0.986); gc_fid:pls:density_20c:lv1(0.948); gc_fid:pls:bp_20:lv1(0.940); gc_fid:pls:bp_35:lv1(0.939); bulk_property:bp_80(0.939); gc_fid:pls:bp_50:lv1(0.938),petroleum_fraction_db_061,BP_20,analysis_plus_non_target_bulk,correlation_weighted
1,petroleum_fraction_db_032,1.025043,287.0,74,gc_fid:pca:pc1; gc_fid:pca:pc2; gc_fid:pca:pc3; gc_fid:pca:pc4; gc_fid:pca:pc5; gc_fid:pls:bp_20:lv1; gc_fid:pls:bp_20:lv2; gc_fid:pls:bp_20:lv3; gc_fid:pls:bp_20:lv4; gc_fid:pls:bp_35:lv1; gc_fid:pls:bp_35:lv2; gc_fid:pls:bp_35:lv3,gc_fid:pca:pc1(1.000); gc_fid:pca:pc2(1.000); gc_fid:pca:pc3(1.000); gc_fid:pca:pc4(1.000); gc_fid:pca:pc5(1.000); gc_fid:pls:bp_20:lv1(1.000); gc_fid:pls:bp_20:lv2(1.000); gc_fid:pls:bp_20:lv3(1.000),petroleum_fraction_db_061,BP_35,analysis_only,equal_weight
2,petroleum_fraction_db_036,1.094549,278.2,74,gc_fid:pca:pc1; gc_fid:pca:pc2; gc_fid:pca:pc3; gc_fid:pca:pc4; gc_fid:pca:pc5; gc_fid:pls:bp_20:lv1; gc_fid:pls:bp_20:lv2; gc_fid:pls:bp_20:lv3; gc_fid:pls:bp_20:lv4; gc_fid:pls:bp_35:lv1; gc_fid:pls:bp_35:lv2; gc_fid:pls:bp_35:lv3,gc_fid:pca:pc1(1.000); gc_fid:pca:pc2(1.000); gc_fid:pca:pc3(1.000); gc_fid:pca:pc4(1.000); gc_fid:pca:pc5(1.000); gc_fid:pls:bp_20:lv1(1.000); gc_fid:pls:bp_20:lv2(1.000); gc_fid:pls:bp_20:lv3(1.000),petroleum_fraction_db_061,BP_35,analysis_only,equal_weight
3,petroleum_fraction_db_003,1.264198,267.8,74,gc_fid:pca:pc1; gc_fid:pca:pc2; gc_fid:pca:pc3; gc_fid:pca:pc4; gc_fid:pca:pc5; gc_fid:pls:bp_20:lv1; gc_fid:pls:bp_20:lv2; gc_fid:pls:bp_20:lv3; gc_fid:pls:bp_20:lv4; gc_fid:pls:bp_35:lv1; gc_fid:pls:bp_35:lv2; gc_fid:pls:bp_35:lv3,gc_fid:pca:pc1(1.000); gc_fid:pca:pc2(1.000); gc_fid:pca:pc3(1.000); gc_fid:pca:pc4(1.000); gc_fid:pca:pc5(1.000); gc_fid:pls:bp_20:lv1(1.000); gc_fid:pls:bp_20:lv2(1.000); gc_fid:pls:bp_20:lv3(1.000),petroleum_fraction_db_061,BP_35,analysis_only,equal_weight
4,petroleum_fraction_db_057,1.29904,307.6,74,gc_fid:pca:pc1; gc_fid:pca:pc2; gc_fid:pca:pc3; gc_fid:pca:pc4; gc_fid:pca:pc5; gc_fid:pls:bp_20:lv1; gc_fid:pls:bp_20:lv2; gc_fid:pls:bp_20:lv3; gc_fid:pls:bp_20:lv4; gc_fid:pls:bp_35:lv1; gc_fid:pls:bp_35:lv2; gc_fid:pls:bp_35:lv3,gc_fid:pca:pc1(1.000); gc_fid:pca:pc2(1.000); gc_fid:pca:pc3(1.000); gc_fid:pca:pc4(1.000); gc_fid:pca:pc5(1.000); gc_fid:pls:bp_20:lv1(1.000); gc_fid:pls:bp_20:lv2(1.000); gc_fid:pls:bp_20:lv3(1.000),petroleum_fraction_db_061,BP_35,analysis_only,equal_weight
1,petroleum_fraction_db_032,0.923644,287.0,74,gc_fid:pca:pc1; gc_fid:pca:pc2; gc_fid:pca:pc3; gc_fid:pca:pc4; gc_fid:pca:pc5; gc_fid:pls:bp_20:lv1; gc_fid:pls:bp_20:lv2; gc_fid:pls:bp_20:lv3; gc_fid:pls:bp_20:lv4; gc_fid:pls:bp_35:lv1; gc_fid:pls:bp_35:lv2; gc_fid:pls:bp_35:lv3,gc_fid:pls:density_20c:lv1(0.967); gc_fid:pls:bp_35:lv1(0.949); gc_fid:pls:saturates:lv1(0.948); gc_fid:pls:bp_20:lv1(0.948); gc_fid:pls:bp_50:lv1(0.948); gc_fid:pls:bp_65:lv1(0.947); gc_fid:pls:bp_80:lv1(0.946); gc_fid:pca:pc1(0.921),petroleum_fraction_db_061,BP_35,analysis_only,correlation_weighted
2,petroleum_fraction_db_036,1.025454,278.2,74,gc_fid:pca:pc1; gc_fid:pca:pc2; gc_fid:pca:pc3; gc_fid:pca:pc4; gc_fid:pca:pc5; gc_fid:pls:bp_20:lv1; gc_fid:pls:bp_20:lv2; gc_fid:pls:bp_20:lv3; gc_fid:pls:bp_20:lv4; gc_fid:pls:bp_35:lv1; gc_fid:pls:bp_35:lv2; gc_fid:pls:bp_35:lv3,gc_fid:pls:density_20c:lv1(0.967); gc_fid:pls:bp_35:lv1(0.949); gc_fid:pls:saturates:lv1(0.948); gc_fid:pls:bp_20:lv1(0.948); gc_fid:pls:bp_50:lv1(0.948); gc_fid:pls:bp_65:lv1(0.947); gc_fid:pls:bp_80:lv1(0.946); gc_fid:pca:pc1(0.921),petroleum_fraction_db_061,BP_35,analysis_only,correlation_weighted
3,petroleum_fraction_db_037,1.201364,332.0,74,gc_fid:pca:pc1; gc_fid:pca:pc2; gc_fid:pca:pc3; gc_fid:pca:pc4; gc_fid:pca:pc5; gc_fid:pls:bp_20:lv1; gc_fid:pls:bp_20:lv2; gc_fid:pls:bp_20:lv3; gc_fid:pls:bp_20:lv4; gc_fid:pls:bp_35:lv1; gc_fid:pls:bp_35:lv2; gc_fid:pls:bp_35:lv3,gc_fid:pls:density_20c:lv1(0.967); gc_fid:pls:bp_35:lv1(0.949); gc_fid:pls:saturates:lv1(0.948); gc_fid:pls:bp_20:lv1(0.948); gc_fid:pls:bp_50:lv1(0.948); gc_fid:pls:bp_65:lv1(0.947); gc_fid:pls:bp_80:lv1(0.946); gc_fid:pca:pc1(0.921),petroleum_fraction_db_061,BP_35,analysis_only,correlation_weighted
4,petroleum_fraction_db_003,1.235772,267.8,74,gc_fid:pca:pc1; gc_fid:pca:pc2; gc_fid:pca:pc3; gc_fid:pca:pc4; gc_fid:pca:pc5; gc_fid:pls:bp_20:lv1; gc_fid:pls:bp_20:lv2; gc_fid:pls:bp_20:lv3; gc_fid:pls:bp_20:lv4; gc_fid:pls:bp_35:lv1; gc_fid:pls:bp_35:lv2; gc_fid:pls:bp_35:lv3,gc_fid:pls:density_20c:lv1(0.967); gc_fid:pls:bp_35:lv1(0.949); gc_fid:pls:saturates:lv1(0.948); gc_fid:pls:bp_20:lv1(0.948); gc_fid:pls:bp_50:lv1(0.948); gc_fid:pls:bp_65:lv1(0.947); gc_fid:pls:bp_80:lv1(0.946); gc_fid:pca:pc1(0.921),petroleum_fraction_db_061,BP_35,analysis_only,correlation_weighted
1,petroleum_fraction_db_032,0.998652,287.0,80,bulk_property:bp_20; bulk_property:bp_50; bulk_property:bp_65; bulk_property:bp_80; bulk_property:density_20c; bulk_property:saturates; gc_fid:pca:pc1; gc_fid:pca:pc2; gc_fid:pca:pc3; gc_fid:pca:pc4; gc_fid:pca:pc5; gc_fid:pls:bp_20:lv1,bulk_property:bp_20(1.000); bulk_property:bp_50(1.000); bulk_property:bp_65(1.000); bulk_property:bp_80(1.000); bulk_property:density_20c(1.000); bulk_property:saturates(1.000); gc_fid:pca:pc1(1.000); gc_fid:pca:pc2(1.000),petroleum_fraction_db_061,BP_35,analysis_plus_non_target_bulk,equal_weight
2,petroleum_fraction_db_036,1.072556,278.2,80,bulk_property:bp_20; bulk_property:bp_50; bulk_property:bp_65; bulk_property:bp_80; bulk_property:density_20c; bulk_property:saturates; gc_fid:pca:pc1; gc_fid:pca:pc2; gc_fid:pca:pc3; gc_fid:pca:pc4; gc_fid:pca:pc5; gc_fid:pls:bp_20:lv1,bulk_property:bp_20(1.000); bulk_property:bp_50(1.000); bulk_property:bp_65(1.000); bulk_property:bp_80(1.000); bulk_property:density_20c(1.000); bulk_property:saturates(1.000); gc_fid:pca:pc1(1.000); gc_fid:pca:pc2(1.000),petroleum_fraction_db_061,BP_35,analysis_plus_non_target_bulk,equal_weight
3,petroleum_fraction_db_003,1.255259,267.8,80,bulk_property:bp_20; bulk_property:bp_50; bulk_property:bp_65; bulk_property:bp_80; bulk_property:density_20c; bulk_property:saturates; gc_fid:pca:pc1; gc_fid:pca:pc2; gc_fid:pca:pc3; gc_fid:pca:pc4; gc_fid:pca:pc5; gc_fid:pls:bp_20:lv1,bulk_property:bp_20(1.000); bulk_property:bp_50(1.000); bulk_property:bp_65(1.000); bulk_property:bp_80(1.000); bulk_property:density_20c(1.000); bulk_property:saturates(1.000); gc_fid:pca:pc1(1.000); gc_fid:pca:pc2(1.000),petroleum_fraction_db_061,BP_35,analysis_plus_non_target_bulk,equal_weight
4,petroleum_fraction_db_057,1.267141,307.6,80,bulk_property:bp_20; bulk_property:bp_50; bulk_property:bp_65; bulk_property:bp_80; bulk_property:density_20c; bulk_property:saturates; gc_fid:pca:pc1; gc_fid:pca:pc2; gc_fid:pca:pc3; gc_fid:pca:pc4; gc_fid:pca:pc5; gc_fid:pls:bp_20:lv1,bulk_property:bp_20(1.000); bulk_property:bp_50(1.000); bulk_property:bp_65(1.000); bulk_property:bp_80(1.000); bulk_property:density_20c(1.000); bulk_property:saturates(1.000); gc_fid:pca:pc1(1.000); gc_fid:pca:pc2(1.000),petroleum_fraction_db_061,BP_35,analysis_plus_non_target_bulk,equal_weight
1,petroleum_fraction_db_032,0.885021,287.0,80,bulk_property:bp_20; bulk_property:bp_50; bulk_property:bp_65; bulk_property:bp_80; bulk_property:density_20c; bulk_property:saturates; gc_fid:pca:pc1; gc_fid:pca:pc2; gc_fid:pca:pc3; gc_fid:pca:pc4; gc_fid:pca:pc5; gc_fid:pls:bp_20:lv1,bulk_property:bp_20(1.040); bulk_property:bp_50(1.040); bulk_property:bp_65(1.020); bulk_property:bp_80(0.982); gc_fid:pls:density_20c:lv1(0.967); gc_fid:pls:bp_35:lv1(0.949); gc_fid:pls:saturates:lv1(0.948); gc_fid:pls:bp_20:lv1(0.948),petroleum_fraction_db_061,BP_35,analysis_plus_non_target_bulk,correlation_weighted
2,petroleum_fraction_db_036,0.995681,278.2,80,bulk_property:bp_20; bulk_property:bp_50; bulk_property:bp_65; bulk_property:bp_80; bulk_property:density_20c; bulk_property:saturates; gc_fid:pca:pc1; gc_fid:pca:pc2; gc_fid:pca:pc3; gc_fid:pca:pc4; gc_fid:pca:pc5; gc_fid:pls:bp_20:lv1,bulk_property:bp_20(1.040); bulk_property:bp_50(1.040); bulk_property:bp_65(1.020); bulk_property:bp_80(0.982); gc_fid:pls:density_20c:lv1(0.967); gc_fid:pls:bp_35:lv1(0.949); gc_fid:pls:saturates:lv1(0.948); gc_fid:pls:bp_20:lv1(0.948),petroleum_fraction_db_061,BP_35,analysis_plus_non_target_bulk,correlation_weighted
3,petroleum_fraction_db_037,1.121558,332.0,80,bulk_property:bp_20; bulk_property:bp_50; bulk_property:bp_65; bulk_property:bp_80; bulk_property:density_20c; bulk_property:saturates; gc_fid:pca:pc1; gc_fid:pca:pc2; gc_fid:pca:pc3; gc_fid:pca:pc4; gc_fid:pca:pc5; gc_fid:pls:bp_20:lv1,bulk_property:bp_20(1.040); bulk_property:bp_50(1.040); bulk_property:bp_65(1.020); bulk_property:bp_80(0.982); gc_fid:pls:density_20c:lv1(0.967); gc_fid:pls:bp_35:lv1(0.949); gc_fid:pls:saturates:lv1(0.948); gc_fid:pls:bp_20:lv1(0.948),petroleum_fraction_db_061,BP_35,analysis_plus_non_target_bulk,correlation_weighted
4,petroleum_fraction_db_057,1.216903,307.6,80,bulk_property:bp_20; bulk_property:bp_50; bulk_property:bp_65; bulk_property:bp_80; bulk_property:density_20c; bulk_property:saturates; gc_fid:pca:pc1; gc_fid:pca:pc2; gc_fid:pca:pc3; gc_fid:pca:pc4; gc_fid:pca:pc5; gc_fid:pls:bp_20:lv1,bulk_property:bp_20(1.040); bulk_property:bp_50(1.040); bulk_property:bp_65(1.020); bulk_property:bp_80(0.982); gc_fid:pls:density_20c:lv1(0.967); gc_fid:pls:bp_35:lv1(0.949); gc_fid:pls:saturates:lv1(0.948); gc_fid:pls:bp_20:lv1(0.948),petroleum_fraction_db_061,BP_35,analysis_plus_non_target_bulk,correlation_weighted
1,petroleum_fraction_db_032,1.025043,309.2,74,gc_fid:pca:pc1; gc_fid:pca:pc2; gc_fid:pca:pc3; gc_fid:pca:pc4; gc_fid:pca:pc5; gc_fid:pls:bp_20:lv1; gc_fid:pls:bp_20:lv2; gc_fid:pls:bp_20:lv3; gc_fid:pls:bp_20:lv4; gc_fid:pls:bp_35:lv1; gc_fid:pls:bp_35:lv2; gc_fid:pls:bp_35:lv3,gc_fid:pca:pc1(1.000); gc_fid:pca:pc2(1.000); gc_fid:pca:pc3(1.000); gc_fid:pca:pc4(1.000); gc_fid:pca:pc5(1.000); gc_fid:pls:bp_20:lv1(1.000); gc_fid:pls:bp_20:lv2(1.000); gc_fid:pls:bp_20:lv3(1.000),petroleum_fraction_db_061,BP_50,analysis_only,equal_weight
2,petroleum_fraction_db_036,1.094549,299.6,74,gc_fid:pca:pc1; gc_fid:pca:pc2; gc_fid:pca:pc3; gc_fid:pca:pc4; gc_fid:pca:pc5; gc_fid:pls:bp_20:lv1; gc_fid:pls:bp_20:lv2; gc_fid:pls:bp_20:lv3; gc_fid:pls:bp_20:lv4; gc_fid:pls:bp_35:lv1; gc_fid:pls:bp_35:lv2; gc_fid:pls:bp_35:lv3,gc_fid:pca:pc1(1.000); gc_fid:pca:pc2(1.000); gc_fid:pca:pc3(1.000); gc_fid:pca:pc4(1.000); gc_fid:pca:pc5(1.000); gc_fid:pls:bp_20:lv1(1.000); gc_fid:pls:bp_20:lv2(1.000); gc_fid:pls:bp_20:lv3(1.000),petroleum_fraction_db_061,BP_50,analysis_only,equal_weight
3,petroleum_fraction_db_003,1.264198,281.0,74,gc_fid:pca:pc1; gc_fid:pca:pc2; gc_fid:pca:pc3; gc_fid:pca:pc4; gc_fid:pca:pc5; gc_fid:pls:bp_20:lv1; gc_fid:pls:bp_20:lv2; gc_fid:pls:bp_20:lv3; gc_fid:pls:bp_20:lv4; gc_fid:pls:bp_35:lv1; gc_fid:pls:bp_35:lv2; gc_fid:pls:bp_35:lv3,gc_fid:pca:pc1(1.000); gc_fid:pca:pc2(1.000); gc_fid:pca:pc3(1.000); gc_fid:pca:pc4(1.000); gc_fid:pca:pc5(1.000); gc_fid:pls:bp_20:lv1(1.000); gc_fid:pls:bp_20:lv2(1.000); gc_fid:pls:bp_20:lv3(1.000),petroleum_fraction_db_061,BP_50,analysis_only,equal_weight
4,petroleum_fraction_db_057,1.29904,319.2,74,gc_fid:pca:pc1; gc_fid:pca:pc2; gc_fid:pca:pc3; gc_fid:pca:pc4; gc_fid:pca:pc5; gc_fid:pls:bp_20:lv1; gc_fid:pls:bp_20:lv2; gc_fid:pls:bp_20:lv3; gc_fid:pls:bp_20:lv4; gc_fid:pls:bp_35:lv1; gc_fid:pls:bp_35:lv2; gc_fid:pls:bp_35:lv3,gc_fid:pca:pc1(1.000); gc_fid:pca:pc2(1.000); gc_fid:pca:pc3(1.000); gc_fid:pca:pc4(1.000); gc_fid:pca:pc5(1.000); gc_fid:pls:bp_20:lv1(1.000); gc_fid:pls:bp_20:lv2(1.000); gc_fid:pls:bp_20:lv3(1.000),petroleum_fraction_db_061,BP_50,analysis_only,equal_weight
1,petroleum_fraction_db_032,0.851954,309.2,74,gc_fid:pca:pc1; gc_fid:pca:pc2; gc_fid:pca:pc3; gc_fid:pca:pc4; gc_fid:pca:pc5; gc_fid:pls:bp_20:lv1; gc_fid:pls:bp_20:lv2; gc_fid:pls:bp_20:lv3; gc_fid:pls:bp_20:lv4; gc_fid:pls:bp_35:lv1; gc_fid:pls:bp_35:lv2; gc_fid:pls:bp_35:lv3,gc_fid:pls:density_20c:lv1(0.977); gc_fid:pls:saturates:lv1(0.960); gc_fid:pls:bp_50:lv1(0.951); gc_fid:pls:bp_80:lv1(0.951); gc_fid:pls:bp_35:lv1(0.951); gc_fid:pls:bp_65:lv1(0.951); gc_fid:pls:bp_20:lv1(0.949); gc_fid:pca:pc1(0.923),petroleum_fraction_db_061,BP_50,analysis_only,correlation_weighted
2,petroleum_fraction_db_036,0.9659,299.6,74,gc_fid:pca:pc1; gc_fid:pca:pc2; gc_fid:pca:pc3; gc_fid:pca:pc4; gc_fid:pca:pc5; gc_fid:pls:bp_20:lv1; gc_fid:pls:bp_20:lv2; gc_fid:pls:bp_20:lv3; gc_fid:pls:bp_20:lv4; gc_fid:pls:bp_35:lv1; gc_fid:pls:bp_35:lv2; gc_fid:pls:bp_35:lv3,gc_fid:pls:density_20c:lv1(0.977); gc_fid:pls:saturates:lv1(0.960); gc_fid:pls:bp_50:lv1(0.951); gc_fid:pls:bp_80:lv1(0.951); gc_fid:pls:bp_35:lv1(0.951); gc_fid:pls:bp_65:lv1(0.951); gc_fid:pls:bp_20:lv1(0.949); gc_fid:pca:pc1(0.923),petroleum_fraction_db_061,BP_50,analysis_only,correlation_weighted
3,petroleum_fraction_db_037,1.11071,362.8,74,gc_fid:pca:pc1; gc_fid:pca:pc2; gc_fid:pca:pc3; gc_fid:pca:pc4; gc_fid:pca:pc5; gc_fid:pls:bp_20:lv1; gc_fid:pls:bp_20:lv2; gc_fid:pls:bp_20:lv3; gc_fid:pls:bp_20:lv4; gc_fid:pls:bp_35:lv1; gc_fid:pls:bp_35:lv2; gc_fid:pls:bp_35:lv3,gc_fid:pls:density_20c:lv1(0.977); gc_fid:pls:saturates:lv1(0.960); gc_fid:pls:bp_50:lv1(0.951); gc_fid:pls:bp_80:lv1(0.951); gc_fid:pls:bp_35:lv1(0.951); gc_fid:pls:bp_65:lv1(0.951); gc_fid:pls:bp_20:lv1(0.949); gc_fid:pca:pc1(0.923),petroleum_fraction_db_061,BP_50,analysis_only,correlation_weighted
4,petroleum_fraction_db_003,1.177581,281.0,74,gc_fid:pca:pc1; gc_fid:pca:pc2; gc_fid:pca:pc3; gc_fid:pca:pc4; gc_fid:pca:pc5; gc_fid:pls:bp_20:lv1; gc_fid:pls:bp_20:lv2; gc_fid:pls:bp_20:lv3; gc_fid:pls:bp_20:lv4; gc_fid:pls:bp_35:lv1; gc_fid:pls:bp_35:lv2; gc_fid:pls:bp_35:lv3,gc_fid:pls:density_20c:lv1(0.977); gc_fid:pls:saturates:lv1(0.960); gc_fid:pls:bp_50:lv1(0.951); gc_fid:pls:bp_80:lv1(0.951); gc_fid:pls:bp_35:lv1(0.951); gc_fid:pls:bp_65:lv1(0.951); gc_fid:pls:bp_20:lv1(0.949); gc_fid:pca:pc1(0.923),petroleum_fraction_db_061,BP_50,analysis_only,correlation_weighted
1,petroleum_fraction_db_032,0.997103,309.2,80,bulk_property:bp_20; bulk_property:bp_35; bulk_property:bp_65; bulk_property:bp_80; bulk_property:density_20c; bulk_property:saturates; gc_fid:pca:pc1; gc_fid:pca:pc2; gc_fid:pca:pc3; gc_fid:pca:pc4; gc_fid:pca:pc5; gc_fid:pls:bp_20:lv1,bulk_property:bp_20(1.000); bulk_property:bp_35(1.000); bulk_property:bp_65(1.000); bulk_property:bp_80(1.000); bulk_property:density_20c(1.000); bulk_property:saturates(1.000); gc_fid:pca:pc1(1.000); gc_fid:pca:pc2(1.000),petroleum_fraction_db_061,BP_50,analysis_plus_non_target_bulk,equal_weight
2,petroleum_fraction_db_036,1.070346,299.6,80,bulk_property:bp_20; bulk_property:bp_35; bulk_property:bp_65; bulk_property:bp_80; bulk_property:density_20c; bulk_property:saturates; gc_fid:pca:pc1; gc_fid:pca:pc2; gc_fid:pca:pc3; gc_fid:pca:pc4; gc_fid:pca:pc5; gc_fid:pls:bp_20:lv1,bulk_property:bp_20(1.000); bulk_property:bp_35(1.000); bulk_property:bp_65(1.000); bulk_property:bp_80(1.000); bulk_property:density_20c(1.000); bulk_property:saturates(1.000); gc_fid:pca:pc1(1.000); gc_fid:pca:pc2(1.000),petroleum_fraction_db_061,BP_50,analysis_plus_non_target_bulk,equal_weight
3,petroleum_fraction_db_003,1.251396,281.0,80,bulk_property:bp_20; bulk_property:bp_35; bulk_property:bp_65; bulk_property:bp_80; bulk_property:density_20c; bulk_property:saturates; gc_fid:pca:pc1; gc_fid:pca:pc2; gc_fid:pca:pc3; gc_fid:pca:pc4; gc_fid:pca:pc5; gc_fid:pls:bp_20:lv1,bulk_property:bp_20(1.000); bulk_property:bp_35(1.000); bulk_property:bp_65(1.000); bulk_property:bp_80(1.000); bulk_property:density_20c(1.000); bulk_property:saturates(1.000); gc_fid:pca:pc1(1.000); gc_fid:pca:pc2(1.000),petroleum_fraction_db_061,BP_50,analysis_plus_non_target_bulk,equal_weight
4,petroleum_fraction_db_057,1.266817,319.2,80,bulk_property:bp_20; bulk_property:bp_35; bulk_property:bp_65; bulk_property:bp_80; bulk_property:density_20c; bulk_property:saturates; gc_fid:pca:pc1; gc_fid:pca:pc2; gc_fid:pca:pc3; gc_fid:pca:pc4; gc_fid:pca:pc5; gc_fid:pls:bp_20:lv1,bulk_property:bp_20(1.000); bulk_property:bp_35(1.000); bulk_property:bp_65(1.000); bulk_property:bp_80(1.000); bulk_property:density_20c(1.000); bulk_property:saturates(1.000); gc_fid:pca:pc1(1.000); gc_fid:pca:pc2(1.000),petroleum_fraction_db_061,BP_50,analysis_plus_non_target_bulk,equal_weight
1,petroleum_fraction_db_032,0.817234,309.2,80,bulk_property:bp_20; bulk_property:bp_35; bulk_property:bp_65; bulk_property:bp_80; bulk_property:density_20c; bulk_property:saturates; gc_fid:pca:pc1; gc_fid:pca:pc2; gc_fid:pca:pc3; gc_fid:pca:pc4; gc_fid:pca:pc5; gc_fid:pls:bp_20:lv1,bulk_property:bp_65(1.042); bulk_property:bp_35(1.040); bulk_property:bp_80(1.018); bulk_property:bp_20(1.015); gc_fid:pls:density_20c:lv1(0.977); gc_fid:pls:saturates:lv1(0.960); gc_fid:pls:bp_50:lv1(0.951); gc_fid:pls:bp_80:lv1(0.951),petroleum_fraction_db_061,BP_50,analysis_plus_non_target_bulk,correlation_weighted
2,petroleum_fraction_db_036,0.937851,299.6,80,bulk_property:bp_20; bulk_property:bp_35; bulk_property:bp_65; bulk_property:bp_80; bulk_property:density_20c; bulk_property:saturates; gc_fid:pca:pc1; gc_fid:pca:pc2; gc_fid:pca:pc3; gc_fid:pca:pc4; gc_fid:pca:pc5; gc_fid:pls:bp_20:lv1,bulk_property:bp_65(1.042); bulk_property:bp_35(1.040); bulk_property:bp_80(1.018); bulk_property:bp_20(1.015); gc_fid:pls:density_20c:lv1(0.977); gc_fid:pls:saturates:lv1(0.960); gc_fid:pls:bp_50:lv1(0.951); gc_fid:pls:bp_80:lv1(0.951),petroleum_fraction_db_061,BP_50,analysis_plus_non_target_bulk,correlation_weighted
3,petroleum_fraction_db_037,1.042906,362.8,80,bulk_property:bp_20; bulk_property:bp_35; bulk_property:bp_65; bulk_property:bp_80; bulk_property:density_20c; bulk_property:saturates; gc_fid:pca:pc1; gc_fid:pca:pc2; gc_fid:pca:pc3; gc_fid:pca:pc4; gc_fid:pca:pc5; gc_fid:pls:bp_20:lv1,bulk_property:bp_65(1.042); bulk_property:bp_35(1.040); bulk_property:bp_80(1.018); bulk_property:bp_20(1.015); gc_fid:pls:density_20c:lv1(0.977); gc_fid:pls:saturates:lv1(0.960); gc_fid:pls:bp_50:lv1(0.951); gc_fid:pls:bp_80:lv1(0.951),petroleum_fraction_db_061,BP_50,analysis_plus_non_target_bulk,correlation_weighted
4,petroleum_fraction_db_057,1.151579,319.2,80,bulk_property:bp_20; bulk_property:bp_35; bulk_property:bp_65; bulk_property:bp_80; bulk_property:density_20c; bulk_property:saturates; gc_fid:pca:pc1; gc_fid:pca:pc2; gc_fid:pca:pc3; gc_fid:pca:pc4; gc_fid:pca:pc5; gc_fid:pls:bp_20:lv1,bulk_property:bp_65(1.042); bulk_property:bp_35(1.040); bulk_property:bp_80(1.018); bulk_property:bp_20(1.015); gc_fid:pls:density_20c:lv1(0.977); gc_fid:pls:saturates:lv1(0.960); gc_fid:pls:bp_50:lv1(0.951); gc_fid:pls:bp_80:lv1(0.951),petroleum_fraction_db_061,BP_50,analysis_plus_non_target_bulk,correlation_weighted
1,petroleum_fraction_db_032,1.025043,332.2,74,gc_fid:pca:pc1; gc_fid:pca:pc2; gc_fid:pca:pc3; gc_fid:pca:pc4; gc_fid:pca:pc5; gc_fid:pls:bp_20:lv1; gc_fid:pls:bp_20:lv2; gc_fid:pls:bp_20:lv3; gc_fid:pls:bp_20:lv4; gc_fid:pls:bp_35:lv1; gc_fid:pls:bp_35:lv2; gc_fid:pls:bp_35:lv3,gc_fid:pca:pc1(1.000); gc_fid:pca:pc2(1.000); gc_fid:pca:pc3(1.000); gc_fid:pca:pc4(1.000); gc_fid:pca:pc5(1.000); gc_fid:pls:bp_20:lv1(1.000); gc_fid:pls:bp_20:lv2(1.000); gc_fid:pls:bp_20:lv3(1.000),petroleum_fraction_db_061,BP_65,analysis_only,equal_weight
2,petroleum_fraction_db_036,1.094549,319.4,74,gc_fid:pca:pc1; gc_fid:pca:pc2; gc_fid:pca:pc3; gc_fid:pca:pc4; gc_fid:pca:pc5; gc_fid:pls:bp_20:lv1; gc_fid:pls:bp_20:lv2; gc_fid:pls:bp_20:lv3; gc_fid:pls:bp_20:lv4; gc_fid:pls:bp_35:lv1; gc_fid:pls:bp_35:lv2; gc_fid:pls:bp_35:lv3,gc_fid:pca:pc1(1.000); gc_fid:pca:pc2(1.000); gc_fid:pca:pc3(1.000); gc_fid:pca:pc4(1.000); gc_fid:pca:pc5(1.000); gc_fid:pls:bp_20:lv1(1.000); gc_fid:pls:bp_20:lv2(1.000); gc_fid:pls:bp_20:lv3(1.000),petroleum_fraction_db_061,BP_65,analysis_only,equal_weight
3,petroleum_fraction_db_003,1.264198,292.2,74,gc_fid:pca:pc1; gc_fid:pca:pc2; gc_fid:pca:pc3; gc_fid:pca:pc4; gc_fid:pca:pc5; gc_fid:pls:bp_20:lv1; gc_fid:pls:bp_20:lv2; gc_fid:pls:bp_20:lv3; gc_fid:pls:bp_20:lv4; gc_fid:pls:bp_35:lv1; gc_fid:pls:bp_35:lv2; gc_fid:pls:bp_35:lv3,gc_fid:pca:pc1(1.000); gc_fid:pca:pc2(1.000); gc_fid:pca:pc3(1.000); gc_fid:pca:pc4(1.000); gc_fid:pca:pc5(1.000); gc_fid:pls:bp_20:lv1(1.000); gc_fid:pls:bp_20:lv2(1.000); gc_fid:pls:bp_20:lv3(1.000),petroleum_fraction_db_061,BP_65,analysis_only,equal_weight
4,petroleum_fraction_db_057,1.29904,328.0,74,gc_fid:pca:pc1; gc_fid:pca:pc2; gc_fid:pca:pc3; gc_fid:pca:pc4; gc_fid:pca:pc5; gc_fid:pls:bp_20:lv1; gc_fid:pls:bp_20:lv2; gc_fid:pls:bp_20:lv3; gc_fid:pls:bp_20:lv4; gc_fid:pls:bp_35:lv1; gc_fid:pls:bp_35:lv2; gc_fid:pls:bp_35:lv3,gc_fid:pca:pc1(1.000); gc_fid:pca:pc2(1.000); gc_fid:pca:pc3(1.000); gc_fid:pca:pc4(1.000); gc_fid:pca:pc5(1.000); gc_fid:pls:bp_20:lv1(1.000); gc_fid:pls:bp_20:lv2(1.000); gc_fid:pls:bp_20:lv3(1.000),petroleum_fraction_db_061,BP_65,analysis_only,equal_weight
1,petroleum_fraction_db_032,0.787316,332.2,74,gc_fid:pca:pc1; gc_fid:pca:pc2; gc_fid:pca:pc3; gc_fid:pca:pc4; gc_fid:pca:pc5; gc_fid:pls:bp_20:lv1; gc_fid:pls:bp_20:lv2; gc_fid:pls:bp_20:lv3; gc_fid:pls:bp_20:lv4; gc_fid:pls:bp_35:lv1; gc_fid:pls:bp_35:lv2; gc_fid:pls:bp_35:lv3,gc_fid:pls:density_20c:lv1(0.980); gc_fid:pls:saturates:lv1(0.965); gc_fid:pls:bp_80:lv1(0.952); gc_fid:pls:bp_65:lv1(0.951); gc_fid:pls:bp_50:lv1(0.951); gc_fid:pls:bp_35:lv1(0.950); gc_fid:pls:bp_20:lv1(0.947); gc_fid:pca:pc1(0.922),petroleum_fraction_db_061,BP_65,analysis_only,correlation_weighted
2,petroleum_fraction_db_036,0.911331,319.4,74,gc_fid:pca:pc1; gc_fid:pca:pc2; gc_fid:pca:pc3; gc_fid:pca:pc4; gc_fid:pca:pc5; gc_fid:pls:bp_20:lv1; gc_fid:pls:bp_20:lv2; gc_fid:pls:bp_20:lv3; gc_fid:pls:bp_20:lv4; gc_fid:pls:bp_35:lv1; gc_fid:pls:bp_35:lv2; gc_fid:pls:bp_35:lv3,gc_fid:pls:density_20c:lv1(0.980); gc_fid:pls:saturates:lv1(0.965); gc_fid:pls:bp_80:lv1(0.952); gc_fid:pls:bp_65:lv1(0.951); gc_fid:pls:bp_50:lv1(0.951); gc_fid:pls:bp_35:lv1(0.950); gc_fid:pls:bp_20:lv1(0.947); gc_fid:pca:pc1(0.922),petroleum_fraction_db_061,BP_65,analysis_only,correlation_weighted
3,petroleum_fraction_db_037,1.04116,395.6,74,gc_fid:pca:pc1; gc_fid:pca:pc2; gc_fid:pca:pc3; gc_fid:pca:pc4; gc_fid:pca:pc5; gc_fid:pls:bp_20:lv1; gc_fid:pls:bp_20:lv2; gc_fid:pls:bp_20:lv3; gc_fid:pls:bp_20:lv4; gc_fid:pls:bp_35:lv1; gc_fid:pls:bp_35:lv2; gc_fid:pls:bp_35:lv3,gc_fid:pls:density_20c:lv1(0.980); gc_fid:pls:saturates:lv1(0.965); gc_fid:pls:bp_80:lv1(0.952); gc_fid:pls:bp_65:lv1(0.951); gc_fid:pls:bp_50:lv1(0.951); gc_fid:pls:bp_35:lv1(0.950); gc_fid:pls:bp_20:lv1(0.947); gc_fid:pca:pc1(0.922),petroleum_fraction_db_061,BP_65,analysis_only,correlation_weighted
4,petroleum_fraction_db_003,1.126979,292.2,74,gc_fid:pca:pc1; gc_fid:pca:pc2; gc_fid:pca:pc3; gc_fid:pca:pc4; gc_fid:pca:pc5; gc_fid:pls:bp_20:lv1; gc_fid:pls:bp_20:lv2; gc_fid:pls:bp_20:lv3; gc_fid:pls:bp_20:lv4; gc_fid:pls:bp_35:lv1; gc_fid:pls:bp_35:lv2; gc_fid:pls:bp_35:lv3,gc_fid:pls:density_20c:lv1(0.980); gc_fid:pls:saturates:lv1(0.965); gc_fid:pls:bp_80:lv1(0.952); gc_fid:pls:bp_65:lv1(0.951); gc_fid:pls:bp_50:lv1(0.951); gc_fid:pls:bp_35:lv1(0.950); gc_fid:pls:bp_20:lv1(0.947); gc_fid:pca:pc1(0.922),petroleum_fraction_db_061,BP_65,analysis_only,correlation_weighted
1,petroleum_fraction_db_032,0.994875,332.2,80,bulk_property:bp_20; bulk_property:bp_35; bulk_property:bp_50; bulk_property:bp_80; bulk_property:density_20c; bulk_property:saturates; gc_fid:pca:pc1; gc_fid:pca:pc2; gc_fid:pca:pc3; gc_fid:pca:pc4; gc_fid:pca:pc5; gc_fid:pls:bp_20:lv1,bulk_property:bp_20(1.000); bulk_property:bp_35(1.000); bulk_property:bp_50(1.000); bulk_property:bp_80(1.000); bulk_property:density_20c(1.000); bulk_property:saturates(1.000); gc_fid:pca:pc1(1.000); gc_fid:pca:pc2(1.000),petroleum_fraction_db_061,BP_65,analysis_plus_non_target_bulk,equal_weight
2,petroleum_fraction_db_036,1.067201,319.4,80,bulk_property:bp_20; bulk_property:bp_35; bulk_property:bp_50; bulk_property:bp_80; bulk_property:density_20c; bulk_property:saturates; gc_fid:pca:pc1; gc_fid:pca:pc2; gc_fid:pca:pc3; gc_fid:pca:pc4; gc_fid:pca:pc5; gc_fid:pls:bp_20:lv1,bulk_property:bp_20(1.000); bulk_property:bp_35(1.000); bulk_property:bp_50(1.000); bulk_property:bp_80(1.000); bulk_property:density_20c(1.000); bulk_property:saturates(1.000); gc_fid:pca:pc1(1.000); gc_fid:pca:pc2(1.000),petroleum_fraction_db_061,BP_65,analysis_plus_non_target_bulk,equal_weight
3,petroleum_fraction_db_003,1.245851,292.2,80,bulk_property:bp_20; bulk_property:bp_35; bulk_property:bp_50; bulk_property:bp_80; bulk_property:density_20c; bulk_property:saturates; gc_fid:pca:pc1; gc_fid:pca:pc2; gc_fid:pca:pc3; gc_fid:pca:pc4; gc_fid:pca:pc5; gc_fid:pls:bp_20:lv1,bulk_property:bp_20(1.000); bulk_property:bp_35(1.000); bulk_property:bp_50(1.000); bulk_property:bp_80(1.000); bulk_property:density_20c(1.000); bulk_property:saturates(1.000); gc_fid:pca:pc1(1.000); gc_fid:pca:pc2(1.000),petroleum_fraction_db_061,BP_65,analysis_plus_non_target_bulk,equal_weight
4,petroleum_fraction_db_057,1.263778,328.0,80,bulk_property:bp_20; bulk_property:bp_35; bulk_property:bp_50; bulk_property:bp_80; bulk_property:density_20c; bulk_property:saturates; gc_fid:pca:pc1; gc_fid:pca:pc2; gc_fid:pca:pc3; gc_fid:pca:pc4; gc_fid:pca:pc5; gc_fid:pls:bp_20:lv1,bulk_property:bp_20(1.000); bulk_property:bp_35(1.000); bulk_property:bp_50(1.000); bulk_property:bp_80(1.000); bulk_property:density_20c(1.000); bulk_property:saturates(1.000); gc_fid:pca:pc1(1.000); gc_fid:pca:pc2(1.000),petroleum_fraction_db_061,BP_65,analysis_plus_non_target_bulk,equal_weight
1,petroleum_fraction_db_032,0.753056,332.2,80,bulk_property:bp_20; bulk_property:bp_35; bulk_property:bp_50; bulk_property:bp_80; bulk_property:density_20c; bulk_property:saturates; gc_fid:pca:pc1; gc_fid:pca:pc2; gc_fid:pca:pc3; gc_fid:pca:pc4; gc_fid:pca:pc5; gc_fid:pls:bp_20:lv1,bulk_property:bp_50(1.042); bulk_property:bp_80(1.039); bulk_property:bp_35(1.020); bulk_property:bp_20(0.986); gc_fid:pls:density_20c:lv1(0.980); gc_fid:pls:saturates:lv1(0.965); gc_fid:pls:bp_80:lv1(0.952); gc_fid:pls:bp_65:lv1(0.951),petroleum_fraction_db_061,BP_65,analysis_plus_non_target_bulk,correlation_weighted
2,petroleum_fraction_db_036,0.880917,319.4,80,bulk_property:bp_20; bulk_property:bp_35; bulk_property:bp_50; bulk_property:bp_80; bulk_property:density_20c; bulk_property:saturates; gc_fid:pca:pc1; gc_fid:pca:pc2; gc_fid:pca:pc3; gc_fid:pca:pc4; gc_fid:pca:pc5; gc_fid:pls:bp_20:lv1,bulk_property:bp_50(1.042); bulk_property:bp_80(1.039); bulk_property:bp_35(1.020); bulk_property:bp_20(0.986); gc_fid:pls:density_20c:lv1(0.980); gc_fid:pls:saturates:lv1(0.965); gc_fid:pls:bp_80:lv1(0.952); gc_fid:pls:bp_65:lv1(0.951),petroleum_fraction_db_061,BP_65,analysis_plus_non_target_bulk,correlation_weighted
3,petroleum_fraction_db_037,0.981507,395.6,80,bulk_property:bp_20; bulk_property:bp_35; bulk_property:bp_50; bulk_property:bp_80; bulk_property:density_20c; bulk_property:saturates; gc_fid:pca:pc1; gc_fid:pca:pc2; gc_fid:pca:pc3; gc_fid:pca:pc4; gc_fid:pca:pc5; gc_fid:pls:bp_20:lv1,bulk_property:bp_50(1.042); bulk_property:bp_80(1.039); bulk_property:bp_35(1.020); bulk_property:bp_20(0.986); gc_fid:pls:density_20c:lv1(0.980); gc_fid:pls:saturates:lv1(0.965); gc_fid:pls:bp_80:lv1(0.952); gc_fid:pls:bp_65:lv1(0.951),petroleum_fraction_db_061,BP_65,analysis_plus_non_target_bulk,correlation_weighted
4,petroleum_fraction_db_057,1.087343,328.0,80,bulk_property:bp_20; bulk_property:bp_35; bulk_property:bp_50; bulk_property:bp_80; bulk_property:density_20c; bulk_property:saturates; gc_fid:pca:pc1; gc_fid:pca:pc2; gc_fid:pca:pc3; gc_fid:pca:pc4; gc_fid:pca:pc5; gc_fid:pls:bp_20:lv1,bulk_property:bp_50(1.042); bulk_property:bp_80(1.039); bulk_property:bp_35(1.020); bulk_property:bp_20(0.986); gc_fid:pls:density_20c:lv1(0.980); gc_fid:pls:saturates:lv1(0.965); gc_fid:pls:bp_80:lv1(0.952); gc_fid:pls:bp_65:lv1(0.951),petroleum_fraction_db_061,BP_65,analysis_plus_non_target_bulk,correlation_weighted
1,petroleum_fraction_db_032,1.025043,357.2,74,gc_fid:pca:pc1; gc_fid:pca:pc2; gc_fid:pca:pc3; gc_fid:pca:pc4; gc_fid:pca:pc5; gc_fid:pls:bp_20:lv1; gc_fid:pls:bp_20:lv2; gc_fid:pls:bp_20:lv3; gc_fid:pls:bp_20:lv4; gc_fid:pls:bp_35:lv1; gc_fid:pls:bp_35:lv2; gc_fid:pls:bp_35:lv3,gc_fid:pca:pc1(1.000); gc_fid:pca:pc2(1.000); gc_fid:pca:pc3(1.000); gc_fid:pca:pc4(1.000); gc_fid:pca:pc5(1.000); gc_fid:pls:bp_20:lv1(1.000); gc_fid:pls:bp_20:lv2(1.000); gc_fid:pls:bp_20:lv3(1.000),petroleum_fraction_db_061,BP_80,analysis_only,equal_weight
2,petroleum_fraction_db_036,1.094549,337.8,74,gc_fid:pca:pc1; gc_fid:pca:pc2; gc_fid:pca:pc3; gc_fid:pca:pc4; gc_fid:pca:pc5; gc_fid:pls:bp_20:lv1; gc_fid:pls:bp_20:lv2; gc_fid:pls:bp_20:lv3; gc_fid:pls:bp_20:lv4; gc_fid:pls:bp_35:lv1; gc_fid:pls:bp_35:lv2; gc_fid:pls:bp_35:lv3,gc_fid:pca:pc1(1.000); gc_fid:pca:pc2(1.000); gc_fid:pca:pc3(1.000); gc_fid:pca:pc4(1.000); gc_fid:pca:pc5(1.000); gc_fid:pls:bp_20:lv1(1.000); gc_fid:pls:bp_20:lv2(1.000); gc_fid:pls:bp_20:lv3(1.000),petroleum_fraction_db_061,BP_80,analysis_only,equal_weight
3,petroleum_fraction_db_003,1.264198,302.0,74,gc_fid:pca:pc1; gc_fid:pca:pc2; gc_fid:pca:pc3; gc_fid:pca:pc4; gc_fid:pca:pc5; gc_fid:pls:bp_20:lv1; gc_fid:pls:bp_20:lv2; gc_fid:pls:bp_20:lv3; gc_fid:pls:bp_20:lv4; gc_fid:pls:bp_35:lv1; gc_fid:pls:bp_35:lv2; gc_fid:pls:bp_35:lv3,gc_fid:pca:pc1(1.000); gc_fid:pca:pc2(1.000); gc_fid:pca:pc3(1.000); gc_fid:pca:pc4(1.000); gc_fid:pca:pc5(1.000); gc_fid:pls:bp_20:lv1(1.000); gc_fid:pls:bp_20:lv2(1.000); gc_fid:pls:bp_20:lv3(1.000),petroleum_fraction_db_061,BP_80,analysis_only,equal_weight
4,petroleum_fraction_db_057,1.29904,334.6,74,gc_fid:pca:pc1; gc_fid:pca:pc2; gc_fid:pca:pc3; gc_fid:pca:pc4; gc_fid:pca:pc5; gc_fid:pls:bp_20:lv1; gc_fid:pls:bp_20:lv2; gc_fid:pls:bp_20:lv3; gc_fid:pls:bp_20:lv4; gc_fid:pls:bp_35:lv1; gc_fid:pls:bp_35:lv2; gc_fid:pls:bp_35:lv3,gc_fid:pca:pc1(1.000); gc_fid:pca:pc2(1.000); gc_fid:pca:pc3(1.000); gc_fid:pca:pc4(1.000); gc_fid:pca:pc5(1.000); gc_fid:pls:bp_20:lv1(1.000); gc_fid:pls:bp_20:lv2(1.000); gc_fid:pls:bp_20:lv3(1.000),petroleum_fraction_db_061,BP_80,analysis_only,equal_weight
1,petroleum_fraction_db_032,0.736135,357.2,74,gc_fid:pca:pc1; gc_fid:pca:pc2; gc_fid:pca:pc3; gc_fid:pca:pc4; gc_fid:pca:pc5; gc_fid:pls:bp_20:lv1; gc_fid:pls:bp_20:lv2; gc_fid:pls:bp_20:lv3; gc_fid:pls:bp_20:lv4; gc_fid:pls:bp_35:lv1; gc_fid:pls:bp_35:lv2; gc_fid:pls:bp_35:lv3,gc_fid:pls:density_20c:lv1(0.973); gc_fid:pls:saturates:lv1(0.962); gc_fid:pls:bp_80:lv1(0.945); gc_fid:pls:bp_65:lv1(0.942); gc_fid:pls:bp_50:lv1(0.941); gc_fid:pls:bp_35:lv1(0.939); gc_fid:pls:bp_20:lv1(0.935); gc_fid:pca:pc1(0.913),petroleum_fraction_db_061,BP_80,analysis_only,correlation_weighted
2,petroleum_fraction_db_036,0.864897,337.8,74,gc_fid:pca:pc1; gc_fid:pca:pc2; gc_fid:pca:pc3; gc_fid:pca:pc4; gc_fid:pca:pc5; gc_fid:pls:bp_20:lv1; gc_fid:pls:bp_20:lv2; gc_fid:pls:bp_20:lv3; gc_fid:pls:bp_20:lv4; gc_fid:pls:bp_35:lv1; gc_fid:pls:bp_35:lv2; gc_fid:pls:bp_35:lv3,gc_fid:pls:density_20c:lv1(0.973); gc_fid:pls:saturates:lv1(0.962); gc_fid:pls:bp_80:lv1(0.945); gc_fid:pls:bp_65:lv1(0.942); gc_fid:pls:bp_50:lv1(0.941); gc_fid:pls:bp_35:lv1(0.939); gc_fid:pls:bp_20:lv1(0.935); gc_fid:pca:pc1(0.913),petroleum_fraction_db_061,BP_80,analysis_only,correlation_weighted
3,petroleum_fraction_db_037,1.007943,433.4,74,gc_fid:pca:pc1; gc_fid:pca:pc2; gc_fid:pca:pc3; gc_fid:pca:pc4; gc_fid:pca:pc5; gc_fid:pls:bp_20:lv1; gc_fid:pls:bp_20:lv2; gc_fid:pls:bp_20:lv3; gc_fid:pls:bp_20:lv4; gc_fid:pls:bp_35:lv1; gc_fid:pls:bp_35:lv2; gc_fid:pls:bp_35:lv3,gc_fid:pls:density_20c:lv1(0.973); gc_fid:pls:saturates:lv1(0.962); gc_fid:pls:bp_80:lv1(0.945); gc_fid:pls:bp_65:lv1(0.942); gc_fid:pls:bp_50:lv1(0.941); gc_fid:pls:bp_35:lv1(0.939); gc_fid:pls:bp_20:lv1(0.935); gc_fid:pca:pc1(0.913),petroleum_fraction_db_061,BP_80,analysis_only,correlation_weighted
4,petroleum_fraction_db_003,1.085667,302.0,74,gc_fid:pca:pc1; gc_fid:pca:pc2; gc_fid:pca:pc3; gc_fid:pca:pc4; gc_fid:pca:pc5; gc_fid:pls:bp_20:lv1; gc_fid:pls:bp_20:lv2; gc_fid:pls:bp_20:lv3; gc_fid:pls:bp_20:lv4; gc_fid:pls:bp_35:lv1; gc_fid:pls:bp_35:lv2; gc_fid:pls:bp_35:lv3,gc_fid:pls:density_20c:lv1(0.973); gc_fid:pls:saturates:lv1(0.962); gc_fid:pls:bp_80:lv1(0.945); gc_fid:pls:bp_65:lv1(0.942); gc_fid:pls:bp_50:lv1(0.941); gc_fid:pls:bp_35:lv1(0.939); gc_fid:pls:bp_20:lv1(0.935); gc_fid:pca:pc1(0.913),petroleum_fraction_db_061,BP_80,analysis_only,correlation_weighted
1,petroleum_fraction_db_032,0.99276,357.2,80,bulk_property:bp_20; bulk_property:bp_35; bulk_property:bp_50; bulk_property:bp_65; bulk_property:density_20c; bulk_property:saturates; gc_fid:pca:pc1; gc_fid:pca:pc2; gc_fid:pca:pc3; gc_fid:pca:pc4; gc_fid:pca:pc5; gc_fid:pls:bp_20:lv1,bulk_property:bp_20(1.000); bulk_property:bp_35(1.000); bulk_property:bp_50(1.000); bulk_property:bp_65(1.000); bulk_property:density_20c(1.000); bulk_property:saturates(1.000); gc_fid:pca:pc1(1.000); gc_fid:pca:pc2(1.000),petroleum_fraction_db_061,BP_80,analysis_plus_non_target_bulk,equal_weight
2,petroleum_fraction_db_036,1.063529,337.8,80,bulk_property:bp_20; bulk_property:bp_35; bulk_property:bp_50; bulk_property:bp_65; bulk_property:density_20c; bulk_property:saturates; gc_fid:pca:pc1; gc_fid:pca:pc2; gc_fid:pca:pc3; gc_fid:pca:pc4; gc_fid:pca:pc5; gc_fid:pls:bp_20:lv1,bulk_property:bp_20(1.000); bulk_property:bp_35(1.000); bulk_property:bp_50(1.000); bulk_property:bp_65(1.000); bulk_property:density_20c(1.000); bulk_property:saturates(1.000); gc_fid:pca:pc1(1.000); gc_fid:pca:pc2(1.000),petroleum_fraction_db_061,BP_80,analysis_plus_non_target_bulk,equal_weight
3,petroleum_fraction_db_003,1.239736,302.0,80,bulk_property:bp_20; bulk_property:bp_35; bulk_property:bp_50; bulk_property:bp_65; bulk_property:density_20c; bulk_property:saturates; gc_fid:pca:pc1; gc_fid:pca:pc2; gc_fid:pca:pc3; gc_fid:pca:pc4; gc_fid:pca:pc5; gc_fid:pls:bp_20:lv1,bulk_property:bp_20(1.000); bulk_property:bp_35(1.000); bulk_property:bp_50(1.000); bulk_property:bp_65(1.000); bulk_property:density_20c(1.000); bulk_property:saturates(1.000); gc_fid:pca:pc1(1.000); gc_fid:pca:pc2(1.000),petroleum_fraction_db_061,BP_80,analysis_plus_non_target_bulk,equal_weight
4,petroleum_fraction_db_057,1.258741,334.6,80,bulk_property:bp_20; bulk_property:bp_35; bulk_property:bp_50; bulk_property:bp_65; bulk_property:density_20c; bulk_property:saturates; gc_fid:pca:pc1; gc_fid:pca:pc2; gc_fid:pca:pc3; gc_fid:pca:pc4; gc_fid:pca:pc5; gc_fid:pls:bp_20:lv1,bulk_property:bp_20(1.000); bulk_property:bp_35(1.000); bulk_property:bp_50(1.000); bulk_property:bp_65(1.000); bulk_property:density_20c(1.000); bulk_property:saturates(1.000); gc_fid:pca:pc1(1.000); gc_fid:pca:pc2(1.000),petroleum_fraction_db_061,BP_80,analysis_plus_non_target_bulk,equal_weight
1,petroleum_fraction_db_032,0.700686,357.2,80,bulk_property:bp_20; bulk_property:bp_35; bulk_property:bp_50; bulk_property:bp_65; bulk_property:density_20c; bulk_property:saturates; gc_fid:pca:pc1; gc_fid:pca:pc2; gc_fid:pca:pc3; gc_fid:pca:pc4; gc_fid:pca:pc5; gc_fid:pls:bp_20:lv1,bulk_property:bp_65(1.039); bulk_property:bp_50(1.018); bulk_property:bp_35(0.982); gc_fid:pls:density_20c:lv1(0.973); gc_fid:pls:saturates:lv1(0.962); gc_fid:pls:bp_80:lv1(0.945); gc_fid:pls:bp_65:lv1(0.942); gc_fid:pls:bp_50:lv1(0.941),petroleum_fraction_db_061,BP_80,analysis_plus_non_target_bulk,correlation_weighted
2,petroleum_fraction_db_036,0.828621,337.8,80,bulk_property:bp_20; bulk_property:bp_35; bulk_property:bp_50; bulk_property:bp_65; bulk_property:density_20c; bulk_property:saturates; gc_fid:pca:pc1; gc_fid:pca:pc2; gc_fid:pca:pc3; gc_fid:pca:pc4; gc_fid:pca:pc5; gc_fid:pls:bp_20:lv1,bulk_property:bp_65(1.039); bulk_property:bp_50(1.018); bulk_property:bp_35(0.982); gc_fid:pls:density_20c:lv1(0.973); gc_fid:pls:saturates:lv1(0.962); gc_fid:pls:bp_80:lv1(0.945); gc_fid:pls:bp_65:lv1(0.942); gc_fid:pls:bp_50:lv1(0.941),petroleum_fraction_db_061,BP_80,analysis_plus_non_target_bulk,correlation_weighted
3,petroleum_fraction_db_037,0.952509,433.4,80,bulk_property:bp_20; bulk_property:bp_35; bulk_property:bp_50; bulk_property:bp_65; bulk_property:density_20c; bulk_property:saturates; gc_fid:pca:pc1; gc_fid:pca:pc2; gc_fid:pca:pc3; gc_fid:pca:pc4; gc_fid:pca:pc5; gc_fid:pls:bp_20:lv1,bulk_property:bp_65(1.039); bulk_property:bp_50(1.018); bulk_property:bp_35(0.982); gc_fid:pls:density_20c:lv1(0.973); gc_fid:pls:saturates:lv1(0.962); gc_fid:pls:bp_80:lv1(0.945); gc_fid:pls:bp_65:lv1(0.942); gc_fid:pls:bp_50:lv1(0.941),petroleum_fraction_db_061,BP_80,analysis_plus_non_target_bulk,correlation_weighted
4,petroleum_fraction_db_057,1.023822,334.6,80,bulk_property:bp_20; bulk_property:bp_35; bulk_property:bp_50; bulk_property:bp_65; bulk_property:density_20c; bulk_property:saturates; gc_fid:pca:pc1; gc_fid:pca:pc2; gc_fid:pca:pc3; gc_fid:pca:pc4; gc_fid:pca:pc5; gc_fid:pls:bp_20:lv1,bulk_property:bp_65(1.039); bulk_property:bp_50(1.018); bulk_property:bp_35(0.982); gc_fid:pls:density_20c:lv1(0.973); gc_fid:pls:saturates:lv1(0.962); gc_fid:pls:bp_80:lv1(0.945); gc_fid:pls:bp_65:lv1(0.942); gc_fid:pls:bp_50:lv1(0.941),petroleum_fraction_db_061,BP_80,analysis_plus_non_target_bulk,correlation_weighted
1,petroleum_fraction_db_010,0.402949,0.8619,74,gc_fid:pca:pc1; gc_fid:pca:pc2; gc_fid:pca:pc3; gc_fid:pca:pc4; gc_fid:pca:pc5; gc_fid:pls:bp_20:lv1; gc_fid:pls:bp_20:lv2; gc_fid:pls:bp_20:lv3; gc_fid:pls:bp_20:lv4; gc_fid:pls:bp_35:lv1; gc_fid:pls:bp_35:lv2; gc_fid:pls:bp_35:lv3,gc_fid:pca:pc1(1.000); gc_fid:pca:pc2(1.000); gc_fid:pca:pc3(1.000); gc_fid:pca:pc4(1.000); gc_fid:pca:pc5(1.000); gc_fid:pls:bp_20:lv1(1.000); gc_fid:pls:bp_20:lv2(1.000); gc_fid:pls:bp_20:lv3(1.000),petroleum_fraction_db_065,density_20c,analysis_only,equal_weight
2,petroleum_fraction_db_009,0.471488,0.8498,74,gc_fid:pca:pc1; gc_fid:pca:pc2; gc_fid:pca:pc3; gc_fid:pca:pc4; gc_fid:pca:pc5; gc_fid:pls:bp_20:lv1; gc_fid:pls:bp_20:lv2; gc_fid:pls:bp_20:lv3; gc_fid:pls:bp_20:lv4; gc_fid:pls:bp_35:lv1; gc_fid:pls:bp_35:lv2; gc_fid:pls:bp_35:lv3,gc_fid:pca:pc1(1.000); gc_fid:pca:pc2(1.000); gc_fid:pca:pc3(1.000); gc_fid:pca:pc4(1.000); gc_fid:pca:pc5(1.000); gc_fid:pls:bp_20:lv1(1.000); gc_fid:pls:bp_20:lv2(1.000); gc_fid:pls:bp_20:lv3(1.000),petroleum_fraction_db_065,density_20c,analysis_only,equal_weight
3,petroleum_fraction_db_058,0.511656,0.8559,74,gc_fid:pca:pc1; gc_fid:pca:pc2; gc_fid:pca:pc3; gc_fid:pca:pc4; gc_fid:pca:pc5; gc_fid:pls:bp_20:lv1; gc_fid:pls:bp_20:lv2; gc_fid:pls:bp_20:lv3; gc_fid:pls:bp_20:lv4; gc_fid:pls:bp_35:lv1; gc_fid:pls:bp_35:lv2; gc_fid:pls:bp_35:lv3,gc_fid:pca:pc1(1.000); gc_fid:pca:pc2(1.000); gc_fid:pca:pc3(1.000); gc_fid:pca:pc4(1.000); gc_fid:pca:pc5(1.000); gc_fid:pls:bp_20:lv1(1.000); gc_fid:pls:bp_20:lv2(1.000); gc_fid:pls:bp_20:lv3(1.000),petroleum_fraction_db_065,density_20c,analysis_only,equal_weight
4,petroleum_fraction_db_063,0.566952,0.8783,74,gc_fid:pca:pc1; gc_fid:pca:pc2; gc_fid:pca:pc3; gc_fid:pca:pc4; gc_fid:pca:pc5; gc_fid:pls:bp_20:lv1; gc_fid:pls:bp_20:lv2; gc_fid:pls:bp_20:lv3; gc_fid:pls:bp_20:lv4; gc_fid:pls:bp_35:lv1; gc_fid:pls:bp_35:lv2; gc_fid:pls:bp_35:lv3,gc_fid:pca:pc1(1.000); gc_fid:pca:pc2(1.000); gc_fid:pca:pc3(1.000); gc_fid:pca:pc4(1.000); gc_fid:pca:pc5(1.000); gc_fid:pls:bp_20:lv1(1.000); gc_fid:pls:bp_20:lv2(1.000); gc_fid:pls:bp_20:lv3(1.000),petroleum_fraction_db_065,density_20c,analysis_only,equal_weight
1,petroleum_fraction_db_010,0.368913,0.8619,74,gc_fid:pca:pc1; gc_fid:pca:pc2; gc_fid:pca:pc3; gc_fid:pca:pc4; gc_fid:pca:pc5; gc_fid:pls:bp_20:lv1; gc_fid:pls:bp_20:lv2; gc_fid:pls:bp_20:lv3; gc_fid:pls:bp_20:lv4; gc_fid:pls:bp_35:lv1; gc_fid:pls:bp_35:lv2; gc_fid:pls:bp_35:lv3,ir:weighted_x_q90(0.728); ir_spectrum:pls:density_20c:lv2(0.727); ir_spectrum:pls:saturates:lv2(0.716); ir_spectrum:pls:density_20c:lv1(0.649); ir_spectrum:pls:saturates:lv1(0.629); ir_spectrum:pls:bp_35:lv1(0.628); ir_spectrum:pca:pc1(0.615); ir_spectrum:pls:bp_65:lv1(0.615),petroleum_fraction_db_065,density_20c,analysis_only,correlation_weighted
2,petroleum_fraction_db_009,0.446502,0.8498,74,gc_fid:pca:pc1; gc_fid:pca:pc2; gc_fid:pca:pc3; gc_fid:pca:pc4; gc_fid:pca:pc5; gc_fid:pls:bp_20:lv1; gc_fid:pls:bp_20:lv2; gc_fid:pls:bp_20:lv3; gc_fid:pls:bp_20:lv4; gc_fid:pls:bp_35:lv1; gc_fid:pls:bp_35:lv2; gc_fid:pls:bp_35:lv3,ir:weighted_x_q90(0.728); ir_spectrum:pls:density_20c:lv2(0.727); ir_spectrum:pls:saturates:lv2(0.716); ir_spectrum:pls:density_20c:lv1(0.649); ir_spectrum:pls:saturates:lv1(0.629); ir_spectrum:pls:bp_35:lv1(0.628); ir_spectrum:pca:pc1(0.615); ir_spectrum:pls:bp_65:lv1(0.615),petroleum_fraction_db_065,density_20c,analysis_only,correlation_weighted
3,petroleum_fraction_db_063,0.493002,0.8783,74,gc_fid:pca:pc1; gc_fid:pca:pc2; gc_fid:pca:pc3; gc_fid:pca:pc4; gc_fid:pca:pc5; gc_fid:pls:bp_20:lv1; gc_fid:pls:bp_20:lv2; gc_fid:pls:bp_20:lv3; gc_fid:pls:bp_20:lv4; gc_fid:pls:bp_35:lv1; gc_fid:pls:bp_35:lv2; gc_fid:pls:bp_35:lv3,ir:weighted_x_q90(0.728); ir_spectrum:pls:density_20c:lv2(0.727); ir_spectrum:pls:saturates:lv2(0.716); ir_spectrum:pls:density_20c:lv1(0.649); ir_spectrum:pls:saturates:lv1(0.629); ir_spectrum:pls:bp_35:lv1(0.628); ir_spectrum:pca:pc1(0.615); ir_spectrum:pls:bp_65:lv1(0.615),petroleum_fraction_db_065,density_20c,analysis_only,correlation_weighted
4,petroleum_fraction_db_058,0.501473,0.8559,74,gc_fid:pca:pc1; gc_fid:pca:pc2; gc_fid:pca:pc3; gc_fid:pca:pc4; gc_fid:pca:pc5; gc_fid:pls:bp_20:lv1; gc_fid:pls:bp_20:lv2; gc_fid:pls:bp_20:lv3; gc_fid:pls:bp_20:lv4; gc_fid:pls:bp_35:lv1; gc_fid:pls:bp_35:lv2; gc_fid:pls:bp_35:lv3,ir:weighted_x_q90(0.728); ir_spectrum:pls:density_20c:lv2(0.727); ir_spectrum:pls:saturates:lv2(0.716); ir_spectrum:pls:density_20c:lv1(0.649); ir_spectrum:pls:saturates:lv1(0.629); ir_spectrum:pls:bp_35:lv1(0.628); ir_spectrum:pca:pc1(0.615); ir_spectrum:pls:bp_65:lv1(0.615),petroleum_fraction_db_065,density_20c,analysis_only,correlation_weighted
1,petroleum_fraction_db_010,0.403022,0.8619,80,bulk_property:bp_20; bulk_property:bp_35; bulk_property:bp_50; bulk_property:bp_65; bulk_property:bp_80; bulk_property:saturates; gc_fid:pca:pc1; gc_fid:pca:pc2; gc_fid:pca:pc3; gc_fid:pca:pc4; gc_fid:pca:pc5; gc_fid:pls:bp_20:lv1,bulk_property:bp_20(1.000); bulk_property:bp_35(1.000); bulk_property:bp_50(1.000); bulk_property:bp_65(1.000); bulk_property:bp_80(1.000); bulk_property:saturates(1.000); gc_fid:pca:pc1(1.000); gc_fid:pca:pc2(1.000),petroleum_fraction_db_065,density_20c,analysis_plus_non_target_bulk,equal_weight
2,petroleum_fraction_db_009,0.454847,0.8498,80,bulk_property:bp_20; bulk_property:bp_35; bulk_property:bp_50; bulk_property:bp_65; bulk_property:bp_80; bulk_property:saturates; gc_fid:pca:pc1; gc_fid:pca:pc2; gc_fid:pca:pc3; gc_fid:pca:pc4; gc_fid:pca:pc5; gc_fid:pls:bp_20:lv1,bulk_property:bp_20(1.000); bulk_property:bp_35(1.000); bulk_property:bp_50(1.000); bulk_property:bp_65(1.000); bulk_property:bp_80(1.000); bulk_property:saturates(1.000); gc_fid:pca:pc1(1.000); gc_fid:pca:pc2(1.000),petroleum_fraction_db_065,density_20c,analysis_plus_non_target_bulk,equal_weight
3,petroleum_fraction_db_058,0.501579,0.8559,80,bulk_property:bp_20; bulk_property:bp_35; bulk_property:bp_50; bulk_property:bp_65; bulk_property:bp_80; bulk_property:saturates; gc_fid:pca:pc1; gc_fid:pca:pc2; gc_fid:pca:pc3; gc_fid:pca:pc4; gc_fid:pca:pc5; gc_fid:pls:bp_20:lv1,bulk_property:bp_20(1.000); bulk_property:bp_35(1.000); bulk_property:bp_50(1.000); bulk_property:bp_65(1.000); bulk_property:bp_80(1.000); bulk_property:saturates(1.000); gc_fid:pca:pc1(1.000); gc_fid:pca:pc2(1.000),petroleum_fraction_db_065,density_20c,analysis_plus_non_target_bulk,equal_weight
4,petroleum_fraction_db_063,0.554322,0.8783,80,bulk_property:bp_20; bulk_property:bp_35; bulk_property:bp_50; bulk_property:bp_65; bulk_property:bp_80; bulk_property:saturates; gc_fid:pca:pc1; gc_fid:pca:pc2; gc_fid:pca:pc3; gc_fid:pca:pc4; gc_fid:pca:pc5; gc_fid:pls:bp_20:lv1,bulk_property:bp_20(1.000); bulk_property:bp_35(1.000); bulk_property:bp_50(1.000); bulk_property:bp_65(1.000); bulk_property:bp_80(1.000); bulk_property:saturates(1.000); gc_fid:pca:pc1(1.000); gc_fid:pca:pc2(1.000),petroleum_fraction_db_065,density_20c,analysis_plus_non_target_bulk,equal_weight
1,petroleum_fraction_db_010,0.37056,0.8619,80,bulk_property:bp_20; bulk_property:bp_35; bulk_property:bp_50; bulk_property:bp_65; bulk_property:bp_80; bulk_property:saturates; gc_fid:pca:pc1; gc_fid:pca:pc2; gc_fid:pca:pc3; gc_fid:pca:pc4; gc_fid:pca:pc5; gc_fid:pls:bp_20:lv1,bulk_property:saturates(0.895); ir:weighted_x_q90(0.728); ir_spectrum:pls:density_20c:lv2(0.727); ir_spectrum:pls:saturates:lv2(0.716); ir_spectrum:pls:density_20c:lv1(0.649); ir_spectrum:pls:saturates:lv1(0.629); ir_spectrum:pls:bp_35:lv1(0.628); ir_spectrum:pca:pc1(0.615),petroleum_fraction_db_065,density_20c,analysis_plus_non_target_bulk,correlation_weighted
2,petroleum_fraction_db_009,0.424043,0.8498,80,bulk_property:bp_20; bulk_property:bp_35; bulk_property:bp_50; bulk_property:bp_65; bulk_property:bp_80; bulk_property:saturates; gc_fid:pca:pc1; gc_fid:pca:pc2; gc_fid:pca:pc3; gc_fid:pca:pc4; gc_fid:pca:pc5; gc_fid:pls:bp_20:lv1,bulk_property:saturates(0.895); ir:weighted_x_q90(0.728); ir_spectrum:pls:density_20c:lv2(0.727); ir_spectrum:pls:saturates:lv2(0.716); ir_spectrum:pls:density_20c:lv1(0.649); ir_spectrum:pls:saturates:lv1(0.629); ir_spectrum:pls:bp_35:lv1(0.628); ir_spectrum:pca:pc1(0.615),petroleum_fraction_db_065,density_20c,analysis_plus_non_target_bulk,correlation_weighted
3,petroleum_fraction_db_063,0.480605,0.8783,80,bulk_property:bp_20; bulk_property:bp_35; bulk_property:bp_50; bulk_property:bp_65; bulk_property:bp_80; bulk_property:saturates; gc_fid:pca:pc1; gc_fid:pca:pc2; gc_fid:pca:pc3; gc_fid:pca:pc4; gc_fid:pca:pc5; gc_fid:pls:bp_20:lv1,bulk_property:saturates(0.895); ir:weighted_x_q90(0.728); ir_spectrum:pls:density_20c:lv2(0.727); ir_spectrum:pls:saturates:lv2(0.716); ir_spectrum:pls:density_20c:lv1(0.649); ir_spectrum:pls:saturates:lv1(0.629); ir_spectrum:pls:bp_35:lv1(0.628); ir_spectrum:pca:pc1(0.615),petroleum_fraction_db_065,density_20c,analysis_plus_non_target_bulk,correlation_weighted
4,petroleum_fraction_db_058,0.486537,0.8559,80,bulk_property:bp_20; bulk_property:bp_35; bulk_property:bp_50; bulk_property:bp_65; bulk_property:bp_80; bulk_property:saturates; gc_fid:pca:pc1; gc_fid:pca:pc2; gc_fid:pca:pc3; gc_fid:pca:pc4; gc_fid:pca:pc5; gc_fid:pls:bp_20:lv1,bulk_property:saturates(0.895); ir:weighted_x_q90(0.728); ir_spectrum:pls:density_20c:lv2(0.727); ir_spectrum:pls:saturates:lv2(0.716); ir_spectrum:pls:density_20c:lv1(0.649); ir_spectrum:pls:saturates:lv1(0.629); ir_spectrum:pls:bp_35:lv1(0.628); ir_spectrum:pca:pc1(0.615),petroleum_fraction_db_065,density_20c,analysis_plus_non_target_bulk,correlation_weighted
1,petroleum_fraction_db_010,0.402949,88.04270462633271,74,gc_fid:pca:pc1; gc_fid:pca:pc2; gc_fid:pca:pc3; gc_fid:pca:pc4; gc_fid:pca:pc5; gc_fid:pls:bp_20:lv1; gc_fid:pls:bp_20:lv2; gc_fid:pls:bp_20:lv3; gc_fid:pls:bp_20:lv4; gc_fid:pls:bp_35:lv1; gc_fid:pls:bp_35:lv2; gc_fid:pls:bp_35:lv3,gc_fid:pca:pc1(1.000); gc_fid:pca:pc2(1.000); gc_fid:pca:pc3(1.000); gc_fid:pca:pc4(1.000); gc_fid:pca:pc5(1.000); gc_fid:pls:bp_20:lv1(1.000); gc_fid:pls:bp_20:lv2(1.000); gc_fid:pls:bp_20:lv3(1.000),petroleum_fraction_db_065,saturates,analysis_only,equal_weight
2,petroleum_fraction_db_009,0.471488,88.64878937776648,74,gc_fid:pca:pc1; gc_fid:pca:pc2; gc_fid:pca:pc3; gc_fid:pca:pc4; gc_fid:pca:pc5; gc_fid:pls:bp_20:lv1; gc_fid:pls:bp_20:lv2; gc_fid:pls:bp_20:lv3; gc_fid:pls:bp_20:lv4; gc_fid:pls:bp_35:lv1; gc_fid:pls:bp_35:lv2; gc_fid:pls:bp_35:lv3,gc_fid:pca:pc1(1.000); gc_fid:pca:pc2(1.000); gc_fid:pca:pc3(1.000); gc_fid:pca:pc4(1.000); gc_fid:pca:pc5(1.000); gc_fid:pls:bp_20:lv1(1.000); gc_fid:pls:bp_20:lv2(1.000); gc_fid:pls:bp_20:lv3(1.000),petroleum_fraction_db_065,saturates,analysis_only,equal_weight
3,petroleum_fraction_db_058,0.511656,88.38697708932376,74,gc_fid:pca:pc1; gc_fid:pca:pc2; gc_fid:pca:pc3; gc_fid:pca:pc4; gc_fid:pca:pc5; gc_fid:pls:bp_20:lv1; gc_fid:pls:bp_20:lv2; gc_fid:pls:bp_20:lv3; gc_fid:pls:bp_20:lv4; gc_fid:pls:bp_35:lv1; gc_fid:pls:bp_35:lv2; gc_fid:pls:bp_35:lv3,gc_fid:pca:pc1(1.000); gc_fid:pca:pc2(1.000); gc_fid:pca:pc3(1.000); gc_fid:pca:pc4(1.000); gc_fid:pca:pc5(1.000); gc_fid:pls:bp_20:lv1(1.000); gc_fid:pls:bp_20:lv2(1.000); gc_fid:pls:bp_20:lv3(1.000),petroleum_fraction_db_065,saturates,analysis_only,equal_weight
4,petroleum_fraction_db_063,0.566952,86.55688622754492,74,gc_fid:pca:pc1; gc_fid:pca:pc2; gc_fid:pca:pc3; gc_fid:pca:pc4; gc_fid:pca:pc5; gc_fid:pls:bp_20:lv1; gc_fid:pls:bp_20:lv2; gc_fid:pls:bp_20:lv3; gc_fid:pls:bp_20:lv4; gc_fid:pls:bp_35:lv1; gc_fid:pls:bp_35:lv2; gc_fid:pls:bp_35:lv3,gc_fid:pca:pc1(1.000); gc_fid:pca:pc2(1.000); gc_fid:pca:pc3(1.000); gc_fid:pca:pc4(1.000); gc_fid:pca:pc5(1.000); gc_fid:pls:bp_20:lv1(1.000); gc_fid:pls:bp_20:lv2(1.000); gc_fid:pls:bp_20:lv3(1.000),petroleum_fraction_db_065,saturates,analysis_only,equal_weight
1,petroleum_fraction_db_010,0.377439,88.04270462633271,74,gc_fid:pca:pc1; gc_fid:pca:pc2; gc_fid:pca:pc3; gc_fid:pca:pc4; gc_fid:pca:pc5; gc_fid:pls:bp_20:lv1; gc_fid:pls:bp_20:lv2; gc_fid:pls:bp_20:lv3; gc_fid:pls:bp_20:lv4; gc_fid:pls:bp_35:lv1; gc_fid:pls:bp_35:lv2; gc_fid:pls:bp_35:lv3,ir:weighted_x_q90(0.703); ir_spectrum:pls:density_20c:lv1(0.668); ir_spectrum:pls:saturates:lv1(0.668); ir_spectrum:pca:pc1(0.656); ir:weighted_x_mean(0.613); ir_spectrum:pls:bp_80:lv1(0.577); ir_spectrum:pls:saturates:lv2(0.568); ir:weighted_x_q50(0.567),petroleum_fraction_db_065,saturates,analysis_only,correlation_weighted
2,petroleum_fraction_db_009,0.439298,88.64878937776648,74,gc_fid:pca:pc1; gc_fid:pca:pc2; gc_fid:pca:pc3; gc_fid:pca:pc4; gc_fid:pca:pc5; gc_fid:pls:bp_20:lv1; gc_fid:pls:bp_20:lv2; gc_fid:pls:bp_20:lv3; gc_fid:pls:bp_20:lv4; gc_fid:pls:bp_35:lv1; gc_fid:pls:bp_35:lv2; gc_fid:pls:bp_35:lv3,ir:weighted_x_q90(0.703); ir_spectrum:pls:density_20c:lv1(0.668); ir_spectrum:pls:saturates:lv1(0.668); ir_spectrum:pca:pc1(0.656); ir:weighted_x_mean(0.613); ir_spectrum:pls:bp_80:lv1(0.577); ir_spectrum:pls:saturates:lv2(0.568); ir:weighted_x_q50(0.567),petroleum_fraction_db_065,saturates,analysis_only,correlation_weighted
3,petroleum_fraction_db_063,0.488187,86.55688622754492,74,gc_fid:pca:pc1; gc_fid:pca:pc2; gc_fid:pca:pc3; gc_fid:pca:pc4; gc_fid:pca:pc5; gc_fid:pls:bp_20:lv1; gc_fid:pls:bp_20:lv2; gc_fid:pls:bp_20:lv3; gc_fid:pls:bp_20:lv4; gc_fid:pls:bp_35:lv1; gc_fid:pls:bp_35:lv2; gc_fid:pls:bp_35:lv3,ir:weighted_x_q90(0.703); ir_spectrum:pls:density_20c:lv1(0.668); ir_spectrum:pls:saturates:lv1(0.668); ir_spectrum:pca:pc1(0.656); ir:weighted_x_mean(0.613); ir_spectrum:pls:bp_80:lv1(0.577); ir_spectrum:pls:saturates:lv2(0.568); ir:weighted_x_q50(0.567),petroleum_fraction_db_065,saturates,analysis_only,correlation_weighted
4,petroleum_fraction_db_058,0.509736,88.38697708932376,74,gc_fid:pca:pc1; gc_fid:pca:pc2; gc_fid:pca:pc3; gc_fid:pca:pc4; gc_fid:pca:pc5; gc_fid:pls:bp_20:lv1; gc_fid:pls:bp_20:lv2; gc_fid:pls:bp_20:lv3; gc_fid:pls:bp_20:lv4; gc_fid:pls:bp_35:lv1; gc_fid:pls:bp_35:lv2; gc_fid:pls:bp_35:lv3,ir:weighted_x_q90(0.703); ir_spectrum:pls:density_20c:lv1(0.668); ir_spectrum:pls:saturates:lv1(0.668); ir_spectrum:pca:pc1(0.656); ir:weighted_x_mean(0.613); ir_spectrum:pls:bp_80:lv1(0.577); ir_spectrum:pls:saturates:lv2(0.568); ir:weighted_x_q50(0.567),petroleum_fraction_db_065,saturates,analysis_only,correlation_weighted
1,petroleum_fraction_db_010,0.402499,88.04270462633271,80,bulk_property:bp_20; bulk_property:bp_35; bulk_property:bp_50; bulk_property:bp_65; bulk_property:bp_80; bulk_property:density_20c; gc_fid:pca:pc1; gc_fid:pca:pc2; gc_fid:pca:pc3; gc_fid:pca:pc4; gc_fid:pca:pc5; gc_fid:pls:bp_20:lv1,bulk_property:bp_20(1.000); bulk_property:bp_35(1.000); bulk_property:bp_50(1.000); bulk_property:bp_65(1.000); bulk_property:bp_80(1.000); bulk_property:density_20c(1.000); gc_fid:pca:pc1(1.000); gc_fid:pca:pc2(1.000),petroleum_fraction_db_065,saturates,analysis_plus_non_target_bulk,equal_weight
2,petroleum_fraction_db_009,0.45471,88.64878937776648,80,bulk_property:bp_20; bulk_property:bp_35; bulk_property:bp_50; bulk_property:bp_65; bulk_property:bp_80; bulk_property:density_20c; gc_fid:pca:pc1; gc_fid:pca:pc2; gc_fid:pca:pc3; gc_fid:pca:pc4; gc_fid:pca:pc5; gc_fid:pls:bp_20:lv1,bulk_property:bp_20(1.000); bulk_property:bp_35(1.000); bulk_property:bp_50(1.000); bulk_property:bp_65(1.000); bulk_property:bp_80(1.000); bulk_property:density_20c(1.000); gc_fid:pca:pc1(1.000); gc_fid:pca:pc2(1.000),petroleum_fraction_db_065,saturates,analysis_plus_non_target_bulk,equal_weight
3,petroleum_fraction_db_058,0.501106,88.38697708932376,80,bulk_property:bp_20; bulk_property:bp_35; bulk_property:bp_50; bulk_property:bp_65; bulk_property:bp_80; bulk_property:density_20c; gc_fid:pca:pc1; gc_fid:pca:pc2; gc_fid:pca:pc3; gc_fid:pca:pc4; gc_fid:pca:pc5; gc_fid:pls:bp_20:lv1,bulk_property:bp_20(1.000); bulk_property:bp_35(1.000); bulk_property:bp_50(1.000); bulk_property:bp_65(1.000); bulk_property:bp_80(1.000); bulk_property:density_20c(1.000); gc_fid:pca:pc1(1.000); gc_fid:pca:pc2(1.000),petroleum_fraction_db_065,saturates,analysis_plus_non_target_bulk,equal_weight
4,petroleum_fraction_db_063,0.555774,86.55688622754492,80,bulk_property:bp_20; bulk_property:bp_35; bulk_property:bp_50; bulk_property:bp_65; bulk_property:bp_80; bulk_property:density_20c; gc_fid:pca:pc1; gc_fid:pca:pc2; gc_fid:pca:pc3; gc_fid:pca:pc4; gc_fid:pca:pc5; gc_fid:pls:bp_20:lv1,bulk_property:bp_20(1.000); bulk_property:bp_35(1.000); bulk_property:bp_50(1.000); bulk_property:bp_65(1.000); bulk_property:bp_80(1.000); bulk_property:density_20c(1.000); gc_fid:pca:pc1(1.000); gc_fid:pca:pc2(1.000),petroleum_fraction_db_065,saturates,analysis_plus_non_target_bulk,equal_weight
1,petroleum_fraction_db_010,0.375738,88.04270462633271,80,bulk_property:bp_20; bulk_property:bp_35; bulk_property:bp_50; bulk_property:bp_65; bulk_property:bp_80; bulk_property:density_20c; gc_fid:pca:pc1; gc_fid:pca:pc2; gc_fid:pca:pc3; gc_fid:pca:pc4; gc_fid:pca:pc5; gc_fid:pls:bp_20:lv1,bulk_property:density_20c(0.895); ir:weighted_x_q90(0.703); ir_spectrum:pls:density_20c:lv1(0.668); ir_spectrum:pls:saturates:lv1(0.668); ir_spectrum:pca:pc1(0.656); ir:weighted_x_mean(0.613); ir_spectrum:pls:bp_80:lv1(0.577); ir_spectrum:pls:saturates:lv2(0.568),petroleum_fraction_db_065,saturates,analysis_plus_non_target_bulk,correlation_weighted
2,petroleum_fraction_db_009,0.418591,88.64878937776648,80,bulk_property:bp_20; bulk_property:bp_35; bulk_property:bp_50; bulk_property:bp_65; bulk_property:bp_80; bulk_property:density_20c; gc_fid:pca:pc1; gc_fid:pca:pc2; gc_fid:pca:pc3; gc_fid:pca:pc4; gc_fid:pca:pc5; gc_fid:pls:bp_20:lv1,bulk_property:density_20c(0.895); ir:weighted_x_q90(0.703); ir_spectrum:pls:density_20c:lv1(0.668); ir_spectrum:pls:saturates:lv1(0.668); ir_spectrum:pca:pc1(0.656); ir:weighted_x_mean(0.613); ir_spectrum:pls:bp_80:lv1(0.577); ir_spectrum:pls:saturates:lv2(0.568),petroleum_fraction_db_065,saturates,analysis_plus_non_target_bulk,correlation_weighted
3,petroleum_fraction_db_063,0.481747,86.55688622754492,80,bulk_property:bp_20; bulk_property:bp_35; bulk_property:bp_50; bulk_property:bp_65; bulk_property:bp_80; bulk_property:density_20c; gc_fid:pca:pc1; gc_fid:pca:pc2; gc_fid:pca:pc3; gc_fid:pca:pc4; gc_fid:pca:pc5; gc_fid:pls:bp_20:lv1,bulk_property:density_20c(0.895); ir:weighted_x_q90(0.703); ir_spectrum:pls:density_20c:lv1(0.668); ir_spectrum:pls:saturates:lv1(0.668); ir_spectrum:pca:pc1(0.656); ir:weighted_x_mean(0.613); ir_spectrum:pls:bp_80:lv1(0.577); ir_spectrum:pls:saturates:lv2(0.568),petroleum_fraction_db_065,saturates,analysis_plus_non_target_bulk,correlation_weighted
4,petroleum_fraction_db_058,0.494186,88.38697708932376,80,bulk_property:bp_20; bulk_property:bp_35; bulk_property:bp_50; bulk_property:bp_65; bulk_property:bp_80; bulk_property:density_20c; gc_fid:pca:pc1; gc_fid:pca:pc2; gc_fid:pca:pc3; gc_fid:pca:pc4; gc_fid:pca:pc5; gc_fid:pls:bp_20:lv1,bulk_property:density_20c(0.895); ir:weighted_x_q90(0.703); ir_spectrum:pls:density_20c:lv1(0.668); ir_spectrum:pls:saturates:lv1(0.668); ir_spectrum:pca:pc1(0.656); ir:weighted_x_mean(0.613); ir_spectrum:pls:bp_80:lv1(0.577); ir_spectrum:pls:saturates:lv2(0.568),petroleum_fraction_db_065,saturates,analysis_plus_non_target_bulk,correlation_weighted
1,petroleum_fraction_db_010,0.402949,336.4,74,gc_fid:pca:pc1; gc_fid:pca:pc2; gc_fid:pca:pc3; gc_fid:pca:pc4; gc_fid:pca:pc5; gc_fid:pls:bp_20:lv1; gc_fid:pls:bp_20:lv2; gc_fid:pls:bp_20:lv3; gc_fid:pls:bp_20:lv4; gc_fid:pls:bp_35:lv1; gc_fid:pls:bp_35:lv2; gc_fid:pls:bp_35:lv3,gc_fid:pca:pc1(1.000); gc_fid:pca:pc2(1.000); gc_fid:pca:pc3(1.000); gc_fid:pca:pc4(1.000); gc_fid:pca:pc5(1.000); gc_fid:pls:bp_20:lv1(1.000); gc_fid:pls:bp_20:lv2(1.000); gc_fid:pls:bp_20:lv3(1.000),petroleum_fraction_db_065,BP_20,analysis_only,equal_weight
2,petroleum_fraction_db_009,0.471488,358.4,74,gc_fid:pca:pc1; gc_fid:pca:pc2; gc_fid:pca:pc3; gc_fid:pca:pc4; gc_fid:pca:pc5; gc_fid:pls:bp_20:lv1; gc_fid:pls:bp_20:lv2; gc_fid:pls:bp_20:lv3; gc_fid:pls:bp_20:lv4; gc_fid:pls:bp_35:lv1; gc_fid:pls:bp_35:lv2; gc_fid:pls:bp_35:lv3,gc_fid:pca:pc1(1.000); gc_fid:pca:pc2(1.000); gc_fid:pca:pc3(1.000); gc_fid:pca:pc4(1.000); gc_fid:pca:pc5(1.000); gc_fid:pls:bp_20:lv1(1.000); gc_fid:pls:bp_20:lv2(1.000); gc_fid:pls:bp_20:lv3(1.000),petroleum_fraction_db_065,BP_20,analysis_only,equal_weight
3,petroleum_fraction_db_058,0.511656,374.0,74,gc_fid:pca:pc1; gc_fid:pca:pc2; gc_fid:pca:pc3; gc_fid:pca:pc4; gc_fid:pca:pc5; gc_fid:pls:bp_20:lv1; gc_fid:pls:bp_20:lv2; gc_fid:pls:bp_20:lv3; gc_fid:pls:bp_20:lv4; gc_fid:pls:bp_35:lv1; gc_fid:pls:bp_35:lv2; gc_fid:pls:bp_35:lv3,gc_fid:pca:pc1(1.000); gc_fid:pca:pc2(1.000); gc_fid:pca:pc3(1.000); gc_fid:pca:pc4(1.000); gc_fid:pca:pc5(1.000); gc_fid:pls:bp_20:lv1(1.000); gc_fid:pls:bp_20:lv2(1.000); gc_fid:pls:bp_20:lv3(1.000),petroleum_fraction_db_065,BP_20,analysis_only,equal_weight
4,petroleum_fraction_db_063,0.566952,343.0,74,gc_fid:pca:pc1; gc_fid:pca:pc2; gc_fid:pca:pc3; gc_fid:pca:pc4; gc_fid:pca:pc5; gc_fid:pls:bp_20:lv1; gc_fid:pls:bp_20:lv2; gc_fid:pls:bp_20:lv3; gc_fid:pls:bp_20:lv4; gc_fid:pls:bp_35:lv1; gc_fid:pls:bp_35:lv2; gc_fid:pls:bp_35:lv3,gc_fid:pca:pc1(1.000); gc_fid:pca:pc2(1.000); gc_fid:pca:pc3(1.000); gc_fid:pca:pc4(1.000); gc_fid:pca:pc5(1.000); gc_fid:pls:bp_20:lv1(1.000); gc_fid:pls:bp_20:lv2(1.000); gc_fid:pls:bp_20:lv3(1.000),petroleum_fraction_db_065,BP_20,analysis_only,equal_weight
1,petroleum_fraction_db_010,0.397522,336.4,74,gc_fid:pca:pc1; gc_fid:pca:pc2; gc_fid:pca:pc3; gc_fid:pca:pc4; gc_fid:pca:pc5; gc_fid:pls:bp_20:lv1; gc_fid:pls:bp_20:lv2; gc_fid:pls:bp_20:lv3; gc_fid:pls:bp_20:lv4; gc_fid:pls:bp_35:lv1; gc_fid:pls:bp_35:lv2; gc_fid:pls:bp_35:lv3,gc_fid:pls:density_20c:lv1(0.948); gc_fid:pls:bp_20:lv1(0.940); gc_fid:pls:bp_35:lv1(0.939); gc_fid:pls:bp_50:lv1(0.938); gc_fid:pls:bp_65:lv1(0.936); gc_fid:pls:bp_80:lv1(0.934); gc_fid:pls:saturates:lv1(0.928); gc_fid:pca:pc1(0.914),petroleum_fraction_db_065,BP_20,analysis_only,correlation_weighted
2,petroleum_fraction_db_009,0.410967,358.4,74,gc_fid:pca:pc1; gc_fid:pca:pc2; gc_fid:pca:pc3; gc_fid:pca:pc4; gc_fid:pca:pc5; gc_fid:pls:bp_20:lv1; gc_fid:pls:bp_20:lv2; gc_fid:pls:bp_20:lv3; gc_fid:pls:bp_20:lv4; gc_fid:pls:bp_35:lv1; gc_fid:pls:bp_35:lv2; gc_fid:pls:bp_35:lv3,gc_fid:pls:density_20c:lv1(0.948); gc_fid:pls:bp_20:lv1(0.940); gc_fid:pls:bp_35:lv1(0.939); gc_fid:pls:bp_50:lv1(0.938); gc_fid:pls:bp_65:lv1(0.936); gc_fid:pls:bp_80:lv1(0.934); gc_fid:pls:saturates:lv1(0.928); gc_fid:pca:pc1(0.914),petroleum_fraction_db_065,BP_20,analysis_only,correlation_weighted
3,petroleum_fraction_db_058,0.462325,374.0,74,gc_fid:pca:pc1; gc_fid:pca:pc2; gc_fid:pca:pc3; gc_fid:pca:pc4; gc_fid:pca:pc5; gc_fid:pls:bp_20:lv1; gc_fid:pls:bp_20:lv2; gc_fid:pls:bp_20:lv3; gc_fid:pls:bp_20:lv4; gc_fid:pls:bp_35:lv1; gc_fid:pls:bp_35:lv2; gc_fid:pls:bp_35:lv3,gc_fid:pls:density_20c:lv1(0.948); gc_fid:pls:bp_20:lv1(0.940); gc_fid:pls:bp_35:lv1(0.939); gc_fid:pls:bp_50:lv1(0.938); gc_fid:pls:bp_65:lv1(0.936); gc_fid:pls:bp_80:lv1(0.934); gc_fid:pls:saturates:lv1(0.928); gc_fid:pca:pc1(0.914),petroleum_fraction_db_065,BP_20,analysis_only,correlation_weighted
4,petroleum_fraction_db_033,0.530062,368.0,74,gc_fid:pca:pc1; gc_fid:pca:pc2; gc_fid:pca:pc3; gc_fid:pca:pc4; gc_fid:pca:pc5; gc_fid:pls:bp_20:lv1; gc_fid:pls:bp_20:lv2; gc_fid:pls:bp_20:lv3; gc_fid:pls:bp_20:lv4; gc_fid:pls:bp_35:lv1; gc_fid:pls:bp_35:lv2; gc_fid:pls:bp_35:lv3,gc_fid:pls:density_20c:lv1(0.948); gc_fid:pls:bp_20:lv1(0.940); gc_fid:pls:bp_35:lv1(0.939); gc_fid:pls:bp_50:lv1(0.938); gc_fid:pls:bp_65:lv1(0.936); gc_fid:pls:bp_80:lv1(0.934); gc_fid:pls:saturates:lv1(0.928); gc_fid:pca:pc1(0.914),petroleum_fraction_db_065,BP_20,analysis_only,correlation_weighted
1,petroleum_fraction_db_010,0.39901,336.4,80,bulk_property:bp_35; bulk_property:bp_50; bulk_property:bp_65; bulk_property:bp_80; bulk_property:density_20c; bulk_property:saturates; gc_fid:pca:pc1; gc_fid:pca:pc2; gc_fid:pca:pc3; gc_fid:pca:pc4; gc_fid:pca:pc5; gc_fid:pls:bp_20:lv1,bulk_property:bp_35(1.000); bulk_property:bp_50(1.000); bulk_property:bp_65(1.000); bulk_property:bp_80(1.000); bulk_property:density_20c(1.000); bulk_property:saturates(1.000); gc_fid:pca:pc1(1.000); gc_fid:pca:pc2(1.000),petroleum_fraction_db_065,BP_20,analysis_plus_non_target_bulk,equal_weight
2,petroleum_fraction_db_009,0.45492,358.4,80,bulk_property:bp_35; bulk_property:bp_50; bulk_property:bp_65; bulk_property:bp_80; bulk_property:density_20c; bulk_property:saturates; gc_fid:pca:pc1; gc_fid:pca:pc2; gc_fid:pca:pc3; gc_fid:pca:pc4; gc_fid:pca:pc5; gc_fid:pls:bp_20:lv1,bulk_property:bp_35(1.000); bulk_property:bp_50(1.000); bulk_property:bp_65(1.000); bulk_property:bp_80(1.000); bulk_property:density_20c(1.000); bulk_property:saturates(1.000); gc_fid:pca:pc1(1.000); gc_fid:pca:pc2(1.000),petroleum_fraction_db_065,BP_20,analysis_plus_non_target_bulk,equal_weight
3,petroleum_fraction_db_058,0.501303,374.0,80,bulk_property:bp_35; bulk_property:bp_50; bulk_property:bp_65; bulk_property:bp_80; bulk_property:density_20c; bulk_property:saturates; gc_fid:pca:pc1; gc_fid:pca:pc2; gc_fid:pca:pc3; gc_fid:pca:pc4; gc_fid:pca:pc5; gc_fid:pls:bp_20:lv1,bulk_property:bp_35(1.000); bulk_property:bp_50(1.000); bulk_property:bp_65(1.000); bulk_property:bp_80(1.000); bulk_property:density_20c(1.000); bulk_property:saturates(1.000); gc_fid:pca:pc1(1.000); gc_fid:pca:pc2(1.000),petroleum_fraction_db_065,BP_20,analysis_plus_non_target_bulk,equal_weight
4,petroleum_fraction_db_063,0.555084,343.0,80,bulk_property:bp_35; bulk_property:bp_50; bulk_property:bp_65; bulk_property:bp_80; bulk_property:density_20c; bulk_property:saturates; gc_fid:pca:pc1; gc_fid:pca:pc2; gc_fid:pca:pc3; gc_fid:pca:pc4; gc_fid:pca:pc5; gc_fid:pls:bp_20:lv1,bulk_property:bp_35(1.000); bulk_property:bp_50(1.000); bulk_property:bp_65(1.000); bulk_property:bp_80(1.000); bulk_property:density_20c(1.000); bulk_property:saturates(1.000); gc_fid:pca:pc1(1.000); gc_fid:pca:pc2(1.000),petroleum_fraction_db_065,BP_20,analysis_plus_non_target_bulk,equal_weight
1,petroleum_fraction_db_009,0.382282,358.4,80,bulk_property:bp_35; bulk_property:bp_50; bulk_property:bp_65; bulk_property:bp_80; bulk_property:density_20c; bulk_property:saturates; gc_fid:pca:pc1; gc_fid:pca:pc2; gc_fid:pca:pc3; gc_fid:pca:pc4; gc_fid:pca:pc5; gc_fid:pls:bp_20:lv1,bulk_property:bp_35(1.040); bulk_property:bp_50(1.015); bulk_property:bp_65(0.986); gc_fid:pls:density_20c:lv1(0.948); gc_fid:pls:bp_20:lv1(0.940); gc_fid:pls:bp_35:lv1(0.939); bulk_property:bp_80(0.939); gc_fid:pls:bp_50:lv1(0.938),petroleum_fraction_db_065,BP_20,analysis_plus_non_target_bulk,correlation_weighted
2,petroleum_fraction_db_010,0.39638,336.4,80,bulk_property:bp_35; bulk_property:bp_50; bulk_property:bp_65; bulk_property:bp_80; bulk_property:density_20c; bulk_property:saturates; gc_fid:pca:pc1; gc_fid:pca:pc2; gc_fid:pca:pc3; gc_fid:pca:pc4; gc_fid:pca:pc5; gc_fid:pls:bp_20:lv1,bulk_property:bp_35(1.040); bulk_property:bp_50(1.015); bulk_property:bp_65(0.986); gc_fid:pls:density_20c:lv1(0.948); gc_fid:pls:bp_20:lv1(0.940); gc_fid:pls:bp_35:lv1(0.939); bulk_property:bp_80(0.939); gc_fid:pls:bp_50:lv1(0.938),petroleum_fraction_db_065,BP_20,analysis_plus_non_target_bulk,correlation_weighted
3,petroleum_fraction_db_058,0.452616,374.0,80,bulk_property:bp_35; bulk_property:bp_50; bulk_property:bp_65; bulk_property:bp_80; bulk_property:density_20c; bulk_property:saturates; gc_fid:pca:pc1; gc_fid:pca:pc2; gc_fid:pca:pc3; gc_fid:pca:pc4; gc_fid:pca:pc5; gc_fid:pls:bp_20:lv1,bulk_property:bp_35(1.040); bulk_property:bp_50(1.015); bulk_property:bp_65(0.986); gc_fid:pls:density_20c:lv1(0.948); gc_fid:pls:bp_20:lv1(0.940); gc_fid:pls:bp_35:lv1(0.939); bulk_property:bp_80(0.939); gc_fid:pls:bp_50:lv1(0.938),petroleum_fraction_db_065,BP_20,analysis_plus_non_target_bulk,correlation_weighted
4,petroleum_fraction_db_026,0.497866,351.2,39,bulk_property:bp_35; bulk_property:bp_50; bulk_property:bp_65; bulk_property:bp_80; bulk_property:density_20c; bulk_property:saturates; gc_fid:pca:pc1; gc_fid:pca:pc2; gc_fid:pca:pc3; gc_fid:pca:pc4; gc_fid:pca:pc5; gc_fid:pls:bp_20:lv1,bulk_property:bp_35(1.040); bulk_property:bp_50(1.015); bulk_property:bp_65(0.986); gc_fid:pls:density_20c:lv1(0.948); gc_fid:pls:bp_20:lv1(0.940); gc_fid:pls:bp_35:lv1(0.939); bulk_property:bp_80(0.939); gc_fid:pls:bp_50:lv1(0.938),petroleum_fraction_db_065,BP_20,analysis_plus_non_target_bulk,correlation_weighted
1,petroleum_fraction_db_010,0.402949,352.0,74,gc_fid:pca:pc1; gc_fid:pca:pc2; gc_fid:pca:pc3; gc_fid:pca:pc4; gc_fid:pca:pc5; gc_fid:pls:bp_20:lv1; gc_fid:pls:bp_20:lv2; gc_fid:pls:bp_20:lv3; gc_fid:pls:bp_20:lv4; gc_fid:pls:bp_35:lv1; gc_fid:pls:bp_35:lv2; gc_fid:pls:bp_35:lv3,gc_fid:pca:pc1(1.000); gc_fid:pca:pc2(1.000); gc_fid:pca:pc3(1.000); gc_fid:pca:pc4(1.000); gc_fid:pca:pc5(1.000); gc_fid:pls:bp_20:lv1(1.000); gc_fid:pls:bp_20:lv2(1.000); gc_fid:pls:bp_20:lv3(1.000),petroleum_fraction_db_065,BP_35,analysis_only,equal_weight
2,petroleum_fraction_db_009,0.471488,378.0,74,gc_fid:pca:pc1; gc_fid:pca:pc2; gc_fid:pca:pc3; gc_fid:pca:pc4; gc_fid:pca:pc5; gc_fid:pls:bp_20:lv1; gc_fid:pls:bp_20:lv2; gc_fid:pls:bp_20:lv3; gc_fid:pls:bp_20:lv4; gc_fid:pls:bp_35:lv1; gc_fid:pls:bp_35:lv2; gc_fid:pls:bp_35:lv3,gc_fid:pca:pc1(1.000); gc_fid:pca:pc2(1.000); gc_fid:pca:pc3(1.000); gc_fid:pca:pc4(1.000); gc_fid:pca:pc5(1.000); gc_fid:pls:bp_20:lv1(1.000); gc_fid:pls:bp_20:lv2(1.000); gc_fid:pls:bp_20:lv3(1.000),petroleum_fraction_db_065,BP_35,analysis_only,equal_weight
3,petroleum_fraction_db_058,0.511656,395.2,74,gc_fid:pca:pc1; gc_fid:pca:pc2; gc_fid:pca:pc3; gc_fid:pca:pc4; gc_fid:pca:pc5; gc_fid:pls:bp_20:lv1; gc_fid:pls:bp_20:lv2; gc_fid:pls:bp_20:lv3; gc_fid:pls:bp_20:lv4; gc_fid:pls:bp_35:lv1; gc_fid:pls:bp_35:lv2; gc_fid:pls:bp_35:lv3,gc_fid:pca:pc1(1.000); gc_fid:pca:pc2(1.000); gc_fid:pca:pc3(1.000); gc_fid:pca:pc4(1.000); gc_fid:pca:pc5(1.000); gc_fid:pls:bp_20:lv1(1.000); gc_fid:pls:bp_20:lv2(1.000); gc_fid:pls:bp_20:lv3(1.000),petroleum_fraction_db_065,BP_35,analysis_only,equal_weight
4,petroleum_fraction_db_063,0.566952,375.6,74,gc_fid:pca:pc1; gc_fid:pca:pc2; gc_fid:pca:pc3; gc_fid:pca:pc4; gc_fid:pca:pc5; gc_fid:pls:bp_20:lv1; gc_fid:pls:bp_20:lv2; gc_fid:pls:bp_20:lv3; gc_fid:pls:bp_20:lv4; gc_fid:pls:bp_35:lv1; gc_fid:pls:bp_35:lv2; gc_fid:pls:bp_35:lv3,gc_fid:pca:pc1(1.000); gc_fid:pca:pc2(1.000); gc_fid:pca:pc3(1.000); gc_fid:pca:pc4(1.000); gc_fid:pca:pc5(1.000); gc_fid:pls:bp_20:lv1(1.000); gc_fid:pls:bp_20:lv2(1.000); gc_fid:pls:bp_20:lv3(1.000),petroleum_fraction_db_065,BP_35,analysis_only,equal_weight
1,petroleum_fraction_db_010,0.394826,352.0,74,gc_fid:pca:pc1; gc_fid:pca:pc2; gc_fid:pca:pc3; gc_fid:pca:pc4; gc_fid:pca:pc5; gc_fid:pls:bp_20:lv1; gc_fid:pls:bp_20:lv2; gc_fid:pls:bp_20:lv3; gc_fid:pls:bp_20:lv4; gc_fid:pls:bp_35:lv1; gc_fid:pls:bp_35:lv2; gc_fid:pls:bp_35:lv3,gc_fid:pls:density_20c:lv1(0.967); gc_fid:pls:bp_35:lv1(0.949); gc_fid:pls:saturates:lv1(0.948); gc_fid:pls:bp_20:lv1(0.948); gc_fid:pls:bp_50:lv1(0.948); gc_fid:pls:bp_65:lv1(0.947); gc_fid:pls:bp_80:lv1(0.946); gc_fid:pca:pc1(0.921),petroleum_fraction_db_065,BP_35,analysis_only,correlation_weighted
2,petroleum_fraction_db_009,0.406616,378.0,74,gc_fid:pca:pc1; gc_fid:pca:pc2; gc_fid:pca:pc3; gc_fid:pca:pc4; gc_fid:pca:pc5; gc_fid:pls:bp_20:lv1; gc_fid:pls:bp_20:lv2; gc_fid:pls:bp_20:lv3; gc_fid:pls:bp_20:lv4; gc_fid:pls:bp_35:lv1; gc_fid:pls:bp_35:lv2; gc_fid:pls:bp_35:lv3,gc_fid:pls:density_20c:lv1(0.967); gc_fid:pls:bp_35:lv1(0.949); gc_fid:pls:saturates:lv1(0.948); gc_fid:pls:bp_20:lv1(0.948); gc_fid:pls:bp_50:lv1(0.948); gc_fid:pls:bp_65:lv1(0.947); gc_fid:pls:bp_80:lv1(0.946); gc_fid:pca:pc1(0.921),petroleum_fraction_db_065,BP_35,analysis_only,correlation_weighted
3,petroleum_fraction_db_058,0.466373,395.2,74,gc_fid:pca:pc1; gc_fid:pca:pc2; gc_fid:pca:pc3; gc_fid:pca:pc4; gc_fid:pca:pc5; gc_fid:pls:bp_20:lv1; gc_fid:pls:bp_20:lv2; gc_fid:pls:bp_20:lv3; gc_fid:pls:bp_20:lv4; gc_fid:pls:bp_35:lv1; gc_fid:pls:bp_35:lv2; gc_fid:pls:bp_35:lv3,gc_fid:pls:density_20c:lv1(0.967); gc_fid:pls:bp_35:lv1(0.949); gc_fid:pls:saturates:lv1(0.948); gc_fid:pls:bp_20:lv1(0.948); gc_fid:pls:bp_50:lv1(0.948); gc_fid:pls:bp_65:lv1(0.947); gc_fid:pls:bp_80:lv1(0.946); gc_fid:pca:pc1(0.921),petroleum_fraction_db_065,BP_35,analysis_only,correlation_weighted
4,petroleum_fraction_db_063,0.516407,375.6,74,gc_fid:pca:pc1; gc_fid:pca:pc2; gc_fid:pca:pc3; gc_fid:pca:pc4; gc_fid:pca:pc5; gc_fid:pls:bp_20:lv1; gc_fid:pls:bp_20:lv2; gc_fid:pls:bp_20:lv3; gc_fid:pls:bp_20:lv4; gc_fid:pls:bp_35:lv1; gc_fid:pls:bp_35:lv2; gc_fid:pls:bp_35:lv3,gc_fid:pls:density_20c:lv1(0.967); gc_fid:pls:bp_35:lv1(0.949); gc_fid:pls:saturates:lv1(0.948); gc_fid:pls:bp_20:lv1(0.948); gc_fid:pls:bp_50:lv1(0.948); gc_fid:pls:bp_65:lv1(0.947); gc_fid:pls:bp_80:lv1(0.946); gc_fid:pca:pc1(0.921),petroleum_fraction_db_065,BP_35,analysis_only,correlation_weighted
1,petroleum_fraction_db_010,0.399787,352.0,80,bulk_property:bp_20; bulk_property:bp_50; bulk_property:bp_65; bulk_property:bp_80; bulk_property:density_20c; bulk_property:saturates; gc_fid:pca:pc1; gc_fid:pca:pc2; gc_fid:pca:pc3; gc_fid:pca:pc4; gc_fid:pca:pc5; gc_fid:pls:bp_20:lv1,bulk_property:bp_20(1.000); bulk_property:bp_50(1.000); bulk_property:bp_65(1.000); bulk_property:bp_80(1.000); bulk_property:density_20c(1.000); bulk_property:saturates(1.000); gc_fid:pca:pc1(1.000); gc_fid:pca:pc2(1.000),petroleum_fraction_db_065,BP_35,analysis_plus_non_target_bulk,equal_weight
2,petroleum_fraction_db_009,0.455144,378.0,80,bulk_property:bp_20; bulk_property:bp_50; bulk_property:bp_65; bulk_property:bp_80; bulk_property:density_20c; bulk_property:saturates; gc_fid:pca:pc1; gc_fid:pca:pc2; gc_fid:pca:pc3; gc_fid:pca:pc4; gc_fid:pca:pc5; gc_fid:pls:bp_20:lv1,bulk_property:bp_20(1.000); bulk_property:bp_50(1.000); bulk_property:bp_65(1.000); bulk_property:bp_80(1.000); bulk_property:density_20c(1.000); bulk_property:saturates(1.000); gc_fid:pca:pc1(1.000); gc_fid:pca:pc2(1.000),petroleum_fraction_db_065,BP_35,analysis_plus_non_target_bulk,equal_weight
3,petroleum_fraction_db_058,0.50051,395.2,80,bulk_property:bp_20; bulk_property:bp_50; bulk_property:bp_65; bulk_property:bp_80; bulk_property:density_20c; bulk_property:saturates; gc_fid:pca:pc1; gc_fid:pca:pc2; gc_fid:pca:pc3; gc_fid:pca:pc4; gc_fid:pca:pc5; gc_fid:pls:bp_20:lv1,bulk_property:bp_20(1.000); bulk_property:bp_50(1.000); bulk_property:bp_65(1.000); bulk_property:bp_80(1.000); bulk_property:density_20c(1.000); bulk_property:saturates(1.000); gc_fid:pca:pc1(1.000); gc_fid:pca:pc2(1.000),petroleum_fraction_db_065,BP_35,analysis_plus_non_target_bulk,equal_weight
4,petroleum_fraction_db_063,0.556865,375.6,80,bulk_property:bp_20; bulk_property:bp_50; bulk_property:bp_65; bulk_property:bp_80; bulk_property:density_20c; bulk_property:saturates; gc_fid:pca:pc1; gc_fid:pca:pc2; gc_fid:pca:pc3; gc_fid:pca:pc4; gc_fid:pca:pc5; gc_fid:pls:bp_20:lv1,bulk_property:bp_20(1.000); bulk_property:bp_50(1.000); bulk_property:bp_65(1.000); bulk_property:bp_80(1.000); bulk_property:density_20c(1.000); bulk_property:saturates(1.000); gc_fid:pca:pc1(1.000); gc_fid:pca:pc2(1.000),petroleum_fraction_db_065,BP_35,analysis_plus_non_target_bulk,equal_weight
1,petroleum_fraction_db_009,0.378604,378.0,80,bulk_property:bp_20; bulk_property:bp_50; bulk_property:bp_65; bulk_property:bp_80; bulk_property:density_20c; bulk_property:saturates; gc_fid:pca:pc1; gc_fid:pca:pc2; gc_fid:pca:pc3; gc_fid:pca:pc4; gc_fid:pca:pc5; gc_fid:pls:bp_20:lv1,bulk_property:bp_20(1.040); bulk_property:bp_50(1.040); bulk_property:bp_65(1.020); bulk_property:bp_80(0.982); gc_fid:pls:density_20c:lv1(0.967); gc_fid:pls:bp_35:lv1(0.949); gc_fid:pls:saturates:lv1(0.948); gc_fid:pls:bp_20:lv1(0.948),petroleum_fraction_db_065,BP_35,analysis_plus_non_target_bulk,correlation_weighted
2,petroleum_fraction_db_010,0.395993,352.0,80,bulk_property:bp_20; bulk_property:bp_50; bulk_property:bp_65; bulk_property:bp_80; bulk_property:density_20c; bulk_property:saturates; gc_fid:pca:pc1; gc_fid:pca:pc2; gc_fid:pca:pc3; gc_fid:pca:pc4; gc_fid:pca:pc5; gc_fid:pls:bp_20:lv1,bulk_property:bp_20(1.040); bulk_property:bp_50(1.040); bulk_property:bp_65(1.020); bulk_property:bp_80(0.982); gc_fid:pls:density_20c:lv1(0.967); gc_fid:pls:bp_35:lv1(0.949); gc_fid:pls:saturates:lv1(0.948); gc_fid:pls:bp_20:lv1(0.948),petroleum_fraction_db_065,BP_35,analysis_plus_non_target_bulk,correlation_weighted
3,petroleum_fraction_db_058,0.453554,395.2,80,bulk_property:bp_20; bulk_property:bp_50; bulk_property:bp_65; bulk_property:bp_80; bulk_property:density_20c; bulk_property:saturates; gc_fid:pca:pc1; gc_fid:pca:pc2; gc_fid:pca:pc3; gc_fid:pca:pc4; gc_fid:pca:pc5; gc_fid:pls:bp_20:lv1,bulk_property:bp_20(1.040); bulk_property:bp_50(1.040); bulk_property:bp_65(1.020); bulk_property:bp_80(0.982); gc_fid:pls:density_20c:lv1(0.967); gc_fid:pls:bp_35:lv1(0.949); gc_fid:pls:saturates:lv1(0.948); gc_fid:pls:bp_20:lv1(0.948),petroleum_fraction_db_065,BP_35,analysis_plus_non_target_bulk,correlation_weighted
4,petroleum_fraction_db_063,0.50313,375.6,80,bulk_property:bp_20; bulk_property:bp_50; bulk_property:bp_65; bulk_property:bp_80; bulk_property:density_20c; bulk_property:saturates; gc_fid:pca:pc1; gc_fid:pca:pc2; gc_fid:pca:pc3; gc_fid:pca:pc4; gc_fid:pca:pc5; gc_fid:pls:bp_20:lv1,bulk_property:bp_20(1.040); bulk_property:bp_50(1.040); bulk_property:bp_65(1.020); bulk_property:bp_80(0.982); gc_fid:pls:density_20c:lv1(0.967); gc_fid:pls:bp_35:lv1(0.949); gc_fid:pls:saturates:lv1(0.948); gc_fid:pls:bp_20:lv1(0.948),petroleum_fraction_db_065,BP_35,analysis_plus_non_target_bulk,correlation_weighted
1,petroleum_fraction_db_010,0.402949,365.8,74,gc_fid:pca:pc1; gc_fid:pca:pc2; gc_fid:pca:pc3; gc_fid:pca:pc4; gc_fid:pca:pc5; gc_fid:pls:bp_20:lv1; gc_fid:pls:bp_20:lv2; gc_fid:pls:bp_20:lv3; gc_fid:pls:bp_20:lv4; gc_fid:pls:bp_35:lv1; gc_fid:pls:bp_35:lv2; gc_fid:pls:bp_35:lv3,gc_fid:pca:pc1(1.000); gc_fid:pca:pc2(1.000); gc_fid:pca:pc3(1.000); gc_fid:pca:pc4(1.000); gc_fid:pca:pc5(1.000); gc_fid:pls:bp_20:lv1(1.000); gc_fid:pls:bp_20:lv2(1.000); gc_fid:pls:bp_20:lv3(1.000),petroleum_fraction_db_065,BP_50,analysis_only,equal_weight
2,petroleum_fraction_db_009,0.471488,395.6,74,gc_fid:pca:pc1; gc_fid:pca:pc2; gc_fid:pca:pc3; gc_fid:pca:pc4; gc_fid:pca:pc5; gc_fid:pls:bp_20:lv1; gc_fid:pls:bp_20:lv2; gc_fid:pls:bp_20:lv3; gc_fid:pls:bp_20:lv4; gc_fid:pls:bp_35:lv1; gc_fid:pls:bp_35:lv2; gc_fid:pls:bp_35:lv3,gc_fid:pca:pc1(1.000); gc_fid:pca:pc2(1.000); gc_fid:pca:pc3(1.000); gc_fid:pca:pc4(1.000); gc_fid:pca:pc5(1.000); gc_fid:pls:bp_20:lv1(1.000); gc_fid:pls:bp_20:lv2(1.000); gc_fid:pls:bp_20:lv3(1.000),petroleum_fraction_db_065,BP_50,analysis_only,equal_weight
3,petroleum_fraction_db_058,0.511656,412.8,74,gc_fid:pca:pc1; gc_fid:pca:pc2; gc_fid:pca:pc3; gc_fid:pca:pc4; gc_fid:pca:pc5; gc_fid:pls:bp_20:lv1; gc_fid:pls:bp_20:lv2; gc_fid:pls:bp_20:lv3; gc_fid:pls:bp_20:lv4; gc_fid:pls:bp_35:lv1; gc_fid:pls:bp_35:lv2; gc_fid:pls:bp_35:lv3,gc_fid:pca:pc1(1.000); gc_fid:pca:pc2(1.000); gc_fid:pca:pc3(1.000); gc_fid:pca:pc4(1.000); gc_fid:pca:pc5(1.000); gc_fid:pls:bp_20:lv1(1.000); gc_fid:pls:bp_20:lv2(1.000); gc_fid:pls:bp_20:lv3(1.000),petroleum_fraction_db_065,BP_50,analysis_only,equal_weight
4,petroleum_fraction_db_063,0.566952,404.0,74,gc_fid:pca:pc1; gc_fid:pca:pc2; gc_fid:pca:pc3; gc_fid:pca:pc4; gc_fid:pca:pc5; gc_fid:pls:bp_20:lv1; gc_fid:pls:bp_20:lv2; gc_fid:pls:bp_20:lv3; gc_fid:pls:bp_20:lv4; gc_fid:pls:bp_35:lv1; gc_fid:pls:bp_35:lv2; gc_fid:pls:bp_35:lv3,gc_fid:pca:pc1(1.000); gc_fid:pca:pc2(1.000); gc_fid:pca:pc3(1.000); gc_fid:pca:pc4(1.000); gc_fid:pca:pc5(1.000); gc_fid:pls:bp_20:lv1(1.000); gc_fid:pls:bp_20:lv2(1.000); gc_fid:pls:bp_20:lv3(1.000),petroleum_fraction_db_065,BP_50,analysis_only,equal_weight
1,petroleum_fraction_db_010,0.392991,365.8,74,gc_fid:pca:pc1; gc_fid:pca:pc2; gc_fid:pca:pc3; gc_fid:pca:pc4; gc_fid:pca:pc5; gc_fid:pls:bp_20:lv1; gc_fid:pls:bp_20:lv2; gc_fid:pls:bp_20:lv3; gc_fid:pls:bp_20:lv4; gc_fid:pls:bp_35:lv1; gc_fid:pls:bp_35:lv2; gc_fid:pls:bp_35:lv3,gc_fid:pls:density_20c:lv1(0.977); gc_fid:pls:saturates:lv1(0.960); gc_fid:pls:bp_50:lv1(0.951); gc_fid:pls:bp_80:lv1(0.951); gc_fid:pls:bp_35:lv1(0.951); gc_fid:pls:bp_65:lv1(0.951); gc_fid:pls:bp_20:lv1(0.949); gc_fid:pca:pc1(0.923),petroleum_fraction_db_065,BP_50,analysis_only,correlation_weighted
2,petroleum_fraction_db_009,0.398719,395.6,74,gc_fid:pca:pc1; gc_fid:pca:pc2; gc_fid:pca:pc3; gc_fid:pca:pc4; gc_fid:pca:pc5; gc_fid:pls:bp_20:lv1; gc_fid:pls:bp_20:lv2; gc_fid:pls:bp_20:lv3; gc_fid:pls:bp_20:lv4; gc_fid:pls:bp_35:lv1; gc_fid:pls:bp_35:lv2; gc_fid:pls:bp_35:lv3,gc_fid:pls:density_20c:lv1(0.977); gc_fid:pls:saturates:lv1(0.960); gc_fid:pls:bp_50:lv1(0.951); gc_fid:pls:bp_80:lv1(0.951); gc_fid:pls:bp_35:lv1(0.951); gc_fid:pls:bp_65:lv1(0.951); gc_fid:pls:bp_20:lv1(0.949); gc_fid:pca:pc1(0.923),petroleum_fraction_db_065,BP_50,analysis_only,correlation_weighted
3,petroleum_fraction_db_058,0.470655,412.8,74,gc_fid:pca:pc1; gc_fid:pca:pc2; gc_fid:pca:pc3; gc_fid:pca:pc4; gc_fid:pca:pc5; gc_fid:pls:bp_20:lv1; gc_fid:pls:bp_20:lv2; gc_fid:pls:bp_20:lv3; gc_fid:pls:bp_20:lv4; gc_fid:pls:bp_35:lv1; gc_fid:pls:bp_35:lv2; gc_fid:pls:bp_35:lv3,gc_fid:pls:density_20c:lv1(0.977); gc_fid:pls:saturates:lv1(0.960); gc_fid:pls:bp_50:lv1(0.951); gc_fid:pls:bp_80:lv1(0.951); gc_fid:pls:bp_35:lv1(0.951); gc_fid:pls:bp_65:lv1(0.951); gc_fid:pls:bp_20:lv1(0.949); gc_fid:pca:pc1(0.923),petroleum_fraction_db_065,BP_50,analysis_only,correlation_weighted
4,petroleum_fraction_db_063,0.501005,404.0,74,gc_fid:pca:pc1; gc_fid:pca:pc2; gc_fid:pca:pc3; gc_fid:pca:pc4; gc_fid:pca:pc5; gc_fid:pls:bp_20:lv1; gc_fid:pls:bp_20:lv2; gc_fid:pls:bp_20:lv3; gc_fid:pls:bp_20:lv4; gc_fid:pls:bp_35:lv1; gc_fid:pls:bp_35:lv2; gc_fid:pls:bp_35:lv3,gc_fid:pls:density_20c:lv1(0.977); gc_fid:pls:saturates:lv1(0.960); gc_fid:pls:bp_50:lv1(0.951); gc_fid:pls:bp_80:lv1(0.951); gc_fid:pls:bp_35:lv1(0.951); gc_fid:pls:bp_65:lv1(0.951); gc_fid:pls:bp_20:lv1(0.949); gc_fid:pca:pc1(0.923),petroleum_fraction_db_065,BP_50,analysis_only,correlation_weighted
1,petroleum_fraction_db_010,0.400462,365.8,80,bulk_property:bp_20; bulk_property:bp_35; bulk_property:bp_65; bulk_property:bp_80; bulk_property:density_20c; bulk_property:saturates; gc_fid:pca:pc1; gc_fid:pca:pc2; gc_fid:pca:pc3; gc_fid:pca:pc4; gc_fid:pca:pc5; gc_fid:pls:bp_20:lv1,bulk_property:bp_20(1.000); bulk_property:bp_35(1.000); bulk_property:bp_65(1.000); bulk_property:bp_80(1.000); bulk_property:density_20c(1.000); bulk_property:saturates(1.000); gc_fid:pca:pc1(1.000); gc_fid:pca:pc2(1.000),petroleum_fraction_db_065,BP_50,analysis_plus_non_target_bulk,equal_weight
2,petroleum_fraction_db_009,0.455026,395.6,80,bulk_property:bp_20; bulk_property:bp_35; bulk_property:bp_65; bulk_property:bp_80; bulk_property:density_20c; bulk_property:saturates; gc_fid:pca:pc1; gc_fid:pca:pc2; gc_fid:pca:pc3; gc_fid:pca:pc4; gc_fid:pca:pc5; gc_fid:pls:bp_20:lv1,bulk_property:bp_20(1.000); bulk_property:bp_35(1.000); bulk_property:bp_65(1.000); bulk_property:bp_80(1.000); bulk_property:density_20c(1.000); bulk_property:saturates(1.000); gc_fid:pca:pc1(1.000); gc_fid:pca:pc2(1.000),petroleum_fraction_db_065,BP_50,analysis_plus_non_target_bulk,equal_weight
3,petroleum_fraction_db_058,0.499679,412.8,80,bulk_property:bp_20; bulk_property:bp_35; bulk_property:bp_65; bulk_property:bp_80; bulk_property:density_20c; bulk_property:saturates; gc_fid:pca:pc1; gc_fid:pca:pc2; gc_fid:pca:pc3; gc_fid:pca:pc4; gc_fid:pca:pc5; gc_fid:pls:bp_20:lv1,bulk_property:bp_20(1.000); bulk_property:bp_35(1.000); bulk_property:bp_65(1.000); bulk_property:bp_80(1.000); bulk_property:density_20c(1.000); bulk_property:saturates(1.000); gc_fid:pca:pc1(1.000); gc_fid:pca:pc2(1.000),petroleum_fraction_db_065,BP_50,analysis_plus_non_target_bulk,equal_weight
4,petroleum_fraction_db_063,0.55626,404.0,80,bulk_property:bp_20; bulk_property:bp_35; bulk_property:bp_65; bulk_property:bp_80; bulk_property:density_20c; bulk_property:saturates; gc_fid:pca:pc1; gc_fid:pca:pc2; gc_fid:pca:pc3; gc_fid:pca:pc4; gc_fid:pca:pc5; gc_fid:pls:bp_20:lv1,bulk_property:bp_20(1.000); bulk_property:bp_35(1.000); bulk_property:bp_65(1.000); bulk_property:bp_80(1.000); bulk_property:density_20c(1.000); bulk_property:saturates(1.000); gc_fid:pca:pc1(1.000); gc_fid:pca:pc2(1.000),petroleum_fraction_db_065,BP_50,analysis_plus_non_target_bulk,equal_weight
1,petroleum_fraction_db_009,0.370784,395.6,80,bulk_property:bp_20; bulk_property:bp_35; bulk_property:bp_65; bulk_property:bp_80; bulk_property:density_20c; bulk_property:saturates; gc_fid:pca:pc1; gc_fid:pca:pc2; gc_fid:pca:pc3; gc_fid:pca:pc4; gc_fid:pca:pc5; gc_fid:pls:bp_20:lv1,bulk_property:bp_65(1.042); bulk_property:bp_35(1.040); bulk_property:bp_80(1.018); bulk_property:bp_20(1.015); gc_fid:pls:density_20c:lv1(0.977); gc_fid:pls:saturates:lv1(0.960); gc_fid:pls:bp_50:lv1(0.951); gc_fid:pls:bp_80:lv1(0.951),petroleum_fraction_db_065,BP_50,analysis_plus_non_target_bulk,correlation_weighted
2,petroleum_fraction_db_010,0.39599,365.8,80,bulk_property:bp_20; bulk_property:bp_35; bulk_property:bp_65; bulk_property:bp_80; bulk_property:density_20c; bulk_property:saturates; gc_fid:pca:pc1; gc_fid:pca:pc2; gc_fid:pca:pc3; gc_fid:pca:pc4; gc_fid:pca:pc5; gc_fid:pls:bp_20:lv1,bulk_property:bp_65(1.042); bulk_property:bp_35(1.040); bulk_property:bp_80(1.018); bulk_property:bp_20(1.015); gc_fid:pls:density_20c:lv1(0.977); gc_fid:pls:saturates:lv1(0.960); gc_fid:pls:bp_50:lv1(0.951); gc_fid:pls:bp_80:lv1(0.951),petroleum_fraction_db_065,BP_50,analysis_plus_non_target_bulk,correlation_weighted
3,petroleum_fraction_db_058,0.45479,412.8,80,bulk_property:bp_20; bulk_property:bp_35; bulk_property:bp_65; bulk_property:bp_80; bulk_property:density_20c; bulk_property:saturates; gc_fid:pca:pc1; gc_fid:pca:pc2; gc_fid:pca:pc3; gc_fid:pca:pc4; gc_fid:pca:pc5; gc_fid:pls:bp_20:lv1,bulk_property:bp_65(1.042); bulk_property:bp_35(1.040); bulk_property:bp_80(1.018); bulk_property:bp_20(1.015); gc_fid:pls:density_20c:lv1(0.977); gc_fid:pls:saturates:lv1(0.960); gc_fid:pls:bp_50:lv1(0.951); gc_fid:pls:bp_80:lv1(0.951),petroleum_fraction_db_065,BP_50,analysis_plus_non_target_bulk,correlation_weighted
4,petroleum_fraction_db_063,0.487992,404.0,80,bulk_property:bp_20; bulk_property:bp_35; bulk_property:bp_65; bulk_property:bp_80; bulk_property:density_20c; bulk_property:saturates; gc_fid:pca:pc1; gc_fid:pca:pc2; gc_fid:pca:pc3; gc_fid:pca:pc4; gc_fid:pca:pc5; gc_fid:pls:bp_20:lv1,bulk_property:bp_65(1.042); bulk_property:bp_35(1.040); bulk_property:bp_80(1.018); bulk_property:bp_20(1.015); gc_fid:pls:density_20c:lv1(0.977); gc_fid:pls:saturates:lv1(0.960); gc_fid:pls:bp_50:lv1(0.951); gc_fid:pls:bp_80:lv1(0.951),petroleum_fraction_db_065,BP_50,analysis_plus_non_target_bulk,correlation_weighted
1,petroleum_fraction_db_010,0.402949,379.2,74,gc_fid:pca:pc1; gc_fid:pca:pc2; gc_fid:pca:pc3; gc_fid:pca:pc4; gc_fid:pca:pc5; gc_fid:pls:bp_20:lv1; gc_fid:pls:bp_20:lv2; gc_fid:pls:bp_20:lv3; gc_fid:pls:bp_20:lv4; gc_fid:pls:bp_35:lv1; gc_fid:pls:bp_35:lv2; gc_fid:pls:bp_35:lv3,gc_fid:pca:pc1(1.000); gc_fid:pca:pc2(1.000); gc_fid:pca:pc3(1.000); gc_fid:pca:pc4(1.000); gc_fid:pca:pc5(1.000); gc_fid:pls:bp_20:lv1(1.000); gc_fid:pls:bp_20:lv2(1.000); gc_fid:pls:bp_20:lv3(1.000),petroleum_fraction_db_065,BP_65,analysis_only,equal_weight
2,petroleum_fraction_db_009,0.471488,412.8,74,gc_fid:pca:pc1; gc_fid:pca:pc2; gc_fid:pca:pc3; gc_fid:pca:pc4; gc_fid:pca:pc5; gc_fid:pls:bp_20:lv1; gc_fid:pls:bp_20:lv2; gc_fid:pls:bp_20:lv3; gc_fid:pls:bp_20:lv4; gc_fid:pls:bp_35:lv1; gc_fid:pls:bp_35:lv2; gc_fid:pls:bp_35:lv3,gc_fid:pca:pc1(1.000); gc_fid:pca:pc2(1.000); gc_fid:pca:pc3(1.000); gc_fid:pca:pc4(1.000); gc_fid:pca:pc5(1.000); gc_fid:pls:bp_20:lv1(1.000); gc_fid:pls:bp_20:lv2(1.000); gc_fid:pls:bp_20:lv3(1.000),petroleum_fraction_db_065,BP_65,analysis_only,equal_weight
3,petroleum_fraction_db_058,0.511656,430.6,74,gc_fid:pca:pc1; gc_fid:pca:pc2; gc_fid:pca:pc3; gc_fid:pca:pc4; gc_fid:pca:pc5; gc_fid:pls:bp_20:lv1; gc_fid:pls:bp_20:lv2; gc_fid:pls:bp_20:lv3; gc_fid:pls:bp_20:lv4; gc_fid:pls:bp_35:lv1; gc_fid:pls:bp_35:lv2; gc_fid:pls:bp_35:lv3,gc_fid:pca:pc1(1.000); gc_fid:pca:pc2(1.000); gc_fid:pca:pc3(1.000); gc_fid:pca:pc4(1.000); gc_fid:pca:pc5(1.000); gc_fid:pls:bp_20:lv1(1.000); gc_fid:pls:bp_20:lv2(1.000); gc_fid:pls:bp_20:lv3(1.000),petroleum_fraction_db_065,BP_65,analysis_only,equal_weight
4,petroleum_fraction_db_063,0.566952,429.0,74,gc_fid:pca:pc1; gc_fid:pca:pc2; gc_fid:pca:pc3; gc_fid:pca:pc4; gc_fid:pca:pc5; gc_fid:pls:bp_20:lv1; gc_fid:pls:bp_20:lv2; gc_fid:pls:bp_20:lv3; gc_fid:pls:bp_20:lv4; gc_fid:pls:bp_35:lv1; gc_fid:pls:bp_35:lv2; gc_fid:pls:bp_35:lv3,gc_fid:pca:pc1(1.000); gc_fid:pca:pc2(1.000); gc_fid:pca:pc3(1.000); gc_fid:pca:pc4(1.000); gc_fid:pca:pc5(1.000); gc_fid:pls:bp_20:lv1(1.000); gc_fid:pls:bp_20:lv2(1.000); gc_fid:pls:bp_20:lv3(1.000),petroleum_fraction_db_065,BP_65,analysis_only,equal_weight
1,petroleum_fraction_db_010,0.392742,379.2,74,gc_fid:pca:pc1; gc_fid:pca:pc2; gc_fid:pca:pc3; gc_fid:pca:pc4; gc_fid:pca:pc5; gc_fid:pls:bp_20:lv1; gc_fid:pls:bp_20:lv2; gc_fid:pls:bp_20:lv3; gc_fid:pls:bp_20:lv4; gc_fid:pls:bp_35:lv1; gc_fid:pls:bp_35:lv2; gc_fid:pls:bp_35:lv3,gc_fid:pls:density_20c:lv1(0.980); gc_fid:pls:saturates:lv1(0.965); gc_fid:pls:bp_80:lv1(0.952); gc_fid:pls:bp_65:lv1(0.951); gc_fid:pls:bp_50:lv1(0.951); gc_fid:pls:bp_35:lv1(0.950); gc_fid:pls:bp_20:lv1(0.947); gc_fid:pca:pc1(0.922),petroleum_fraction_db_065,BP_65,analysis_only,correlation_weighted
2,petroleum_fraction_db_009,0.393078,412.8,74,gc_fid:pca:pc1; gc_fid:pca:pc2; gc_fid:pca:pc3; gc_fid:pca:pc4; gc_fid:pca:pc5; gc_fid:pls:bp_20:lv1; gc_fid:pls:bp_20:lv2; gc_fid:pls:bp_20:lv3; gc_fid:pls:bp_20:lv4; gc_fid:pls:bp_35:lv1; gc_fid:pls:bp_35:lv2; gc_fid:pls:bp_35:lv3,gc_fid:pls:density_20c:lv1(0.980); gc_fid:pls:saturates:lv1(0.965); gc_fid:pls:bp_80:lv1(0.952); gc_fid:pls:bp_65:lv1(0.951); gc_fid:pls:bp_50:lv1(0.951); gc_fid:pls:bp_35:lv1(0.950); gc_fid:pls:bp_20:lv1(0.947); gc_fid:pca:pc1(0.922),petroleum_fraction_db_065,BP_65,analysis_only,correlation_weighted
3,petroleum_fraction_db_058,0.470934,430.6,74,gc_fid:pca:pc1; gc_fid:pca:pc2; gc_fid:pca:pc3; gc_fid:pca:pc4; gc_fid:pca:pc5; gc_fid:pls:bp_20:lv1; gc_fid:pls:bp_20:lv2; gc_fid:pls:bp_20:lv3; gc_fid:pls:bp_20:lv4; gc_fid:pls:bp_35:lv1; gc_fid:pls:bp_35:lv2; gc_fid:pls:bp_35:lv3,gc_fid:pls:density_20c:lv1(0.980); gc_fid:pls:saturates:lv1(0.965); gc_fid:pls:bp_80:lv1(0.952); gc_fid:pls:bp_65:lv1(0.951); gc_fid:pls:bp_50:lv1(0.951); gc_fid:pls:bp_35:lv1(0.950); gc_fid:pls:bp_20:lv1(0.947); gc_fid:pca:pc1(0.922),petroleum_fraction_db_065,BP_65,analysis_only,correlation_weighted
4,petroleum_fraction_db_063,0.487969,429.0,74,gc_fid:pca:pc1; gc_fid:pca:pc2; gc_fid:pca:pc3; gc_fid:pca:pc4; gc_fid:pca:pc5; gc_fid:pls:bp_20:lv1; gc_fid:pls:bp_20:lv2; gc_fid:pls:bp_20:lv3; gc_fid:pls:bp_20:lv4; gc_fid:pls:bp_35:lv1; gc_fid:pls:bp_35:lv2; gc_fid:pls:bp_35:lv3,gc_fid:pls:density_20c:lv1(0.980); gc_fid:pls:saturates:lv1(0.965); gc_fid:pls:bp_80:lv1(0.952); gc_fid:pls:bp_65:lv1(0.951); gc_fid:pls:bp_50:lv1(0.951); gc_fid:pls:bp_35:lv1(0.950); gc_fid:pls:bp_20:lv1(0.947); gc_fid:pca:pc1(0.922),petroleum_fraction_db_065,BP_65,analysis_only,correlation_weighted
1,petroleum_fraction_db_010,0.400929,379.2,80,bulk_property:bp_20; bulk_property:bp_35; bulk_property:bp_50; bulk_property:bp_80; bulk_property:density_20c; bulk_property:saturates; gc_fid:pca:pc1; gc_fid:pca:pc2; gc_fid:pca:pc3; gc_fid:pca:pc4; gc_fid:pca:pc5; gc_fid:pls:bp_20:lv1,bulk_property:bp_20(1.000); bulk_property:bp_35(1.000); bulk_property:bp_50(1.000); bulk_property:bp_80(1.000); bulk_property:density_20c(1.000); bulk_property:saturates(1.000); gc_fid:pca:pc1(1.000); gc_fid:pca:pc2(1.000),petroleum_fraction_db_065,BP_65,analysis_plus_non_target_bulk,equal_weight
2,petroleum_fraction_db_009,0.454713,412.8,80,bulk_property:bp_20; bulk_property:bp_35; bulk_property:bp_50; bulk_property:bp_80; bulk_property:density_20c; bulk_property:saturates; gc_fid:pca:pc1; gc_fid:pca:pc2; gc_fid:pca:pc3; gc_fid:pca:pc4; gc_fid:pca:pc5; gc_fid:pls:bp_20:lv1,bulk_property:bp_20(1.000); bulk_property:bp_35(1.000); bulk_property:bp_50(1.000); bulk_property:bp_80(1.000); bulk_property:density_20c(1.000); bulk_property:saturates(1.000); gc_fid:pca:pc1(1.000); gc_fid:pca:pc2(1.000),petroleum_fraction_db_065,BP_65,analysis_plus_non_target_bulk,equal_weight
3,petroleum_fraction_db_058,0.498764,430.6,80,bulk_property:bp_20; bulk_property:bp_35; bulk_property:bp_50; bulk_property:bp_80; bulk_property:density_20c; bulk_property:saturates; gc_fid:pca:pc1; gc_fid:pca:pc2; gc_fid:pca:pc3; gc_fid:pca:pc4; gc_fid:pca:pc5; gc_fid:pls:bp_20:lv1,bulk_property:bp_20(1.000); bulk_property:bp_35(1.000); bulk_property:bp_50(1.000); bulk_property:bp_80(1.000); bulk_property:density_20c(1.000); bulk_property:saturates(1.000); gc_fid:pca:pc1(1.000); gc_fid:pca:pc2(1.000),petroleum_fraction_db_065,BP_65,analysis_plus_non_target_bulk,equal_weight
4,petroleum_fraction_db_063,0.554644,429.0,80,bulk_property:bp_20; bulk_property:bp_35; bulk_property:bp_50; bulk_property:bp_80; bulk_property:density_20c; bulk_property:saturates; gc_fid:pca:pc1; gc_fid:pca:pc2; gc_fid:pca:pc3; gc_fid:pca:pc4; gc_fid:pca:pc5; gc_fid:pls:bp_20:lv1,bulk_property:bp_20(1.000); bulk_property:bp_35(1.000); bulk_property:bp_50(1.000); bulk_property:bp_80(1.000); bulk_property:density_20c(1.000); bulk_property:saturates(1.000); gc_fid:pca:pc1(1.000); gc_fid:pca:pc2(1.000),petroleum_fraction_db_065,BP_65,analysis_plus_non_target_bulk,equal_weight
1,petroleum_fraction_db_009,0.364494,412.8,80,bulk_property:bp_20; bulk_property:bp_35; bulk_property:bp_50; bulk_property:bp_80; bulk_property:density_20c; bulk_property:saturates; gc_fid:pca:pc1; gc_fid:pca:pc2; gc_fid:pca:pc3; gc_fid:pca:pc4; gc_fid:pca:pc5; gc_fid:pls:bp_20:lv1,bulk_property:bp_50(1.042); bulk_property:bp_80(1.039); bulk_property:bp_35(1.020); bulk_property:bp_20(0.986); gc_fid:pls:density_20c:lv1(0.980); gc_fid:pls:saturates:lv1(0.965); gc_fid:pls:bp_80:lv1(0.952); gc_fid:pls:bp_65:lv1(0.951),petroleum_fraction_db_065,BP_65,analysis_plus_non_target_bulk,correlation_weighted
2,petroleum_fraction_db_010,0.396644,379.2,80,bulk_property:bp_20; bulk_property:bp_35; bulk_property:bp_50; bulk_property:bp_80; bulk_property:density_20c; bulk_property:saturates; gc_fid:pca:pc1; gc_fid:pca:pc2; gc_fid:pca:pc3; gc_fid:pca:pc4; gc_fid:pca:pc5; gc_fid:pls:bp_20:lv1,bulk_property:bp_50(1.042); bulk_property:bp_80(1.039); bulk_property:bp_35(1.020); bulk_property:bp_20(0.986); gc_fid:pls:density_20c:lv1(0.980); gc_fid:pls:saturates:lv1(0.965); gc_fid:pls:bp_80:lv1(0.952); gc_fid:pls:bp_65:lv1(0.951),petroleum_fraction_db_065,BP_65,analysis_plus_non_target_bulk,correlation_weighted
3,petroleum_fraction_db_058,0.452246,430.6,80,bulk_property:bp_20; bulk_property:bp_35; bulk_property:bp_50; bulk_property:bp_80; bulk_property:density_20c; bulk_property:saturates; gc_fid:pca:pc1; gc_fid:pca:pc2; gc_fid:pca:pc3; gc_fid:pca:pc4; gc_fid:pca:pc5; gc_fid:pls:bp_20:lv1,bulk_property:bp_50(1.042); bulk_property:bp_80(1.039); bulk_property:bp_35(1.020); bulk_property:bp_20(0.986); gc_fid:pls:density_20c:lv1(0.980); gc_fid:pls:saturates:lv1(0.965); gc_fid:pls:bp_80:lv1(0.952); gc_fid:pls:bp_65:lv1(0.951),petroleum_fraction_db_065,BP_65,analysis_plus_non_target_bulk,correlation_weighted
4,petroleum_fraction_db_063,0.471719,429.0,80,bulk_property:bp_20; bulk_property:bp_35; bulk_property:bp_50; bulk_property:bp_80; bulk_property:density_20c; bulk_property:saturates; gc_fid:pca:pc1; gc_fid:pca:pc2; gc_fid:pca:pc3; gc_fid:pca:pc4; gc_fid:pca:pc5; gc_fid:pls:bp_20:lv1,bulk_property:bp_50(1.042); bulk_property:bp_80(1.039); bulk_property:bp_35(1.020); bulk_property:bp_20(0.986); gc_fid:pls:density_20c:lv1(0.980); gc_fid:pls:saturates:lv1(0.965); gc_fid:pls:bp_80:lv1(0.952); gc_fid:pls:bp_65:lv1(0.951),petroleum_fraction_db_065,BP_65,analysis_plus_non_target_bulk,correlation_weighted
1,petroleum_fraction_db_010,0.402949,395.6,74,gc_fid:pca:pc1; gc_fid:pca:pc2; gc_fid:pca:pc3; gc_fid:pca:pc4; gc_fid:pca:pc5; gc_fid:pls:bp_20:lv1; gc_fid:pls:bp_20:lv2; gc_fid:pls:bp_20:lv3; gc_fid:pls:bp_20:lv4; gc_fid:pls:bp_35:lv1; gc_fid:pls:bp_35:lv2; gc_fid:pls:bp_35:lv3,gc_fid:pca:pc1(1.000); gc_fid:pca:pc2(1.000); gc_fid:pca:pc3(1.000); gc_fid:pca:pc4(1.000); gc_fid:pca:pc5(1.000); gc_fid:pls:bp_20:lv1(1.000); gc_fid:pls:bp_20:lv2(1.000); gc_fid:pls:bp_20:lv3(1.000),petroleum_fraction_db_065,BP_80,analysis_only,equal_weight
2,petroleum_fraction_db_009,0.471488,434.0,74,gc_fid:pca:pc1; gc_fid:pca:pc2; gc_fid:pca:pc3; gc_fid:pca:pc4; gc_fid:pca:pc5; gc_fid:pls:bp_20:lv1; gc_fid:pls:bp_20:lv2; gc_fid:pls:bp_20:lv3; gc_fid:pls:bp_20:lv4; gc_fid:pls:bp_35:lv1; gc_fid:pls:bp_35:lv2; gc_fid:pls:bp_35:lv3,gc_fid:pca:pc1(1.000); gc_fid:pca:pc2(1.000); gc_fid:pca:pc3(1.000); gc_fid:pca:pc4(1.000); gc_fid:pca:pc5(1.000); gc_fid:pls:bp_20:lv1(1.000); gc_fid:pls:bp_20:lv2(1.000); gc_fid:pls:bp_20:lv3(1.000),petroleum_fraction_db_065,BP_80,analysis_only,equal_weight
3,petroleum_fraction_db_058,0.511656,453.4,74,gc_fid:pca:pc1; gc_fid:pca:pc2; gc_fid:pca:pc3; gc_fid:pca:pc4; gc_fid:pca:pc5; gc_fid:pls:bp_20:lv1; gc_fid:pls:bp_20:lv2; gc_fid:pls:bp_20:lv3; gc_fid:pls:bp_20:lv4; gc_fid:pls:bp_35:lv1; gc_fid:pls:bp_35:lv2; gc_fid:pls:bp_35:lv3,gc_fid:pca:pc1(1.000); gc_fid:pca:pc2(1.000); gc_fid:pca:pc3(1.000); gc_fid:pca:pc4(1.000); gc_fid:pca:pc5(1.000); gc_fid:pls:bp_20:lv1(1.000); gc_fid:pls:bp_20:lv2(1.000); gc_fid:pls:bp_20:lv3(1.000),petroleum_fraction_db_065,BP_80,analysis_only,equal_weight
4,petroleum_fraction_db_063,0.566952,456.4,74,gc_fid:pca:pc1; gc_fid:pca:pc2; gc_fid:pca:pc3; gc_fid:pca:pc4; gc_fid:pca:pc5; gc_fid:pls:bp_20:lv1; gc_fid:pls:bp_20:lv2; gc_fid:pls:bp_20:lv3; gc_fid:pls:bp_20:lv4; gc_fid:pls:bp_35:lv1; gc_fid:pls:bp_35:lv2; gc_fid:pls:bp_35:lv3,gc_fid:pca:pc1(1.000); gc_fid:pca:pc2(1.000); gc_fid:pca:pc3(1.000); gc_fid:pca:pc4(1.000); gc_fid:pca:pc5(1.000); gc_fid:pls:bp_20:lv1(1.000); gc_fid:pls:bp_20:lv2(1.000); gc_fid:pls:bp_20:lv3(1.000),petroleum_fraction_db_065,BP_80,analysis_only,equal_weight
1,petroleum_fraction_db_010,0.392214,395.6,74,gc_fid:pca:pc1; gc_fid:pca:pc2; gc_fid:pca:pc3; gc_fid:pca:pc4; gc_fid:pca:pc5; gc_fid:pls:bp_20:lv1; gc_fid:pls:bp_20:lv2; gc_fid:pls:bp_20:lv3; gc_fid:pls:bp_20:lv4; gc_fid:pls:bp_35:lv1; gc_fid:pls:bp_35:lv2; gc_fid:pls:bp_35:lv3,gc_fid:pls:density_20c:lv1(0.973); gc_fid:pls:saturates:lv1(0.962); gc_fid:pls:bp_80:lv1(0.945); gc_fid:pls:bp_65:lv1(0.942); gc_fid:pls:bp_50:lv1(0.941); gc_fid:pls:bp_35:lv1(0.939); gc_fid:pls:bp_20:lv1(0.935); gc_fid:pca:pc1(0.913),petroleum_fraction_db_065,BP_80,analysis_only,correlation_weighted
2,petroleum_fraction_db_009,0.392362,434.0,74,gc_fid:pca:pc1; gc_fid:pca:pc2; gc_fid:pca:pc3; gc_fid:pca:pc4; gc_fid:pca:pc5; gc_fid:pls:bp_20:lv1; gc_fid:pls:bp_20:lv2; gc_fid:pls:bp_20:lv3; gc_fid:pls:bp_20:lv4; gc_fid:pls:bp_35:lv1; gc_fid:pls:bp_35:lv2; gc_fid:pls:bp_35:lv3,gc_fid:pls:density_20c:lv1(0.973); gc_fid:pls:saturates:lv1(0.962); gc_fid:pls:bp_80:lv1(0.945); gc_fid:pls:bp_65:lv1(0.942); gc_fid:pls:bp_50:lv1(0.941); gc_fid:pls:bp_35:lv1(0.939); gc_fid:pls:bp_20:lv1(0.935); gc_fid:pca:pc1(0.913),petroleum_fraction_db_065,BP_80,analysis_only,correlation_weighted
3,petroleum_fraction_db_058,0.467028,453.4,74,gc_fid:pca:pc1; gc_fid:pca:pc2; gc_fid:pca:pc3; gc_fid:pca:pc4; gc_fid:pca:pc5; gc_fid:pls:bp_20:lv1; gc_fid:pls:bp_20:lv2; gc_fid:pls:bp_20:lv3; gc_fid:pls:bp_20:lv4; gc_fid:pls:bp_35:lv1; gc_fid:pls:bp_35:lv2; gc_fid:pls:bp_35:lv3,gc_fid:pls:density_20c:lv1(0.973); gc_fid:pls:saturates:lv1(0.962); gc_fid:pls:bp_80:lv1(0.945); gc_fid:pls:bp_65:lv1(0.942); gc_fid:pls:bp_50:lv1(0.941); gc_fid:pls:bp_35:lv1(0.939); gc_fid:pls:bp_20:lv1(0.935); gc_fid:pca:pc1(0.913),petroleum_fraction_db_065,BP_80,analysis_only,correlation_weighted
4,petroleum_fraction_db_063,0.480916,456.4,74,gc_fid:pca:pc1; gc_fid:pca:pc2; gc_fid:pca:pc3; gc_fid:pca:pc4; gc_fid:pca:pc5; gc_fid:pls:bp_20:lv1; gc_fid:pls:bp_20:lv2; gc_fid:pls:bp_20:lv3; gc_fid:pls:bp_20:lv4; gc_fid:pls:bp_35:lv1; gc_fid:pls:bp_35:lv2; gc_fid:pls:bp_35:lv3,gc_fid:pls:density_20c:lv1(0.973); gc_fid:pls:saturates:lv1(0.962); gc_fid:pls:bp_80:lv1(0.945); gc_fid:pls:bp_65:lv1(0.942); gc_fid:pls:bp_50:lv1(0.941); gc_fid:pls:bp_35:lv1(0.939); gc_fid:pls:bp_20:lv1(0.935); gc_fid:pca:pc1(0.913),petroleum_fraction_db_065,BP_80,analysis_only,correlation_weighted
1,petroleum_fraction_db_010,0.401062,395.6,80,bulk_property:bp_20; bulk_property:bp_35; bulk_property:bp_50; bulk_property:bp_65; bulk_property:density_20c; bulk_property:saturates; gc_fid:pca:pc1; gc_fid:pca:pc2; gc_fid:pca:pc3; gc_fid:pca:pc4; gc_fid:pca:pc5; gc_fid:pls:bp_20:lv1,bulk_property:bp_20(1.000); bulk_property:bp_35(1.000); bulk_property:bp_50(1.000); bulk_property:bp_65(1.000); bulk_property:density_20c(1.000); bulk_property:saturates(1.000); gc_fid:pca:pc1(1.000); gc_fid:pca:pc2(1.000),petroleum_fraction_db_065,BP_80,analysis_plus_non_target_bulk,equal_weight
2,petroleum_fraction_db_009,0.454485,434.0,80,bulk_property:bp_20; bulk_property:bp_35; bulk_property:bp_50; bulk_property:bp_65; bulk_property:density_20c; bulk_property:saturates; gc_fid:pca:pc1; gc_fid:pca:pc2; gc_fid:pca:pc3; gc_fid:pca:pc4; gc_fid:pca:pc5; gc_fid:pls:bp_20:lv1,bulk_property:bp_20(1.000); bulk_property:bp_35(1.000); bulk_property:bp_50(1.000); bulk_property:bp_65(1.000); bulk_property:density_20c(1.000); bulk_property:saturates(1.000); gc_fid:pca:pc1(1.000); gc_fid:pca:pc2(1.000),petroleum_fraction_db_065,BP_80,analysis_plus_non_target_bulk,equal_weight
3,petroleum_fraction_db_058,0.498222,453.4,80,bulk_property:bp_20; bulk_property:bp_35; bulk_property:bp_50; bulk_property:bp_65; bulk_property:density_20c; bulk_property:saturates; gc_fid:pca:pc1; gc_fid:pca:pc2; gc_fid:pca:pc3; gc_fid:pca:pc4; gc_fid:pca:pc5; gc_fid:pls:bp_20:lv1,bulk_property:bp_20(1.000); bulk_property:bp_35(1.000); bulk_property:bp_50(1.000); bulk_property:bp_65(1.000); bulk_property:density_20c(1.000); bulk_property:saturates(1.000); gc_fid:pca:pc1(1.000); gc_fid:pca:pc2(1.000),petroleum_fraction_db_065,BP_80,analysis_plus_non_target_bulk,equal_weight
4,petroleum_fraction_db_063,0.553316,456.4,80,bulk_property:bp_20; bulk_property:bp_35; bulk_property:bp_50; bulk_property:bp_65; bulk_property:density_20c; bulk_property:saturates; gc_fid:pca:pc1; gc_fid:pca:pc2; gc_fid:pca:pc3; gc_fid:pca:pc4; gc_fid:pca:pc5; gc_fid:pls:bp_20:lv1,bulk_property:bp_20(1.000); bulk_property:bp_35(1.000); bulk_property:bp_50(1.000); bulk_property:bp_65(1.000); bulk_property:density_20c(1.000); bulk_property:saturates(1.000); gc_fid:pca:pc1(1.000); gc_fid:pca:pc2(1.000),petroleum_fraction_db_065,BP_80,analysis_plus_non_target_bulk,equal_weight
1,petroleum_fraction_db_009,0.363342,434.0,80,bulk_property:bp_20; bulk_property:bp_35; bulk_property:bp_50; bulk_property:bp_65; bulk_property:density_20c; bulk_property:saturates; gc_fid:pca:pc1; gc_fid:pca:pc2; gc_fid:pca:pc3; gc_fid:pca:pc4; gc_fid:pca:pc5; gc_fid:pls:bp_20:lv1,bulk_property:bp_65(1.039); bulk_property:bp_50(1.018); bulk_property:bp_35(0.982); gc_fid:pls:density_20c:lv1(0.973); gc_fid:pls:saturates:lv1(0.962); gc_fid:pls:bp_80:lv1(0.945); gc_fid:pls:bp_65:lv1(0.942); gc_fid:pls:bp_50:lv1(0.941),petroleum_fraction_db_065,BP_80,analysis_plus_non_target_bulk,correlation_weighted
2,petroleum_fraction_db_010,0.396031,395.6,80,bulk_property:bp_20; bulk_property:bp_35; bulk_property:bp_50; bulk_property:bp_65; bulk_property:density_20c; bulk_property:saturates; gc_fid:pca:pc1; gc_fid:pca:pc2; gc_fid:pca:pc3; gc_fid:pca:pc4; gc_fid:pca:pc5; gc_fid:pls:bp_20:lv1,bulk_property:bp_65(1.039); bulk_property:bp_50(1.018); bulk_property:bp_35(0.982); gc_fid:pls:density_20c:lv1(0.973); gc_fid:pls:saturates:lv1(0.962); gc_fid:pls:bp_80:lv1(0.945); gc_fid:pls:bp_65:lv1(0.942); gc_fid:pls:bp_50:lv1(0.941),petroleum_fraction_db_065,BP_80,analysis_plus_non_target_bulk,correlation_weighted
3,petroleum_fraction_db_058,0.447346,453.4,80,bulk_property:bp_20; bulk_property:bp_35; bulk_property:bp_50; bulk_property:bp_65; bulk_property:density_20c; bulk_property:saturates; gc_fid:pca:pc1; gc_fid:pca:pc2; gc_fid:pca:pc3; gc_fid:pca:pc4; gc_fid:pca:pc5; gc_fid:pls:bp_20:lv1,bulk_property:bp_65(1.039); bulk_property:bp_50(1.018); bulk_property:bp_35(0.982); gc_fid:pls:density_20c:lv1(0.973); gc_fid:pls:saturates:lv1(0.962); gc_fid:pls:bp_80:lv1(0.945); gc_fid:pls:bp_65:lv1(0.942); gc_fid:pls:bp_50:lv1(0.941),petroleum_fraction_db_065,BP_80,analysis_plus_non_target_bulk,correlation_weighted
4,petroleum_fraction_db_063,0.461565,456.4,80,bulk_property:bp_20; bulk_property:bp_35; bulk_property:bp_50; bulk_property:bp_65; bulk_property:density_20c; bulk_property:saturates; gc_fid:pca:pc1; gc_fid:pca:pc2; gc_fid:pca:pc3; gc_fid:pca:pc4; gc_fid:pca:pc5; gc_fid:pls:bp_20:lv1,bulk_property:bp_65(1.039); bulk_property:bp_50(1.018); bulk_property:bp_35(0.982); gc_fid:pls:density_20c:lv1(0.973); gc_fid:pls:saturates:lv1(0.962); gc_fid:pls:bp_80:lv1(0.945); gc_fid:pls:bp_65:lv1(0.942); gc_fid:pls:bp_50:lv1(0.941),petroleum_fraction_db_065,BP_80,analysis_plus_non_target_bulk,correlation_weighted
1,petroleum_fraction_db_063,0.299854,0.8783,74,gc_fid:pca:pc1; gc_fid:pca:pc2; gc_fid:pca:pc3; gc_fid:pca:pc4; gc_fid:pca:pc5; gc_fid:pls:bp_20:lv1; gc_fid:pls:bp_20:lv2; gc_fid:pls:bp_20:lv3; gc_fid:pls:bp_20:lv4; gc_fid:pls:bp_35:lv1; gc_fid:pls:bp_35:lv2; gc_fid:pls:bp_35:lv3,gc_fid:pca:pc1(1.000); gc_fid:pca:pc2(1.000); gc_fid:pca:pc3(1.000); gc_fid:pca:pc4(1.000); gc_fid:pca:pc5(1.000); gc_fid:pls:bp_20:lv1(1.000); gc_fid:pls:bp_20:lv2(1.000); gc_fid:pls:bp_20:lv3(1.000),petroleum_fraction_db_067,density_20c,analysis_only,equal_weight
2,petroleum_fraction_db_033,0.412804,0.9002,74,gc_fid:pca:pc1; gc_fid:pca:pc2; gc_fid:pca:pc3; gc_fid:pca:pc4; gc_fid:pca:pc5; gc_fid:pls:bp_20:lv1; gc_fid:pls:bp_20:lv2; gc_fid:pls:bp_20:lv3; gc_fid:pls:bp_20:lv4; gc_fid:pls:bp_35:lv1; gc_fid:pls:bp_35:lv2; gc_fid:pls:bp_35:lv3,gc_fid:pca:pc1(1.000); gc_fid:pca:pc2(1.000); gc_fid:pca:pc3(1.000); gc_fid:pca:pc4(1.000); gc_fid:pca:pc5(1.000); gc_fid:pls:bp_20:lv1(1.000); gc_fid:pls:bp_20:lv2(1.000); gc_fid:pls:bp_20:lv3(1.000),petroleum_fraction_db_067,density_20c,analysis_only,equal_weight
3,petroleum_fraction_db_010,0.499857,0.8619,74,gc_fid:pca:pc1; gc_fid:pca:pc2; gc_fid:pca:pc3; gc_fid:pca:pc4; gc_fid:pca:pc5; gc_fid:pls:bp_20:lv1; gc_fid:pls:bp_20:lv2; gc_fid:pls:bp_20:lv3; gc_fid:pls:bp_20:lv4; gc_fid:pls:bp_35:lv1; gc_fid:pls:bp_35:lv2; gc_fid:pls:bp_35:lv3,gc_fid:pca:pc1(1.000); gc_fid:pca:pc2(1.000); gc_fid:pca:pc3(1.000); gc_fid:pca:pc4(1.000); gc_fid:pca:pc5(1.000); gc_fid:pls:bp_20:lv1(1.000); gc_fid:pls:bp_20:lv2(1.000); gc_fid:pls:bp_20:lv3(1.000),petroleum_fraction_db_067,density_20c,analysis_only,equal_weight
4,petroleum_fraction_db_035,0.520067,0.9004,74,gc_fid:pca:pc1; gc_fid:pca:pc2; gc_fid:pca:pc3; gc_fid:pca:pc4; gc_fid:pca:pc5; gc_fid:pls:bp_20:lv1; gc_fid:pls:bp_20:lv2; gc_fid:pls:bp_20:lv3; gc_fid:pls:bp_20:lv4; gc_fid:pls:bp_35:lv1; gc_fid:pls:bp_35:lv2; gc_fid:pls:bp_35:lv3,gc_fid:pca:pc1(1.000); gc_fid:pca:pc2(1.000); gc_fid:pca:pc3(1.000); gc_fid:pca:pc4(1.000); gc_fid:pca:pc5(1.000); gc_fid:pls:bp_20:lv1(1.000); gc_fid:pls:bp_20:lv2(1.000); gc_fid:pls:bp_20:lv3(1.000),petroleum_fraction_db_067,density_20c,analysis_only,equal_weight
1,petroleum_fraction_db_063,0.271663,0.8783,74,gc_fid:pca:pc1; gc_fid:pca:pc2; gc_fid:pca:pc3; gc_fid:pca:pc4; gc_fid:pca:pc5; gc_fid:pls:bp_20:lv1; gc_fid:pls:bp_20:lv2; gc_fid:pls:bp_20:lv3; gc_fid:pls:bp_20:lv4; gc_fid:pls:bp_35:lv1; gc_fid:pls:bp_35:lv2; gc_fid:pls:bp_35:lv3,ir:weighted_x_q90(0.728); ir_spectrum:pls:density_20c:lv2(0.727); ir_spectrum:pls:saturates:lv2(0.716); ir_spectrum:pls:density_20c:lv1(0.649); ir_spectrum:pls:saturates:lv1(0.629); ir_spectrum:pls:bp_35:lv1(0.628); ir_spectrum:pca:pc1(0.615); ir_spectrum:pls:bp_65:lv1(0.615),petroleum_fraction_db_067,density_20c,analysis_only,correlation_weighted
2,petroleum_fraction_db_010,0.455528,0.8619,74,gc_fid:pca:pc1; gc_fid:pca:pc2; gc_fid:pca:pc3; gc_fid:pca:pc4; gc_fid:pca:pc5; gc_fid:pls:bp_20:lv1; gc_fid:pls:bp_20:lv2; gc_fid:pls:bp_20:lv3; gc_fid:pls:bp_20:lv4; gc_fid:pls:bp_35:lv1; gc_fid:pls:bp_35:lv2; gc_fid:pls:bp_35:lv3,ir:weighted_x_q90(0.728); ir_spectrum:pls:density_20c:lv2(0.727); ir_spectrum:pls:saturates:lv2(0.716); ir_spectrum:pls:density_20c:lv1(0.649); ir_spectrum:pls:saturates:lv1(0.629); ir_spectrum:pls:bp_35:lv1(0.628); ir_spectrum:pca:pc1(0.615); ir_spectrum:pls:bp_65:lv1(0.615),petroleum_fraction_db_067,density_20c,analysis_only,correlation_weighted
3,petroleum_fraction_db_033,0.456171,0.9002,74,gc_fid:pca:pc1; gc_fid:pca:pc2; gc_fid:pca:pc3; gc_fid:pca:pc4; gc_fid:pca:pc5; gc_fid:pls:bp_20:lv1; gc_fid:pls:bp_20:lv2; gc_fid:pls:bp_20:lv3; gc_fid:pls:bp_20:lv4; gc_fid:pls:bp_35:lv1; gc_fid:pls:bp_35:lv2; gc_fid:pls:bp_35:lv3,ir:weighted_x_q90(0.728); ir_spectrum:pls:density_20c:lv2(0.727); ir_spectrum:pls:saturates:lv2(0.716); ir_spectrum:pls:density_20c:lv1(0.649); ir_spectrum:pls:saturates:lv1(0.629); ir_spectrum:pls:bp_35:lv1(0.628); ir_spectrum:pca:pc1(0.615); ir_spectrum:pls:bp_65:lv1(0.615),petroleum_fraction_db_067,density_20c,analysis_only,correlation_weighted
4,petroleum_fraction_db_040,0.51452,0.8896,74,gc_fid:pca:pc1; gc_fid:pca:pc2; gc_fid:pca:pc3; gc_fid:pca:pc4; gc_fid:pca:pc5; gc_fid:pls:bp_20:lv1; gc_fid:pls:bp_20:lv2; gc_fid:pls:bp_20:lv3; gc_fid:pls:bp_20:lv4; gc_fid:pls:bp_35:lv1; gc_fid:pls:bp_35:lv2; gc_fid:pls:bp_35:lv3,ir:weighted_x_q90(0.728); ir_spectrum:pls:density_20c:lv2(0.727); ir_spectrum:pls:saturates:lv2(0.716); ir_spectrum:pls:density_20c:lv1(0.649); ir_spectrum:pls:saturates:lv1(0.629); ir_spectrum:pls:bp_35:lv1(0.628); ir_spectrum:pca:pc1(0.615); ir_spectrum:pls:bp_65:lv1(0.615),petroleum_fraction_db_067,density_20c,analysis_only,correlation_weighted
1,petroleum_fraction_db_063,0.289064,0.8783,80,bulk_property:bp_20; bulk_property:bp_35; bulk_property:bp_50; bulk_property:bp_65; bulk_property:bp_80; bulk_property:saturates; gc_fid:pca:pc1; gc_fid:pca:pc2; gc_fid:pca:pc3; gc_fid:pca:pc4; gc_fid:pca:pc5; gc_fid:pls:bp_20:lv1,bulk_property:bp_20(1.000); bulk_property:bp_35(1.000); bulk_property:bp_50(1.000); bulk_property:bp_65(1.000); bulk_property:bp_80(1.000); bulk_property:saturates(1.000); gc_fid:pca:pc1(1.000); gc_fid:pca:pc2(1.000),petroleum_fraction_db_067,density_20c,analysis_plus_non_target_bulk,equal_weight
2,petroleum_fraction_db_033,0.413408,0.9002,80,bulk_property:bp_20; bulk_property:bp_35; bulk_property:bp_50; bulk_property:bp_65; bulk_property:bp_80; bulk_property:saturates; gc_fid:pca:pc1; gc_fid:pca:pc2; gc_fid:pca:pc3; gc_fid:pca:pc4; gc_fid:pca:pc5; gc_fid:pls:bp_20:lv1,bulk_property:bp_20(1.000); bulk_property:bp_35(1.000); bulk_property:bp_50(1.000); bulk_property:bp_65(1.000); bulk_property:bp_80(1.000); bulk_property:saturates(1.000); gc_fid:pca:pc1(1.000); gc_fid:pca:pc2(1.000),petroleum_fraction_db_067,density_20c,analysis_plus_non_target_bulk,equal_weight
3,petroleum_fraction_db_010,0.510217,0.8619,80,bulk_property:bp_20; bulk_property:bp_35; bulk_property:bp_50; bulk_property:bp_65; bulk_property:bp_80; bulk_property:saturates; gc_fid:pca:pc1; gc_fid:pca:pc2; gc_fid:pca:pc3; gc_fid:pca:pc4; gc_fid:pca:pc5; gc_fid:pls:bp_20:lv1,bulk_property:bp_20(1.000); bulk_property:bp_35(1.000); bulk_property:bp_50(1.000); bulk_property:bp_65(1.000); bulk_property:bp_80(1.000); bulk_property:saturates(1.000); gc_fid:pca:pc1(1.000); gc_fid:pca:pc2(1.000),petroleum_fraction_db_067,density_20c,analysis_plus_non_target_bulk,equal_weight
4,petroleum_fraction_db_040,0.516691,0.8896,80,bulk_property:bp_20; bulk_property:bp_35; bulk_property:bp_50; bulk_property:bp_65; bulk_property:bp_80; bulk_property:saturates; gc_fid:pca:pc1; gc_fid:pca:pc2; gc_fid:pca:pc3; gc_fid:pca:pc4; gc_fid:pca:pc5; gc_fid:pls:bp_20:lv1,bulk_property:bp_20(1.000); bulk_property:bp_35(1.000); bulk_property:bp_50(1.000); bulk_property:bp_65(1.000); bulk_property:bp_80(1.000); bulk_property:saturates(1.000); gc_fid:pca:pc1(1.000); gc_fid:pca:pc2(1.000),petroleum_fraction_db_067,density_20c,analysis_plus_non_target_bulk,equal_weight
1,petroleum_fraction_db_063,0.257568,0.8783,80,bulk_property:bp_20; bulk_property:bp_35; bulk_property:bp_50; bulk_property:bp_65; bulk_property:bp_80; bulk_property:saturates; gc_fid:pca:pc1; gc_fid:pca:pc2; gc_fid:pca:pc3; gc_fid:pca:pc4; gc_fid:pca:pc5; gc_fid:pls:bp_20:lv1,bulk_property:saturates(0.895); ir:weighted_x_q90(0.728); ir_spectrum:pls:density_20c:lv2(0.727); ir_spectrum:pls:saturates:lv2(0.716); ir_spectrum:pls:density_20c:lv1(0.649); ir_spectrum:pls:saturates:lv1(0.629); ir_spectrum:pls:bp_35:lv1(0.628); ir_spectrum:pca:pc1(0.615),petroleum_fraction_db_067,density_20c,analysis_plus_non_target_bulk,correlation_weighted
2,petroleum_fraction_db_033,0.45432,0.9002,80,bulk_property:bp_20; bulk_property:bp_35; bulk_property:bp_50; bulk_property:bp_65; bulk_property:bp_80; bulk_property:saturates; gc_fid:pca:pc1; gc_fid:pca:pc2; gc_fid:pca:pc3; gc_fid:pca:pc4; gc_fid:pca:pc5; gc_fid:pls:bp_20:lv1,bulk_property:saturates(0.895); ir:weighted_x_q90(0.728); ir_spectrum:pls:density_20c:lv2(0.727); ir_spectrum:pls:saturates:lv2(0.716); ir_spectrum:pls:density_20c:lv1(0.649); ir_spectrum:pls:saturates:lv1(0.629); ir_spectrum:pls:bp_35:lv1(0.628); ir_spectrum:pca:pc1(0.615),petroleum_fraction_db_067,density_20c,analysis_plus_non_target_bulk,correlation_weighted
3,petroleum_fraction_db_010,0.472032,0.8619,80,bulk_property:bp_20; bulk_property:bp_35; bulk_property:bp_50; bulk_property:bp_65; bulk_property:bp_80; bulk_property:saturates; gc_fid:pca:pc1; gc_fid:pca:pc2; gc_fid:pca:pc3; gc_fid:pca:pc4; gc_fid:pca:pc5; gc_fid:pls:bp_20:lv1,bulk_property:saturates(0.895); ir:weighted_x_q90(0.728); ir_spectrum:pls:density_20c:lv2(0.727); ir_spectrum:pls:saturates:lv2(0.716); ir_spectrum:pls:density_20c:lv1(0.649); ir_spectrum:pls:saturates:lv1(0.629); ir_spectrum:pls:bp_35:lv1(0.628); ir_spectrum:pca:pc1(0.615),petroleum_fraction_db_067,density_20c,analysis_plus_non_target_bulk,correlation_weighted
4,petroleum_fraction_db_040,0.504459,0.8896,80,bulk_property:bp_20; bulk_property:bp_35; bulk_property:bp_50; bulk_property:bp_65; bulk_property:bp_80; bulk_property:saturates; gc_fid:pca:pc1; gc_fid:pca:pc2; gc_fid:pca:pc3; gc_fid:pca:pc4; gc_fid:pca:pc5; gc_fid:pls:bp_20:lv1,bulk_property:saturates(0.895); ir:weighted_x_q90(0.728); ir_spectrum:pls:density_20c:lv2(0.727); ir_spectrum:pls:saturates:lv2(0.716); ir_spectrum:pls:density_20c:lv1(0.649); ir_spectrum:pls:saturates:lv1(0.629); ir_spectrum:pls:bp_35:lv1(0.628); ir_spectrum:pca:pc1(0.615),petroleum_fraction_db_067,density_20c,analysis_plus_non_target_bulk,correlation_weighted
1,petroleum_fraction_db_063,0.299854,86.55688622754492,74,gc_fid:pca:pc1; gc_fid:pca:pc2; gc_fid:pca:pc3; gc_fid:pca:pc4; gc_fid:pca:pc5; gc_fid:pls:bp_20:lv1; gc_fid:pls:bp_20:lv2; gc_fid:pls:bp_20:lv3; gc_fid:pls:bp_20:lv4; gc_fid:pls:bp_35:lv1; gc_fid:pls:bp_35:lv2; gc_fid:pls:bp_35:lv3,gc_fid:pca:pc1(1.000); gc_fid:pca:pc2(1.000); gc_fid:pca:pc3(1.000); gc_fid:pca:pc4(1.000); gc_fid:pca:pc5(1.000); gc_fid:pls:bp_20:lv1(1.000); gc_fid:pls:bp_20:lv2(1.000); gc_fid:pls:bp_20:lv3(1.000),petroleum_fraction_db_067,saturates,analysis_only,equal_weight
2,petroleum_fraction_db_033,0.412804,78.72959279414542,74,gc_fid:pca:pc1; gc_fid:pca:pc2; gc_fid:pca:pc3; gc_fid:pca:pc4; gc_fid:pca:pc5; gc_fid:pls:bp_20:lv1; gc_fid:pls:bp_20:lv2; gc_fid:pls:bp_20:lv3; gc_fid:pls:bp_20:lv4; gc_fid:pls:bp_35:lv1; gc_fid:pls:bp_35:lv2; gc_fid:pls:bp_35:lv3,gc_fid:pca:pc1(1.000); gc_fid:pca:pc2(1.000); gc_fid:pca:pc3(1.000); gc_fid:pca:pc4(1.000); gc_fid:pca:pc5(1.000); gc_fid:pls:bp_20:lv1(1.000); gc_fid:pls:bp_20:lv2(1.000); gc_fid:pls:bp_20:lv3(1.000),petroleum_fraction_db_067,saturates,analysis_only,equal_weight
3,petroleum_fraction_db_010,0.499857,88.04270462633271,74,gc_fid:pca:pc1; gc_fid:pca:pc2; gc_fid:pca:pc3; gc_fid:pca:pc4; gc_fid:pca:pc5; gc_fid:pls:bp_20:lv1; gc_fid:pls:bp_20:lv2; gc_fid:pls:bp_20:lv3; gc_fid:pls:bp_20:lv4; gc_fid:pls:bp_35:lv1; gc_fid:pls:bp_35:lv2; gc_fid:pls:bp_35:lv3,gc_fid:pca:pc1(1.000); gc_fid:pca:pc2(1.000); gc_fid:pca:pc3(1.000); gc_fid:pca:pc4(1.000); gc_fid:pca:pc5(1.000); gc_fid:pls:bp_20:lv1(1.000); gc_fid:pls:bp_20:lv2(1.000); gc_fid:pls:bp_20:lv3(1.000),petroleum_fraction_db_067,saturates,analysis_only,equal_weight
4,petroleum_fraction_db_035,0.520067,71.55463275369856,74,gc_fid:pca:pc1; gc_fid:pca:pc2; gc_fid:pca:pc3; gc_fid:pca:pc4; gc_fid:pca:pc5; gc_fid:pls:bp_20:lv1; gc_fid:pls:bp_20:lv2; gc_fid:pls:bp_20:lv3; gc_fid:pls:bp_20:lv4; gc_fid:pls:bp_35:lv1; gc_fid:pls:bp_35:lv2; gc_fid:pls:bp_35:lv3,gc_fid:pca:pc1(1.000); gc_fid:pca:pc2(1.000); gc_fid:pca:pc3(1.000); gc_fid:pca:pc4(1.000); gc_fid:pca:pc5(1.000); gc_fid:pls:bp_20:lv1(1.000); gc_fid:pls:bp_20:lv2(1.000); gc_fid:pls:bp_20:lv3(1.000),petroleum_fraction_db_067,saturates,analysis_only,equal_weight
1,petroleum_fraction_db_063,0.268379,86.55688622754492,74,gc_fid:pca:pc1; gc_fid:pca:pc2; gc_fid:pca:pc3; gc_fid:pca:pc4; gc_fid:pca:pc5; gc_fid:pls:bp_20:lv1; gc_fid:pls:bp_20:lv2; gc_fid:pls:bp_20:lv3; gc_fid:pls:bp_20:lv4; gc_fid:pls:bp_35:lv1; gc_fid:pls:bp_35:lv2; gc_fid:pls:bp_35:lv3,ir:weighted_x_q90(0.703); ir_spectrum:pls:density_20c:lv1(0.668); ir_spectrum:pls:saturates:lv1(0.668); ir_spectrum:pca:pc1(0.656); ir:weighted_x_mean(0.613); ir_spectrum:pls:bp_80:lv1(0.577); ir_spectrum:pls:saturates:lv2(0.568); ir:weighted_x_q50(0.567),petroleum_fraction_db_067,saturates,analysis_only,correlation_weighted
2,petroleum_fraction_db_010,0.452506,88.04270462633271,74,gc_fid:pca:pc1; gc_fid:pca:pc2; gc_fid:pca:pc3; gc_fid:pca:pc4; gc_fid:pca:pc5; gc_fid:pls:bp_20:lv1; gc_fid:pls:bp_20:lv2; gc_fid:pls:bp_20:lv3; gc_fid:pls:bp_20:lv4; gc_fid:pls:bp_35:lv1; gc_fid:pls:bp_35:lv2; gc_fid:pls:bp_35:lv3,ir:weighted_x_q90(0.703); ir_spectrum:pls:density_20c:lv1(0.668); ir_spectrum:pls:saturates:lv1(0.668); ir_spectrum:pca:pc1(0.656); ir:weighted_x_mean(0.613); ir_spectrum:pls:bp_80:lv1(0.577); ir_spectrum:pls:saturates:lv2(0.568); ir:weighted_x_q50(0.567),petroleum_fraction_db_067,saturates,analysis_only,correlation_weighted
3,petroleum_fraction_db_033,0.460599,78.72959279414542,74,gc_fid:pca:pc1; gc_fid:pca:pc2; gc_fid:pca:pc3; gc_fid:pca:pc4; gc_fid:pca:pc5; gc_fid:pls:bp_20:lv1; gc_fid:pls:bp_20:lv2; gc_fid:pls:bp_20:lv3; gc_fid:pls:bp_20:lv4; gc_fid:pls:bp_35:lv1; gc_fid:pls:bp_35:lv2; gc_fid:pls:bp_35:lv3,ir:weighted_x_q90(0.703); ir_spectrum:pls:density_20c:lv1(0.668); ir_spectrum:pls:saturates:lv1(0.668); ir_spectrum:pca:pc1(0.656); ir:weighted_x_mean(0.613); ir_spectrum:pls:bp_80:lv1(0.577); ir_spectrum:pls:saturates:lv2(0.568); ir:weighted_x_q50(0.567),petroleum_fraction_db_067,saturates,analysis_only,correlation_weighted
4,petroleum_fraction_db_040,0.53279,78.40850448962838,74,gc_fid:pca:pc1; gc_fid:pca:pc2; gc_fid:pca:pc3; gc_fid:pca:pc4; gc_fid:pca:pc5; gc_fid:pls:bp_20:lv1; gc_fid:pls:bp_20:lv2; gc_fid:pls:bp_20:lv3; gc_fid:pls:bp_20:lv4; gc_fid:pls:bp_35:lv1; gc_fid:pls:bp_35:lv2; gc_fid:pls:bp_35:lv3,ir:weighted_x_q90(0.703); ir_spectrum:pls:density_20c:lv1(0.668); ir_spectrum:pls:saturates:lv1(0.668); ir_spectrum:pca:pc1(0.656); ir:weighted_x_mean(0.613); ir_spectrum:pls:bp_80:lv1(0.577); ir_spectrum:pls:saturates:lv2(0.568); ir:weighted_x_q50(0.567),petroleum_fraction_db_067,saturates,analysis_only,correlation_weighted
1,petroleum_fraction_db_063,0.289343,86.55688622754492,80,bulk_property:bp_20; bulk_property:bp_35; bulk_property:bp_50; bulk_property:bp_65; bulk_property:bp_80; bulk_property:density_20c; gc_fid:pca:pc1; gc_fid:pca:pc2; gc_fid:pca:pc3; gc_fid:pca:pc4; gc_fid:pca:pc5; gc_fid:pls:bp_20:lv1,bulk_property:bp_20(1.000); bulk_property:bp_35(1.000); bulk_property:bp_50(1.000); bulk_property:bp_65(1.000); bulk_property:bp_80(1.000); bulk_property:density_20c(1.000); gc_fid:pca:pc1(1.000); gc_fid:pca:pc2(1.000),petroleum_fraction_db_067,saturates,analysis_plus_non_target_bulk,equal_weight
2,petroleum_fraction_db_033,0.414408,78.72959279414542,80,bulk_property:bp_20; bulk_property:bp_35; bulk_property:bp_50; bulk_property:bp_65; bulk_property:bp_80; bulk_property:density_20c; gc_fid:pca:pc1; gc_fid:pca:pc2; gc_fid:pca:pc3; gc_fid:pca:pc4; gc_fid:pca:pc5; gc_fid:pls:bp_20:lv1,bulk_property:bp_20(1.000); bulk_property:bp_35(1.000); bulk_property:bp_50(1.000); bulk_property:bp_65(1.000); bulk_property:bp_80(1.000); bulk_property:density_20c(1.000); gc_fid:pca:pc1(1.000); gc_fid:pca:pc2(1.000),petroleum_fraction_db_067,saturates,analysis_plus_non_target_bulk,equal_weight
3,petroleum_fraction_db_010,0.510881,88.04270462633271,80,bulk_property:bp_20; bulk_property:bp_35; bulk_property:bp_50; bulk_property:bp_65; bulk_property:bp_80; bulk_property:density_20c; gc_fid:pca:pc1; gc_fid:pca:pc2; gc_fid:pca:pc3; gc_fid:pca:pc4; gc_fid:pca:pc5; gc_fid:pls:bp_20:lv1,bulk_property:bp_20(1.000); bulk_property:bp_35(1.000); bulk_property:bp_50(1.000); bulk_property:bp_65(1.000); bulk_property:bp_80(1.000); bulk_property:density_20c(1.000); gc_fid:pca:pc1(1.000); gc_fid:pca:pc2(1.000),petroleum_fraction_db_067,saturates,analysis_plus_non_target_bulk,equal_weight
4,petroleum_fraction_db_040,0.514504,78.40850448962838,80,bulk_property:bp_20; bulk_property:bp_35; bulk_property:bp_50; bulk_property:bp_65; bulk_property:bp_80; bulk_property:density_20c; gc_fid:pca:pc1; gc_fid:pca:pc2; gc_fid:pca:pc3; gc_fid:pca:pc4; gc_fid:pca:pc5; gc_fid:pls:bp_20:lv1,bulk_property:bp_20(1.000); bulk_property:bp_35(1.000); bulk_property:bp_50(1.000); bulk_property:bp_65(1.000); bulk_property:bp_80(1.000); bulk_property:density_20c(1.000); gc_fid:pca:pc1(1.000); gc_fid:pca:pc2(1.000),petroleum_fraction_db_067,saturates,analysis_plus_non_target_bulk,equal_weight
1,petroleum_fraction_db_063,0.25618,86.55688622754492,80,bulk_property:bp_20; bulk_property:bp_35; bulk_property:bp_50; bulk_property:bp_65; bulk_property:bp_80; bulk_property:density_20c; gc_fid:pca:pc1; gc_fid:pca:pc2; gc_fid:pca:pc3; gc_fid:pca:pc4; gc_fid:pca:pc5; gc_fid:pls:bp_20:lv1,bulk_property:density_20c(0.895); ir:weighted_x_q90(0.703); ir_spectrum:pls:density_20c:lv1(0.668); ir_spectrum:pls:saturates:lv1(0.668); ir_spectrum:pca:pc1(0.656); ir:weighted_x_mean(0.613); ir_spectrum:pls:bp_80:lv1(0.577); ir_spectrum:pls:saturates:lv2(0.568),petroleum_fraction_db_067,saturates,analysis_plus_non_target_bulk,correlation_weighted
2,petroleum_fraction_db_033,0.460217,78.72959279414542,80,bulk_property:bp_20; bulk_property:bp_35; bulk_property:bp_50; bulk_property:bp_65; bulk_property:bp_80; bulk_property:density_20c; gc_fid:pca:pc1; gc_fid:pca:pc2; gc_fid:pca:pc3; gc_fid:pca:pc4; gc_fid:pca:pc5; gc_fid:pls:bp_20:lv1,bulk_property:density_20c(0.895); ir:weighted_x_q90(0.703); ir_spectrum:pls:density_20c:lv1(0.668); ir_spectrum:pls:saturates:lv1(0.668); ir_spectrum:pca:pc1(0.656); ir:weighted_x_mean(0.613); ir_spectrum:pls:bp_80:lv1(0.577); ir_spectrum:pls:saturates:lv2(0.568),petroleum_fraction_db_067,saturates,analysis_plus_non_target_bulk,correlation_weighted
3,petroleum_fraction_db_010,0.471404,88.04270462633271,80,bulk_property:bp_20; bulk_property:bp_35; bulk_property:bp_50; bulk_property:bp_65; bulk_property:bp_80; bulk_property:density_20c; gc_fid:pca:pc1; gc_fid:pca:pc2; gc_fid:pca:pc3; gc_fid:pca:pc4; gc_fid:pca:pc5; gc_fid:pls:bp_20:lv1,bulk_property:density_20c(0.895); ir:weighted_x_q90(0.703); ir_spectrum:pls:density_20c:lv1(0.668); ir_spectrum:pls:saturates:lv1(0.668); ir_spectrum:pca:pc1(0.656); ir:weighted_x_mean(0.613); ir_spectrum:pls:bp_80:lv1(0.577); ir_spectrum:pls:saturates:lv2(0.568),petroleum_fraction_db_067,saturates,analysis_plus_non_target_bulk,correlation_weighted
4,petroleum_fraction_db_040,0.516605,78.40850448962838,80,bulk_property:bp_20; bulk_property:bp_35; bulk_property:bp_50; bulk_property:bp_65; bulk_property:bp_80; bulk_property:density_20c; gc_fid:pca:pc1; gc_fid:pca:pc2; gc_fid:pca:pc3; gc_fid:pca:pc4; gc_fid:pca:pc5; gc_fid:pls:bp_20:lv1,bulk_property:density_20c(0.895); ir:weighted_x_q90(0.703); ir_spectrum:pls:density_20c:lv1(0.668); ir_spectrum:pls:saturates:lv1(0.668); ir_spectrum:pca:pc1(0.656); ir:weighted_x_mean(0.613); ir_spectrum:pls:bp_80:lv1(0.577); ir_spectrum:pls:saturates:lv2(0.568),petroleum_fraction_db_067,saturates,analysis_plus_non_target_bulk,correlation_weighted
1,petroleum_fraction_db_063,0.299854,343.0,74,gc_fid:pca:pc1; gc_fid:pca:pc2; gc_fid:pca:pc3; gc_fid:pca:pc4; gc_fid:pca:pc5; gc_fid:pls:bp_20:lv1; gc_fid:pls:bp_20:lv2; gc_fid:pls:bp_20:lv3; gc_fid:pls:bp_20:lv4; gc_fid:pls:bp_35:lv1; gc_fid:pls:bp_35:lv2; gc_fid:pls:bp_35:lv3,gc_fid:pca:pc1(1.000); gc_fid:pca:pc2(1.000); gc_fid:pca:pc3(1.000); gc_fid:pca:pc4(1.000); gc_fid:pca:pc5(1.000); gc_fid:pls:bp_20:lv1(1.000); gc_fid:pls:bp_20:lv2(1.000); gc_fid:pls:bp_20:lv3(1.000),petroleum_fraction_db_067,BP_20,analysis_only,equal_weight
2,petroleum_fraction_db_033,0.412804,368.0,74,gc_fid:pca:pc1; gc_fid:pca:pc2; gc_fid:pca:pc3; gc_fid:pca:pc4; gc_fid:pca:pc5; gc_fid:pls:bp_20:lv1; gc_fid:pls:bp_20:lv2; gc_fid:pls:bp_20:lv3; gc_fid:pls:bp_20:lv4; gc_fid:pls:bp_35:lv1; gc_fid:pls:bp_35:lv2; gc_fid:pls:bp_35:lv3,gc_fid:pca:pc1(1.000); gc_fid:pca:pc2(1.000); gc_fid:pca:pc3(1.000); gc_fid:pca:pc4(1.000); gc_fid:pca:pc5(1.000); gc_fid:pls:bp_20:lv1(1.000); gc_fid:pls:bp_20:lv2(1.000); gc_fid:pls:bp_20:lv3(1.000),petroleum_fraction_db_067,BP_20,analysis_only,equal_weight
3,petroleum_fraction_db_010,0.499857,336.4,74,gc_fid:pca:pc1; gc_fid:pca:pc2; gc_fid:pca:pc3; gc_fid:pca:pc4; gc_fid:pca:pc5; gc_fid:pls:bp_20:lv1; gc_fid:pls:bp_20:lv2; gc_fid:pls:bp_20:lv3; gc_fid:pls:bp_20:lv4; gc_fid:pls:bp_35:lv1; gc_fid:pls:bp_35:lv2; gc_fid:pls:bp_35:lv3,gc_fid:pca:pc1(1.000); gc_fid:pca:pc2(1.000); gc_fid:pca:pc3(1.000); gc_fid:pca:pc4(1.000); gc_fid:pca:pc5(1.000); gc_fid:pls:bp_20:lv1(1.000); gc_fid:pls:bp_20:lv2(1.000); gc_fid:pls:bp_20:lv3(1.000),petroleum_fraction_db_067,BP_20,analysis_only,equal_weight
4,petroleum_fraction_db_035,0.520067,378.4,74,gc_fid:pca:pc1; gc_fid:pca:pc2; gc_fid:pca:pc3; gc_fid:pca:pc4; gc_fid:pca:pc5; gc_fid:pls:bp_20:lv1; gc_fid:pls:bp_20:lv2; gc_fid:pls:bp_20:lv3; gc_fid:pls:bp_20:lv4; gc_fid:pls:bp_35:lv1; gc_fid:pls:bp_35:lv2; gc_fid:pls:bp_35:lv3,gc_fid:pca:pc1(1.000); gc_fid:pca:pc2(1.000); gc_fid:pca:pc3(1.000); gc_fid:pca:pc4(1.000); gc_fid:pca:pc5(1.000); gc_fid:pls:bp_20:lv1(1.000); gc_fid:pls:bp_20:lv2(1.000); gc_fid:pls:bp_20:lv3(1.000),petroleum_fraction_db_067,BP_20,analysis_only,equal_weight
1,petroleum_fraction_db_063,0.315968,343.0,74,gc_fid:pca:pc1; gc_fid:pca:pc2; gc_fid:pca:pc3; gc_fid:pca:pc4; gc_fid:pca:pc5; gc_fid:pls:bp_20:lv1; gc_fid:pls:bp_20:lv2; gc_fid:pls:bp_20:lv3; gc_fid:pls:bp_20:lv4; gc_fid:pls:bp_35:lv1; gc_fid:pls:bp_35:lv2; gc_fid:pls:bp_35:lv3,gc_fid:pls:density_20c:lv1(0.948); gc_fid:pls:bp_20:lv1(0.940); gc_fid:pls:bp_35:lv1(0.939); gc_fid:pls:bp_50:lv1(0.938); gc_fid:pls:bp_65:lv1(0.936); gc_fid:pls:bp_80:lv1(0.934); gc_fid:pls:saturates:lv1(0.928); gc_fid:pca:pc1(0.914),petroleum_fraction_db_067,BP_20,analysis_only,correlation_weighted
2,petroleum_fraction_db_033,0.452044,368.0,74,gc_fid:pca:pc1; gc_fid:pca:pc2; gc_fid:pca:pc3; gc_fid:pca:pc4; gc_fid:pca:pc5; gc_fid:pls:bp_20:lv1; gc_fid:pls:bp_20:lv2; gc_fid:pls:bp_20:lv3; gc_fid:pls:bp_20:lv4; gc_fid:pls:bp_35:lv1; gc_fid:pls:bp_35:lv2; gc_fid:pls:bp_35:lv3,gc_fid:pls:density_20c:lv1(0.948); gc_fid:pls:bp_20:lv1(0.940); gc_fid:pls:bp_35:lv1(0.939); gc_fid:pls:bp_50:lv1(0.938); gc_fid:pls:bp_65:lv1(0.936); gc_fid:pls:bp_80:lv1(0.934); gc_fid:pls:saturates:lv1(0.928); gc_fid:pca:pc1(0.914),petroleum_fraction_db_067,BP_20,analysis_only,correlation_weighted
3,petroleum_fraction_db_040,0.479907,360.6,74,gc_fid:pca:pc1; gc_fid:pca:pc2; gc_fid:pca:pc3; gc_fid:pca:pc4; gc_fid:pca:pc5; gc_fid:pls:bp_20:lv1; gc_fid:pls:bp_20:lv2; gc_fid:pls:bp_20:lv3; gc_fid:pls:bp_20:lv4; gc_fid:pls:bp_35:lv1; gc_fid:pls:bp_35:lv2; gc_fid:pls:bp_35:lv3,gc_fid:pls:density_20c:lv1(0.948); gc_fid:pls:bp_20:lv1(0.940); gc_fid:pls:bp_35:lv1(0.939); gc_fid:pls:bp_50:lv1(0.938); gc_fid:pls:bp_65:lv1(0.936); gc_fid:pls:bp_80:lv1(0.934); gc_fid:pls:saturates:lv1(0.928); gc_fid:pca:pc1(0.914),petroleum_fraction_db_067,BP_20,analysis_only,correlation_weighted
4,petroleum_fraction_db_010,0.497317,336.4,74,gc_fid:pca:pc1; gc_fid:pca:pc2; gc_fid:pca:pc3; gc_fid:pca:pc4; gc_fid:pca:pc5; gc_fid:pls:bp_20:lv1; gc_fid:pls:bp_20:lv2; gc_fid:pls:bp_20:lv3; gc_fid:pls:bp_20:lv4; gc_fid:pls:bp_35:lv1; gc_fid:pls:bp_35:lv2; gc_fid:pls:bp_35:lv3,gc_fid:pls:density_20c:lv1(0.948); gc_fid:pls:bp_20:lv1(0.940); gc_fid:pls:bp_35:lv1(0.939); gc_fid:pls:bp_50:lv1(0.938); gc_fid:pls:bp_65:lv1(0.936); gc_fid:pls:bp_80:lv1(0.934); gc_fid:pls:saturates:lv1(0.928); gc_fid:pca:pc1(0.914),petroleum_fraction_db_067,BP_20,analysis_only,correlation_weighted
1,petroleum_fraction_db_063,0.288761,343.0,80,bulk_property:bp_35; bulk_property:bp_50; bulk_property:bp_65; bulk_property:bp_80; bulk_property:density_20c; bulk_property:saturates; gc_fid:pca:pc1; gc_fid:pca:pc2; gc_fid:pca:pc3; gc_fid:pca:pc4; gc_fid:pca:pc5; gc_fid:pls:bp_20:lv1,bulk_property:bp_35(1.000); bulk_property:bp_50(1.000); bulk_property:bp_65(1.000); bulk_property:bp_80(1.000); bulk_property:density_20c(1.000); bulk_property:saturates(1.000); gc_fid:pca:pc1(1.000); gc_fid:pca:pc2(1.000),petroleum_fraction_db_067,BP_20,analysis_plus_non_target_bulk,equal_weight
2,petroleum_fraction_db_033,0.413169,368.0,80,bulk_property:bp_35; bulk_property:bp_50; bulk_property:bp_65; bulk_property:bp_80; bulk_property:density_20c; bulk_property:saturates; gc_fid:pca:pc1; gc_fid:pca:pc2; gc_fid:pca:pc3; gc_fid:pca:pc4; gc_fid:pca:pc5; gc_fid:pls:bp_20:lv1,bulk_property:bp_35(1.000); bulk_property:bp_50(1.000); bulk_property:bp_65(1.000); bulk_property:bp_80(1.000); bulk_property:density_20c(1.000); bulk_property:saturates(1.000); gc_fid:pca:pc1(1.000); gc_fid:pca:pc2(1.000),petroleum_fraction_db_067,BP_20,analysis_plus_non_target_bulk,equal_weight
3,petroleum_fraction_db_010,0.510932,336.4,80,bulk_property:bp_35; bulk_property:bp_50; bulk_property:bp_65; bulk_property:bp_80; bulk_property:density_20c; bulk_property:saturates; gc_fid:pca:pc1; gc_fid:pca:pc2; gc_fid:pca:pc3; gc_fid:pca:pc4; gc_fid:pca:pc5; gc_fid:pls:bp_20:lv1,bulk_property:bp_35(1.000); bulk_property:bp_50(1.000); bulk_property:bp_65(1.000); bulk_property:bp_80(1.000); bulk_property:density_20c(1.000); bulk_property:saturates(1.000); gc_fid:pca:pc1(1.000); gc_fid:pca:pc2(1.000),petroleum_fraction_db_067,BP_20,analysis_plus_non_target_bulk,equal_weight
4,petroleum_fraction_db_040,0.51553,360.6,80,bulk_property:bp_35; bulk_property:bp_50; bulk_property:bp_65; bulk_property:bp_80; bulk_property:density_20c; bulk_property:saturates; gc_fid:pca:pc1; gc_fid:pca:pc2; gc_fid:pca:pc3; gc_fid:pca:pc4; gc_fid:pca:pc5; gc_fid:pls:bp_20:lv1,bulk_property:bp_35(1.000); bulk_property:bp_50(1.000); bulk_property:bp_65(1.000); bulk_property:bp_80(1.000); bulk_property:density_20c(1.000); bulk_property:saturates(1.000); gc_fid:pca:pc1(1.000); gc_fid:pca:pc2(1.000),petroleum_fraction_db_067,BP_20,analysis_plus_non_target_bulk,equal_weight
1,petroleum_fraction_db_063,0.29221,343.0,80,bulk_property:bp_35; bulk_property:bp_50; bulk_property:bp_65; bulk_property:bp_80; bulk_property:density_20c; bulk_property:saturates; gc_fid:pca:pc1; gc_fid:pca:pc2; gc_fid:pca:pc3; gc_fid:pca:pc4; gc_fid:pca:pc5; gc_fid:pls:bp_20:lv1,bulk_property:bp_35(1.040); bulk_property:bp_50(1.015); bulk_property:bp_65(0.986); gc_fid:pls:density_20c:lv1(0.948); gc_fid:pls:bp_20:lv1(0.940); gc_fid:pls:bp_35:lv1(0.939); bulk_property:bp_80(0.939); gc_fid:pls:bp_50:lv1(0.938),petroleum_fraction_db_067,BP_20,analysis_plus_non_target_bulk,correlation_weighted
2,petroleum_fraction_db_033,0.441554,368.0,80,bulk_property:bp_35; bulk_property:bp_50; bulk_property:bp_65; bulk_property:bp_80; bulk_property:density_20c; bulk_property:saturates; gc_fid:pca:pc1; gc_fid:pca:pc2; gc_fid:pca:pc3; gc_fid:pca:pc4; gc_fid:pca:pc5; gc_fid:pls:bp_20:lv1,bulk_property:bp_35(1.040); bulk_property:bp_50(1.015); bulk_property:bp_65(0.986); gc_fid:pls:density_20c:lv1(0.948); gc_fid:pls:bp_20:lv1(0.940); gc_fid:pls:bp_35:lv1(0.939); bulk_property:bp_80(0.939); gc_fid:pls:bp_50:lv1(0.938),petroleum_fraction_db_067,BP_20,analysis_plus_non_target_bulk,correlation_weighted
3,petroleum_fraction_db_040,0.459202,360.6,80,bulk_property:bp_35; bulk_property:bp_50; bulk_property:bp_65; bulk_property:bp_80; bulk_property:density_20c; bulk_property:saturates; gc_fid:pca:pc1; gc_fid:pca:pc2; gc_fid:pca:pc3; gc_fid:pca:pc4; gc_fid:pca:pc5; gc_fid:pls:bp_20:lv1,bulk_property:bp_35(1.040); bulk_property:bp_50(1.015); bulk_property:bp_65(0.986); gc_fid:pls:density_20c:lv1(0.948); gc_fid:pls:bp_20:lv1(0.940); gc_fid:pls:bp_35:lv1(0.939); bulk_property:bp_80(0.939); gc_fid:pls:bp_50:lv1(0.938),petroleum_fraction_db_067,BP_20,analysis_plus_non_target_bulk,correlation_weighted
4,petroleum_fraction_db_010,0.534721,336.4,80,bulk_property:bp_35; bulk_property:bp_50; bulk_property:bp_65; bulk_property:bp_80; bulk_property:density_20c; bulk_property:saturates; gc_fid:pca:pc1; gc_fid:pca:pc2; gc_fid:pca:pc3; gc_fid:pca:pc4; gc_fid:pca:pc5; gc_fid:pls:bp_20:lv1,bulk_property:bp_35(1.040); bulk_property:bp_50(1.015); bulk_property:bp_65(0.986); gc_fid:pls:density_20c:lv1(0.948); gc_fid:pls:bp_20:lv1(0.940); gc_fid:pls:bp_35:lv1(0.939); bulk_property:bp_80(0.939); gc_fid:pls:bp_50:lv1(0.938),petroleum_fraction_db_067,BP_20,analysis_plus_non_target_bulk,correlation_weighted
1,petroleum_fraction_db_063,0.299854,375.6,74,gc_fid:pca:pc1; gc_fid:pca:pc2; gc_fid:pca:pc3; gc_fid:pca:pc4; gc_fid:pca:pc5; gc_fid:pls:bp_20:lv1; gc_fid:pls:bp_20:lv2; gc_fid:pls:bp_20:lv3; gc_fid:pls:bp_20:lv4; gc_fid:pls:bp_35:lv1; gc_fid:pls:bp_35:lv2; gc_fid:pls:bp_35:lv3,gc_fid:pca:pc1(1.000); gc_fid:pca:pc2(1.000); gc_fid:pca:pc3(1.000); gc_fid:pca:pc4(1.000); gc_fid:pca:pc5(1.000); gc_fid:pls:bp_20:lv1(1.000); gc_fid:pls:bp_20:lv2(1.000); gc_fid:pls:bp_20:lv3(1.000),petroleum_fraction_db_067,BP_35,analysis_only,equal_weight
2,petroleum_fraction_db_033,0.412804,398.6,74,gc_fid:pca:pc1; gc_fid:pca:pc2; gc_fid:pca:pc3; gc_fid:pca:pc4; gc_fid:pca:pc5; gc_fid:pls:bp_20:lv1; gc_fid:pls:bp_20:lv2; gc_fid:pls:bp_20:lv3; gc_fid:pls:bp_20:lv4; gc_fid:pls:bp_35:lv1; gc_fid:pls:bp_35:lv2; gc_fid:pls:bp_35:lv3,gc_fid:pca:pc1(1.000); gc_fid:pca:pc2(1.000); gc_fid:pca:pc3(1.000); gc_fid:pca:pc4(1.000); gc_fid:pca:pc5(1.000); gc_fid:pls:bp_20:lv1(1.000); gc_fid:pls:bp_20:lv2(1.000); gc_fid:pls:bp_20:lv3(1.000),petroleum_fraction_db_067,BP_35,analysis_only,equal_weight
3,petroleum_fraction_db_010,0.499857,352.0,74,gc_fid:pca:pc1; gc_fid:pca:pc2; gc_fid:pca:pc3; gc_fid:pca:pc4; gc_fid:pca:pc5; gc_fid:pls:bp_20:lv1; gc_fid:pls:bp_20:lv2; gc_fid:pls:bp_20:lv3; gc_fid:pls:bp_20:lv4; gc_fid:pls:bp_35:lv1; gc_fid:pls:bp_35:lv2; gc_fid:pls:bp_35:lv3,gc_fid:pca:pc1(1.000); gc_fid:pca:pc2(1.000); gc_fid:pca:pc3(1.000); gc_fid:pca:pc4(1.000); gc_fid:pca:pc5(1.000); gc_fid:pls:bp_20:lv1(1.000); gc_fid:pls:bp_20:lv2(1.000); gc_fid:pls:bp_20:lv3(1.000),petroleum_fraction_db_067,BP_35,analysis_only,equal_weight
4,petroleum_fraction_db_035,0.520067,411.2,74,gc_fid:pca:pc1; gc_fid:pca:pc2; gc_fid:pca:pc3; gc_fid:pca:pc4; gc_fid:pca:pc5; gc_fid:pls:bp_20:lv1; gc_fid:pls:bp_20:lv2; gc_fid:pls:bp_20:lv3; gc_fid:pls:bp_20:lv4; gc_fid:pls:bp_35:lv1; gc_fid:pls:bp_35:lv2; gc_fid:pls:bp_35:lv3,gc_fid:pca:pc1(1.000); gc_fid:pca:pc2(1.000); gc_fid:pca:pc3(1.000); gc_fid:pca:pc4(1.000); gc_fid:pca:pc5(1.000); gc_fid:pls:bp_20:lv1(1.000); gc_fid:pls:bp_20:lv2(1.000); gc_fid:pls:bp_20:lv3(1.000),petroleum_fraction_db_067,BP_35,analysis_only,equal_weight
1,petroleum_fraction_db_063,0.309738,375.6,74,gc_fid:pca:pc1; gc_fid:pca:pc2; gc_fid:pca:pc3; gc_fid:pca:pc4; gc_fid:pca:pc5; gc_fid:pls:bp_20:lv1; gc_fid:pls:bp_20:lv2; gc_fid:pls:bp_20:lv3; gc_fid:pls:bp_20:lv4; gc_fid:pls:bp_35:lv1; gc_fid:pls:bp_35:lv2; gc_fid:pls:bp_35:lv3,gc_fid:pls:density_20c:lv1(0.967); gc_fid:pls:bp_35:lv1(0.949); gc_fid:pls:saturates:lv1(0.948); gc_fid:pls:bp_20:lv1(0.948); gc_fid:pls:bp_50:lv1(0.948); gc_fid:pls:bp_65:lv1(0.947); gc_fid:pls:bp_80:lv1(0.946); gc_fid:pca:pc1(0.921),petroleum_fraction_db_067,BP_35,analysis_only,correlation_weighted
2,petroleum_fraction_db_033,0.455977,398.6,74,gc_fid:pca:pc1; gc_fid:pca:pc2; gc_fid:pca:pc3; gc_fid:pca:pc4; gc_fid:pca:pc5; gc_fid:pls:bp_20:lv1; gc_fid:pls:bp_20:lv2; gc_fid:pls:bp_20:lv3; gc_fid:pls:bp_20:lv4; gc_fid:pls:bp_35:lv1; gc_fid:pls:bp_35:lv2; gc_fid:pls:bp_35:lv3,gc_fid:pls:density_20c:lv1(0.967); gc_fid:pls:bp_35:lv1(0.949); gc_fid:pls:saturates:lv1(0.948); gc_fid:pls:bp_20:lv1(0.948); gc_fid:pls:bp_50:lv1(0.948); gc_fid:pls:bp_65:lv1(0.947); gc_fid:pls:bp_80:lv1(0.946); gc_fid:pca:pc1(0.921),petroleum_fraction_db_067,BP_35,analysis_only,correlation_weighted
3,petroleum_fraction_db_040,0.480245,381.2,74,gc_fid:pca:pc1; gc_fid:pca:pc2; gc_fid:pca:pc3; gc_fid:pca:pc4; gc_fid:pca:pc5; gc_fid:pls:bp_20:lv1; gc_fid:pls:bp_20:lv2; gc_fid:pls:bp_20:lv3; gc_fid:pls:bp_20:lv4; gc_fid:pls:bp_35:lv1; gc_fid:pls:bp_35:lv2; gc_fid:pls:bp_35:lv3,gc_fid:pls:density_20c:lv1(0.967); gc_fid:pls:bp_35:lv1(0.949); gc_fid:pls:saturates:lv1(0.948); gc_fid:pls:bp_20:lv1(0.948); gc_fid:pls:bp_50:lv1(0.948); gc_fid:pls:bp_65:lv1(0.947); gc_fid:pls:bp_80:lv1(0.946); gc_fid:pca:pc1(0.921),petroleum_fraction_db_067,BP_35,analysis_only,correlation_weighted
4,petroleum_fraction_db_010,0.499912,352.0,74,gc_fid:pca:pc1; gc_fid:pca:pc2; gc_fid:pca:pc3; gc_fid:pca:pc4; gc_fid:pca:pc5; gc_fid:pls:bp_20:lv1; gc_fid:pls:bp_20:lv2; gc_fid:pls:bp_20:lv3; gc_fid:pls:bp_20:lv4; gc_fid:pls:bp_35:lv1; gc_fid:pls:bp_35:lv2; gc_fid:pls:bp_35:lv3,gc_fid:pls:density_20c:lv1(0.967); gc_fid:pls:bp_35:lv1(0.949); gc_fid:pls:saturates:lv1(0.948); gc_fid:pls:bp_20:lv1(0.948); gc_fid:pls:bp_50:lv1(0.948); gc_fid:pls:bp_65:lv1(0.947); gc_fid:pls:bp_80:lv1(0.946); gc_fid:pca:pc1(0.921),petroleum_fraction_db_067,BP_35,analysis_only,correlation_weighted
1,petroleum_fraction_db_063,0.289136,375.6,80,bulk_property:bp_20; bulk_property:bp_50; bulk_property:bp_65; bulk_property:bp_80; bulk_property:density_20c; bulk_property:saturates; gc_fid:pca:pc1; gc_fid:pca:pc2; gc_fid:pca:pc3; gc_fid:pca:pc4; gc_fid:pca:pc5; gc_fid:pls:bp_20:lv1,bulk_property:bp_20(1.000); bulk_property:bp_50(1.000); bulk_property:bp_65(1.000); bulk_property:bp_80(1.000); bulk_property:density_20c(1.000); bulk_property:saturates(1.000); gc_fid:pca:pc1(1.000); gc_fid:pca:pc2(1.000),petroleum_fraction_db_067,BP_35,analysis_plus_non_target_bulk,equal_weight
2,petroleum_fraction_db_033,0.414918,398.6,80,bulk_property:bp_20; bulk_property:bp_50; bulk_property:bp_65; bulk_property:bp_80; bulk_property:density_20c; bulk_property:saturates; gc_fid:pca:pc1; gc_fid:pca:pc2; gc_fid:pca:pc3; gc_fid:pca:pc4; gc_fid:pca:pc5; gc_fid:pls:bp_20:lv1,bulk_property:bp_20(1.000); bulk_property:bp_50(1.000); bulk_property:bp_65(1.000); bulk_property:bp_80(1.000); bulk_property:density_20c(1.000); bulk_property:saturates(1.000); gc_fid:pca:pc1(1.000); gc_fid:pca:pc2(1.000),petroleum_fraction_db_067,BP_35,analysis_plus_non_target_bulk,equal_weight
3,petroleum_fraction_db_010,0.509722,352.0,80,bulk_property:bp_20; bulk_property:bp_50; bulk_property:bp_65; bulk_property:bp_80; bulk_property:density_20c; bulk_property:saturates; gc_fid:pca:pc1; gc_fid:pca:pc2; gc_fid:pca:pc3; gc_fid:pca:pc4; gc_fid:pca:pc5; gc_fid:pls:bp_20:lv1,bulk_property:bp_20(1.000); bulk_property:bp_50(1.000); bulk_property:bp_65(1.000); bulk_property:bp_80(1.000); bulk_property:density_20c(1.000); bulk_property:saturates(1.000); gc_fid:pca:pc1(1.000); gc_fid:pca:pc2(1.000),petroleum_fraction_db_067,BP_35,analysis_plus_non_target_bulk,equal_weight
4,petroleum_fraction_db_040,0.517805,381.2,80,bulk_property:bp_20; bulk_property:bp_50; bulk_property:bp_65; bulk_property:bp_80; bulk_property:density_20c; bulk_property:saturates; gc_fid:pca:pc1; gc_fid:pca:pc2; gc_fid:pca:pc3; gc_fid:pca:pc4; gc_fid:pca:pc5; gc_fid:pls:bp_20:lv1,bulk_property:bp_20(1.000); bulk_property:bp_50(1.000); bulk_property:bp_65(1.000); bulk_property:bp_80(1.000); bulk_property:density_20c(1.000); bulk_property:saturates(1.000); gc_fid:pca:pc1(1.000); gc_fid:pca:pc2(1.000),petroleum_fraction_db_067,BP_35,analysis_plus_non_target_bulk,equal_weight
1,petroleum_fraction_db_063,0.287109,375.6,80,bulk_property:bp_20; bulk_property:bp_50; bulk_property:bp_65; bulk_property:bp_80; bulk_property:density_20c; bulk_property:saturates; gc_fid:pca:pc1; gc_fid:pca:pc2; gc_fid:pca:pc3; gc_fid:pca:pc4; gc_fid:pca:pc5; gc_fid:pls:bp_20:lv1,bulk_property:bp_20(1.040); bulk_property:bp_50(1.040); bulk_property:bp_65(1.020); bulk_property:bp_80(0.982); gc_fid:pls:density_20c:lv1(0.967); gc_fid:pls:bp_35:lv1(0.949); gc_fid:pls:saturates:lv1(0.948); gc_fid:pls:bp_20:lv1(0.948),petroleum_fraction_db_067,BP_35,analysis_plus_non_target_bulk,correlation_weighted
2,petroleum_fraction_db_033,0.44913,398.6,80,bulk_property:bp_20; bulk_property:bp_50; bulk_property:bp_65; bulk_property:bp_80; bulk_property:density_20c; bulk_property:saturates; gc_fid:pca:pc1; gc_fid:pca:pc2; gc_fid:pca:pc3; gc_fid:pca:pc4; gc_fid:pca:pc5; gc_fid:pls:bp_20:lv1,bulk_property:bp_20(1.040); bulk_property:bp_50(1.040); bulk_property:bp_65(1.020); bulk_property:bp_80(0.982); gc_fid:pls:density_20c:lv1(0.967); gc_fid:pls:bp_35:lv1(0.949); gc_fid:pls:saturates:lv1(0.948); gc_fid:pls:bp_20:lv1(0.948),petroleum_fraction_db_067,BP_35,analysis_plus_non_target_bulk,correlation_weighted
3,petroleum_fraction_db_040,0.466415,381.2,80,bulk_property:bp_20; bulk_property:bp_50; bulk_property:bp_65; bulk_property:bp_80; bulk_property:density_20c; bulk_property:saturates; gc_fid:pca:pc1; gc_fid:pca:pc2; gc_fid:pca:pc3; gc_fid:pca:pc4; gc_fid:pca:pc5; gc_fid:pls:bp_20:lv1,bulk_property:bp_20(1.040); bulk_property:bp_50(1.040); bulk_property:bp_65(1.020); bulk_property:bp_80(0.982); gc_fid:pls:density_20c:lv1(0.967); gc_fid:pls:bp_35:lv1(0.949); gc_fid:pls:saturates:lv1(0.948); gc_fid:pls:bp_20:lv1(0.948),petroleum_fraction_db_067,BP_35,analysis_plus_non_target_bulk,correlation_weighted
4,petroleum_fraction_db_010,0.534547,352.0,80,bulk_property:bp_20; bulk_property:bp_50; bulk_property:bp_65; bulk_property:bp_80; bulk_property:density_20c; bulk_property:saturates; gc_fid:pca:pc1; gc_fid:pca:pc2; gc_fid:pca:pc3; gc_fid:pca:pc4; gc_fid:pca:pc5; gc_fid:pls:bp_20:lv1,bulk_property:bp_20(1.040); bulk_property:bp_50(1.040); bulk_property:bp_65(1.020); bulk_property:bp_80(0.982); gc_fid:pls:density_20c:lv1(0.967); gc_fid:pls:bp_35:lv1(0.949); gc_fid:pls:saturates:lv1(0.948); gc_fid:pls:bp_20:lv1(0.948),petroleum_fraction_db_067,BP_35,analysis_plus_non_target_bulk,correlation_weighted
1,petroleum_fraction_db_063,0.299854,404.0,74,gc_fid:pca:pc1; gc_fid:pca:pc2; gc_fid:pca:pc3; gc_fid:pca:pc4; gc_fid:pca:pc5; gc_fid:pls:bp_20:lv1; gc_fid:pls:bp_20:lv2; gc_fid:pls:bp_20:lv3; gc_fid:pls:bp_20:lv4; gc_fid:pls:bp_35:lv1; gc_fid:pls:bp_35:lv2; gc_fid:pls:bp_35:lv3,gc_fid:pca:pc1(1.000); gc_fid:pca:pc2(1.000); gc_fid:pca:pc3(1.000); gc_fid:pca:pc4(1.000); gc_fid:pca:pc5(1.000); gc_fid:pls:bp_20:lv1(1.000); gc_fid:pls:bp_20:lv2(1.000); gc_fid:pls:bp_20:lv3(1.000),petroleum_fraction_db_067,BP_50,analysis_only,equal_weight
2,petroleum_fraction_db_033,0.412804,421.8,74,gc_fid:pca:pc1; gc_fid:pca:pc2; gc_fid:pca:pc3; gc_fid:pca:pc4; gc_fid:pca:pc5; gc_fid:pls:bp_20:lv1; gc_fid:pls:bp_20:lv2; gc_fid:pls:bp_20:lv3; gc_fid:pls:bp_20:lv4; gc_fid:pls:bp_35:lv1; gc_fid:pls:bp_35:lv2; gc_fid:pls:bp_35:lv3,gc_fid:pca:pc1(1.000); gc_fid:pca:pc2(1.000); gc_fid:pca:pc3(1.000); gc_fid:pca:pc4(1.000); gc_fid:pca:pc5(1.000); gc_fid:pls:bp_20:lv1(1.000); gc_fid:pls:bp_20:lv2(1.000); gc_fid:pls:bp_20:lv3(1.000),petroleum_fraction_db_067,BP_50,analysis_only,equal_weight
3,petroleum_fraction_db_010,0.499857,365.8,74,gc_fid:pca:pc1; gc_fid:pca:pc2; gc_fid:pca:pc3; gc_fid:pca:pc4; gc_fid:pca:pc5; gc_fid:pls:bp_20:lv1; gc_fid:pls:bp_20:lv2; gc_fid:pls:bp_20:lv3; gc_fid:pls:bp_20:lv4; gc_fid:pls:bp_35:lv1; gc_fid:pls:bp_35:lv2; gc_fid:pls:bp_35:lv3,gc_fid:pca:pc1(1.000); gc_fid:pca:pc2(1.000); gc_fid:pca:pc3(1.000); gc_fid:pca:pc4(1.000); gc_fid:pca:pc5(1.000); gc_fid:pls:bp_20:lv1(1.000); gc_fid:pls:bp_20:lv2(1.000); gc_fid:pls:bp_20:lv3(1.000),petroleum_fraction_db_067,BP_50,analysis_only,equal_weight
4,petroleum_fraction_db_035,0.520067,438.0,74,gc_fid:pca:pc1; gc_fid:pca:pc2; gc_fid:pca:pc3; gc_fid:pca:pc4; gc_fid:pca:pc5; gc_fid:pls:bp_20:lv1; gc_fid:pls:bp_20:lv2; gc_fid:pls:bp_20:lv3; gc_fid:pls:bp_20:lv4; gc_fid:pls:bp_35:lv1; gc_fid:pls:bp_35:lv2; gc_fid:pls:bp_35:lv3,gc_fid:pca:pc1(1.000); gc_fid:pca:pc2(1.000); gc_fid:pca:pc3(1.000); gc_fid:pca:pc4(1.000); gc_fid:pca:pc5(1.000); gc_fid:pls:bp_20:lv1(1.000); gc_fid:pls:bp_20:lv2(1.000); gc_fid:pls:bp_20:lv3(1.000),petroleum_fraction_db_067,BP_50,analysis_only,equal_weight
1,petroleum_fraction_db_063,0.302732,404.0,74,gc_fid:pca:pc1; gc_fid:pca:pc2; gc_fid:pca:pc3; gc_fid:pca:pc4; gc_fid:pca:pc5; gc_fid:pls:bp_20:lv1; gc_fid:pls:bp_20:lv2; gc_fid:pls:bp_20:lv3; gc_fid:pls:bp_20:lv4; gc_fid:pls:bp_35:lv1; gc_fid:pls:bp_35:lv2; gc_fid:pls:bp_35:lv3,gc_fid:pls:density_20c:lv1(0.977); gc_fid:pls:saturates:lv1(0.960); gc_fid:pls:bp_50:lv1(0.951); gc_fid:pls:bp_80:lv1(0.951); gc_fid:pls:bp_35:lv1(0.951); gc_fid:pls:bp_65:lv1(0.951); gc_fid:pls:bp_20:lv1(0.949); gc_fid:pca:pc1(0.923),petroleum_fraction_db_067,BP_50,analysis_only,correlation_weighted
2,petroleum_fraction_db_033,0.459743,421.8,74,gc_fid:pca:pc1; gc_fid:pca:pc2; gc_fid:pca:pc3; gc_fid:pca:pc4; gc_fid:pca:pc5; gc_fid:pls:bp_20:lv1; gc_fid:pls:bp_20:lv2; gc_fid:pls:bp_20:lv3; gc_fid:pls:bp_20:lv4; gc_fid:pls:bp_35:lv1; gc_fid:pls:bp_35:lv2; gc_fid:pls:bp_35:lv3,gc_fid:pls:density_20c:lv1(0.977); gc_fid:pls:saturates:lv1(0.960); gc_fid:pls:bp_50:lv1(0.951); gc_fid:pls:bp_80:lv1(0.951); gc_fid:pls:bp_35:lv1(0.951); gc_fid:pls:bp_65:lv1(0.951); gc_fid:pls:bp_20:lv1(0.949); gc_fid:pca:pc1(0.923),petroleum_fraction_db_067,BP_50,analysis_only,correlation_weighted
3,petroleum_fraction_db_040,0.478003,397.8,74,gc_fid:pca:pc1; gc_fid:pca:pc2; gc_fid:pca:pc3; gc_fid:pca:pc4; gc_fid:pca:pc5; gc_fid:pls:bp_20:lv1; gc_fid:pls:bp_20:lv2; gc_fid:pls:bp_20:lv3; gc_fid:pls:bp_20:lv4; gc_fid:pls:bp_35:lv1; gc_fid:pls:bp_35:lv2; gc_fid:pls:bp_35:lv3,gc_fid:pls:density_20c:lv1(0.977); gc_fid:pls:saturates:lv1(0.960); gc_fid:pls:bp_50:lv1(0.951); gc_fid:pls:bp_80:lv1(0.951); gc_fid:pls:bp_35:lv1(0.951); gc_fid:pls:bp_65:lv1(0.951); gc_fid:pls:bp_20:lv1(0.949); gc_fid:pca:pc1(0.923),petroleum_fraction_db_067,BP_50,analysis_only,correlation_weighted
4,petroleum_fraction_db_010,0.505015,365.8,74,gc_fid:pca:pc1; gc_fid:pca:pc2; gc_fid:pca:pc3; gc_fid:pca:pc4; gc_fid:pca:pc5; gc_fid:pls:bp_20:lv1; gc_fid:pls:bp_20:lv2; gc_fid:pls:bp_20:lv3; gc_fid:pls:bp_20:lv4; gc_fid:pls:bp_35:lv1; gc_fid:pls:bp_35:lv2; gc_fid:pls:bp_35:lv3,gc_fid:pls:density_20c:lv1(0.977); gc_fid:pls:saturates:lv1(0.960); gc_fid:pls:bp_50:lv1(0.951); gc_fid:pls:bp_80:lv1(0.951); gc_fid:pls:bp_35:lv1(0.951); gc_fid:pls:bp_65:lv1(0.951); gc_fid:pls:bp_20:lv1(0.949); gc_fid:pca:pc1(0.923),petroleum_fraction_db_067,BP_50,analysis_only,correlation_weighted
1,petroleum_fraction_db_063,0.28933,404.0,80,bulk_property:bp_20; bulk_property:bp_35; bulk_property:bp_65; bulk_property:bp_80; bulk_property:density_20c; bulk_property:saturates; gc_fid:pca:pc1; gc_fid:pca:pc2; gc_fid:pca:pc3; gc_fid:pca:pc4; gc_fid:pca:pc5; gc_fid:pls:bp_20:lv1,bulk_property:bp_20(1.000); bulk_property:bp_35(1.000); bulk_property:bp_65(1.000); bulk_property:bp_80(1.000); bulk_property:density_20c(1.000); bulk_property:saturates(1.000); gc_fid:pca:pc1(1.000); gc_fid:pca:pc2(1.000),petroleum_fraction_db_067,BP_50,analysis_plus_non_target_bulk,equal_weight
2,petroleum_fraction_db_033,0.417038,421.8,80,bulk_property:bp_20; bulk_property:bp_35; bulk_property:bp_65; bulk_property:bp_80; bulk_property:density_20c; bulk_property:saturates; gc_fid:pca:pc1; gc_fid:pca:pc2; gc_fid:pca:pc3; gc_fid:pca:pc4; gc_fid:pca:pc5; gc_fid:pls:bp_20:lv1,bulk_property:bp_20(1.000); bulk_property:bp_35(1.000); bulk_property:bp_65(1.000); bulk_property:bp_80(1.000); bulk_property:density_20c(1.000); bulk_property:saturates(1.000); gc_fid:pca:pc1(1.000); gc_fid:pca:pc2(1.000),petroleum_fraction_db_067,BP_50,analysis_plus_non_target_bulk,equal_weight
3,petroleum_fraction_db_010,0.506102,365.8,80,bulk_property:bp_20; bulk_property:bp_35; bulk_property:bp_65; bulk_property:bp_80; bulk_property:density_20c; bulk_property:saturates; gc_fid:pca:pc1; gc_fid:pca:pc2; gc_fid:pca:pc3; gc_fid:pca:pc4; gc_fid:pca:pc5; gc_fid:pls:bp_20:lv1,bulk_property:bp_20(1.000); bulk_property:bp_35(1.000); bulk_property:bp_65(1.000); bulk_property:bp_80(1.000); bulk_property:density_20c(1.000); bulk_property:saturates(1.000); gc_fid:pca:pc1(1.000); gc_fid:pca:pc2(1.000),petroleum_fraction_db_067,BP_50,analysis_plus_non_target_bulk,equal_weight
4,petroleum_fraction_db_040,0.518207,397.8,80,bulk_property:bp_20; bulk_property:bp_35; bulk_property:bp_65; bulk_property:bp_80; bulk_property:density_20c; bulk_property:saturates; gc_fid:pca:pc1; gc_fid:pca:pc2; gc_fid:pca:pc3; gc_fid:pca:pc4; gc_fid:pca:pc5; gc_fid:pls:bp_20:lv1,bulk_property:bp_20(1.000); bulk_property:bp_35(1.000); bulk_property:bp_65(1.000); bulk_property:bp_80(1.000); bulk_property:density_20c(1.000); bulk_property:saturates(1.000); gc_fid:pca:pc1(1.000); gc_fid:pca:pc2(1.000),petroleum_fraction_db_067,BP_50,analysis_plus_non_target_bulk,equal_weight
1,petroleum_fraction_db_063,0.280971,404.0,80,bulk_property:bp_20; bulk_property:bp_35; bulk_property:bp_65; bulk_property:bp_80; bulk_property:density_20c; bulk_property:saturates; gc_fid:pca:pc1; gc_fid:pca:pc2; gc_fid:pca:pc3; gc_fid:pca:pc4; gc_fid:pca:pc5; gc_fid:pls:bp_20:lv1,bulk_property:bp_65(1.042); bulk_property:bp_35(1.040); bulk_property:bp_80(1.018); bulk_property:bp_20(1.015); gc_fid:pls:density_20c:lv1(0.977); gc_fid:pls:saturates:lv1(0.960); gc_fid:pls:bp_50:lv1(0.951); gc_fid:pls:bp_80:lv1(0.951),petroleum_fraction_db_067,BP_50,analysis_plus_non_target_bulk,correlation_weighted
2,petroleum_fraction_db_033,0.457227,421.8,80,bulk_property:bp_20; bulk_property:bp_35; bulk_property:bp_65; bulk_property:bp_80; bulk_property:density_20c; bulk_property:saturates; gc_fid:pca:pc1; gc_fid:pca:pc2; gc_fid:pca:pc3; gc_fid:pca:pc4; gc_fid:pca:pc5; gc_fid:pls:bp_20:lv1,bulk_property:bp_65(1.042); bulk_property:bp_35(1.040); bulk_property:bp_80(1.018); bulk_property:bp_20(1.015); gc_fid:pls:density_20c:lv1(0.977); gc_fid:pls:saturates:lv1(0.960); gc_fid:pls:bp_50:lv1(0.951); gc_fid:pls:bp_80:lv1(0.951),petroleum_fraction_db_067,BP_50,analysis_plus_non_target_bulk,correlation_weighted
3,petroleum_fraction_db_040,0.465681,397.8,80,bulk_property:bp_20; bulk_property:bp_35; bulk_property:bp_65; bulk_property:bp_80; bulk_property:density_20c; bulk_property:saturates; gc_fid:pca:pc1; gc_fid:pca:pc2; gc_fid:pca:pc3; gc_fid:pca:pc4; gc_fid:pca:pc5; gc_fid:pls:bp_20:lv1,bulk_property:bp_65(1.042); bulk_property:bp_35(1.040); bulk_property:bp_80(1.018); bulk_property:bp_20(1.015); gc_fid:pls:density_20c:lv1(0.977); gc_fid:pls:saturates:lv1(0.960); gc_fid:pls:bp_50:lv1(0.951); gc_fid:pls:bp_80:lv1(0.951),petroleum_fraction_db_067,BP_50,analysis_plus_non_target_bulk,correlation_weighted
4,petroleum_fraction_db_010,0.530343,365.8,80,bulk_property:bp_20; bulk_property:bp_35; bulk_property:bp_65; bulk_property:bp_80; bulk_property:density_20c; bulk_property:saturates; gc_fid:pca:pc1; gc_fid:pca:pc2; gc_fid:pca:pc3; gc_fid:pca:pc4; gc_fid:pca:pc5; gc_fid:pls:bp_20:lv1,bulk_property:bp_65(1.042); bulk_property:bp_35(1.040); bulk_property:bp_80(1.018); bulk_property:bp_20(1.015); gc_fid:pls:density_20c:lv1(0.977); gc_fid:pls:saturates:lv1(0.960); gc_fid:pls:bp_50:lv1(0.951); gc_fid:pls:bp_80:lv1(0.951),petroleum_fraction_db_067,BP_50,analysis_plus_non_target_bulk,correlation_weighted
1,petroleum_fraction_db_063,0.299854,429.0,74,gc_fid:pca:pc1; gc_fid:pca:pc2; gc_fid:pca:pc3; gc_fid:pca:pc4; gc_fid:pca:pc5; gc_fid:pls:bp_20:lv1; gc_fid:pls:bp_20:lv2; gc_fid:pls:bp_20:lv3; gc_fid:pls:bp_20:lv4; gc_fid:pls:bp_35:lv1; gc_fid:pls:bp_35:lv2; gc_fid:pls:bp_35:lv3,gc_fid:pca:pc1(1.000); gc_fid:pca:pc2(1.000); gc_fid:pca:pc3(1.000); gc_fid:pca:pc4(1.000); gc_fid:pca:pc5(1.000); gc_fid:pls:bp_20:lv1(1.000); gc_fid:pls:bp_20:lv2(1.000); gc_fid:pls:bp_20:lv3(1.000),petroleum_fraction_db_067,BP_65,analysis_only,equal_weight
2,petroleum_fraction_db_033,0.412804,444.2,74,gc_fid:pca:pc1; gc_fid:pca:pc2; gc_fid:pca:pc3; gc_fid:pca:pc4; gc_fid:pca:pc5; gc_fid:pls:bp_20:lv1; gc_fid:pls:bp_20:lv2; gc_fid:pls:bp_20:lv3; gc_fid:pls:bp_20:lv4; gc_fid:pls:bp_35:lv1; gc_fid:pls:bp_35:lv2; gc_fid:pls:bp_35:lv3,gc_fid:pca:pc1(1.000); gc_fid:pca:pc2(1.000); gc_fid:pca:pc3(1.000); gc_fid:pca:pc4(1.000); gc_fid:pca:pc5(1.000); gc_fid:pls:bp_20:lv1(1.000); gc_fid:pls:bp_20:lv2(1.000); gc_fid:pls:bp_20:lv3(1.000),petroleum_fraction_db_067,BP_65,analysis_only,equal_weight
3,petroleum_fraction_db_010,0.499857,379.2,74,gc_fid:pca:pc1; gc_fid:pca:pc2; gc_fid:pca:pc3; gc_fid:pca:pc4; gc_fid:pca:pc5; gc_fid:pls:bp_20:lv1; gc_fid:pls:bp_20:lv2; gc_fid:pls:bp_20:lv3; gc_fid:pls:bp_20:lv4; gc_fid:pls:bp_35:lv1; gc_fid:pls:bp_35:lv2; gc_fid:pls:bp_35:lv3,gc_fid:pca:pc1(1.000); gc_fid:pca:pc2(1.000); gc_fid:pca:pc3(1.000); gc_fid:pca:pc4(1.000); gc_fid:pca:pc5(1.000); gc_fid:pls:bp_20:lv1(1.000); gc_fid:pls:bp_20:lv2(1.000); gc_fid:pls:bp_20:lv3(1.000),petroleum_fraction_db_067,BP_65,analysis_only,equal_weight
4,petroleum_fraction_db_035,0.520067,467.2,74,gc_fid:pca:pc1; gc_fid:pca:pc2; gc_fid:pca:pc3; gc_fid:pca:pc4; gc_fid:pca:pc5; gc_fid:pls:bp_20:lv1; gc_fid:pls:bp_20:lv2; gc_fid:pls:bp_20:lv3; gc_fid:pls:bp_20:lv4; gc_fid:pls:bp_35:lv1; gc_fid:pls:bp_35:lv2; gc_fid:pls:bp_35:lv3,gc_fid:pca:pc1(1.000); gc_fid:pca:pc2(1.000); gc_fid:pca:pc3(1.000); gc_fid:pca:pc4(1.000); gc_fid:pca:pc5(1.000); gc_fid:pls:bp_20:lv1(1.000); gc_fid:pls:bp_20:lv2(1.000); gc_fid:pls:bp_20:lv3(1.000),petroleum_fraction_db_067,BP_65,analysis_only,equal_weight
1,petroleum_fraction_db_063,0.297322,429.0,74,gc_fid:pca:pc1; gc_fid:pca:pc2; gc_fid:pca:pc3; gc_fid:pca:pc4; gc_fid:pca:pc5; gc_fid:pls:bp_20:lv1; gc_fid:pls:bp_20:lv2; gc_fid:pls:bp_20:lv3; gc_fid:pls:bp_20:lv4; gc_fid:pls:bp_35:lv1; gc_fid:pls:bp_35:lv2; gc_fid:pls:bp_35:lv3,gc_fid:pls:density_20c:lv1(0.980); gc_fid:pls:saturates:lv1(0.965); gc_fid:pls:bp_80:lv1(0.952); gc_fid:pls:bp_65:lv1(0.951); gc_fid:pls:bp_50:lv1(0.951); gc_fid:pls:bp_35:lv1(0.950); gc_fid:pls:bp_20:lv1(0.947); gc_fid:pca:pc1(0.922),petroleum_fraction_db_067,BP_65,analysis_only,correlation_weighted
2,petroleum_fraction_db_033,0.461681,444.2,74,gc_fid:pca:pc1; gc_fid:pca:pc2; gc_fid:pca:pc3; gc_fid:pca:pc4; gc_fid:pca:pc5; gc_fid:pls:bp_20:lv1; gc_fid:pls:bp_20:lv2; gc_fid:pls:bp_20:lv3; gc_fid:pls:bp_20:lv4; gc_fid:pls:bp_35:lv1; gc_fid:pls:bp_35:lv2; gc_fid:pls:bp_35:lv3,gc_fid:pls:density_20c:lv1(0.980); gc_fid:pls:saturates:lv1(0.965); gc_fid:pls:bp_80:lv1(0.952); gc_fid:pls:bp_65:lv1(0.951); gc_fid:pls:bp_50:lv1(0.951); gc_fid:pls:bp_35:lv1(0.950); gc_fid:pls:bp_20:lv1(0.947); gc_fid:pca:pc1(0.922),petroleum_fraction_db_067,BP_65,analysis_only,correlation_weighted
3,petroleum_fraction_db_040,0.475333,414.6,74,gc_fid:pca:pc1; gc_fid:pca:pc2; gc_fid:pca:pc3; gc_fid:pca:pc4; gc_fid:pca:pc5; gc_fid:pls:bp_20:lv1; gc_fid:pls:bp_20:lv2; gc_fid:pls:bp_20:lv3; gc_fid:pls:bp_20:lv4; gc_fid:pls:bp_35:lv1; gc_fid:pls:bp_35:lv2; gc_fid:pls:bp_35:lv3,gc_fid:pls:density_20c:lv1(0.980); gc_fid:pls:saturates:lv1(0.965); gc_fid:pls:bp_80:lv1(0.952); gc_fid:pls:bp_65:lv1(0.951); gc_fid:pls:bp_50:lv1(0.951); gc_fid:pls:bp_35:lv1(0.950); gc_fid:pls:bp_20:lv1(0.947); gc_fid:pca:pc1(0.922),petroleum_fraction_db_067,BP_65,analysis_only,correlation_weighted
4,petroleum_fraction_db_010,0.510068,379.2,74,gc_fid:pca:pc1; gc_fid:pca:pc2; gc_fid:pca:pc3; gc_fid:pca:pc4; gc_fid:pca:pc5; gc_fid:pls:bp_20:lv1; gc_fid:pls:bp_20:lv2; gc_fid:pls:bp_20:lv3; gc_fid:pls:bp_20:lv4; gc_fid:pls:bp_35:lv1; gc_fid:pls:bp_35:lv2; gc_fid:pls:bp_35:lv3,gc_fid:pls:density_20c:lv1(0.980); gc_fid:pls:saturates:lv1(0.965); gc_fid:pls:bp_80:lv1(0.952); gc_fid:pls:bp_65:lv1(0.951); gc_fid:pls:bp_50:lv1(0.951); gc_fid:pls:bp_35:lv1(0.950); gc_fid:pls:bp_20:lv1(0.947); gc_fid:pca:pc1(0.922),petroleum_fraction_db_067,BP_65,analysis_only,correlation_weighted
1,petroleum_fraction_db_063,0.289322,429.0,80,bulk_property:bp_20; bulk_property:bp_35; bulk_property:bp_50; bulk_property:bp_80; bulk_property:density_20c; bulk_property:saturates; gc_fid:pca:pc1; gc_fid:pca:pc2; gc_fid:pca:pc3; gc_fid:pca:pc4; gc_fid:pca:pc5; gc_fid:pls:bp_20:lv1,bulk_property:bp_20(1.000); bulk_property:bp_35(1.000); bulk_property:bp_50(1.000); bulk_property:bp_80(1.000); bulk_property:density_20c(1.000); bulk_property:saturates(1.000); gc_fid:pca:pc1(1.000); gc_fid:pca:pc2(1.000),petroleum_fraction_db_067,BP_65,analysis_plus_non_target_bulk,equal_weight
2,petroleum_fraction_db_033,0.418051,444.2,80,bulk_property:bp_20; bulk_property:bp_35; bulk_property:bp_50; bulk_property:bp_80; bulk_property:density_20c; bulk_property:saturates; gc_fid:pca:pc1; gc_fid:pca:pc2; gc_fid:pca:pc3; gc_fid:pca:pc4; gc_fid:pca:pc5; gc_fid:pls:bp_20:lv1,bulk_property:bp_20(1.000); bulk_property:bp_35(1.000); bulk_property:bp_50(1.000); bulk_property:bp_80(1.000); bulk_property:density_20c(1.000); bulk_property:saturates(1.000); gc_fid:pca:pc1(1.000); gc_fid:pca:pc2(1.000),petroleum_fraction_db_067,BP_65,analysis_plus_non_target_bulk,equal_weight
3,petroleum_fraction_db_010,0.50163,379.2,80,bulk_property:bp_20; bulk_property:bp_35; bulk_property:bp_50; bulk_property:bp_80; bulk_property:density_20c; bulk_property:saturates; gc_fid:pca:pc1; gc_fid:pca:pc2; gc_fid:pca:pc3; gc_fid:pca:pc4; gc_fid:pca:pc5; gc_fid:pls:bp_20:lv1,bulk_property:bp_20(1.000); bulk_property:bp_35(1.000); bulk_property:bp_50(1.000); bulk_property:bp_80(1.000); bulk_property:density_20c(1.000); bulk_property:saturates(1.000); gc_fid:pca:pc1(1.000); gc_fid:pca:pc2(1.000),petroleum_fraction_db_067,BP_65,analysis_plus_non_target_bulk,equal_weight
4,petroleum_fraction_db_040,0.517348,414.6,80,bulk_property:bp_20; bulk_property:bp_35; bulk_property:bp_50; bulk_property:bp_80; bulk_property:density_20c; bulk_property:saturates; gc_fid:pca:pc1; gc_fid:pca:pc2; gc_fid:pca:pc3; gc_fid:pca:pc4; gc_fid:pca:pc5; gc_fid:pls:bp_20:lv1,bulk_property:bp_20(1.000); bulk_property:bp_35(1.000); bulk_property:bp_50(1.000); bulk_property:bp_80(1.000); bulk_property:density_20c(1.000); bulk_property:saturates(1.000); gc_fid:pca:pc1(1.000); gc_fid:pca:pc2(1.000),petroleum_fraction_db_067,BP_65,analysis_plus_non_target_bulk,equal_weight
1,petroleum_fraction_db_063,0.275861,429.0,80,bulk_property:bp_20; bulk_property:bp_35; bulk_property:bp_50; bulk_property:bp_80; bulk_property:density_20c; bulk_property:saturates; gc_fid:pca:pc1; gc_fid:pca:pc2; gc_fid:pca:pc3; gc_fid:pca:pc4; gc_fid:pca:pc5; gc_fid:pls:bp_20:lv1,bulk_property:bp_50(1.042); bulk_property:bp_80(1.039); bulk_property:bp_35(1.020); bulk_property:bp_20(0.986); gc_fid:pls:density_20c:lv1(0.980); gc_fid:pls:saturates:lv1(0.965); gc_fid:pls:bp_80:lv1(0.952); gc_fid:pls:bp_65:lv1(0.951),petroleum_fraction_db_067,BP_65,analysis_plus_non_target_bulk,correlation_weighted
2,petroleum_fraction_db_040,0.460916,414.6,80,bulk_property:bp_20; bulk_property:bp_35; bulk_property:bp_50; bulk_property:bp_80; bulk_property:density_20c; bulk_property:saturates; gc_fid:pca:pc1; gc_fid:pca:pc2; gc_fid:pca:pc3; gc_fid:pca:pc4; gc_fid:pca:pc5; gc_fid:pls:bp_20:lv1,bulk_property:bp_50(1.042); bulk_property:bp_80(1.039); bulk_property:bp_35(1.020); bulk_property:bp_20(0.986); gc_fid:pls:density_20c:lv1(0.980); gc_fid:pls:saturates:lv1(0.965); gc_fid:pls:bp_80:lv1(0.952); gc_fid:pls:bp_65:lv1(0.951),petroleum_fraction_db_067,BP_65,analysis_plus_non_target_bulk,correlation_weighted
3,petroleum_fraction_db_033,0.461175,444.2,80,bulk_property:bp_20; bulk_property:bp_35; bulk_property:bp_50; bulk_property:bp_80; bulk_property:density_20c; bulk_property:saturates; gc_fid:pca:pc1; gc_fid:pca:pc2; gc_fid:pca:pc3; gc_fid:pca:pc4; gc_fid:pca:pc5; gc_fid:pls:bp_20:lv1,bulk_property:bp_50(1.042); bulk_property:bp_80(1.039); bulk_property:bp_35(1.020); bulk_property:bp_20(0.986); gc_fid:pls:density_20c:lv1(0.980); gc_fid:pls:saturates:lv1(0.965); gc_fid:pls:bp_80:lv1(0.952); gc_fid:pls:bp_65:lv1(0.951),petroleum_fraction_db_067,BP_65,analysis_plus_non_target_bulk,correlation_weighted
4,petroleum_fraction_db_010,0.523396,379.2,80,bulk_property:bp_20; bulk_property:bp_35; bulk_property:bp_50; bulk_property:bp_80; bulk_property:density_20c; bulk_property:saturates; gc_fid:pca:pc1; gc_fid:pca:pc2; gc_fid:pca:pc3; gc_fid:pca:pc4; gc_fid:pca:pc5; gc_fid:pls:bp_20:lv1,bulk_property:bp_50(1.042); bulk_property:bp_80(1.039); bulk_property:bp_35(1.020); bulk_property:bp_20(0.986); gc_fid:pls:density_20c:lv1(0.980); gc_fid:pls:saturates:lv1(0.965); gc_fid:pls:bp_80:lv1(0.952); gc_fid:pls:bp_65:lv1(0.951),petroleum_fraction_db_067,BP_65,analysis_plus_non_target_bulk,correlation_weighted
1,petroleum_fraction_db_063,0.299854,456.4,74,gc_fid:pca:pc1; gc_fid:pca:pc2; gc_fid:pca:pc3; gc_fid:pca:pc4; gc_fid:pca:pc5; gc_fid:pls:bp_20:lv1; gc_fid:pls:bp_20:lv2; gc_fid:pls:bp_20:lv3; gc_fid:pls:bp_20:lv4; gc_fid:pls:bp_35:lv1; gc_fid:pls:bp_35:lv2; gc_fid:pls:bp_35:lv3,gc_fid:pca:pc1(1.000); gc_fid:pca:pc2(1.000); gc_fid:pca:pc3(1.000); gc_fid:pca:pc4(1.000); gc_fid:pca:pc5(1.000); gc_fid:pls:bp_20:lv1(1.000); gc_fid:pls:bp_20:lv2(1.000); gc_fid:pls:bp_20:lv3(1.000),petroleum_fraction_db_067,BP_80,analysis_only,equal_weight
2,petroleum_fraction_db_033,0.412804,471.0,74,gc_fid:pca:pc1; gc_fid:pca:pc2; gc_fid:pca:pc3; gc_fid:pca:pc4; gc_fid:pca:pc5; gc_fid:pls:bp_20:lv1; gc_fid:pls:bp_20:lv2; gc_fid:pls:bp_20:lv3; gc_fid:pls:bp_20:lv4; gc_fid:pls:bp_35:lv1; gc_fid:pls:bp_35:lv2; gc_fid:pls:bp_35:lv3,gc_fid:pca:pc1(1.000); gc_fid:pca:pc2(1.000); gc_fid:pca:pc3(1.000); gc_fid:pca:pc4(1.000); gc_fid:pca:pc5(1.000); gc_fid:pls:bp_20:lv1(1.000); gc_fid:pls:bp_20:lv2(1.000); gc_fid:pls:bp_20:lv3(1.000),petroleum_fraction_db_067,BP_80,analysis_only,equal_weight
3,petroleum_fraction_db_010,0.499857,395.6,74,gc_fid:pca:pc1; gc_fid:pca:pc2; gc_fid:pca:pc3; gc_fid:pca:pc4; gc_fid:pca:pc5; gc_fid:pls:bp_20:lv1; gc_fid:pls:bp_20:lv2; gc_fid:pls:bp_20:lv3; gc_fid:pls:bp_20:lv4; gc_fid:pls:bp_35:lv1; gc_fid:pls:bp_35:lv2; gc_fid:pls:bp_35:lv3,gc_fid:pca:pc1(1.000); gc_fid:pca:pc2(1.000); gc_fid:pca:pc3(1.000); gc_fid:pca:pc4(1.000); gc_fid:pca:pc5(1.000); gc_fid:pls:bp_20:lv1(1.000); gc_fid:pls:bp_20:lv2(1.000); gc_fid:pls:bp_20:lv3(1.000),petroleum_fraction_db_067,BP_80,analysis_only,equal_weight
4,petroleum_fraction_db_035,0.520067,499.8,74,gc_fid:pca:pc1; gc_fid:pca:pc2; gc_fid:pca:pc3; gc_fid:pca:pc4; gc_fid:pca:pc5; gc_fid:pls:bp_20:lv1; gc_fid:pls:bp_20:lv2; gc_fid:pls:bp_20:lv3; gc_fid:pls:bp_20:lv4; gc_fid:pls:bp_35:lv1; gc_fid:pls:bp_35:lv2; gc_fid:pls:bp_35:lv3,gc_fid:pca:pc1(1.000); gc_fid:pca:pc2(1.000); gc_fid:pca:pc3(1.000); gc_fid:pca:pc4(1.000); gc_fid:pca:pc5(1.000); gc_fid:pls:bp_20:lv1(1.000); gc_fid:pls:bp_20:lv2(1.000); gc_fid:pls:bp_20:lv3(1.000),petroleum_fraction_db_067,BP_80,analysis_only,equal_weight
1,petroleum_fraction_db_063,0.292821,456.4,74,gc_fid:pca:pc1; gc_fid:pca:pc2; gc_fid:pca:pc3; gc_fid:pca:pc4; gc_fid:pca:pc5; gc_fid:pls:bp_20:lv1; gc_fid:pls:bp_20:lv2; gc_fid:pls:bp_20:lv3; gc_fid:pls:bp_20:lv4; gc_fid:pls:bp_35:lv1; gc_fid:pls:bp_35:lv2; gc_fid:pls:bp_35:lv3,gc_fid:pls:density_20c:lv1(0.973); gc_fid:pls:saturates:lv1(0.962); gc_fid:pls:bp_80:lv1(0.945); gc_fid:pls:bp_65:lv1(0.942); gc_fid:pls:bp_50:lv1(0.941); gc_fid:pls:bp_35:lv1(0.939); gc_fid:pls:bp_20:lv1(0.935); gc_fid:pca:pc1(0.913),petroleum_fraction_db_067,BP_80,analysis_only,correlation_weighted
2,petroleum_fraction_db_033,0.463848,471.0,74,gc_fid:pca:pc1; gc_fid:pca:pc2; gc_fid:pca:pc3; gc_fid:pca:pc4; gc_fid:pca:pc5; gc_fid:pls:bp_20:lv1; gc_fid:pls:bp_20:lv2; gc_fid:pls:bp_20:lv3; gc_fid:pls:bp_20:lv4; gc_fid:pls:bp_35:lv1; gc_fid:pls:bp_35:lv2; gc_fid:pls:bp_35:lv3,gc_fid:pls:density_20c:lv1(0.973); gc_fid:pls:saturates:lv1(0.962); gc_fid:pls:bp_80:lv1(0.945); gc_fid:pls:bp_65:lv1(0.942); gc_fid:pls:bp_50:lv1(0.941); gc_fid:pls:bp_35:lv1(0.939); gc_fid:pls:bp_20:lv1(0.935); gc_fid:pca:pc1(0.913),petroleum_fraction_db_067,BP_80,analysis_only,correlation_weighted
3,petroleum_fraction_db_040,0.474437,432.8,74,gc_fid:pca:pc1; gc_fid:pca:pc2; gc_fid:pca:pc3; gc_fid:pca:pc4; gc_fid:pca:pc5; gc_fid:pls:bp_20:lv1; gc_fid:pls:bp_20:lv2; gc_fid:pls:bp_20:lv3; gc_fid:pls:bp_20:lv4; gc_fid:pls:bp_35:lv1; gc_fid:pls:bp_35:lv2; gc_fid:pls:bp_35:lv3,gc_fid:pls:density_20c:lv1(0.973); gc_fid:pls:saturates:lv1(0.962); gc_fid:pls:bp_80:lv1(0.945); gc_fid:pls:bp_65:lv1(0.942); gc_fid:pls:bp_50:lv1(0.941); gc_fid:pls:bp_35:lv1(0.939); gc_fid:pls:bp_20:lv1(0.935); gc_fid:pca:pc1(0.913),petroleum_fraction_db_067,BP_80,analysis_only,correlation_weighted
4,petroleum_fraction_db_010,0.518483,395.6,74,gc_fid:pca:pc1; gc_fid:pca:pc2; gc_fid:pca:pc3; gc_fid:pca:pc4; gc_fid:pca:pc5; gc_fid:pls:bp_20:lv1; gc_fid:pls:bp_20:lv2; gc_fid:pls:bp_20:lv3; gc_fid:pls:bp_20:lv4; gc_fid:pls:bp_35:lv1; gc_fid:pls:bp_35:lv2; gc_fid:pls:bp_35:lv3,gc_fid:pls:density_20c:lv1(0.973); gc_fid:pls:saturates:lv1(0.962); gc_fid:pls:bp_80:lv1(0.945); gc_fid:pls:bp_65:lv1(0.942); gc_fid:pls:bp_50:lv1(0.941); gc_fid:pls:bp_35:lv1(0.939); gc_fid:pls:bp_20:lv1(0.935); gc_fid:pca:pc1(0.913),petroleum_fraction_db_067,BP_80,analysis_only,correlation_weighted
1,petroleum_fraction_db_063,0.289049,456.4,80,bulk_property:bp_20; bulk_property:bp_35; bulk_property:bp_50; bulk_property:bp_65; bulk_property:density_20c; bulk_property:saturates; gc_fid:pca:pc1; gc_fid:pca:pc2; gc_fid:pca:pc3; gc_fid:pca:pc4; gc_fid:pca:pc5; gc_fid:pls:bp_20:lv1,bulk_property:bp_20(1.000); bulk_property:bp_35(1.000); bulk_property:bp_50(1.000); bulk_property:bp_65(1.000); bulk_property:density_20c(1.000); bulk_property:saturates(1.000); gc_fid:pca:pc1(1.000); gc_fid:pca:pc2(1.000),petroleum_fraction_db_067,BP_80,analysis_plus_non_target_bulk,equal_weight
2,petroleum_fraction_db_033,0.418586,471.0,80,bulk_property:bp_20; bulk_property:bp_35; bulk_property:bp_50; bulk_property:bp_65; bulk_property:density_20c; bulk_property:saturates; gc_fid:pca:pc1; gc_fid:pca:pc2; gc_fid:pca:pc3; gc_fid:pca:pc4; gc_fid:pca:pc5; gc_fid:pls:bp_20:lv1,bulk_property:bp_20(1.000); bulk_property:bp_35(1.000); bulk_property:bp_50(1.000); bulk_property:bp_65(1.000); bulk_property:density_20c(1.000); bulk_property:saturates(1.000); gc_fid:pca:pc1(1.000); gc_fid:pca:pc2(1.000),petroleum_fraction_db_067,BP_80,analysis_plus_non_target_bulk,equal_weight
3,petroleum_fraction_db_010,0.497155,395.6,80,bulk_property:bp_20; bulk_property:bp_35; bulk_property:bp_50; bulk_property:bp_65; bulk_property:density_20c; bulk_property:saturates; gc_fid:pca:pc1; gc_fid:pca:pc2; gc_fid:pca:pc3; gc_fid:pca:pc4; gc_fid:pca:pc5; gc_fid:pls:bp_20:lv1,bulk_property:bp_20(1.000); bulk_property:bp_35(1.000); bulk_property:bp_50(1.000); bulk_property:bp_65(1.000); bulk_property:density_20c(1.000); bulk_property:saturates(1.000); gc_fid:pca:pc1(1.000); gc_fid:pca:pc2(1.000),petroleum_fraction_db_067,BP_80,analysis_plus_non_target_bulk,equal_weight
4,petroleum_fraction_db_040,0.515478,432.8,80,bulk_property:bp_20; bulk_property:bp_35; bulk_property:bp_50; bulk_property:bp_65; bulk_property:density_20c; bulk_property:saturates; gc_fid:pca:pc1; gc_fid:pca:pc2; gc_fid:pca:pc3; gc_fid:pca:pc4; gc_fid:pca:pc5; gc_fid:pls:bp_20:lv1,bulk_property:bp_20(1.000); bulk_property:bp_35(1.000); bulk_property:bp_50(1.000); bulk_property:bp_65(1.000); bulk_property:density_20c(1.000); bulk_property:saturates(1.000); gc_fid:pca:pc1(1.000); gc_fid:pca:pc2(1.000),petroleum_fraction_db_067,BP_80,analysis_plus_non_target_bulk,equal_weight
1,petroleum_fraction_db_063,0.271105,456.4,80,bulk_property:bp_20; bulk_property:bp_35; bulk_property:bp_50; bulk_property:bp_65; bulk_property:density_20c; bulk_property:saturates; gc_fid:pca:pc1; gc_fid:pca:pc2; gc_fid:pca:pc3; gc_fid:pca:pc4; gc_fid:pca:pc5; gc_fid:pls:bp_20:lv1,bulk_property:bp_65(1.039); bulk_property:bp_50(1.018); bulk_property:bp_35(0.982); gc_fid:pls:density_20c:lv1(0.973); gc_fid:pls:saturates:lv1(0.962); gc_fid:pls:bp_80:lv1(0.945); gc_fid:pls:bp_65:lv1(0.942); gc_fid:pls:bp_50:lv1(0.941),petroleum_fraction_db_067,BP_80,analysis_plus_non_target_bulk,correlation_weighted
2,petroleum_fraction_db_040,0.454758,432.8,80,bulk_property:bp_20; bulk_property:bp_35; bulk_property:bp_50; bulk_property:bp_65; bulk_property:density_20c; bulk_property:saturates; gc_fid:pca:pc1; gc_fid:pca:pc2; gc_fid:pca:pc3; gc_fid:pca:pc4; gc_fid:pca:pc5; gc_fid:pls:bp_20:lv1,bulk_property:bp_65(1.039); bulk_property:bp_50(1.018); bulk_property:bp_35(0.982); gc_fid:pls:density_20c:lv1(0.973); gc_fid:pls:saturates:lv1(0.962); gc_fid:pls:bp_80:lv1(0.945); gc_fid:pls:bp_65:lv1(0.942); gc_fid:pls:bp_50:lv1(0.941),petroleum_fraction_db_067,BP_80,analysis_plus_non_target_bulk,correlation_weighted
3,petroleum_fraction_db_033,0.4642,471.0,80,bulk_property:bp_20; bulk_property:bp_35; bulk_property:bp_50; bulk_property:bp_65; bulk_property:density_20c; bulk_property:saturates; gc_fid:pca:pc1; gc_fid:pca:pc2; gc_fid:pca:pc3; gc_fid:pca:pc4; gc_fid:pca:pc5; gc_fid:pls:bp_20:lv1,bulk_property:bp_65(1.039); bulk_property:bp_50(1.018); bulk_property:bp_35(0.982); gc_fid:pls:density_20c:lv1(0.973); gc_fid:pls:saturates:lv1(0.962); gc_fid:pls:bp_80:lv1(0.945); gc_fid:pls:bp_65:lv1(0.942); gc_fid:pls:bp_50:lv1(0.941),petroleum_fraction_db_067,BP_80,analysis_plus_non_target_bulk,correlation_weighted
4,petroleum_fraction_db_010,0.518845,395.6,80,bulk_property:bp_20; bulk_property:bp_35; bulk_property:bp_50; bulk_property:bp_65; bulk_property:density_20c; bulk_property:saturates; gc_fid:pca:pc1; gc_fid:pca:pc2; gc_fid:pca:pc3; gc_fid:pca:pc4; gc_fid:pca:pc5; gc_fid:pls:bp_20:lv1,bulk_property:bp_65(1.039); bulk_property:bp_50(1.018); bulk_property:bp_35(0.982); gc_fid:pls:density_20c:lv1(0.973); gc_fid:pls:saturates:lv1(0.962); gc_fid:pls:bp_80:lv1(0.945); gc_fid:pls:bp_65:lv1(0.942); gc_fid:pls:bp_50:lv1(0.941),petroleum_fraction_db_067,BP_80,analysis_plus_non_target_bulk,correlation_weighted
