rank,neighbor_sample_id,distance,target_value,shared_feature_count,shared_feature_examples,top_weighted_shared_features,query_sample_id,target_property,scenario,method
1,petroleum_fraction_db_009,0.308593,0.8498,74,gc_fid:pca:pc1; gc_fid:pca:pc2; gc_fid:pca:pc3; gc_fid:pca:pc4; gc_fid:pca:pc5; gc_fid:pls:bp_20:lv1; gc_fid:pls:bp_20:lv2; gc_fid:pls:bp_20:lv3; gc_fid:pls:bp_20:lv4; gc_fid:pls:bp_35:lv1; gc_fid:pls:bp_35:lv2; gc_fid:pls:bp_35:lv3,gc_fid:pca:pc1(1.000); gc_fid:pca:pc2(1.000); gc_fid:pca:pc3(1.000); gc_fid:pca:pc4(1.000); gc_fid:pca:pc5(1.000); gc_fid:pls:bp_20:lv1(1.000); gc_fid:pls:bp_20:lv2(1.000); gc_fid:pls:bp_20:lv3(1.000),petroleum_fraction_db_007,density_20c,analysis_only,equal_weight
2,petroleum_fraction_db_031,0.413172,0.8653,74,gc_fid:pca:pc1; gc_fid:pca:pc2; gc_fid:pca:pc3; gc_fid:pca:pc4; gc_fid:pca:pc5; gc_fid:pls:bp_20:lv1; gc_fid:pls:bp_20:lv2; gc_fid:pls:bp_20:lv3; gc_fid:pls:bp_20:lv4; gc_fid:pls:bp_35:lv1; gc_fid:pls:bp_35:lv2; gc_fid:pls:bp_35:lv3,gc_fid:pca:pc1(1.000); gc_fid:pca:pc2(1.000); gc_fid:pca:pc3(1.000); gc_fid:pca:pc4(1.000); gc_fid:pca:pc5(1.000); gc_fid:pls:bp_20:lv1(1.000); gc_fid:pls:bp_20:lv2(1.000); gc_fid:pls:bp_20:lv3(1.000),petroleum_fraction_db_007,density_20c,analysis_only,equal_weight
1,petroleum_fraction_db_009,0.345293,0.8498,74,gc_fid:pca:pc1; gc_fid:pca:pc2; gc_fid:pca:pc3; gc_fid:pca:pc4; gc_fid:pca:pc5; gc_fid:pls:bp_20:lv1; gc_fid:pls:bp_20:lv2; gc_fid:pls:bp_20:lv3; gc_fid:pls:bp_20:lv4; gc_fid:pls:bp_35:lv1; gc_fid:pls:bp_35:lv2; gc_fid:pls:bp_35:lv3,ir:weighted_x_q90(0.728); ir_spectrum:pls:density_20c:lv2(0.727); ir_spectrum:pls:saturates:lv2(0.716); ir_spectrum:pls:density_20c:lv1(0.649); ir_spectrum:pls:saturates:lv1(0.629); ir_spectrum:pls:bp_35:lv1(0.628); ir_spectrum:pca:pc1(0.615); ir_spectrum:pls:bp_65:lv1(0.615),petroleum_fraction_db_007,density_20c,analysis_only,correlation_weighted
2,petroleum_fraction_db_031,0.425972,0.8653,74,gc_fid:pca:pc1; gc_fid:pca:pc2; gc_fid:pca:pc3; gc_fid:pca:pc4; gc_fid:pca:pc5; gc_fid:pls:bp_20:lv1; gc_fid:pls:bp_20:lv2; gc_fid:pls:bp_20:lv3; gc_fid:pls:bp_20:lv4; gc_fid:pls:bp_35:lv1; gc_fid:pls:bp_35:lv2; gc_fid:pls:bp_35:lv3,ir:weighted_x_q90(0.728); ir_spectrum:pls:density_20c:lv2(0.727); ir_spectrum:pls:saturates:lv2(0.716); ir_spectrum:pls:density_20c:lv1(0.649); ir_spectrum:pls:saturates:lv1(0.629); ir_spectrum:pls:bp_35:lv1(0.628); ir_spectrum:pca:pc1(0.615); ir_spectrum:pls:bp_65:lv1(0.615),petroleum_fraction_db_007,density_20c,analysis_only,correlation_weighted
1,petroleum_fraction_db_009,0.29803,0.8498,80,bulk_property:bp_20; bulk_property:bp_35; bulk_property:bp_50; bulk_property:bp_65; bulk_property:bp_80; bulk_property:saturates; gc_fid:pca:pc1; gc_fid:pca:pc2; gc_fid:pca:pc3; gc_fid:pca:pc4; gc_fid:pca:pc5; gc_fid:pls:bp_20:lv1,bulk_property:bp_20(1.000); bulk_property:bp_35(1.000); bulk_property:bp_50(1.000); bulk_property:bp_65(1.000); bulk_property:bp_80(1.000); bulk_property:saturates(1.000); gc_fid:pca:pc1(1.000); gc_fid:pca:pc2(1.000),petroleum_fraction_db_007,density_20c,analysis_plus_non_target_bulk,equal_weight
2,petroleum_fraction_db_031,0.417917,0.8653,80,bulk_property:bp_20; bulk_property:bp_35; bulk_property:bp_50; bulk_property:bp_65; bulk_property:bp_80; bulk_property:saturates; gc_fid:pca:pc1; gc_fid:pca:pc2; gc_fid:pca:pc3; gc_fid:pca:pc4; gc_fid:pca:pc5; gc_fid:pls:bp_20:lv1,bulk_property:bp_20(1.000); bulk_property:bp_35(1.000); bulk_property:bp_50(1.000); bulk_property:bp_65(1.000); bulk_property:bp_80(1.000); bulk_property:saturates(1.000); gc_fid:pca:pc1(1.000); gc_fid:pca:pc2(1.000),petroleum_fraction_db_007,density_20c,analysis_plus_non_target_bulk,equal_weight
1,petroleum_fraction_db_009,0.328162,0.8498,80,bulk_property:bp_20; bulk_property:bp_35; bulk_property:bp_50; bulk_property:bp_65; bulk_property:bp_80; bulk_property:saturates; gc_fid:pca:pc1; gc_fid:pca:pc2; gc_fid:pca:pc3; gc_fid:pca:pc4; gc_fid:pca:pc5; gc_fid:pls:bp_20:lv1,bulk_property:saturates(0.895); ir:weighted_x_q90(0.728); ir_spectrum:pls:density_20c:lv2(0.727); ir_spectrum:pls:saturates:lv2(0.716); ir_spectrum:pls:density_20c:lv1(0.649); ir_spectrum:pls:saturates:lv1(0.629); ir_spectrum:pls:bp_35:lv1(0.628); ir_spectrum:pca:pc1(0.615),petroleum_fraction_db_007,density_20c,analysis_plus_non_target_bulk,correlation_weighted
2,petroleum_fraction_db_031,0.432284,0.8653,80,bulk_property:bp_20; bulk_property:bp_35; bulk_property:bp_50; bulk_property:bp_65; bulk_property:bp_80; bulk_property:saturates; gc_fid:pca:pc1; gc_fid:pca:pc2; gc_fid:pca:pc3; gc_fid:pca:pc4; gc_fid:pca:pc5; gc_fid:pls:bp_20:lv1,bulk_property:saturates(0.895); ir:weighted_x_q90(0.728); ir_spectrum:pls:density_20c:lv2(0.727); ir_spectrum:pls:saturates:lv2(0.716); ir_spectrum:pls:density_20c:lv1(0.649); ir_spectrum:pls:saturates:lv1(0.629); ir_spectrum:pls:bp_35:lv1(0.628); ir_spectrum:pca:pc1(0.615),petroleum_fraction_db_007,density_20c,analysis_plus_non_target_bulk,correlation_weighted
1,petroleum_fraction_db_009,0.308593,88.64878937776648,74,gc_fid:pca:pc1; gc_fid:pca:pc2; gc_fid:pca:pc3; gc_fid:pca:pc4; gc_fid:pca:pc5; gc_fid:pls:bp_20:lv1; gc_fid:pls:bp_20:lv2; gc_fid:pls:bp_20:lv3; gc_fid:pls:bp_20:lv4; gc_fid:pls:bp_35:lv1; gc_fid:pls:bp_35:lv2; gc_fid:pls:bp_35:lv3,gc_fid:pca:pc1(1.000); gc_fid:pca:pc2(1.000); gc_fid:pca:pc3(1.000); gc_fid:pca:pc4(1.000); gc_fid:pca:pc5(1.000); gc_fid:pls:bp_20:lv1(1.000); gc_fid:pls:bp_20:lv2(1.000); gc_fid:pls:bp_20:lv3(1.000),petroleum_fraction_db_007,saturates,analysis_only,equal_weight
2,petroleum_fraction_db_031,0.413172,84.03912079048061,74,gc_fid:pca:pc1; gc_fid:pca:pc2; gc_fid:pca:pc3; gc_fid:pca:pc4; gc_fid:pca:pc5; gc_fid:pls:bp_20:lv1; gc_fid:pls:bp_20:lv2; gc_fid:pls:bp_20:lv3; gc_fid:pls:bp_20:lv4; gc_fid:pls:bp_35:lv1; gc_fid:pls:bp_35:lv2; gc_fid:pls:bp_35:lv3,gc_fid:pca:pc1(1.000); gc_fid:pca:pc2(1.000); gc_fid:pca:pc3(1.000); gc_fid:pca:pc4(1.000); gc_fid:pca:pc5(1.000); gc_fid:pls:bp_20:lv1(1.000); gc_fid:pls:bp_20:lv2(1.000); gc_fid:pls:bp_20:lv3(1.000),petroleum_fraction_db_007,saturates,analysis_only,equal_weight
1,petroleum_fraction_db_009,0.354559,88.64878937776648,74,gc_fid:pca:pc1; gc_fid:pca:pc2; gc_fid:pca:pc3; gc_fid:pca:pc4; gc_fid:pca:pc5; gc_fid:pls:bp_20:lv1; gc_fid:pls:bp_20:lv2; gc_fid:pls:bp_20:lv3; gc_fid:pls:bp_20:lv4; gc_fid:pls:bp_35:lv1; gc_fid:pls:bp_35:lv2; gc_fid:pls:bp_35:lv3,ir:weighted_x_q90(0.703); ir_spectrum:pls:density_20c:lv1(0.668); ir_spectrum:pls:saturates:lv1(0.668); ir_spectrum:pca:pc1(0.656); ir:weighted_x_mean(0.613); ir_spectrum:pls:bp_80:lv1(0.577); ir_spectrum:pls:saturates:lv2(0.568); ir:weighted_x_q50(0.567),petroleum_fraction_db_007,saturates,analysis_only,correlation_weighted
2,petroleum_fraction_db_031,0.417865,84.03912079048061,74,gc_fid:pca:pc1; gc_fid:pca:pc2; gc_fid:pca:pc3; gc_fid:pca:pc4; gc_fid:pca:pc5; gc_fid:pls:bp_20:lv1; gc_fid:pls:bp_20:lv2; gc_fid:pls:bp_20:lv3; gc_fid:pls:bp_20:lv4; gc_fid:pls:bp_35:lv1; gc_fid:pls:bp_35:lv2; gc_fid:pls:bp_35:lv3,ir:weighted_x_q90(0.703); ir_spectrum:pls:density_20c:lv1(0.668); ir_spectrum:pls:saturates:lv1(0.668); ir_spectrum:pca:pc1(0.656); ir:weighted_x_mean(0.613); ir_spectrum:pls:bp_80:lv1(0.577); ir_spectrum:pls:saturates:lv2(0.568); ir:weighted_x_q50(0.567),petroleum_fraction_db_007,saturates,analysis_only,correlation_weighted
1,petroleum_fraction_db_009,0.302101,88.64878937776648,80,bulk_property:bp_20; bulk_property:bp_35; bulk_property:bp_50; bulk_property:bp_65; bulk_property:bp_80; bulk_property:density_20c; gc_fid:pca:pc1; gc_fid:pca:pc2; gc_fid:pca:pc3; gc_fid:pca:pc4; gc_fid:pca:pc5; gc_fid:pls:bp_20:lv1,bulk_property:bp_20(1.000); bulk_property:bp_35(1.000); bulk_property:bp_50(1.000); bulk_property:bp_65(1.000); bulk_property:bp_80(1.000); bulk_property:density_20c(1.000); gc_fid:pca:pc1(1.000); gc_fid:pca:pc2(1.000),petroleum_fraction_db_007,saturates,analysis_plus_non_target_bulk,equal_weight
2,petroleum_fraction_db_031,0.414685,84.03912079048061,80,bulk_property:bp_20; bulk_property:bp_35; bulk_property:bp_50; bulk_property:bp_65; bulk_property:bp_80; bulk_property:density_20c; gc_fid:pca:pc1; gc_fid:pca:pc2; gc_fid:pca:pc3; gc_fid:pca:pc4; gc_fid:pca:pc5; gc_fid:pls:bp_20:lv1,bulk_property:bp_20(1.000); bulk_property:bp_35(1.000); bulk_property:bp_50(1.000); bulk_property:bp_65(1.000); bulk_property:bp_80(1.000); bulk_property:density_20c(1.000); gc_fid:pca:pc1(1.000); gc_fid:pca:pc2(1.000),petroleum_fraction_db_007,saturates,analysis_plus_non_target_bulk,equal_weight
1,petroleum_fraction_db_009,0.347395,88.64878937776648,80,bulk_property:bp_20; bulk_property:bp_35; bulk_property:bp_50; bulk_property:bp_65; bulk_property:bp_80; bulk_property:density_20c; gc_fid:pca:pc1; gc_fid:pca:pc2; gc_fid:pca:pc3; gc_fid:pca:pc4; gc_fid:pca:pc5; gc_fid:pls:bp_20:lv1,bulk_property:density_20c(0.895); ir:weighted_x_q90(0.703); ir_spectrum:pls:density_20c:lv1(0.668); ir_spectrum:pls:saturates:lv1(0.668); ir_spectrum:pca:pc1(0.656); ir:weighted_x_mean(0.613); ir_spectrum:pls:bp_80:lv1(0.577); ir_spectrum:pls:saturates:lv2(0.568),petroleum_fraction_db_007,saturates,analysis_plus_non_target_bulk,correlation_weighted
2,petroleum_fraction_db_031,0.417002,84.03912079048061,80,bulk_property:bp_20; bulk_property:bp_35; bulk_property:bp_50; bulk_property:bp_65; bulk_property:bp_80; bulk_property:density_20c; gc_fid:pca:pc1; gc_fid:pca:pc2; gc_fid:pca:pc3; gc_fid:pca:pc4; gc_fid:pca:pc5; gc_fid:pls:bp_20:lv1,bulk_property:density_20c(0.895); ir:weighted_x_q90(0.703); ir_spectrum:pls:density_20c:lv1(0.668); ir_spectrum:pls:saturates:lv1(0.668); ir_spectrum:pca:pc1(0.656); ir:weighted_x_mean(0.613); ir_spectrum:pls:bp_80:lv1(0.577); ir_spectrum:pls:saturates:lv2(0.568),petroleum_fraction_db_007,saturates,analysis_plus_non_target_bulk,correlation_weighted
1,petroleum_fraction_db_009,0.308593,358.4,74,gc_fid:pca:pc1; gc_fid:pca:pc2; gc_fid:pca:pc3; gc_fid:pca:pc4; gc_fid:pca:pc5; gc_fid:pls:bp_20:lv1; gc_fid:pls:bp_20:lv2; gc_fid:pls:bp_20:lv3; gc_fid:pls:bp_20:lv4; gc_fid:pls:bp_35:lv1; gc_fid:pls:bp_35:lv2; gc_fid:pls:bp_35:lv3,gc_fid:pca:pc1(1.000); gc_fid:pca:pc2(1.000); gc_fid:pca:pc3(1.000); gc_fid:pca:pc4(1.000); gc_fid:pca:pc5(1.000); gc_fid:pls:bp_20:lv1(1.000); gc_fid:pls:bp_20:lv2(1.000); gc_fid:pls:bp_20:lv3(1.000),petroleum_fraction_db_007,BP_20,analysis_only,equal_weight
2,petroleum_fraction_db_031,0.413172,366.0,74,gc_fid:pca:pc1; gc_fid:pca:pc2; gc_fid:pca:pc3; gc_fid:pca:pc4; gc_fid:pca:pc5; gc_fid:pls:bp_20:lv1; gc_fid:pls:bp_20:lv2; gc_fid:pls:bp_20:lv3; gc_fid:pls:bp_20:lv4; gc_fid:pls:bp_35:lv1; gc_fid:pls:bp_35:lv2; gc_fid:pls:bp_35:lv3,gc_fid:pca:pc1(1.000); gc_fid:pca:pc2(1.000); gc_fid:pca:pc3(1.000); gc_fid:pca:pc4(1.000); gc_fid:pca:pc5(1.000); gc_fid:pls:bp_20:lv1(1.000); gc_fid:pls:bp_20:lv2(1.000); gc_fid:pls:bp_20:lv3(1.000),petroleum_fraction_db_007,BP_20,analysis_only,equal_weight
1,petroleum_fraction_db_009,0.295591,358.4,74,gc_fid:pca:pc1; gc_fid:pca:pc2; gc_fid:pca:pc3; gc_fid:pca:pc4; gc_fid:pca:pc5; gc_fid:pls:bp_20:lv1; gc_fid:pls:bp_20:lv2; gc_fid:pls:bp_20:lv3; gc_fid:pls:bp_20:lv4; gc_fid:pls:bp_35:lv1; gc_fid:pls:bp_35:lv2; gc_fid:pls:bp_35:lv3,gc_fid:pls:density_20c:lv1(0.948); gc_fid:pls:bp_20:lv1(0.940); gc_fid:pls:bp_35:lv1(0.939); gc_fid:pls:bp_50:lv1(0.938); gc_fid:pls:bp_65:lv1(0.936); gc_fid:pls:bp_80:lv1(0.934); gc_fid:pls:saturates:lv1(0.928); gc_fid:pca:pc1(0.914),petroleum_fraction_db_007,BP_20,analysis_only,correlation_weighted
2,petroleum_fraction_db_026,0.426596,351.2,33,gc_fid:pca:pc1; gc_fid:pca:pc2; gc_fid:pca:pc3; gc_fid:pca:pc4; gc_fid:pca:pc5; gc_fid:pls:bp_20:lv1; gc_fid:pls:bp_20:lv2; gc_fid:pls:bp_20:lv3; gc_fid:pls:bp_20:lv4; gc_fid:pls:bp_35:lv1; gc_fid:pls:bp_35:lv2; gc_fid:pls:bp_35:lv3,gc_fid:pls:density_20c:lv1(0.948); gc_fid:pls:bp_20:lv1(0.940); gc_fid:pls:bp_35:lv1(0.939); gc_fid:pls:bp_50:lv1(0.938); gc_fid:pls:bp_65:lv1(0.936); gc_fid:pls:bp_80:lv1(0.934); gc_fid:pls:saturates:lv1(0.928); gc_fid:pca:pc1(0.914),petroleum_fraction_db_007,BP_20,analysis_only,correlation_weighted
1,petroleum_fraction_db_009,0.302348,358.4,80,bulk_property:bp_35; bulk_property:bp_50; bulk_property:bp_65; bulk_property:bp_80; bulk_property:density_20c; bulk_property:saturates; gc_fid:pca:pc1; gc_fid:pca:pc2; gc_fid:pca:pc3; gc_fid:pca:pc4; gc_fid:pca:pc5; gc_fid:pls:bp_20:lv1,bulk_property:bp_35(1.000); bulk_property:bp_50(1.000); bulk_property:bp_65(1.000); bulk_property:bp_80(1.000); bulk_property:density_20c(1.000); bulk_property:saturates(1.000); gc_fid:pca:pc1(1.000); gc_fid:pca:pc2(1.000),petroleum_fraction_db_007,BP_20,analysis_plus_non_target_bulk,equal_weight
2,petroleum_fraction_db_031,0.417049,366.0,80,bulk_property:bp_35; bulk_property:bp_50; bulk_property:bp_65; bulk_property:bp_80; bulk_property:density_20c; bulk_property:saturates; gc_fid:pca:pc1; gc_fid:pca:pc2; gc_fid:pca:pc3; gc_fid:pca:pc4; gc_fid:pca:pc5; gc_fid:pls:bp_20:lv1,bulk_property:bp_35(1.000); bulk_property:bp_50(1.000); bulk_property:bp_65(1.000); bulk_property:bp_80(1.000); bulk_property:density_20c(1.000); bulk_property:saturates(1.000); gc_fid:pca:pc1(1.000); gc_fid:pca:pc2(1.000),petroleum_fraction_db_007,BP_20,analysis_plus_non_target_bulk,equal_weight
1,petroleum_fraction_db_009,0.279582,358.4,80,bulk_property:bp_35; bulk_property:bp_50; bulk_property:bp_65; bulk_property:bp_80; bulk_property:density_20c; bulk_property:saturates; gc_fid:pca:pc1; gc_fid:pca:pc2; gc_fid:pca:pc3; gc_fid:pca:pc4; gc_fid:pca:pc5; gc_fid:pls:bp_20:lv1,bulk_property:bp_35(1.040); bulk_property:bp_50(1.015); bulk_property:bp_65(0.986); gc_fid:pls:density_20c:lv1(0.948); gc_fid:pls:bp_20:lv1(0.940); gc_fid:pls:bp_35:lv1(0.939); bulk_property:bp_80(0.939); gc_fid:pls:bp_50:lv1(0.938),petroleum_fraction_db_007,BP_20,analysis_plus_non_target_bulk,correlation_weighted
2,petroleum_fraction_db_026,0.387161,351.2,39,bulk_property:bp_35; bulk_property:bp_50; bulk_property:bp_65; bulk_property:bp_80; bulk_property:density_20c; bulk_property:saturates; gc_fid:pca:pc1; gc_fid:pca:pc2; gc_fid:pca:pc3; gc_fid:pca:pc4; gc_fid:pca:pc5; gc_fid:pls:bp_20:lv1,bulk_property:bp_35(1.040); bulk_property:bp_50(1.015); bulk_property:bp_65(0.986); gc_fid:pls:density_20c:lv1(0.948); gc_fid:pls:bp_20:lv1(0.940); gc_fid:pls:bp_35:lv1(0.939); bulk_property:bp_80(0.939); gc_fid:pls:bp_50:lv1(0.938),petroleum_fraction_db_007,BP_20,analysis_plus_non_target_bulk,correlation_weighted
1,petroleum_fraction_db_009,0.308593,378.0,74,gc_fid:pca:pc1; gc_fid:pca:pc2; gc_fid:pca:pc3; gc_fid:pca:pc4; gc_fid:pca:pc5; gc_fid:pls:bp_20:lv1; gc_fid:pls:bp_20:lv2; gc_fid:pls:bp_20:lv3; gc_fid:pls:bp_20:lv4; gc_fid:pls:bp_35:lv1; gc_fid:pls:bp_35:lv2; gc_fid:pls:bp_35:lv3,gc_fid:pca:pc1(1.000); gc_fid:pca:pc2(1.000); gc_fid:pca:pc3(1.000); gc_fid:pca:pc4(1.000); gc_fid:pca:pc5(1.000); gc_fid:pls:bp_20:lv1(1.000); gc_fid:pls:bp_20:lv2(1.000); gc_fid:pls:bp_20:lv3(1.000),petroleum_fraction_db_007,BP_35,analysis_only,equal_weight
2,petroleum_fraction_db_031,0.413172,400.2,74,gc_fid:pca:pc1; gc_fid:pca:pc2; gc_fid:pca:pc3; gc_fid:pca:pc4; gc_fid:pca:pc5; gc_fid:pls:bp_20:lv1; gc_fid:pls:bp_20:lv2; gc_fid:pls:bp_20:lv3; gc_fid:pls:bp_20:lv4; gc_fid:pls:bp_35:lv1; gc_fid:pls:bp_35:lv2; gc_fid:pls:bp_35:lv3,gc_fid:pca:pc1(1.000); gc_fid:pca:pc2(1.000); gc_fid:pca:pc3(1.000); gc_fid:pca:pc4(1.000); gc_fid:pca:pc5(1.000); gc_fid:pls:bp_20:lv1(1.000); gc_fid:pls:bp_20:lv2(1.000); gc_fid:pls:bp_20:lv3(1.000),petroleum_fraction_db_007,BP_35,analysis_only,equal_weight
1,petroleum_fraction_db_009,0.294253,378.0,74,gc_fid:pca:pc1; gc_fid:pca:pc2; gc_fid:pca:pc3; gc_fid:pca:pc4; gc_fid:pca:pc5; gc_fid:pls:bp_20:lv1; gc_fid:pls:bp_20:lv2; gc_fid:pls:bp_20:lv3; gc_fid:pls:bp_20:lv4; gc_fid:pls:bp_35:lv1; gc_fid:pls:bp_35:lv2; gc_fid:pls:bp_35:lv3,gc_fid:pls:density_20c:lv1(0.967); gc_fid:pls:bp_35:lv1(0.949); gc_fid:pls:saturates:lv1(0.948); gc_fid:pls:bp_20:lv1(0.948); gc_fid:pls:bp_50:lv1(0.948); gc_fid:pls:bp_65:lv1(0.947); gc_fid:pls:bp_80:lv1(0.946); gc_fid:pca:pc1(0.921),petroleum_fraction_db_007,BP_35,analysis_only,correlation_weighted
2,petroleum_fraction_db_026,0.418294,381.2,33,gc_fid:pca:pc1; gc_fid:pca:pc2; gc_fid:pca:pc3; gc_fid:pca:pc4; gc_fid:pca:pc5; gc_fid:pls:bp_20:lv1; gc_fid:pls:bp_20:lv2; gc_fid:pls:bp_20:lv3; gc_fid:pls:bp_20:lv4; gc_fid:pls:bp_35:lv1; gc_fid:pls:bp_35:lv2; gc_fid:pls:bp_35:lv3,gc_fid:pls:density_20c:lv1(0.967); gc_fid:pls:bp_35:lv1(0.949); gc_fid:pls:saturates:lv1(0.948); gc_fid:pls:bp_20:lv1(0.948); gc_fid:pls:bp_50:lv1(0.948); gc_fid:pls:bp_65:lv1(0.947); gc_fid:pls:bp_80:lv1(0.946); gc_fid:pca:pc1(0.921),petroleum_fraction_db_007,BP_35,analysis_only,correlation_weighted
1,petroleum_fraction_db_009,0.302753,378.0,80,bulk_property:bp_20; bulk_property:bp_50; bulk_property:bp_65; bulk_property:bp_80; bulk_property:density_20c; bulk_property:saturates; gc_fid:pca:pc1; gc_fid:pca:pc2; gc_fid:pca:pc3; gc_fid:pca:pc4; gc_fid:pca:pc5; gc_fid:pls:bp_20:lv1,bulk_property:bp_20(1.000); bulk_property:bp_50(1.000); bulk_property:bp_65(1.000); bulk_property:bp_80(1.000); bulk_property:density_20c(1.000); bulk_property:saturates(1.000); gc_fid:pca:pc1(1.000); gc_fid:pca:pc2(1.000),petroleum_fraction_db_007,BP_35,analysis_plus_non_target_bulk,equal_weight
2,petroleum_fraction_db_031,0.415905,400.2,80,bulk_property:bp_20; bulk_property:bp_50; bulk_property:bp_65; bulk_property:bp_80; bulk_property:density_20c; bulk_property:saturates; gc_fid:pca:pc1; gc_fid:pca:pc2; gc_fid:pca:pc3; gc_fid:pca:pc4; gc_fid:pca:pc5; gc_fid:pls:bp_20:lv1,bulk_property:bp_20(1.000); bulk_property:bp_50(1.000); bulk_property:bp_65(1.000); bulk_property:bp_80(1.000); bulk_property:density_20c(1.000); bulk_property:saturates(1.000); gc_fid:pca:pc1(1.000); gc_fid:pca:pc2(1.000),petroleum_fraction_db_007,BP_35,analysis_plus_non_target_bulk,equal_weight
1,petroleum_fraction_db_009,0.279407,378.0,80,bulk_property:bp_20; bulk_property:bp_50; bulk_property:bp_65; bulk_property:bp_80; bulk_property:density_20c; bulk_property:saturates; gc_fid:pca:pc1; gc_fid:pca:pc2; gc_fid:pca:pc3; gc_fid:pca:pc4; gc_fid:pca:pc5; gc_fid:pls:bp_20:lv1,bulk_property:bp_20(1.040); bulk_property:bp_50(1.040); bulk_property:bp_65(1.020); bulk_property:bp_80(0.982); gc_fid:pls:density_20c:lv1(0.967); gc_fid:pls:bp_35:lv1(0.949); gc_fid:pls:saturates:lv1(0.948); gc_fid:pls:bp_20:lv1(0.948),petroleum_fraction_db_007,BP_35,analysis_plus_non_target_bulk,correlation_weighted
2,petroleum_fraction_db_026,0.380175,381.2,39,bulk_property:bp_20; bulk_property:bp_50; bulk_property:bp_65; bulk_property:bp_80; bulk_property:density_20c; bulk_property:saturates; gc_fid:pca:pc1; gc_fid:pca:pc2; gc_fid:pca:pc3; gc_fid:pca:pc4; gc_fid:pca:pc5; gc_fid:pls:bp_20:lv1,bulk_property:bp_20(1.040); bulk_property:bp_50(1.040); bulk_property:bp_65(1.020); bulk_property:bp_80(0.982); gc_fid:pls:density_20c:lv1(0.967); gc_fid:pls:bp_35:lv1(0.949); gc_fid:pls:saturates:lv1(0.948); gc_fid:pls:bp_20:lv1(0.948),petroleum_fraction_db_007,BP_35,analysis_plus_non_target_bulk,correlation_weighted
1,petroleum_fraction_db_009,0.308593,395.6,74,gc_fid:pca:pc1; gc_fid:pca:pc2; gc_fid:pca:pc3; gc_fid:pca:pc4; gc_fid:pca:pc5; gc_fid:pls:bp_20:lv1; gc_fid:pls:bp_20:lv2; gc_fid:pls:bp_20:lv3; gc_fid:pls:bp_20:lv4; gc_fid:pls:bp_35:lv1; gc_fid:pls:bp_35:lv2; gc_fid:pls:bp_35:lv3,gc_fid:pca:pc1(1.000); gc_fid:pca:pc2(1.000); gc_fid:pca:pc3(1.000); gc_fid:pca:pc4(1.000); gc_fid:pca:pc5(1.000); gc_fid:pls:bp_20:lv1(1.000); gc_fid:pls:bp_20:lv2(1.000); gc_fid:pls:bp_20:lv3(1.000),petroleum_fraction_db_007,BP_50,analysis_only,equal_weight
2,petroleum_fraction_db_031,0.413172,428.0,74,gc_fid:pca:pc1; gc_fid:pca:pc2; gc_fid:pca:pc3; gc_fid:pca:pc4; gc_fid:pca:pc5; gc_fid:pls:bp_20:lv1; gc_fid:pls:bp_20:lv2; gc_fid:pls:bp_20:lv3; gc_fid:pls:bp_20:lv4; gc_fid:pls:bp_35:lv1; gc_fid:pls:bp_35:lv2; gc_fid:pls:bp_35:lv3,gc_fid:pca:pc1(1.000); gc_fid:pca:pc2(1.000); gc_fid:pca:pc3(1.000); gc_fid:pca:pc4(1.000); gc_fid:pca:pc5(1.000); gc_fid:pls:bp_20:lv1(1.000); gc_fid:pls:bp_20:lv2(1.000); gc_fid:pls:bp_20:lv3(1.000),petroleum_fraction_db_007,BP_50,analysis_only,equal_weight
1,petroleum_fraction_db_009,0.292267,395.6,74,gc_fid:pca:pc1; gc_fid:pca:pc2; gc_fid:pca:pc3; gc_fid:pca:pc4; gc_fid:pca:pc5; gc_fid:pls:bp_20:lv1; gc_fid:pls:bp_20:lv2; gc_fid:pls:bp_20:lv3; gc_fid:pls:bp_20:lv4; gc_fid:pls:bp_35:lv1; gc_fid:pls:bp_35:lv2; gc_fid:pls:bp_35:lv3,gc_fid:pls:density_20c:lv1(0.977); gc_fid:pls:saturates:lv1(0.960); gc_fid:pls:bp_50:lv1(0.951); gc_fid:pls:bp_80:lv1(0.951); gc_fid:pls:bp_35:lv1(0.951); gc_fid:pls:bp_65:lv1(0.951); gc_fid:pls:bp_20:lv1(0.949); gc_fid:pca:pc1(0.923),petroleum_fraction_db_007,BP_50,analysis_only,correlation_weighted
2,petroleum_fraction_db_026,0.408747,402.8,33,gc_fid:pca:pc1; gc_fid:pca:pc2; gc_fid:pca:pc3; gc_fid:pca:pc4; gc_fid:pca:pc5; gc_fid:pls:bp_20:lv1; gc_fid:pls:bp_20:lv2; gc_fid:pls:bp_20:lv3; gc_fid:pls:bp_20:lv4; gc_fid:pls:bp_35:lv1; gc_fid:pls:bp_35:lv2; gc_fid:pls:bp_35:lv3,gc_fid:pls:density_20c:lv1(0.977); gc_fid:pls:saturates:lv1(0.960); gc_fid:pls:bp_50:lv1(0.951); gc_fid:pls:bp_80:lv1(0.951); gc_fid:pls:bp_35:lv1(0.951); gc_fid:pls:bp_65:lv1(0.951); gc_fid:pls:bp_20:lv1(0.949); gc_fid:pca:pc1(0.923),petroleum_fraction_db_007,BP_50,analysis_only,correlation_weighted
1,petroleum_fraction_db_009,0.302672,395.6,80,bulk_property:bp_20; bulk_property:bp_35; bulk_property:bp_65; bulk_property:bp_80; bulk_property:density_20c; bulk_property:saturates; gc_fid:pca:pc1; gc_fid:pca:pc2; gc_fid:pca:pc3; gc_fid:pca:pc4; gc_fid:pca:pc5; gc_fid:pls:bp_20:lv1,bulk_property:bp_20(1.000); bulk_property:bp_35(1.000); bulk_property:bp_65(1.000); bulk_property:bp_80(1.000); bulk_property:density_20c(1.000); bulk_property:saturates(1.000); gc_fid:pca:pc1(1.000); gc_fid:pca:pc2(1.000),petroleum_fraction_db_007,BP_50,analysis_plus_non_target_bulk,equal_weight
2,petroleum_fraction_db_031,0.414444,428.0,80,bulk_property:bp_20; bulk_property:bp_35; bulk_property:bp_65; bulk_property:bp_80; bulk_property:density_20c; bulk_property:saturates; gc_fid:pca:pc1; gc_fid:pca:pc2; gc_fid:pca:pc3; gc_fid:pca:pc4; gc_fid:pca:pc5; gc_fid:pls:bp_20:lv1,bulk_property:bp_20(1.000); bulk_property:bp_35(1.000); bulk_property:bp_65(1.000); bulk_property:bp_80(1.000); bulk_property:density_20c(1.000); bulk_property:saturates(1.000); gc_fid:pca:pc1(1.000); gc_fid:pca:pc2(1.000),petroleum_fraction_db_007,BP_50,analysis_plus_non_target_bulk,equal_weight
1,petroleum_fraction_db_009,0.277295,395.6,80,bulk_property:bp_20; bulk_property:bp_35; bulk_property:bp_65; bulk_property:bp_80; bulk_property:density_20c; bulk_property:saturates; gc_fid:pca:pc1; gc_fid:pca:pc2; gc_fid:pca:pc3; gc_fid:pca:pc4; gc_fid:pca:pc5; gc_fid:pls:bp_20:lv1,bulk_property:bp_65(1.042); bulk_property:bp_35(1.040); bulk_property:bp_80(1.018); bulk_property:bp_20(1.015); gc_fid:pls:density_20c:lv1(0.977); gc_fid:pls:saturates:lv1(0.960); gc_fid:pls:bp_50:lv1(0.951); gc_fid:pls:bp_80:lv1(0.951),petroleum_fraction_db_007,BP_50,analysis_plus_non_target_bulk,correlation_weighted
2,petroleum_fraction_db_026,0.372512,402.8,39,bulk_property:bp_20; bulk_property:bp_35; bulk_property:bp_65; bulk_property:bp_80; bulk_property:density_20c; bulk_property:saturates; gc_fid:pca:pc1; gc_fid:pca:pc2; gc_fid:pca:pc3; gc_fid:pca:pc4; gc_fid:pca:pc5; gc_fid:pls:bp_20:lv1,bulk_property:bp_65(1.042); bulk_property:bp_35(1.040); bulk_property:bp_80(1.018); bulk_property:bp_20(1.015); gc_fid:pls:density_20c:lv1(0.977); gc_fid:pls:saturates:lv1(0.960); gc_fid:pls:bp_50:lv1(0.951); gc_fid:pls:bp_80:lv1(0.951),petroleum_fraction_db_007,BP_50,analysis_plus_non_target_bulk,correlation_weighted
1,petroleum_fraction_db_009,0.308593,412.8,74,gc_fid:pca:pc1; gc_fid:pca:pc2; gc_fid:pca:pc3; gc_fid:pca:pc4; gc_fid:pca:pc5; gc_fid:pls:bp_20:lv1; gc_fid:pls:bp_20:lv2; gc_fid:pls:bp_20:lv3; gc_fid:pls:bp_20:lv4; gc_fid:pls:bp_35:lv1; gc_fid:pls:bp_35:lv2; gc_fid:pls:bp_35:lv3,gc_fid:pca:pc1(1.000); gc_fid:pca:pc2(1.000); gc_fid:pca:pc3(1.000); gc_fid:pca:pc4(1.000); gc_fid:pca:pc5(1.000); gc_fid:pls:bp_20:lv1(1.000); gc_fid:pls:bp_20:lv2(1.000); gc_fid:pls:bp_20:lv3(1.000),petroleum_fraction_db_007,BP_65,analysis_only,equal_weight
2,petroleum_fraction_db_031,0.413172,449.4,74,gc_fid:pca:pc1; gc_fid:pca:pc2; gc_fid:pca:pc3; gc_fid:pca:pc4; gc_fid:pca:pc5; gc_fid:pls:bp_20:lv1; gc_fid:pls:bp_20:lv2; gc_fid:pls:bp_20:lv3; gc_fid:pls:bp_20:lv4; gc_fid:pls:bp_35:lv1; gc_fid:pls:bp_35:lv2; gc_fid:pls:bp_35:lv3,gc_fid:pca:pc1(1.000); gc_fid:pca:pc2(1.000); gc_fid:pca:pc3(1.000); gc_fid:pca:pc4(1.000); gc_fid:pca:pc5(1.000); gc_fid:pls:bp_20:lv1(1.000); gc_fid:pls:bp_20:lv2(1.000); gc_fid:pls:bp_20:lv3(1.000),petroleum_fraction_db_007,BP_65,analysis_only,equal_weight
1,petroleum_fraction_db_009,0.290454,412.8,74,gc_fid:pca:pc1; gc_fid:pca:pc2; gc_fid:pca:pc3; gc_fid:pca:pc4; gc_fid:pca:pc5; gc_fid:pls:bp_20:lv1; gc_fid:pls:bp_20:lv2; gc_fid:pls:bp_20:lv3; gc_fid:pls:bp_20:lv4; gc_fid:pls:bp_35:lv1; gc_fid:pls:bp_35:lv2; gc_fid:pls:bp_35:lv3,gc_fid:pls:density_20c:lv1(0.980); gc_fid:pls:saturates:lv1(0.965); gc_fid:pls:bp_80:lv1(0.952); gc_fid:pls:bp_65:lv1(0.951); gc_fid:pls:bp_50:lv1(0.951); gc_fid:pls:bp_35:lv1(0.950); gc_fid:pls:bp_20:lv1(0.947); gc_fid:pca:pc1(0.922),petroleum_fraction_db_007,BP_65,analysis_only,correlation_weighted
2,petroleum_fraction_db_026,0.413831,420.8,33,gc_fid:pca:pc1; gc_fid:pca:pc2; gc_fid:pca:pc3; gc_fid:pca:pc4; gc_fid:pca:pc5; gc_fid:pls:bp_20:lv1; gc_fid:pls:bp_20:lv2; gc_fid:pls:bp_20:lv3; gc_fid:pls:bp_20:lv4; gc_fid:pls:bp_35:lv1; gc_fid:pls:bp_35:lv2; gc_fid:pls:bp_35:lv3,gc_fid:pls:density_20c:lv1(0.980); gc_fid:pls:saturates:lv1(0.965); gc_fid:pls:bp_80:lv1(0.952); gc_fid:pls:bp_65:lv1(0.951); gc_fid:pls:bp_50:lv1(0.951); gc_fid:pls:bp_35:lv1(0.950); gc_fid:pls:bp_20:lv1(0.947); gc_fid:pca:pc1(0.922),petroleum_fraction_db_007,BP_65,analysis_only,correlation_weighted
1,petroleum_fraction_db_009,0.302527,412.8,80,bulk_property:bp_20; bulk_property:bp_35; bulk_property:bp_50; bulk_property:bp_80; bulk_property:density_20c; bulk_property:saturates; gc_fid:pca:pc1; gc_fid:pca:pc2; gc_fid:pca:pc3; gc_fid:pca:pc4; gc_fid:pca:pc5; gc_fid:pls:bp_20:lv1,bulk_property:bp_20(1.000); bulk_property:bp_35(1.000); bulk_property:bp_50(1.000); bulk_property:bp_80(1.000); bulk_property:density_20c(1.000); bulk_property:saturates(1.000); gc_fid:pca:pc1(1.000); gc_fid:pca:pc2(1.000),petroleum_fraction_db_007,BP_65,analysis_plus_non_target_bulk,equal_weight
2,petroleum_fraction_db_031,0.414279,449.4,80,bulk_property:bp_20; bulk_property:bp_35; bulk_property:bp_50; bulk_property:bp_80; bulk_property:density_20c; bulk_property:saturates; gc_fid:pca:pc1; gc_fid:pca:pc2; gc_fid:pca:pc3; gc_fid:pca:pc4; gc_fid:pca:pc5; gc_fid:pls:bp_20:lv1,bulk_property:bp_20(1.000); bulk_property:bp_35(1.000); bulk_property:bp_50(1.000); bulk_property:bp_80(1.000); bulk_property:density_20c(1.000); bulk_property:saturates(1.000); gc_fid:pca:pc1(1.000); gc_fid:pca:pc2(1.000),petroleum_fraction_db_007,BP_65,analysis_plus_non_target_bulk,equal_weight
1,petroleum_fraction_db_009,0.275362,412.8,80,bulk_property:bp_20; bulk_property:bp_35; bulk_property:bp_50; bulk_property:bp_80; bulk_property:density_20c; bulk_property:saturates; gc_fid:pca:pc1; gc_fid:pca:pc2; gc_fid:pca:pc3; gc_fid:pca:pc4; gc_fid:pca:pc5; gc_fid:pls:bp_20:lv1,bulk_property:bp_50(1.042); bulk_property:bp_80(1.039); bulk_property:bp_35(1.020); bulk_property:bp_20(0.986); gc_fid:pls:density_20c:lv1(0.980); gc_fid:pls:saturates:lv1(0.965); gc_fid:pls:bp_80:lv1(0.952); gc_fid:pls:bp_65:lv1(0.951),petroleum_fraction_db_007,BP_65,analysis_plus_non_target_bulk,correlation_weighted
2,petroleum_fraction_db_026,0.37751,420.8,39,bulk_property:bp_20; bulk_property:bp_35; bulk_property:bp_50; bulk_property:bp_80; bulk_property:density_20c; bulk_property:saturates; gc_fid:pca:pc1; gc_fid:pca:pc2; gc_fid:pca:pc3; gc_fid:pca:pc4; gc_fid:pca:pc5; gc_fid:pls:bp_20:lv1,bulk_property:bp_50(1.042); bulk_property:bp_80(1.039); bulk_property:bp_35(1.020); bulk_property:bp_20(0.986); gc_fid:pls:density_20c:lv1(0.980); gc_fid:pls:saturates:lv1(0.965); gc_fid:pls:bp_80:lv1(0.952); gc_fid:pls:bp_65:lv1(0.951),petroleum_fraction_db_007,BP_65,analysis_plus_non_target_bulk,correlation_weighted
1,petroleum_fraction_db_009,0.308593,434.0,74,gc_fid:pca:pc1; gc_fid:pca:pc2; gc_fid:pca:pc3; gc_fid:pca:pc4; gc_fid:pca:pc5; gc_fid:pls:bp_20:lv1; gc_fid:pls:bp_20:lv2; gc_fid:pls:bp_20:lv3; gc_fid:pls:bp_20:lv4; gc_fid:pls:bp_35:lv1; gc_fid:pls:bp_35:lv2; gc_fid:pls:bp_35:lv3,gc_fid:pca:pc1(1.000); gc_fid:pca:pc2(1.000); gc_fid:pca:pc3(1.000); gc_fid:pca:pc4(1.000); gc_fid:pca:pc5(1.000); gc_fid:pls:bp_20:lv1(1.000); gc_fid:pls:bp_20:lv2(1.000); gc_fid:pls:bp_20:lv3(1.000),petroleum_fraction_db_007,BP_80,analysis_only,equal_weight
2,petroleum_fraction_db_031,0.413172,483.2,74,gc_fid:pca:pc1; gc_fid:pca:pc2; gc_fid:pca:pc3; gc_fid:pca:pc4; gc_fid:pca:pc5; gc_fid:pls:bp_20:lv1; gc_fid:pls:bp_20:lv2; gc_fid:pls:bp_20:lv3; gc_fid:pls:bp_20:lv4; gc_fid:pls:bp_35:lv1; gc_fid:pls:bp_35:lv2; gc_fid:pls:bp_35:lv3,gc_fid:pca:pc1(1.000); gc_fid:pca:pc2(1.000); gc_fid:pca:pc3(1.000); gc_fid:pca:pc4(1.000); gc_fid:pca:pc5(1.000); gc_fid:pls:bp_20:lv1(1.000); gc_fid:pls:bp_20:lv2(1.000); gc_fid:pls:bp_20:lv3(1.000),petroleum_fraction_db_007,BP_80,analysis_only,equal_weight
1,petroleum_fraction_db_009,0.288637,434.0,74,gc_fid:pca:pc1; gc_fid:pca:pc2; gc_fid:pca:pc3; gc_fid:pca:pc4; gc_fid:pca:pc5; gc_fid:pls:bp_20:lv1; gc_fid:pls:bp_20:lv2; gc_fid:pls:bp_20:lv3; gc_fid:pls:bp_20:lv4; gc_fid:pls:bp_35:lv1; gc_fid:pls:bp_35:lv2; gc_fid:pls:bp_35:lv3,gc_fid:pls:density_20c:lv1(0.973); gc_fid:pls:saturates:lv1(0.962); gc_fid:pls:bp_80:lv1(0.945); gc_fid:pls:bp_65:lv1(0.942); gc_fid:pls:bp_50:lv1(0.941); gc_fid:pls:bp_35:lv1(0.939); gc_fid:pls:bp_20:lv1(0.935); gc_fid:pca:pc1(0.913),petroleum_fraction_db_007,BP_80,analysis_only,correlation_weighted
2,petroleum_fraction_db_026,0.436822,437.4,33,gc_fid:pca:pc1; gc_fid:pca:pc2; gc_fid:pca:pc3; gc_fid:pca:pc4; gc_fid:pca:pc5; gc_fid:pls:bp_20:lv1; gc_fid:pls:bp_20:lv2; gc_fid:pls:bp_20:lv3; gc_fid:pls:bp_20:lv4; gc_fid:pls:bp_35:lv1; gc_fid:pls:bp_35:lv2; gc_fid:pls:bp_35:lv3,gc_fid:pls:density_20c:lv1(0.973); gc_fid:pls:saturates:lv1(0.962); gc_fid:pls:bp_80:lv1(0.945); gc_fid:pls:bp_65:lv1(0.942); gc_fid:pls:bp_50:lv1(0.941); gc_fid:pls:bp_35:lv1(0.939); gc_fid:pls:bp_20:lv1(0.935); gc_fid:pca:pc1(0.913),petroleum_fraction_db_007,BP_80,analysis_only,correlation_weighted
1,petroleum_fraction_db_009,0.302417,434.0,80,bulk_property:bp_20; bulk_property:bp_35; bulk_property:bp_50; bulk_property:bp_65; bulk_property:density_20c; bulk_property:saturates; gc_fid:pca:pc1; gc_fid:pca:pc2; gc_fid:pca:pc3; gc_fid:pca:pc4; gc_fid:pca:pc5; gc_fid:pls:bp_20:lv1,bulk_property:bp_20(1.000); bulk_property:bp_35(1.000); bulk_property:bp_50(1.000); bulk_property:bp_65(1.000); bulk_property:density_20c(1.000); bulk_property:saturates(1.000); gc_fid:pca:pc1(1.000); gc_fid:pca:pc2(1.000),petroleum_fraction_db_007,BP_80,analysis_plus_non_target_bulk,equal_weight
2,petroleum_fraction_db_031,0.412124,483.2,80,bulk_property:bp_20; bulk_property:bp_35; bulk_property:bp_50; bulk_property:bp_65; bulk_property:density_20c; bulk_property:saturates; gc_fid:pca:pc1; gc_fid:pca:pc2; gc_fid:pca:pc3; gc_fid:pca:pc4; gc_fid:pca:pc5; gc_fid:pls:bp_20:lv1,bulk_property:bp_20(1.000); bulk_property:bp_35(1.000); bulk_property:bp_50(1.000); bulk_property:bp_65(1.000); bulk_property:density_20c(1.000); bulk_property:saturates(1.000); gc_fid:pca:pc1(1.000); gc_fid:pca:pc2(1.000),petroleum_fraction_db_007,BP_80,analysis_plus_non_target_bulk,equal_weight
1,petroleum_fraction_db_009,0.273785,434.0,80,bulk_property:bp_20; bulk_property:bp_35; bulk_property:bp_50; bulk_property:bp_65; bulk_property:density_20c; bulk_property:saturates; gc_fid:pca:pc1; gc_fid:pca:pc2; gc_fid:pca:pc3; gc_fid:pca:pc4; gc_fid:pca:pc5; gc_fid:pls:bp_20:lv1,bulk_property:bp_65(1.039); bulk_property:bp_50(1.018); bulk_property:bp_35(0.982); gc_fid:pls:density_20c:lv1(0.973); gc_fid:pls:saturates:lv1(0.962); gc_fid:pls:bp_80:lv1(0.945); gc_fid:pls:bp_65:lv1(0.942); gc_fid:pls:bp_50:lv1(0.941),petroleum_fraction_db_007,BP_80,analysis_plus_non_target_bulk,correlation_weighted
2,petroleum_fraction_db_026,0.396612,437.4,39,bulk_property:bp_20; bulk_property:bp_35; bulk_property:bp_50; bulk_property:bp_65; bulk_property:density_20c; bulk_property:saturates; gc_fid:pca:pc1; gc_fid:pca:pc2; gc_fid:pca:pc3; gc_fid:pca:pc4; gc_fid:pca:pc5; gc_fid:pls:bp_20:lv1,bulk_property:bp_65(1.039); bulk_property:bp_50(1.018); bulk_property:bp_35(0.982); gc_fid:pls:density_20c:lv1(0.973); gc_fid:pls:saturates:lv1(0.962); gc_fid:pls:bp_80:lv1(0.945); gc_fid:pls:bp_65:lv1(0.942); gc_fid:pls:bp_50:lv1(0.941),petroleum_fraction_db_007,BP_80,analysis_plus_non_target_bulk,correlation_weighted
1,petroleum_fraction_db_052,0.792536,0.9183,74,gc_fid:pca:pc1; gc_fid:pca:pc2; gc_fid:pca:pc3; gc_fid:pca:pc4; gc_fid:pca:pc5; gc_fid:pls:bp_20:lv1; gc_fid:pls:bp_20:lv2; gc_fid:pls:bp_20:lv3; gc_fid:pls:bp_20:lv4; gc_fid:pls:bp_35:lv1; gc_fid:pls:bp_35:lv2; gc_fid:pls:bp_35:lv3,gc_fid:pca:pc1(1.000); gc_fid:pca:pc2(1.000); gc_fid:pca:pc3(1.000); gc_fid:pca:pc4(1.000); gc_fid:pca:pc5(1.000); gc_fid:pls:bp_20:lv1(1.000); gc_fid:pls:bp_20:lv2(1.000); gc_fid:pls:bp_20:lv3(1.000),petroleum_fraction_db_013,density_20c,analysis_only,equal_weight
2,petroleum_fraction_db_060,1.27312,0.8782,74,gc_fid:pca:pc1; gc_fid:pca:pc2; gc_fid:pca:pc3; gc_fid:pca:pc4; gc_fid:pca:pc5; gc_fid:pls:bp_20:lv1; gc_fid:pls:bp_20:lv2; gc_fid:pls:bp_20:lv3; gc_fid:pls:bp_20:lv4; gc_fid:pls:bp_35:lv1; gc_fid:pls:bp_35:lv2; gc_fid:pls:bp_35:lv3,gc_fid:pca:pc1(1.000); gc_fid:pca:pc2(1.000); gc_fid:pca:pc3(1.000); gc_fid:pca:pc4(1.000); gc_fid:pca:pc5(1.000); gc_fid:pls:bp_20:lv1(1.000); gc_fid:pls:bp_20:lv2(1.000); gc_fid:pls:bp_20:lv3(1.000),petroleum_fraction_db_013,density_20c,analysis_only,equal_weight
1,petroleum_fraction_db_052,0.801486,0.9183,74,gc_fid:pca:pc1; gc_fid:pca:pc2; gc_fid:pca:pc3; gc_fid:pca:pc4; gc_fid:pca:pc5; gc_fid:pls:bp_20:lv1; gc_fid:pls:bp_20:lv2; gc_fid:pls:bp_20:lv3; gc_fid:pls:bp_20:lv4; gc_fid:pls:bp_35:lv1; gc_fid:pls:bp_35:lv2; gc_fid:pls:bp_35:lv3,ir:weighted_x_q90(0.728); ir_spectrum:pls:density_20c:lv2(0.727); ir_spectrum:pls:saturates:lv2(0.716); ir_spectrum:pls:density_20c:lv1(0.649); ir_spectrum:pls:saturates:lv1(0.629); ir_spectrum:pls:bp_35:lv1(0.628); ir_spectrum:pca:pc1(0.615); ir_spectrum:pls:bp_65:lv1(0.615),petroleum_fraction_db_013,density_20c,analysis_only,correlation_weighted
2,petroleum_fraction_db_050,1.330875,0.8712,74,gc_fid:pca:pc1; gc_fid:pca:pc2; gc_fid:pca:pc3; gc_fid:pca:pc4; gc_fid:pca:pc5; gc_fid:pls:bp_20:lv1; gc_fid:pls:bp_20:lv2; gc_fid:pls:bp_20:lv3; gc_fid:pls:bp_20:lv4; gc_fid:pls:bp_35:lv1; gc_fid:pls:bp_35:lv2; gc_fid:pls:bp_35:lv3,ir:weighted_x_q90(0.728); ir_spectrum:pls:density_20c:lv2(0.727); ir_spectrum:pls:saturates:lv2(0.716); ir_spectrum:pls:density_20c:lv1(0.649); ir_spectrum:pls:saturates:lv1(0.629); ir_spectrum:pls:bp_35:lv1(0.628); ir_spectrum:pca:pc1(0.615); ir_spectrum:pls:bp_65:lv1(0.615),petroleum_fraction_db_013,density_20c,analysis_only,correlation_weighted
1,petroleum_fraction_db_052,0.769955,0.9183,80,bulk_property:bp_20; bulk_property:bp_35; bulk_property:bp_50; bulk_property:bp_65; bulk_property:bp_80; bulk_property:saturates; gc_fid:pca:pc1; gc_fid:pca:pc2; gc_fid:pca:pc3; gc_fid:pca:pc4; gc_fid:pca:pc5; gc_fid:pls:bp_20:lv1,bulk_property:bp_20(1.000); bulk_property:bp_35(1.000); bulk_property:bp_50(1.000); bulk_property:bp_65(1.000); bulk_property:bp_80(1.000); bulk_property:saturates(1.000); gc_fid:pca:pc1(1.000); gc_fid:pca:pc2(1.000),petroleum_fraction_db_013,density_20c,analysis_plus_non_target_bulk,equal_weight
2,petroleum_fraction_db_060,1.240428,0.8782,80,bulk_property:bp_20; bulk_property:bp_35; bulk_property:bp_50; bulk_property:bp_65; bulk_property:bp_80; bulk_property:saturates; gc_fid:pca:pc1; gc_fid:pca:pc2; gc_fid:pca:pc3; gc_fid:pca:pc4; gc_fid:pca:pc5; gc_fid:pls:bp_20:lv1,bulk_property:bp_20(1.000); bulk_property:bp_35(1.000); bulk_property:bp_50(1.000); bulk_property:bp_65(1.000); bulk_property:bp_80(1.000); bulk_property:saturates(1.000); gc_fid:pca:pc1(1.000); gc_fid:pca:pc2(1.000),petroleum_fraction_db_013,density_20c,analysis_plus_non_target_bulk,equal_weight
1,petroleum_fraction_db_052,0.769368,0.9183,80,bulk_property:bp_20; bulk_property:bp_35; bulk_property:bp_50; bulk_property:bp_65; bulk_property:bp_80; bulk_property:saturates; gc_fid:pca:pc1; gc_fid:pca:pc2; gc_fid:pca:pc3; gc_fid:pca:pc4; gc_fid:pca:pc5; gc_fid:pls:bp_20:lv1,bulk_property:saturates(0.895); ir:weighted_x_q90(0.728); ir_spectrum:pls:density_20c:lv2(0.727); ir_spectrum:pls:saturates:lv2(0.716); ir_spectrum:pls:density_20c:lv1(0.649); ir_spectrum:pls:saturates:lv1(0.629); ir_spectrum:pls:bp_35:lv1(0.628); ir_spectrum:pca:pc1(0.615),petroleum_fraction_db_013,density_20c,analysis_plus_non_target_bulk,correlation_weighted
2,petroleum_fraction_db_060,1.278915,0.8782,80,bulk_property:bp_20; bulk_property:bp_35; bulk_property:bp_50; bulk_property:bp_65; bulk_property:bp_80; bulk_property:saturates; gc_fid:pca:pc1; gc_fid:pca:pc2; gc_fid:pca:pc3; gc_fid:pca:pc4; gc_fid:pca:pc5; gc_fid:pls:bp_20:lv1,bulk_property:saturates(0.895); ir:weighted_x_q90(0.728); ir_spectrum:pls:density_20c:lv2(0.727); ir_spectrum:pls:saturates:lv2(0.716); ir_spectrum:pls:density_20c:lv1(0.649); ir_spectrum:pls:saturates:lv1(0.629); ir_spectrum:pls:bp_35:lv1(0.628); ir_spectrum:pca:pc1(0.615),petroleum_fraction_db_013,density_20c,analysis_plus_non_target_bulk,correlation_weighted
1,petroleum_fraction_db_052,0.792536,74.06340057636729,74,gc_fid:pca:pc1; gc_fid:pca:pc2; gc_fid:pca:pc3; gc_fid:pca:pc4; gc_fid:pca:pc5; gc_fid:pls:bp_20:lv1; gc_fid:pls:bp_20:lv2; gc_fid:pls:bp_20:lv3; gc_fid:pls:bp_20:lv4; gc_fid:pls:bp_35:lv1; gc_fid:pls:bp_35:lv2; gc_fid:pls:bp_35:lv3,gc_fid:pca:pc1(1.000); gc_fid:pca:pc2(1.000); gc_fid:pca:pc3(1.000); gc_fid:pca:pc4(1.000); gc_fid:pca:pc5(1.000); gc_fid:pls:bp_20:lv1(1.000); gc_fid:pls:bp_20:lv2(1.000); gc_fid:pls:bp_20:lv3(1.000),petroleum_fraction_db_013,saturates,analysis_only,equal_weight
2,petroleum_fraction_db_060,1.27312,75.83022553720595,74,gc_fid:pca:pc1; gc_fid:pca:pc2; gc_fid:pca:pc3; gc_fid:pca:pc4; gc_fid:pca:pc5; gc_fid:pls:bp_20:lv1; gc_fid:pls:bp_20:lv2; gc_fid:pls:bp_20:lv3; gc_fid:pls:bp_20:lv4; gc_fid:pls:bp_35:lv1; gc_fid:pls:bp_35:lv2; gc_fid:pls:bp_35:lv3,gc_fid:pca:pc1(1.000); gc_fid:pca:pc2(1.000); gc_fid:pca:pc3(1.000); gc_fid:pca:pc4(1.000); gc_fid:pca:pc5(1.000); gc_fid:pls:bp_20:lv1(1.000); gc_fid:pls:bp_20:lv2(1.000); gc_fid:pls:bp_20:lv3(1.000),petroleum_fraction_db_013,saturates,analysis_only,equal_weight
1,petroleum_fraction_db_052,0.778888,74.06340057636729,74,gc_fid:pca:pc1; gc_fid:pca:pc2; gc_fid:pca:pc3; gc_fid:pca:pc4; gc_fid:pca:pc5; gc_fid:pls:bp_20:lv1; gc_fid:pls:bp_20:lv2; gc_fid:pls:bp_20:lv3; gc_fid:pls:bp_20:lv4; gc_fid:pls:bp_35:lv1; gc_fid:pls:bp_35:lv2; gc_fid:pls:bp_35:lv3,ir:weighted_x_q90(0.703); ir_spectrum:pls:density_20c:lv1(0.668); ir_spectrum:pls:saturates:lv1(0.668); ir_spectrum:pca:pc1(0.656); ir:weighted_x_mean(0.613); ir_spectrum:pls:bp_80:lv1(0.577); ir_spectrum:pls:saturates:lv2(0.568); ir:weighted_x_q50(0.567),petroleum_fraction_db_013,saturates,analysis_only,correlation_weighted
2,petroleum_fraction_db_050,1.291304,90.1720590985581,74,gc_fid:pca:pc1; gc_fid:pca:pc2; gc_fid:pca:pc3; gc_fid:pca:pc4; gc_fid:pca:pc5; gc_fid:pls:bp_20:lv1; gc_fid:pls:bp_20:lv2; gc_fid:pls:bp_20:lv3; gc_fid:pls:bp_20:lv4; gc_fid:pls:bp_35:lv1; gc_fid:pls:bp_35:lv2; gc_fid:pls:bp_35:lv3,ir:weighted_x_q90(0.703); ir_spectrum:pls:density_20c:lv1(0.668); ir_spectrum:pls:saturates:lv1(0.668); ir_spectrum:pca:pc1(0.656); ir:weighted_x_mean(0.613); ir_spectrum:pls:bp_80:lv1(0.577); ir_spectrum:pls:saturates:lv2(0.568); ir:weighted_x_q50(0.567),petroleum_fraction_db_013,saturates,analysis_only,correlation_weighted
1,petroleum_fraction_db_052,0.771757,74.06340057636729,80,bulk_property:bp_20; bulk_property:bp_35; bulk_property:bp_50; bulk_property:bp_65; bulk_property:bp_80; bulk_property:density_20c; gc_fid:pca:pc1; gc_fid:pca:pc2; gc_fid:pca:pc3; gc_fid:pca:pc4; gc_fid:pca:pc5; gc_fid:pls:bp_20:lv1,bulk_property:bp_20(1.000); bulk_property:bp_35(1.000); bulk_property:bp_50(1.000); bulk_property:bp_65(1.000); bulk_property:bp_80(1.000); bulk_property:density_20c(1.000); gc_fid:pca:pc1(1.000); gc_fid:pca:pc2(1.000),petroleum_fraction_db_013,saturates,analysis_plus_non_target_bulk,equal_weight
2,petroleum_fraction_db_060,1.239606,75.83022553720595,80,bulk_property:bp_20; bulk_property:bp_35; bulk_property:bp_50; bulk_property:bp_65; bulk_property:bp_80; bulk_property:density_20c; gc_fid:pca:pc1; gc_fid:pca:pc2; gc_fid:pca:pc3; gc_fid:pca:pc4; gc_fid:pca:pc5; gc_fid:pls:bp_20:lv1,bulk_property:bp_20(1.000); bulk_property:bp_35(1.000); bulk_property:bp_50(1.000); bulk_property:bp_65(1.000); bulk_property:bp_80(1.000); bulk_property:density_20c(1.000); gc_fid:pca:pc1(1.000); gc_fid:pca:pc2(1.000),petroleum_fraction_db_013,saturates,analysis_plus_non_target_bulk,equal_weight
1,petroleum_fraction_db_052,0.755864,74.06340057636729,80,bulk_property:bp_20; bulk_property:bp_35; bulk_property:bp_50; bulk_property:bp_65; bulk_property:bp_80; bulk_property:density_20c; gc_fid:pca:pc1; gc_fid:pca:pc2; gc_fid:pca:pc3; gc_fid:pca:pc4; gc_fid:pca:pc5; gc_fid:pls:bp_20:lv1,bulk_property:density_20c(0.895); ir:weighted_x_q90(0.703); ir_spectrum:pls:density_20c:lv1(0.668); ir_spectrum:pls:saturates:lv1(0.668); ir_spectrum:pca:pc1(0.656); ir:weighted_x_mean(0.613); ir_spectrum:pls:bp_80:lv1(0.577); ir_spectrum:pls:saturates:lv2(0.568),petroleum_fraction_db_013,saturates,analysis_plus_non_target_bulk,correlation_weighted
2,petroleum_fraction_db_060,1.279069,75.83022553720595,80,bulk_property:bp_20; bulk_property:bp_35; bulk_property:bp_50; bulk_property:bp_65; bulk_property:bp_80; bulk_property:density_20c; gc_fid:pca:pc1; gc_fid:pca:pc2; gc_fid:pca:pc3; gc_fid:pca:pc4; gc_fid:pca:pc5; gc_fid:pls:bp_20:lv1,bulk_property:density_20c(0.895); ir:weighted_x_q90(0.703); ir_spectrum:pls:density_20c:lv1(0.668); ir_spectrum:pls:saturates:lv1(0.668); ir_spectrum:pca:pc1(0.656); ir:weighted_x_mean(0.613); ir_spectrum:pls:bp_80:lv1(0.577); ir_spectrum:pls:saturates:lv2(0.568),petroleum_fraction_db_013,saturates,analysis_plus_non_target_bulk,correlation_weighted
1,petroleum_fraction_db_052,0.792536,469.0,74,gc_fid:pca:pc1; gc_fid:pca:pc2; gc_fid:pca:pc3; gc_fid:pca:pc4; gc_fid:pca:pc5; gc_fid:pls:bp_20:lv1; gc_fid:pls:bp_20:lv2; gc_fid:pls:bp_20:lv3; gc_fid:pls:bp_20:lv4; gc_fid:pls:bp_35:lv1; gc_fid:pls:bp_35:lv2; gc_fid:pls:bp_35:lv3,gc_fid:pca:pc1(1.000); gc_fid:pca:pc2(1.000); gc_fid:pca:pc3(1.000); gc_fid:pca:pc4(1.000); gc_fid:pca:pc5(1.000); gc_fid:pls:bp_20:lv1(1.000); gc_fid:pls:bp_20:lv2(1.000); gc_fid:pls:bp_20:lv3(1.000),petroleum_fraction_db_013,BP_20,analysis_only,equal_weight
2,petroleum_fraction_db_060,1.27312,432.6,74,gc_fid:pca:pc1; gc_fid:pca:pc2; gc_fid:pca:pc3; gc_fid:pca:pc4; gc_fid:pca:pc5; gc_fid:pls:bp_20:lv1; gc_fid:pls:bp_20:lv2; gc_fid:pls:bp_20:lv3; gc_fid:pls:bp_20:lv4; gc_fid:pls:bp_35:lv1; gc_fid:pls:bp_35:lv2; gc_fid:pls:bp_35:lv3,gc_fid:pca:pc1(1.000); gc_fid:pca:pc2(1.000); gc_fid:pca:pc3(1.000); gc_fid:pca:pc4(1.000); gc_fid:pca:pc5(1.000); gc_fid:pls:bp_20:lv1(1.000); gc_fid:pls:bp_20:lv2(1.000); gc_fid:pls:bp_20:lv3(1.000),petroleum_fraction_db_013,BP_20,analysis_only,equal_weight
1,petroleum_fraction_db_052,0.741018,469.0,74,gc_fid:pca:pc1; gc_fid:pca:pc2; gc_fid:pca:pc3; gc_fid:pca:pc4; gc_fid:pca:pc5; gc_fid:pls:bp_20:lv1; gc_fid:pls:bp_20:lv2; gc_fid:pls:bp_20:lv3; gc_fid:pls:bp_20:lv4; gc_fid:pls:bp_35:lv1; gc_fid:pls:bp_35:lv2; gc_fid:pls:bp_35:lv3,gc_fid:pls:density_20c:lv1(0.948); gc_fid:pls:bp_20:lv1(0.940); gc_fid:pls:bp_35:lv1(0.939); gc_fid:pls:bp_50:lv1(0.938); gc_fid:pls:bp_65:lv1(0.936); gc_fid:pls:bp_80:lv1(0.934); gc_fid:pls:saturates:lv1(0.928); gc_fid:pca:pc1(0.914),petroleum_fraction_db_013,BP_20,analysis_only,correlation_weighted
2,petroleum_fraction_db_059,1.107762,443.4,74,gc_fid:pca:pc1; gc_fid:pca:pc2; gc_fid:pca:pc3; gc_fid:pca:pc4; gc_fid:pca:pc5; gc_fid:pls:bp_20:lv1; gc_fid:pls:bp_20:lv2; gc_fid:pls:bp_20:lv3; gc_fid:pls:bp_20:lv4; gc_fid:pls:bp_35:lv1; gc_fid:pls:bp_35:lv2; gc_fid:pls:bp_35:lv3,gc_fid:pls:density_20c:lv1(0.948); gc_fid:pls:bp_20:lv1(0.940); gc_fid:pls:bp_35:lv1(0.939); gc_fid:pls:bp_50:lv1(0.938); gc_fid:pls:bp_65:lv1(0.936); gc_fid:pls:bp_80:lv1(0.934); gc_fid:pls:saturates:lv1(0.928); gc_fid:pca:pc1(0.914),petroleum_fraction_db_013,BP_20,analysis_only,correlation_weighted
1,petroleum_fraction_db_052,0.772714,469.0,80,bulk_property:bp_35; bulk_property:bp_50; bulk_property:bp_65; bulk_property:bp_80; bulk_property:density_20c; bulk_property:saturates; gc_fid:pca:pc1; gc_fid:pca:pc2; gc_fid:pca:pc3; gc_fid:pca:pc4; gc_fid:pca:pc5; gc_fid:pls:bp_20:lv1,bulk_property:bp_35(1.000); bulk_property:bp_50(1.000); bulk_property:bp_65(1.000); bulk_property:bp_80(1.000); bulk_property:density_20c(1.000); bulk_property:saturates(1.000); gc_fid:pca:pc1(1.000); gc_fid:pca:pc2(1.000),petroleum_fraction_db_013,BP_20,analysis_plus_non_target_bulk,equal_weight
2,petroleum_fraction_db_060,1.234764,432.6,80,bulk_property:bp_35; bulk_property:bp_50; bulk_property:bp_65; bulk_property:bp_80; bulk_property:density_20c; bulk_property:saturates; gc_fid:pca:pc1; gc_fid:pca:pc2; gc_fid:pca:pc3; gc_fid:pca:pc4; gc_fid:pca:pc5; gc_fid:pls:bp_20:lv1,bulk_property:bp_35(1.000); bulk_property:bp_50(1.000); bulk_property:bp_65(1.000); bulk_property:bp_80(1.000); bulk_property:density_20c(1.000); bulk_property:saturates(1.000); gc_fid:pca:pc1(1.000); gc_fid:pca:pc2(1.000),petroleum_fraction_db_013,BP_20,analysis_plus_non_target_bulk,equal_weight
1,petroleum_fraction_db_052,0.700423,469.0,80,bulk_property:bp_35; bulk_property:bp_50; bulk_property:bp_65; bulk_property:bp_80; bulk_property:density_20c; bulk_property:saturates; gc_fid:pca:pc1; gc_fid:pca:pc2; gc_fid:pca:pc3; gc_fid:pca:pc4; gc_fid:pca:pc5; gc_fid:pls:bp_20:lv1,bulk_property:bp_35(1.040); bulk_property:bp_50(1.015); bulk_property:bp_65(0.986); gc_fid:pls:density_20c:lv1(0.948); gc_fid:pls:bp_20:lv1(0.940); gc_fid:pls:bp_35:lv1(0.939); bulk_property:bp_80(0.939); gc_fid:pls:bp_50:lv1(0.938),petroleum_fraction_db_013,BP_20,analysis_plus_non_target_bulk,correlation_weighted
2,petroleum_fraction_db_059,1.036533,443.4,80,bulk_property:bp_35; bulk_property:bp_50; bulk_property:bp_65; bulk_property:bp_80; bulk_property:density_20c; bulk_property:saturates; gc_fid:pca:pc1; gc_fid:pca:pc2; gc_fid:pca:pc3; gc_fid:pca:pc4; gc_fid:pca:pc5; gc_fid:pls:bp_20:lv1,bulk_property:bp_35(1.040); bulk_property:bp_50(1.015); bulk_property:bp_65(0.986); gc_fid:pls:density_20c:lv1(0.948); gc_fid:pls:bp_20:lv1(0.940); gc_fid:pls:bp_35:lv1(0.939); bulk_property:bp_80(0.939); gc_fid:pls:bp_50:lv1(0.938),petroleum_fraction_db_013,BP_20,analysis_plus_non_target_bulk,correlation_weighted
1,petroleum_fraction_db_052,0.792536,508.6,74,gc_fid:pca:pc1; gc_fid:pca:pc2; gc_fid:pca:pc3; gc_fid:pca:pc4; gc_fid:pca:pc5; gc_fid:pls:bp_20:lv1; gc_fid:pls:bp_20:lv2; gc_fid:pls:bp_20:lv3; gc_fid:pls:bp_20:lv4; gc_fid:pls:bp_35:lv1; gc_fid:pls:bp_35:lv2; gc_fid:pls:bp_35:lv3,gc_fid:pca:pc1(1.000); gc_fid:pca:pc2(1.000); gc_fid:pca:pc3(1.000); gc_fid:pca:pc4(1.000); gc_fid:pca:pc5(1.000); gc_fid:pls:bp_20:lv1(1.000); gc_fid:pls:bp_20:lv2(1.000); gc_fid:pls:bp_20:lv3(1.000),petroleum_fraction_db_013,BP_35,analysis_only,equal_weight
2,petroleum_fraction_db_060,1.27312,472.2,74,gc_fid:pca:pc1; gc_fid:pca:pc2; gc_fid:pca:pc3; gc_fid:pca:pc4; gc_fid:pca:pc5; gc_fid:pls:bp_20:lv1; gc_fid:pls:bp_20:lv2; gc_fid:pls:bp_20:lv3; gc_fid:pls:bp_20:lv4; gc_fid:pls:bp_35:lv1; gc_fid:pls:bp_35:lv2; gc_fid:pls:bp_35:lv3,gc_fid:pca:pc1(1.000); gc_fid:pca:pc2(1.000); gc_fid:pca:pc3(1.000); gc_fid:pca:pc4(1.000); gc_fid:pca:pc5(1.000); gc_fid:pls:bp_20:lv1(1.000); gc_fid:pls:bp_20:lv2(1.000); gc_fid:pls:bp_20:lv3(1.000),petroleum_fraction_db_013,BP_35,analysis_only,equal_weight
1,petroleum_fraction_db_052,0.735802,508.6,74,gc_fid:pca:pc1; gc_fid:pca:pc2; gc_fid:pca:pc3; gc_fid:pca:pc4; gc_fid:pca:pc5; gc_fid:pls:bp_20:lv1; gc_fid:pls:bp_20:lv2; gc_fid:pls:bp_20:lv3; gc_fid:pls:bp_20:lv4; gc_fid:pls:bp_35:lv1; gc_fid:pls:bp_35:lv2; gc_fid:pls:bp_35:lv3,gc_fid:pls:density_20c:lv1(0.967); gc_fid:pls:bp_35:lv1(0.949); gc_fid:pls:saturates:lv1(0.948); gc_fid:pls:bp_20:lv1(0.948); gc_fid:pls:bp_50:lv1(0.948); gc_fid:pls:bp_65:lv1(0.947); gc_fid:pls:bp_80:lv1(0.946); gc_fid:pca:pc1(0.921),petroleum_fraction_db_013,BP_35,analysis_only,correlation_weighted
2,petroleum_fraction_db_014,1.10176,415.8,33,gc_fid:pca:pc1; gc_fid:pca:pc2; gc_fid:pca:pc3; gc_fid:pca:pc4; gc_fid:pca:pc5; gc_fid:pls:bp_20:lv1; gc_fid:pls:bp_20:lv2; gc_fid:pls:bp_20:lv3; gc_fid:pls:bp_20:lv4; gc_fid:pls:bp_35:lv1; gc_fid:pls:bp_35:lv2; gc_fid:pls:bp_35:lv3,gc_fid:pls:density_20c:lv1(0.967); gc_fid:pls:bp_35:lv1(0.949); gc_fid:pls:saturates:lv1(0.948); gc_fid:pls:bp_20:lv1(0.948); gc_fid:pls:bp_50:lv1(0.948); gc_fid:pls:bp_65:lv1(0.947); gc_fid:pls:bp_80:lv1(0.946); gc_fid:pca:pc1(0.921),petroleum_fraction_db_013,BP_35,analysis_only,correlation_weighted
1,petroleum_fraction_db_052,0.774166,508.6,80,bulk_property:bp_20; bulk_property:bp_50; bulk_property:bp_65; bulk_property:bp_80; bulk_property:density_20c; bulk_property:saturates; gc_fid:pca:pc1; gc_fid:pca:pc2; gc_fid:pca:pc3; gc_fid:pca:pc4; gc_fid:pca:pc5; gc_fid:pls:bp_20:lv1,bulk_property:bp_20(1.000); bulk_property:bp_50(1.000); bulk_property:bp_65(1.000); bulk_property:bp_80(1.000); bulk_property:density_20c(1.000); bulk_property:saturates(1.000); gc_fid:pca:pc1(1.000); gc_fid:pca:pc2(1.000),petroleum_fraction_db_013,BP_35,analysis_plus_non_target_bulk,equal_weight
2,petroleum_fraction_db_060,1.238881,472.2,80,bulk_property:bp_20; bulk_property:bp_50; bulk_property:bp_65; bulk_property:bp_80; bulk_property:density_20c; bulk_property:saturates; gc_fid:pca:pc1; gc_fid:pca:pc2; gc_fid:pca:pc3; gc_fid:pca:pc4; gc_fid:pca:pc5; gc_fid:pls:bp_20:lv1,bulk_property:bp_20(1.000); bulk_property:bp_50(1.000); bulk_property:bp_65(1.000); bulk_property:bp_80(1.000); bulk_property:density_20c(1.000); bulk_property:saturates(1.000); gc_fid:pca:pc1(1.000); gc_fid:pca:pc2(1.000),petroleum_fraction_db_013,BP_35,analysis_plus_non_target_bulk,equal_weight
1,petroleum_fraction_db_052,0.699697,508.6,80,bulk_property:bp_20; bulk_property:bp_50; bulk_property:bp_65; bulk_property:bp_80; bulk_property:density_20c; bulk_property:saturates; gc_fid:pca:pc1; gc_fid:pca:pc2; gc_fid:pca:pc3; gc_fid:pca:pc4; gc_fid:pca:pc5; gc_fid:pls:bp_20:lv1,bulk_property:bp_20(1.040); bulk_property:bp_50(1.040); bulk_property:bp_65(1.020); bulk_property:bp_80(0.982); gc_fid:pls:density_20c:lv1(0.967); gc_fid:pls:bp_35:lv1(0.949); gc_fid:pls:saturates:lv1(0.948); gc_fid:pls:bp_20:lv1(0.948),petroleum_fraction_db_013,BP_35,analysis_plus_non_target_bulk,correlation_weighted
2,petroleum_fraction_db_059,1.044918,463.8,80,bulk_property:bp_20; bulk_property:bp_50; bulk_property:bp_65; bulk_property:bp_80; bulk_property:density_20c; bulk_property:saturates; gc_fid:pca:pc1; gc_fid:pca:pc2; gc_fid:pca:pc3; gc_fid:pca:pc4; gc_fid:pca:pc5; gc_fid:pls:bp_20:lv1,bulk_property:bp_20(1.040); bulk_property:bp_50(1.040); bulk_property:bp_65(1.020); bulk_property:bp_80(0.982); gc_fid:pls:density_20c:lv1(0.967); gc_fid:pls:bp_35:lv1(0.949); gc_fid:pls:saturates:lv1(0.948); gc_fid:pls:bp_20:lv1(0.948),petroleum_fraction_db_013,BP_35,analysis_plus_non_target_bulk,correlation_weighted
1,petroleum_fraction_db_052,0.792536,530.0,74,gc_fid:pca:pc1; gc_fid:pca:pc2; gc_fid:pca:pc3; gc_fid:pca:pc4; gc_fid:pca:pc5; gc_fid:pls:bp_20:lv1; gc_fid:pls:bp_20:lv2; gc_fid:pls:bp_20:lv3; gc_fid:pls:bp_20:lv4; gc_fid:pls:bp_35:lv1; gc_fid:pls:bp_35:lv2; gc_fid:pls:bp_35:lv3,gc_fid:pca:pc1(1.000); gc_fid:pca:pc2(1.000); gc_fid:pca:pc3(1.000); gc_fid:pca:pc4(1.000); gc_fid:pca:pc5(1.000); gc_fid:pls:bp_20:lv1(1.000); gc_fid:pls:bp_20:lv2(1.000); gc_fid:pls:bp_20:lv3(1.000),petroleum_fraction_db_013,BP_50,analysis_only,equal_weight
2,petroleum_fraction_db_060,1.27312,524.4,74,gc_fid:pca:pc1; gc_fid:pca:pc2; gc_fid:pca:pc3; gc_fid:pca:pc4; gc_fid:pca:pc5; gc_fid:pls:bp_20:lv1; gc_fid:pls:bp_20:lv2; gc_fid:pls:bp_20:lv3; gc_fid:pls:bp_20:lv4; gc_fid:pls:bp_35:lv1; gc_fid:pls:bp_35:lv2; gc_fid:pls:bp_35:lv3,gc_fid:pca:pc1(1.000); gc_fid:pca:pc2(1.000); gc_fid:pca:pc3(1.000); gc_fid:pca:pc4(1.000); gc_fid:pca:pc5(1.000); gc_fid:pls:bp_20:lv1(1.000); gc_fid:pls:bp_20:lv2(1.000); gc_fid:pls:bp_20:lv3(1.000),petroleum_fraction_db_013,BP_50,analysis_only,equal_weight
1,petroleum_fraction_db_052,0.727404,530.0,74,gc_fid:pca:pc1; gc_fid:pca:pc2; gc_fid:pca:pc3; gc_fid:pca:pc4; gc_fid:pca:pc5; gc_fid:pls:bp_20:lv1; gc_fid:pls:bp_20:lv2; gc_fid:pls:bp_20:lv3; gc_fid:pls:bp_20:lv4; gc_fid:pls:bp_35:lv1; gc_fid:pls:bp_35:lv2; gc_fid:pls:bp_35:lv3,gc_fid:pls:density_20c:lv1(0.977); gc_fid:pls:saturates:lv1(0.960); gc_fid:pls:bp_50:lv1(0.951); gc_fid:pls:bp_80:lv1(0.951); gc_fid:pls:bp_35:lv1(0.951); gc_fid:pls:bp_65:lv1(0.951); gc_fid:pls:bp_20:lv1(0.949); gc_fid:pca:pc1(0.923),petroleum_fraction_db_013,BP_50,analysis_only,correlation_weighted
2,petroleum_fraction_db_014,1.107772,453.4,33,gc_fid:pca:pc1; gc_fid:pca:pc2; gc_fid:pca:pc3; gc_fid:pca:pc4; gc_fid:pca:pc5; gc_fid:pls:bp_20:lv1; gc_fid:pls:bp_20:lv2; gc_fid:pls:bp_20:lv3; gc_fid:pls:bp_20:lv4; gc_fid:pls:bp_35:lv1; gc_fid:pls:bp_35:lv2; gc_fid:pls:bp_35:lv3,gc_fid:pls:density_20c:lv1(0.977); gc_fid:pls:saturates:lv1(0.960); gc_fid:pls:bp_50:lv1(0.951); gc_fid:pls:bp_80:lv1(0.951); gc_fid:pls:bp_35:lv1(0.951); gc_fid:pls:bp_65:lv1(0.951); gc_fid:pls:bp_20:lv1(0.949); gc_fid:pca:pc1(0.923),petroleum_fraction_db_013,BP_50,analysis_only,correlation_weighted
1,petroleum_fraction_db_052,0.773602,530.0,80,bulk_property:bp_20; bulk_property:bp_35; bulk_property:bp_65; bulk_property:bp_80; bulk_property:density_20c; bulk_property:saturates; gc_fid:pca:pc1; gc_fid:pca:pc2; gc_fid:pca:pc3; gc_fid:pca:pc4; gc_fid:pca:pc5; gc_fid:pls:bp_20:lv1,bulk_property:bp_20(1.000); bulk_property:bp_35(1.000); bulk_property:bp_65(1.000); bulk_property:bp_80(1.000); bulk_property:density_20c(1.000); bulk_property:saturates(1.000); gc_fid:pca:pc1(1.000); gc_fid:pca:pc2(1.000),petroleum_fraction_db_013,BP_50,analysis_plus_non_target_bulk,equal_weight
2,petroleum_fraction_db_060,1.240392,524.4,80,bulk_property:bp_20; bulk_property:bp_35; bulk_property:bp_65; bulk_property:bp_80; bulk_property:density_20c; bulk_property:saturates; gc_fid:pca:pc1; gc_fid:pca:pc2; gc_fid:pca:pc3; gc_fid:pca:pc4; gc_fid:pca:pc5; gc_fid:pls:bp_20:lv1,bulk_property:bp_20(1.000); bulk_property:bp_35(1.000); bulk_property:bp_65(1.000); bulk_property:bp_80(1.000); bulk_property:density_20c(1.000); bulk_property:saturates(1.000); gc_fid:pca:pc1(1.000); gc_fid:pca:pc2(1.000),petroleum_fraction_db_013,BP_50,analysis_plus_non_target_bulk,equal_weight
1,petroleum_fraction_db_052,0.690288,530.0,80,bulk_property:bp_20; bulk_property:bp_35; bulk_property:bp_65; bulk_property:bp_80; bulk_property:density_20c; bulk_property:saturates; gc_fid:pca:pc1; gc_fid:pca:pc2; gc_fid:pca:pc3; gc_fid:pca:pc4; gc_fid:pca:pc5; gc_fid:pls:bp_20:lv1,bulk_property:bp_65(1.042); bulk_property:bp_35(1.040); bulk_property:bp_80(1.018); bulk_property:bp_20(1.015); gc_fid:pls:density_20c:lv1(0.977); gc_fid:pls:saturates:lv1(0.960); gc_fid:pls:bp_50:lv1(0.951); gc_fid:pls:bp_80:lv1(0.951),petroleum_fraction_db_013,BP_50,analysis_plus_non_target_bulk,correlation_weighted
2,petroleum_fraction_db_059,1.05659,481.0,80,bulk_property:bp_20; bulk_property:bp_35; bulk_property:bp_65; bulk_property:bp_80; bulk_property:density_20c; bulk_property:saturates; gc_fid:pca:pc1; gc_fid:pca:pc2; gc_fid:pca:pc3; gc_fid:pca:pc4; gc_fid:pca:pc5; gc_fid:pls:bp_20:lv1,bulk_property:bp_65(1.042); bulk_property:bp_35(1.040); bulk_property:bp_80(1.018); bulk_property:bp_20(1.015); gc_fid:pls:density_20c:lv1(0.977); gc_fid:pls:saturates:lv1(0.960); gc_fid:pls:bp_50:lv1(0.951); gc_fid:pls:bp_80:lv1(0.951),petroleum_fraction_db_013,BP_50,analysis_plus_non_target_bulk,correlation_weighted
1,petroleum_fraction_db_052,0.792536,548.4,74,gc_fid:pca:pc1; gc_fid:pca:pc2; gc_fid:pca:pc3; gc_fid:pca:pc4; gc_fid:pca:pc5; gc_fid:pls:bp_20:lv1; gc_fid:pls:bp_20:lv2; gc_fid:pls:bp_20:lv3; gc_fid:pls:bp_20:lv4; gc_fid:pls:bp_35:lv1; gc_fid:pls:bp_35:lv2; gc_fid:pls:bp_35:lv3,gc_fid:pca:pc1(1.000); gc_fid:pca:pc2(1.000); gc_fid:pca:pc3(1.000); gc_fid:pca:pc4(1.000); gc_fid:pca:pc5(1.000); gc_fid:pls:bp_20:lv1(1.000); gc_fid:pls:bp_20:lv2(1.000); gc_fid:pls:bp_20:lv3(1.000),petroleum_fraction_db_013,BP_65,analysis_only,equal_weight
2,petroleum_fraction_db_060,1.27312,558.8,74,gc_fid:pca:pc1; gc_fid:pca:pc2; gc_fid:pca:pc3; gc_fid:pca:pc4; gc_fid:pca:pc5; gc_fid:pls:bp_20:lv1; gc_fid:pls:bp_20:lv2; gc_fid:pls:bp_20:lv3; gc_fid:pls:bp_20:lv4; gc_fid:pls:bp_35:lv1; gc_fid:pls:bp_35:lv2; gc_fid:pls:bp_35:lv3,gc_fid:pca:pc1(1.000); gc_fid:pca:pc2(1.000); gc_fid:pca:pc3(1.000); gc_fid:pca:pc4(1.000); gc_fid:pca:pc5(1.000); gc_fid:pls:bp_20:lv1(1.000); gc_fid:pls:bp_20:lv2(1.000); gc_fid:pls:bp_20:lv3(1.000),petroleum_fraction_db_013,BP_65,analysis_only,equal_weight
1,petroleum_fraction_db_052,0.715394,548.4,74,gc_fid:pca:pc1; gc_fid:pca:pc2; gc_fid:pca:pc3; gc_fid:pca:pc4; gc_fid:pca:pc5; gc_fid:pls:bp_20:lv1; gc_fid:pls:bp_20:lv2; gc_fid:pls:bp_20:lv3; gc_fid:pls:bp_20:lv4; gc_fid:pls:bp_35:lv1; gc_fid:pls:bp_35:lv2; gc_fid:pls:bp_35:lv3,gc_fid:pls:density_20c:lv1(0.980); gc_fid:pls:saturates:lv1(0.965); gc_fid:pls:bp_80:lv1(0.952); gc_fid:pls:bp_65:lv1(0.951); gc_fid:pls:bp_50:lv1(0.951); gc_fid:pls:bp_35:lv1(0.950); gc_fid:pls:bp_20:lv1(0.947); gc_fid:pca:pc1(0.922),petroleum_fraction_db_013,BP_65,analysis_only,correlation_weighted
2,petroleum_fraction_db_060,1.128538,558.8,74,gc_fid:pca:pc1; gc_fid:pca:pc2; gc_fid:pca:pc3; gc_fid:pca:pc4; gc_fid:pca:pc5; gc_fid:pls:bp_20:lv1; gc_fid:pls:bp_20:lv2; gc_fid:pls:bp_20:lv3; gc_fid:pls:bp_20:lv4; gc_fid:pls:bp_35:lv1; gc_fid:pls:bp_35:lv2; gc_fid:pls:bp_35:lv3,gc_fid:pls:density_20c:lv1(0.980); gc_fid:pls:saturates:lv1(0.965); gc_fid:pls:bp_80:lv1(0.952); gc_fid:pls:bp_65:lv1(0.951); gc_fid:pls:bp_50:lv1(0.951); gc_fid:pls:bp_35:lv1(0.950); gc_fid:pls:bp_20:lv1(0.947); gc_fid:pca:pc1(0.922),petroleum_fraction_db_013,BP_65,analysis_only,correlation_weighted
1,petroleum_fraction_db_052,0.772822,548.4,80,bulk_property:bp_20; bulk_property:bp_35; bulk_property:bp_50; bulk_property:bp_80; bulk_property:density_20c; bulk_property:saturates; gc_fid:pca:pc1; gc_fid:pca:pc2; gc_fid:pca:pc3; gc_fid:pca:pc4; gc_fid:pca:pc5; gc_fid:pls:bp_20:lv1,bulk_property:bp_20(1.000); bulk_property:bp_35(1.000); bulk_property:bp_50(1.000); bulk_property:bp_80(1.000); bulk_property:density_20c(1.000); bulk_property:saturates(1.000); gc_fid:pca:pc1(1.000); gc_fid:pca:pc2(1.000),petroleum_fraction_db_013,BP_65,analysis_plus_non_target_bulk,equal_weight
2,petroleum_fraction_db_060,1.238826,558.8,80,bulk_property:bp_20; bulk_property:bp_35; bulk_property:bp_50; bulk_property:bp_80; bulk_property:density_20c; bulk_property:saturates; gc_fid:pca:pc1; gc_fid:pca:pc2; gc_fid:pca:pc3; gc_fid:pca:pc4; gc_fid:pca:pc5; gc_fid:pls:bp_20:lv1,bulk_property:bp_20(1.000); bulk_property:bp_35(1.000); bulk_property:bp_50(1.000); bulk_property:bp_80(1.000); bulk_property:density_20c(1.000); bulk_property:saturates(1.000); gc_fid:pca:pc1(1.000); gc_fid:pca:pc2(1.000),petroleum_fraction_db_013,BP_65,analysis_plus_non_target_bulk,equal_weight
1,petroleum_fraction_db_052,0.677329,548.4,80,bulk_property:bp_20; bulk_property:bp_35; bulk_property:bp_50; bulk_property:bp_80; bulk_property:density_20c; bulk_property:saturates; gc_fid:pca:pc1; gc_fid:pca:pc2; gc_fid:pca:pc3; gc_fid:pca:pc4; gc_fid:pca:pc5; gc_fid:pls:bp_20:lv1,bulk_property:bp_50(1.042); bulk_property:bp_80(1.039); bulk_property:bp_35(1.020); bulk_property:bp_20(0.986); gc_fid:pls:density_20c:lv1(0.980); gc_fid:pls:saturates:lv1(0.965); gc_fid:pls:bp_80:lv1(0.952); gc_fid:pls:bp_65:lv1(0.951),petroleum_fraction_db_013,BP_65,analysis_plus_non_target_bulk,correlation_weighted
2,petroleum_fraction_db_059,1.070411,498.2,80,bulk_property:bp_20; bulk_property:bp_35; bulk_property:bp_50; bulk_property:bp_80; bulk_property:density_20c; bulk_property:saturates; gc_fid:pca:pc1; gc_fid:pca:pc2; gc_fid:pca:pc3; gc_fid:pca:pc4; gc_fid:pca:pc5; gc_fid:pls:bp_20:lv1,bulk_property:bp_50(1.042); bulk_property:bp_80(1.039); bulk_property:bp_35(1.020); bulk_property:bp_20(0.986); gc_fid:pls:density_20c:lv1(0.980); gc_fid:pls:saturates:lv1(0.965); gc_fid:pls:bp_80:lv1(0.952); gc_fid:pls:bp_65:lv1(0.951),petroleum_fraction_db_013,BP_65,analysis_plus_non_target_bulk,correlation_weighted
1,petroleum_fraction_db_052,0.792536,569.0,74,gc_fid:pca:pc1; gc_fid:pca:pc2; gc_fid:pca:pc3; gc_fid:pca:pc4; gc_fid:pca:pc5; gc_fid:pls:bp_20:lv1; gc_fid:pls:bp_20:lv2; gc_fid:pls:bp_20:lv3; gc_fid:pls:bp_20:lv4; gc_fid:pls:bp_35:lv1; gc_fid:pls:bp_35:lv2; gc_fid:pls:bp_35:lv3,gc_fid:pca:pc1(1.000); gc_fid:pca:pc2(1.000); gc_fid:pca:pc3(1.000); gc_fid:pca:pc4(1.000); gc_fid:pca:pc5(1.000); gc_fid:pls:bp_20:lv1(1.000); gc_fid:pls:bp_20:lv2(1.000); gc_fid:pls:bp_20:lv3(1.000),petroleum_fraction_db_013,BP_80,analysis_only,equal_weight
2,petroleum_fraction_db_060,1.27312,607.0,74,gc_fid:pca:pc1; gc_fid:pca:pc2; gc_fid:pca:pc3; gc_fid:pca:pc4; gc_fid:pca:pc5; gc_fid:pls:bp_20:lv1; gc_fid:pls:bp_20:lv2; gc_fid:pls:bp_20:lv3; gc_fid:pls:bp_20:lv4; gc_fid:pls:bp_35:lv1; gc_fid:pls:bp_35:lv2; gc_fid:pls:bp_35:lv3,gc_fid:pca:pc1(1.000); gc_fid:pca:pc2(1.000); gc_fid:pca:pc3(1.000); gc_fid:pca:pc4(1.000); gc_fid:pca:pc5(1.000); gc_fid:pls:bp_20:lv1(1.000); gc_fid:pls:bp_20:lv2(1.000); gc_fid:pls:bp_20:lv3(1.000),petroleum_fraction_db_013,BP_80,analysis_only,equal_weight
1,petroleum_fraction_db_052,0.698427,569.0,74,gc_fid:pca:pc1; gc_fid:pca:pc2; gc_fid:pca:pc3; gc_fid:pca:pc4; gc_fid:pca:pc5; gc_fid:pls:bp_20:lv1; gc_fid:pls:bp_20:lv2; gc_fid:pls:bp_20:lv3; gc_fid:pls:bp_20:lv4; gc_fid:pls:bp_35:lv1; gc_fid:pls:bp_35:lv2; gc_fid:pls:bp_35:lv3,gc_fid:pls:density_20c:lv1(0.973); gc_fid:pls:saturates:lv1(0.962); gc_fid:pls:bp_80:lv1(0.945); gc_fid:pls:bp_65:lv1(0.942); gc_fid:pls:bp_50:lv1(0.941); gc_fid:pls:bp_35:lv1(0.939); gc_fid:pls:bp_20:lv1(0.935); gc_fid:pca:pc1(0.913),petroleum_fraction_db_013,BP_80,analysis_only,correlation_weighted
2,petroleum_fraction_db_060,1.144275,607.0,74,gc_fid:pca:pc1; gc_fid:pca:pc2; gc_fid:pca:pc3; gc_fid:pca:pc4; gc_fid:pca:pc5; gc_fid:pls:bp_20:lv1; gc_fid:pls:bp_20:lv2; gc_fid:pls:bp_20:lv3; gc_fid:pls:bp_20:lv4; gc_fid:pls:bp_35:lv1; gc_fid:pls:bp_35:lv2; gc_fid:pls:bp_35:lv3,gc_fid:pls:density_20c:lv1(0.973); gc_fid:pls:saturates:lv1(0.962); gc_fid:pls:bp_80:lv1(0.945); gc_fid:pls:bp_65:lv1(0.942); gc_fid:pls:bp_50:lv1(0.941); gc_fid:pls:bp_35:lv1(0.939); gc_fid:pls:bp_20:lv1(0.935); gc_fid:pca:pc1(0.913),petroleum_fraction_db_013,BP_80,analysis_only,correlation_weighted
1,petroleum_fraction_db_052,0.771994,569.0,80,bulk_property:bp_20; bulk_property:bp_35; bulk_property:bp_50; bulk_property:bp_65; bulk_property:density_20c; bulk_property:saturates; gc_fid:pca:pc1; gc_fid:pca:pc2; gc_fid:pca:pc3; gc_fid:pca:pc4; gc_fid:pca:pc5; gc_fid:pls:bp_20:lv1,bulk_property:bp_20(1.000); bulk_property:bp_35(1.000); bulk_property:bp_50(1.000); bulk_property:bp_65(1.000); bulk_property:density_20c(1.000); bulk_property:saturates(1.000); gc_fid:pca:pc1(1.000); gc_fid:pca:pc2(1.000),petroleum_fraction_db_013,BP_80,analysis_plus_non_target_bulk,equal_weight
2,petroleum_fraction_db_060,1.234409,607.0,80,bulk_property:bp_20; bulk_property:bp_35; bulk_property:bp_50; bulk_property:bp_65; bulk_property:density_20c; bulk_property:saturates; gc_fid:pca:pc1; gc_fid:pca:pc2; gc_fid:pca:pc3; gc_fid:pca:pc4; gc_fid:pca:pc5; gc_fid:pls:bp_20:lv1,bulk_property:bp_20(1.000); bulk_property:bp_35(1.000); bulk_property:bp_50(1.000); bulk_property:bp_65(1.000); bulk_property:density_20c(1.000); bulk_property:saturates(1.000); gc_fid:pca:pc1(1.000); gc_fid:pca:pc2(1.000),petroleum_fraction_db_013,BP_80,analysis_plus_non_target_bulk,equal_weight
1,petroleum_fraction_db_052,0.66035,569.0,80,bulk_property:bp_20; bulk_property:bp_35; bulk_property:bp_50; bulk_property:bp_65; bulk_property:density_20c; bulk_property:saturates; gc_fid:pca:pc1; gc_fid:pca:pc2; gc_fid:pca:pc3; gc_fid:pca:pc4; gc_fid:pca:pc5; gc_fid:pls:bp_20:lv1,bulk_property:bp_65(1.039); bulk_property:bp_50(1.018); bulk_property:bp_35(0.982); gc_fid:pls:density_20c:lv1(0.973); gc_fid:pls:saturates:lv1(0.962); gc_fid:pls:bp_80:lv1(0.945); gc_fid:pls:bp_65:lv1(0.942); gc_fid:pls:bp_50:lv1(0.941),petroleum_fraction_db_013,BP_80,analysis_plus_non_target_bulk,correlation_weighted
2,petroleum_fraction_db_060,1.077689,607.0,80,bulk_property:bp_20; bulk_property:bp_35; bulk_property:bp_50; bulk_property:bp_65; bulk_property:density_20c; bulk_property:saturates; gc_fid:pca:pc1; gc_fid:pca:pc2; gc_fid:pca:pc3; gc_fid:pca:pc4; gc_fid:pca:pc5; gc_fid:pls:bp_20:lv1,bulk_property:bp_65(1.039); bulk_property:bp_50(1.018); bulk_property:bp_35(0.982); gc_fid:pls:density_20c:lv1(0.973); gc_fid:pls:saturates:lv1(0.962); gc_fid:pls:bp_80:lv1(0.945); gc_fid:pls:bp_65:lv1(0.942); gc_fid:pls:bp_50:lv1(0.941),petroleum_fraction_db_013,BP_80,analysis_plus_non_target_bulk,correlation_weighted
1,petroleum_fraction_db_014,0.4826,1.0752,33,gc_fid:pca:pc1; gc_fid:pca:pc2; gc_fid:pca:pc3; gc_fid:pca:pc4; gc_fid:pca:pc5; gc_fid:pls:bp_20:lv1; gc_fid:pls:bp_20:lv2; gc_fid:pls:bp_20:lv3; gc_fid:pls:bp_20:lv4; gc_fid:pls:bp_35:lv1; gc_fid:pls:bp_35:lv2; gc_fid:pls:bp_35:lv3,gc_fid:pca:pc1(1.000); gc_fid:pca:pc2(1.000); gc_fid:pca:pc3(1.000); gc_fid:pca:pc4(1.000); gc_fid:pca:pc5(1.000); gc_fid:pls:bp_20:lv1(1.000); gc_fid:pls:bp_20:lv2(1.000); gc_fid:pls:bp_20:lv3(1.000),petroleum_fraction_db_015,density_20c,analysis_only,equal_weight
2,petroleum_fraction_db_035,0.775453,0.9004,33,gc_fid:pca:pc1; gc_fid:pca:pc2; gc_fid:pca:pc3; gc_fid:pca:pc4; gc_fid:pca:pc5; gc_fid:pls:bp_20:lv1; gc_fid:pls:bp_20:lv2; gc_fid:pls:bp_20:lv3; gc_fid:pls:bp_20:lv4; gc_fid:pls:bp_35:lv1; gc_fid:pls:bp_35:lv2; gc_fid:pls:bp_35:lv3,gc_fid:pca:pc1(1.000); gc_fid:pca:pc2(1.000); gc_fid:pca:pc3(1.000); gc_fid:pca:pc4(1.000); gc_fid:pca:pc5(1.000); gc_fid:pls:bp_20:lv1(1.000); gc_fid:pls:bp_20:lv2(1.000); gc_fid:pls:bp_20:lv3(1.000),petroleum_fraction_db_015,density_20c,analysis_only,equal_weight
1,petroleum_fraction_db_014,0.513066,1.0752,33,gc_fid:pca:pc1; gc_fid:pca:pc2; gc_fid:pca:pc3; gc_fid:pca:pc4; gc_fid:pca:pc5; gc_fid:pls:bp_20:lv1; gc_fid:pls:bp_20:lv2; gc_fid:pls:bp_20:lv3; gc_fid:pls:bp_20:lv4; gc_fid:pls:bp_35:lv1; gc_fid:pls:bp_35:lv2; gc_fid:pls:bp_35:lv3,gc_fid:pls:density_20c:lv3(0.478); gc_fid:pls:density_20c:lv1(0.413); gc_fid:pls:saturates:lv1(0.395); gc_fid:pls:density_20c:lv2(0.384); gc_fid:pca:pc3(0.372); gc_fid:pls:bp_65:lv2(0.368); gc_fid:pls:bp_20:lv2(0.366); gc_fid:pls:bp_50:lv2(0.365),petroleum_fraction_db_015,density_20c,analysis_only,correlation_weighted
2,petroleum_fraction_db_035,0.849274,0.9004,33,gc_fid:pca:pc1; gc_fid:pca:pc2; gc_fid:pca:pc3; gc_fid:pca:pc4; gc_fid:pca:pc5; gc_fid:pls:bp_20:lv1; gc_fid:pls:bp_20:lv2; gc_fid:pls:bp_20:lv3; gc_fid:pls:bp_20:lv4; gc_fid:pls:bp_35:lv1; gc_fid:pls:bp_35:lv2; gc_fid:pls:bp_35:lv3,gc_fid:pls:density_20c:lv3(0.478); gc_fid:pls:density_20c:lv1(0.413); gc_fid:pls:saturates:lv1(0.395); gc_fid:pls:density_20c:lv2(0.384); gc_fid:pca:pc3(0.372); gc_fid:pls:bp_65:lv2(0.368); gc_fid:pls:bp_20:lv2(0.366); gc_fid:pls:bp_50:lv2(0.365),petroleum_fraction_db_015,density_20c,analysis_only,correlation_weighted
1,petroleum_fraction_db_014,0.462923,1.0752,39,bulk_property:bp_20; bulk_property:bp_35; bulk_property:bp_50; bulk_property:bp_65; bulk_property:bp_80; bulk_property:saturates; gc_fid:pca:pc1; gc_fid:pca:pc2; gc_fid:pca:pc3; gc_fid:pca:pc4; gc_fid:pca:pc5; gc_fid:pls:bp_20:lv1,bulk_property:bp_20(1.000); bulk_property:bp_35(1.000); bulk_property:bp_50(1.000); bulk_property:bp_65(1.000); bulk_property:bp_80(1.000); bulk_property:saturates(1.000); gc_fid:pca:pc1(1.000); gc_fid:pca:pc2(1.000),petroleum_fraction_db_015,density_20c,analysis_plus_non_target_bulk,equal_weight
2,petroleum_fraction_db_001,0.907651,1.0109,39,bulk_property:bp_20; bulk_property:bp_35; bulk_property:bp_50; bulk_property:bp_65; bulk_property:bp_80; bulk_property:saturates; gc_fid:pca:pc1; gc_fid:pca:pc2; gc_fid:pca:pc3; gc_fid:pca:pc4; gc_fid:pca:pc5; gc_fid:pls:bp_20:lv1,bulk_property:bp_20(1.000); bulk_property:bp_35(1.000); bulk_property:bp_50(1.000); bulk_property:bp_65(1.000); bulk_property:bp_80(1.000); bulk_property:saturates(1.000); gc_fid:pca:pc1(1.000); gc_fid:pca:pc2(1.000),petroleum_fraction_db_015,density_20c,analysis_plus_non_target_bulk,equal_weight
1,petroleum_fraction_db_014,0.47468,1.0752,39,bulk_property:bp_20; bulk_property:bp_35; bulk_property:bp_50; bulk_property:bp_65; bulk_property:bp_80; bulk_property:saturates; gc_fid:pca:pc1; gc_fid:pca:pc2; gc_fid:pca:pc3; gc_fid:pca:pc4; gc_fid:pca:pc5; gc_fid:pls:bp_20:lv1,bulk_property:saturates(0.895); gc_fid:pls:density_20c:lv3(0.478); bulk_property:bp_80(0.449); bulk_property:bp_65(0.439); bulk_property:bp_50(0.425); bulk_property:bp_35(0.415); gc_fid:pls:density_20c:lv1(0.413); bulk_property:bp_20(0.398),petroleum_fraction_db_015,density_20c,analysis_plus_non_target_bulk,correlation_weighted
2,petroleum_fraction_db_001,0.969483,1.0109,39,bulk_property:bp_20; bulk_property:bp_35; bulk_property:bp_50; bulk_property:bp_65; bulk_property:bp_80; bulk_property:saturates; gc_fid:pca:pc1; gc_fid:pca:pc2; gc_fid:pca:pc3; gc_fid:pca:pc4; gc_fid:pca:pc5; gc_fid:pls:bp_20:lv1,bulk_property:saturates(0.895); gc_fid:pls:density_20c:lv3(0.478); bulk_property:bp_80(0.449); bulk_property:bp_65(0.439); bulk_property:bp_50(0.425); bulk_property:bp_35(0.415); gc_fid:pls:density_20c:lv1(0.413); bulk_property:bp_20(0.398),petroleum_fraction_db_015,density_20c,analysis_plus_non_target_bulk,correlation_weighted
1,petroleum_fraction_db_014,0.4826,17.74432902268247,33,gc_fid:pca:pc1; gc_fid:pca:pc2; gc_fid:pca:pc3; gc_fid:pca:pc4; gc_fid:pca:pc5; gc_fid:pls:bp_20:lv1; gc_fid:pls:bp_20:lv2; gc_fid:pls:bp_20:lv3; gc_fid:pls:bp_20:lv4; gc_fid:pls:bp_35:lv1; gc_fid:pls:bp_35:lv2; gc_fid:pls:bp_35:lv3,gc_fid:pca:pc1(1.000); gc_fid:pca:pc2(1.000); gc_fid:pca:pc3(1.000); gc_fid:pca:pc4(1.000); gc_fid:pca:pc5(1.000); gc_fid:pls:bp_20:lv1(1.000); gc_fid:pls:bp_20:lv2(1.000); gc_fid:pls:bp_20:lv3(1.000),petroleum_fraction_db_015,saturates,analysis_only,equal_weight
2,petroleum_fraction_db_035,0.775453,71.55463275369856,33,gc_fid:pca:pc1; gc_fid:pca:pc2; gc_fid:pca:pc3; gc_fid:pca:pc4; gc_fid:pca:pc5; gc_fid:pls:bp_20:lv1; gc_fid:pls:bp_20:lv2; gc_fid:pls:bp_20:lv3; gc_fid:pls:bp_20:lv4; gc_fid:pls:bp_35:lv1; gc_fid:pls:bp_35:lv2; gc_fid:pls:bp_35:lv3,gc_fid:pca:pc1(1.000); gc_fid:pca:pc2(1.000); gc_fid:pca:pc3(1.000); gc_fid:pca:pc4(1.000); gc_fid:pca:pc5(1.000); gc_fid:pls:bp_20:lv1(1.000); gc_fid:pls:bp_20:lv2(1.000); gc_fid:pls:bp_20:lv3(1.000),petroleum_fraction_db_015,saturates,analysis_only,equal_weight
1,petroleum_fraction_db_014,0.536699,17.74432902268247,33,gc_fid:pca:pc1; gc_fid:pca:pc2; gc_fid:pca:pc3; gc_fid:pca:pc4; gc_fid:pca:pc5; gc_fid:pls:bp_20:lv1; gc_fid:pls:bp_20:lv2; gc_fid:pls:bp_20:lv3; gc_fid:pls:bp_20:lv4; gc_fid:pls:bp_35:lv1; gc_fid:pls:bp_35:lv2; gc_fid:pls:bp_35:lv3,gc_fid:pca:pc3(0.469); gc_fid:pls:bp_65:lv2(0.447); gc_fid:pls:bp_80:lv2(0.447); gc_fid:pls:bp_50:lv2(0.440); gc_fid:pls:density_20c:lv2(0.431); gc_fid:pls:bp_35:lv2(0.431); gc_fid:pls:bp_20:lv2(0.413); gc_fid:pls:density_20c:lv1(0.386),petroleum_fraction_db_015,saturates,analysis_only,correlation_weighted
2,petroleum_fraction_db_035,0.821457,71.55463275369856,33,gc_fid:pca:pc1; gc_fid:pca:pc2; gc_fid:pca:pc3; gc_fid:pca:pc4; gc_fid:pca:pc5; gc_fid:pls:bp_20:lv1; gc_fid:pls:bp_20:lv2; gc_fid:pls:bp_20:lv3; gc_fid:pls:bp_20:lv4; gc_fid:pls:bp_35:lv1; gc_fid:pls:bp_35:lv2; gc_fid:pls:bp_35:lv3,gc_fid:pca:pc3(0.469); gc_fid:pls:bp_65:lv2(0.447); gc_fid:pls:bp_80:lv2(0.447); gc_fid:pls:bp_50:lv2(0.440); gc_fid:pls:density_20c:lv2(0.431); gc_fid:pls:bp_35:lv2(0.431); gc_fid:pls:bp_20:lv2(0.413); gc_fid:pls:density_20c:lv1(0.386),petroleum_fraction_db_015,saturates,analysis_only,correlation_weighted
1,petroleum_fraction_db_014,0.469565,17.74432902268247,39,bulk_property:bp_20; bulk_property:bp_35; bulk_property:bp_50; bulk_property:bp_65; bulk_property:bp_80; bulk_property:density_20c; gc_fid:pca:pc1; gc_fid:pca:pc2; gc_fid:pca:pc3; gc_fid:pca:pc4; gc_fid:pca:pc5; gc_fid:pls:bp_20:lv1,bulk_property:bp_20(1.000); bulk_property:bp_35(1.000); bulk_property:bp_50(1.000); bulk_property:bp_65(1.000); bulk_property:bp_80(1.000); bulk_property:density_20c(1.000); gc_fid:pca:pc1(1.000); gc_fid:pca:pc2(1.000),petroleum_fraction_db_015,saturates,analysis_plus_non_target_bulk,equal_weight
2,petroleum_fraction_db_001,0.904065,36.2388403571084,39,bulk_property:bp_20; bulk_property:bp_35; bulk_property:bp_50; bulk_property:bp_65; bulk_property:bp_80; bulk_property:density_20c; gc_fid:pca:pc1; gc_fid:pca:pc2; gc_fid:pca:pc3; gc_fid:pca:pc4; gc_fid:pca:pc5; gc_fid:pls:bp_20:lv1,bulk_property:bp_20(1.000); bulk_property:bp_35(1.000); bulk_property:bp_50(1.000); bulk_property:bp_65(1.000); bulk_property:bp_80(1.000); bulk_property:density_20c(1.000); gc_fid:pca:pc1(1.000); gc_fid:pca:pc2(1.000),petroleum_fraction_db_015,saturates,analysis_plus_non_target_bulk,equal_weight
1,petroleum_fraction_db_014,0.511736,17.74432902268247,39,bulk_property:bp_20; bulk_property:bp_35; bulk_property:bp_50; bulk_property:bp_65; bulk_property:bp_80; bulk_property:density_20c; gc_fid:pca:pc1; gc_fid:pca:pc2; gc_fid:pca:pc3; gc_fid:pca:pc4; gc_fid:pca:pc5; gc_fid:pls:bp_20:lv1,bulk_property:density_20c(0.895); gc_fid:pca:pc3(0.469); bulk_property:bp_80(0.451); gc_fid:pls:bp_65:lv2(0.447); gc_fid:pls:bp_80:lv2(0.447); gc_fid:pls:bp_50:lv2(0.440); gc_fid:pls:density_20c:lv2(0.431); gc_fid:pls:bp_35:lv2(0.431),petroleum_fraction_db_015,saturates,analysis_plus_non_target_bulk,correlation_weighted
2,petroleum_fraction_db_001,1.01158,36.2388403571084,39,bulk_property:bp_20; bulk_property:bp_35; bulk_property:bp_50; bulk_property:bp_65; bulk_property:bp_80; bulk_property:density_20c; gc_fid:pca:pc1; gc_fid:pca:pc2; gc_fid:pca:pc3; gc_fid:pca:pc4; gc_fid:pca:pc5; gc_fid:pls:bp_20:lv1,bulk_property:density_20c(0.895); gc_fid:pca:pc3(0.469); bulk_property:bp_80(0.451); gc_fid:pls:bp_65:lv2(0.447); gc_fid:pls:bp_80:lv2(0.447); gc_fid:pls:bp_50:lv2(0.440); gc_fid:pls:density_20c:lv2(0.431); gc_fid:pls:bp_35:lv2(0.431),petroleum_fraction_db_015,saturates,analysis_plus_non_target_bulk,correlation_weighted
1,petroleum_fraction_db_014,0.4826,382.8,33,gc_fid:pca:pc1; gc_fid:pca:pc2; gc_fid:pca:pc3; gc_fid:pca:pc4; gc_fid:pca:pc5; gc_fid:pls:bp_20:lv1; gc_fid:pls:bp_20:lv2; gc_fid:pls:bp_20:lv3; gc_fid:pls:bp_20:lv4; gc_fid:pls:bp_35:lv1; gc_fid:pls:bp_35:lv2; gc_fid:pls:bp_35:lv3,gc_fid:pca:pc1(1.000); gc_fid:pca:pc2(1.000); gc_fid:pca:pc3(1.000); gc_fid:pca:pc4(1.000); gc_fid:pca:pc5(1.000); gc_fid:pls:bp_20:lv1(1.000); gc_fid:pls:bp_20:lv2(1.000); gc_fid:pls:bp_20:lv3(1.000),petroleum_fraction_db_015,BP_20,analysis_only,equal_weight
2,petroleum_fraction_db_035,0.775453,378.4,33,gc_fid:pca:pc1; gc_fid:pca:pc2; gc_fid:pca:pc3; gc_fid:pca:pc4; gc_fid:pca:pc5; gc_fid:pls:bp_20:lv1; gc_fid:pls:bp_20:lv2; gc_fid:pls:bp_20:lv3; gc_fid:pls:bp_20:lv4; gc_fid:pls:bp_35:lv1; gc_fid:pls:bp_35:lv2; gc_fid:pls:bp_35:lv3,gc_fid:pca:pc1(1.000); gc_fid:pca:pc2(1.000); gc_fid:pca:pc3(1.000); gc_fid:pca:pc4(1.000); gc_fid:pca:pc5(1.000); gc_fid:pls:bp_20:lv1(1.000); gc_fid:pls:bp_20:lv2(1.000); gc_fid:pls:bp_20:lv3(1.000),petroleum_fraction_db_015,BP_20,analysis_only,equal_weight
1,petroleum_fraction_db_014,0.545618,382.8,33,gc_fid:pca:pc1; gc_fid:pca:pc2; gc_fid:pca:pc3; gc_fid:pca:pc4; gc_fid:pca:pc5; gc_fid:pls:bp_20:lv1; gc_fid:pls:bp_20:lv2; gc_fid:pls:bp_20:lv3; gc_fid:pls:bp_20:lv4; gc_fid:pls:bp_35:lv1; gc_fid:pls:bp_35:lv2; gc_fid:pls:bp_35:lv3,gc_fid:pls:density_20c:lv1(0.948); gc_fid:pls:bp_20:lv1(0.940); gc_fid:pls:bp_35:lv1(0.939); gc_fid:pls:bp_50:lv1(0.938); gc_fid:pls:bp_65:lv1(0.936); gc_fid:pls:bp_80:lv1(0.934); gc_fid:pls:saturates:lv1(0.928); gc_fid:pca:pc1(0.914),petroleum_fraction_db_015,BP_20,analysis_only,correlation_weighted
2,petroleum_fraction_db_001,0.690802,376.6,33,gc_fid:pca:pc1; gc_fid:pca:pc2; gc_fid:pca:pc3; gc_fid:pca:pc4; gc_fid:pca:pc5; gc_fid:pls:bp_20:lv1; gc_fid:pls:bp_20:lv2; gc_fid:pls:bp_20:lv3; gc_fid:pls:bp_20:lv4; gc_fid:pls:bp_35:lv1; gc_fid:pls:bp_35:lv2; gc_fid:pls:bp_35:lv3,gc_fid:pls:density_20c:lv1(0.948); gc_fid:pls:bp_20:lv1(0.940); gc_fid:pls:bp_35:lv1(0.939); gc_fid:pls:bp_50:lv1(0.938); gc_fid:pls:bp_65:lv1(0.936); gc_fid:pls:bp_80:lv1(0.934); gc_fid:pls:saturates:lv1(0.928); gc_fid:pca:pc1(0.914),petroleum_fraction_db_015,BP_20,analysis_only,correlation_weighted
1,petroleum_fraction_db_014,0.466412,382.8,39,bulk_property:bp_35; bulk_property:bp_50; bulk_property:bp_65; bulk_property:bp_80; bulk_property:density_20c; bulk_property:saturates; gc_fid:pca:pc1; gc_fid:pca:pc2; gc_fid:pca:pc3; gc_fid:pca:pc4; gc_fid:pca:pc5; gc_fid:pls:bp_20:lv1,bulk_property:bp_35(1.000); bulk_property:bp_50(1.000); bulk_property:bp_65(1.000); bulk_property:bp_80(1.000); bulk_property:density_20c(1.000); bulk_property:saturates(1.000); gc_fid:pca:pc1(1.000); gc_fid:pca:pc2(1.000),petroleum_fraction_db_015,BP_20,analysis_plus_non_target_bulk,equal_weight
2,petroleum_fraction_db_001,0.917641,376.6,39,bulk_property:bp_35; bulk_property:bp_50; bulk_property:bp_65; bulk_property:bp_80; bulk_property:density_20c; bulk_property:saturates; gc_fid:pca:pc1; gc_fid:pca:pc2; gc_fid:pca:pc3; gc_fid:pca:pc4; gc_fid:pca:pc5; gc_fid:pls:bp_20:lv1,bulk_property:bp_35(1.000); bulk_property:bp_50(1.000); bulk_property:bp_65(1.000); bulk_property:bp_80(1.000); bulk_property:density_20c(1.000); bulk_property:saturates(1.000); gc_fid:pca:pc1(1.000); gc_fid:pca:pc2(1.000),petroleum_fraction_db_015,BP_20,analysis_plus_non_target_bulk,equal_weight
1,petroleum_fraction_db_014,0.505004,382.8,39,bulk_property:bp_35; bulk_property:bp_50; bulk_property:bp_65; bulk_property:bp_80; bulk_property:density_20c; bulk_property:saturates; gc_fid:pca:pc1; gc_fid:pca:pc2; gc_fid:pca:pc3; gc_fid:pca:pc4; gc_fid:pca:pc5; gc_fid:pls:bp_20:lv1,bulk_property:bp_35(1.040); bulk_property:bp_50(1.015); bulk_property:bp_65(0.986); gc_fid:pls:density_20c:lv1(0.948); gc_fid:pls:bp_20:lv1(0.940); gc_fid:pls:bp_35:lv1(0.939); bulk_property:bp_80(0.939); gc_fid:pls:bp_50:lv1(0.938),petroleum_fraction_db_015,BP_20,analysis_plus_non_target_bulk,correlation_weighted
2,petroleum_fraction_db_001,0.777178,376.6,39,bulk_property:bp_35; bulk_property:bp_50; bulk_property:bp_65; bulk_property:bp_80; bulk_property:density_20c; bulk_property:saturates; gc_fid:pca:pc1; gc_fid:pca:pc2; gc_fid:pca:pc3; gc_fid:pca:pc4; gc_fid:pca:pc5; gc_fid:pls:bp_20:lv1,bulk_property:bp_35(1.040); bulk_property:bp_50(1.015); bulk_property:bp_65(0.986); gc_fid:pls:density_20c:lv1(0.948); gc_fid:pls:bp_20:lv1(0.940); gc_fid:pls:bp_35:lv1(0.939); bulk_property:bp_80(0.939); gc_fid:pls:bp_50:lv1(0.938),petroleum_fraction_db_015,BP_20,analysis_plus_non_target_bulk,correlation_weighted
1,petroleum_fraction_db_014,0.4826,415.8,33,gc_fid:pca:pc1; gc_fid:pca:pc2; gc_fid:pca:pc3; gc_fid:pca:pc4; gc_fid:pca:pc5; gc_fid:pls:bp_20:lv1; gc_fid:pls:bp_20:lv2; gc_fid:pls:bp_20:lv3; gc_fid:pls:bp_20:lv4; gc_fid:pls:bp_35:lv1; gc_fid:pls:bp_35:lv2; gc_fid:pls:bp_35:lv3,gc_fid:pca:pc1(1.000); gc_fid:pca:pc2(1.000); gc_fid:pca:pc3(1.000); gc_fid:pca:pc4(1.000); gc_fid:pca:pc5(1.000); gc_fid:pls:bp_20:lv1(1.000); gc_fid:pls:bp_20:lv2(1.000); gc_fid:pls:bp_20:lv3(1.000),petroleum_fraction_db_015,BP_35,analysis_only,equal_weight
2,petroleum_fraction_db_035,0.775453,411.2,33,gc_fid:pca:pc1; gc_fid:pca:pc2; gc_fid:pca:pc3; gc_fid:pca:pc4; gc_fid:pca:pc5; gc_fid:pls:bp_20:lv1; gc_fid:pls:bp_20:lv2; gc_fid:pls:bp_20:lv3; gc_fid:pls:bp_20:lv4; gc_fid:pls:bp_35:lv1; gc_fid:pls:bp_35:lv2; gc_fid:pls:bp_35:lv3,gc_fid:pca:pc1(1.000); gc_fid:pca:pc2(1.000); gc_fid:pca:pc3(1.000); gc_fid:pca:pc4(1.000); gc_fid:pca:pc5(1.000); gc_fid:pls:bp_20:lv1(1.000); gc_fid:pls:bp_20:lv2(1.000); gc_fid:pls:bp_20:lv3(1.000),petroleum_fraction_db_015,BP_35,analysis_only,equal_weight
1,petroleum_fraction_db_014,0.548301,415.8,33,gc_fid:pca:pc1; gc_fid:pca:pc2; gc_fid:pca:pc3; gc_fid:pca:pc4; gc_fid:pca:pc5; gc_fid:pls:bp_20:lv1; gc_fid:pls:bp_20:lv2; gc_fid:pls:bp_20:lv3; gc_fid:pls:bp_20:lv4; gc_fid:pls:bp_35:lv1; gc_fid:pls:bp_35:lv2; gc_fid:pls:bp_35:lv3,gc_fid:pls:density_20c:lv1(0.967); gc_fid:pls:bp_35:lv1(0.949); gc_fid:pls:saturates:lv1(0.948); gc_fid:pls:bp_20:lv1(0.948); gc_fid:pls:bp_50:lv1(0.948); gc_fid:pls:bp_65:lv1(0.947); gc_fid:pls:bp_80:lv1(0.946); gc_fid:pca:pc1(0.921),petroleum_fraction_db_015,BP_35,analysis_only,correlation_weighted
2,petroleum_fraction_db_001,0.70987,394.6,33,gc_fid:pca:pc1; gc_fid:pca:pc2; gc_fid:pca:pc3; gc_fid:pca:pc4; gc_fid:pca:pc5; gc_fid:pls:bp_20:lv1; gc_fid:pls:bp_20:lv2; gc_fid:pls:bp_20:lv3; gc_fid:pls:bp_20:lv4; gc_fid:pls:bp_35:lv1; gc_fid:pls:bp_35:lv2; gc_fid:pls:bp_35:lv3,gc_fid:pls:density_20c:lv1(0.967); gc_fid:pls:bp_35:lv1(0.949); gc_fid:pls:saturates:lv1(0.948); gc_fid:pls:bp_20:lv1(0.948); gc_fid:pls:bp_50:lv1(0.948); gc_fid:pls:bp_65:lv1(0.947); gc_fid:pls:bp_80:lv1(0.946); gc_fid:pca:pc1(0.921),petroleum_fraction_db_015,BP_35,analysis_only,correlation_weighted
1,petroleum_fraction_db_014,0.464402,415.8,39,bulk_property:bp_20; bulk_property:bp_50; bulk_property:bp_65; bulk_property:bp_80; bulk_property:density_20c; bulk_property:saturates; gc_fid:pca:pc1; gc_fid:pca:pc2; gc_fid:pca:pc3; gc_fid:pca:pc4; gc_fid:pca:pc5; gc_fid:pls:bp_20:lv1,bulk_property:bp_20(1.000); bulk_property:bp_50(1.000); bulk_property:bp_65(1.000); bulk_property:bp_80(1.000); bulk_property:density_20c(1.000); bulk_property:saturates(1.000); gc_fid:pca:pc1(1.000); gc_fid:pca:pc2(1.000),petroleum_fraction_db_015,BP_35,analysis_plus_non_target_bulk,equal_weight
2,petroleum_fraction_db_001,0.918611,394.6,39,bulk_property:bp_20; bulk_property:bp_50; bulk_property:bp_65; bulk_property:bp_80; bulk_property:density_20c; bulk_property:saturates; gc_fid:pca:pc1; gc_fid:pca:pc2; gc_fid:pca:pc3; gc_fid:pca:pc4; gc_fid:pca:pc5; gc_fid:pls:bp_20:lv1,bulk_property:bp_20(1.000); bulk_property:bp_50(1.000); bulk_property:bp_65(1.000); bulk_property:bp_80(1.000); bulk_property:density_20c(1.000); bulk_property:saturates(1.000); gc_fid:pca:pc1(1.000); gc_fid:pca:pc2(1.000),petroleum_fraction_db_015,BP_35,analysis_plus_non_target_bulk,equal_weight
1,petroleum_fraction_db_014,0.501526,415.8,39,bulk_property:bp_20; bulk_property:bp_50; bulk_property:bp_65; bulk_property:bp_80; bulk_property:density_20c; bulk_property:saturates; gc_fid:pca:pc1; gc_fid:pca:pc2; gc_fid:pca:pc3; gc_fid:pca:pc4; gc_fid:pca:pc5; gc_fid:pls:bp_20:lv1,bulk_property:bp_20(1.040); bulk_property:bp_50(1.040); bulk_property:bp_65(1.020); bulk_property:bp_80(0.982); gc_fid:pls:density_20c:lv1(0.967); gc_fid:pls:bp_35:lv1(0.949); gc_fid:pls:saturates:lv1(0.948); gc_fid:pls:bp_20:lv1(0.948),petroleum_fraction_db_015,BP_35,analysis_plus_non_target_bulk,correlation_weighted
2,petroleum_fraction_db_001,0.796006,394.6,39,bulk_property:bp_20; bulk_property:bp_50; bulk_property:bp_65; bulk_property:bp_80; bulk_property:density_20c; bulk_property:saturates; gc_fid:pca:pc1; gc_fid:pca:pc2; gc_fid:pca:pc3; gc_fid:pca:pc4; gc_fid:pca:pc5; gc_fid:pls:bp_20:lv1,bulk_property:bp_20(1.040); bulk_property:bp_50(1.040); bulk_property:bp_65(1.020); bulk_property:bp_80(0.982); gc_fid:pls:density_20c:lv1(0.967); gc_fid:pls:bp_35:lv1(0.949); gc_fid:pls:saturates:lv1(0.948); gc_fid:pls:bp_20:lv1(0.948),petroleum_fraction_db_015,BP_35,analysis_plus_non_target_bulk,correlation_weighted
1,petroleum_fraction_db_014,0.4826,453.4,33,gc_fid:pca:pc1; gc_fid:pca:pc2; gc_fid:pca:pc3; gc_fid:pca:pc4; gc_fid:pca:pc5; gc_fid:pls:bp_20:lv1; gc_fid:pls:bp_20:lv2; gc_fid:pls:bp_20:lv3; gc_fid:pls:bp_20:lv4; gc_fid:pls:bp_35:lv1; gc_fid:pls:bp_35:lv2; gc_fid:pls:bp_35:lv3,gc_fid:pca:pc1(1.000); gc_fid:pca:pc2(1.000); gc_fid:pca:pc3(1.000); gc_fid:pca:pc4(1.000); gc_fid:pca:pc5(1.000); gc_fid:pls:bp_20:lv1(1.000); gc_fid:pls:bp_20:lv2(1.000); gc_fid:pls:bp_20:lv3(1.000),petroleum_fraction_db_015,BP_50,analysis_only,equal_weight
2,petroleum_fraction_db_035,0.775453,438.0,33,gc_fid:pca:pc1; gc_fid:pca:pc2; gc_fid:pca:pc3; gc_fid:pca:pc4; gc_fid:pca:pc5; gc_fid:pls:bp_20:lv1; gc_fid:pls:bp_20:lv2; gc_fid:pls:bp_20:lv3; gc_fid:pls:bp_20:lv4; gc_fid:pls:bp_35:lv1; gc_fid:pls:bp_35:lv2; gc_fid:pls:bp_35:lv3,gc_fid:pca:pc1(1.000); gc_fid:pca:pc2(1.000); gc_fid:pca:pc3(1.000); gc_fid:pca:pc4(1.000); gc_fid:pca:pc5(1.000); gc_fid:pls:bp_20:lv1(1.000); gc_fid:pls:bp_20:lv2(1.000); gc_fid:pls:bp_20:lv3(1.000),petroleum_fraction_db_015,BP_50,analysis_only,equal_weight
1,petroleum_fraction_db_014,0.55161,453.4,33,gc_fid:pca:pc1; gc_fid:pca:pc2; gc_fid:pca:pc3; gc_fid:pca:pc4; gc_fid:pca:pc5; gc_fid:pls:bp_20:lv1; gc_fid:pls:bp_20:lv2; gc_fid:pls:bp_20:lv3; gc_fid:pls:bp_20:lv4; gc_fid:pls:bp_35:lv1; gc_fid:pls:bp_35:lv2; gc_fid:pls:bp_35:lv3,gc_fid:pls:density_20c:lv1(0.977); gc_fid:pls:saturates:lv1(0.960); gc_fid:pls:bp_50:lv1(0.951); gc_fid:pls:bp_80:lv1(0.951); gc_fid:pls:bp_35:lv1(0.951); gc_fid:pls:bp_65:lv1(0.951); gc_fid:pls:bp_20:lv1(0.949); gc_fid:pca:pc1(0.923),petroleum_fraction_db_015,BP_50,analysis_only,correlation_weighted
2,petroleum_fraction_db_001,0.725046,411.4,33,gc_fid:pca:pc1; gc_fid:pca:pc2; gc_fid:pca:pc3; gc_fid:pca:pc4; gc_fid:pca:pc5; gc_fid:pls:bp_20:lv1; gc_fid:pls:bp_20:lv2; gc_fid:pls:bp_20:lv3; gc_fid:pls:bp_20:lv4; gc_fid:pls:bp_35:lv1; gc_fid:pls:bp_35:lv2; gc_fid:pls:bp_35:lv3,gc_fid:pls:density_20c:lv1(0.977); gc_fid:pls:saturates:lv1(0.960); gc_fid:pls:bp_50:lv1(0.951); gc_fid:pls:bp_80:lv1(0.951); gc_fid:pls:bp_35:lv1(0.951); gc_fid:pls:bp_65:lv1(0.951); gc_fid:pls:bp_20:lv1(0.949); gc_fid:pca:pc1(0.923),petroleum_fraction_db_015,BP_50,analysis_only,correlation_weighted
1,petroleum_fraction_db_014,0.4644,453.4,39,bulk_property:bp_20; bulk_property:bp_35; bulk_property:bp_65; bulk_property:bp_80; bulk_property:density_20c; bulk_property:saturates; gc_fid:pca:pc1; gc_fid:pca:pc2; gc_fid:pca:pc3; gc_fid:pca:pc4; gc_fid:pca:pc5; gc_fid:pls:bp_20:lv1,bulk_property:bp_20(1.000); bulk_property:bp_35(1.000); bulk_property:bp_65(1.000); bulk_property:bp_80(1.000); bulk_property:density_20c(1.000); bulk_property:saturates(1.000); gc_fid:pca:pc1(1.000); gc_fid:pca:pc2(1.000),petroleum_fraction_db_015,BP_50,analysis_plus_non_target_bulk,equal_weight
2,petroleum_fraction_db_001,0.917857,411.4,39,bulk_property:bp_20; bulk_property:bp_35; bulk_property:bp_65; bulk_property:bp_80; bulk_property:density_20c; bulk_property:saturates; gc_fid:pca:pc1; gc_fid:pca:pc2; gc_fid:pca:pc3; gc_fid:pca:pc4; gc_fid:pca:pc5; gc_fid:pls:bp_20:lv1,bulk_property:bp_20(1.000); bulk_property:bp_35(1.000); bulk_property:bp_65(1.000); bulk_property:bp_80(1.000); bulk_property:density_20c(1.000); bulk_property:saturates(1.000); gc_fid:pca:pc1(1.000); gc_fid:pca:pc2(1.000),petroleum_fraction_db_015,BP_50,analysis_plus_non_target_bulk,equal_weight
1,petroleum_fraction_db_014,0.502964,453.4,39,bulk_property:bp_20; bulk_property:bp_35; bulk_property:bp_65; bulk_property:bp_80; bulk_property:density_20c; bulk_property:saturates; gc_fid:pca:pc1; gc_fid:pca:pc2; gc_fid:pca:pc3; gc_fid:pca:pc4; gc_fid:pca:pc5; gc_fid:pls:bp_20:lv1,bulk_property:bp_65(1.042); bulk_property:bp_35(1.040); bulk_property:bp_80(1.018); bulk_property:bp_20(1.015); gc_fid:pls:density_20c:lv1(0.977); gc_fid:pls:saturates:lv1(0.960); gc_fid:pls:bp_50:lv1(0.951); gc_fid:pls:bp_80:lv1(0.951),petroleum_fraction_db_015,BP_50,analysis_plus_non_target_bulk,correlation_weighted
2,petroleum_fraction_db_001,0.808203,411.4,39,bulk_property:bp_20; bulk_property:bp_35; bulk_property:bp_65; bulk_property:bp_80; bulk_property:density_20c; bulk_property:saturates; gc_fid:pca:pc1; gc_fid:pca:pc2; gc_fid:pca:pc3; gc_fid:pca:pc4; gc_fid:pca:pc5; gc_fid:pls:bp_20:lv1,bulk_property:bp_65(1.042); bulk_property:bp_35(1.040); bulk_property:bp_80(1.018); bulk_property:bp_20(1.015); gc_fid:pls:density_20c:lv1(0.977); gc_fid:pls:saturates:lv1(0.960); gc_fid:pls:bp_50:lv1(0.951); gc_fid:pls:bp_80:lv1(0.951),petroleum_fraction_db_015,BP_50,analysis_plus_non_target_bulk,correlation_weighted
1,petroleum_fraction_db_014,0.4826,498.6,33,gc_fid:pca:pc1; gc_fid:pca:pc2; gc_fid:pca:pc3; gc_fid:pca:pc4; gc_fid:pca:pc5; gc_fid:pls:bp_20:lv1; gc_fid:pls:bp_20:lv2; gc_fid:pls:bp_20:lv3; gc_fid:pls:bp_20:lv4; gc_fid:pls:bp_35:lv1; gc_fid:pls:bp_35:lv2; gc_fid:pls:bp_35:lv3,gc_fid:pca:pc1(1.000); gc_fid:pca:pc2(1.000); gc_fid:pca:pc3(1.000); gc_fid:pca:pc4(1.000); gc_fid:pca:pc5(1.000); gc_fid:pls:bp_20:lv1(1.000); gc_fid:pls:bp_20:lv2(1.000); gc_fid:pls:bp_20:lv3(1.000),petroleum_fraction_db_015,BP_65,analysis_only,equal_weight
2,petroleum_fraction_db_035,0.775453,467.2,33,gc_fid:pca:pc1; gc_fid:pca:pc2; gc_fid:pca:pc3; gc_fid:pca:pc4; gc_fid:pca:pc5; gc_fid:pls:bp_20:lv1; gc_fid:pls:bp_20:lv2; gc_fid:pls:bp_20:lv3; gc_fid:pls:bp_20:lv4; gc_fid:pls:bp_35:lv1; gc_fid:pls:bp_35:lv2; gc_fid:pls:bp_35:lv3,gc_fid:pca:pc1(1.000); gc_fid:pca:pc2(1.000); gc_fid:pca:pc3(1.000); gc_fid:pca:pc4(1.000); gc_fid:pca:pc5(1.000); gc_fid:pls:bp_20:lv1(1.000); gc_fid:pls:bp_20:lv2(1.000); gc_fid:pls:bp_20:lv3(1.000),petroleum_fraction_db_015,BP_65,analysis_only,equal_weight
1,petroleum_fraction_db_014,0.551212,498.6,33,gc_fid:pca:pc1; gc_fid:pca:pc2; gc_fid:pca:pc3; gc_fid:pca:pc4; gc_fid:pca:pc5; gc_fid:pls:bp_20:lv1; gc_fid:pls:bp_20:lv2; gc_fid:pls:bp_20:lv3; gc_fid:pls:bp_20:lv4; gc_fid:pls:bp_35:lv1; gc_fid:pls:bp_35:lv2; gc_fid:pls:bp_35:lv3,gc_fid:pls:density_20c:lv1(0.980); gc_fid:pls:saturates:lv1(0.965); gc_fid:pls:bp_80:lv1(0.952); gc_fid:pls:bp_65:lv1(0.951); gc_fid:pls:bp_50:lv1(0.951); gc_fid:pls:bp_35:lv1(0.950); gc_fid:pls:bp_20:lv1(0.947); gc_fid:pca:pc1(0.922),petroleum_fraction_db_015,BP_65,analysis_only,correlation_weighted
2,petroleum_fraction_db_001,0.729611,430.0,33,gc_fid:pca:pc1; gc_fid:pca:pc2; gc_fid:pca:pc3; gc_fid:pca:pc4; gc_fid:pca:pc5; gc_fid:pls:bp_20:lv1; gc_fid:pls:bp_20:lv2; gc_fid:pls:bp_20:lv3; gc_fid:pls:bp_20:lv4; gc_fid:pls:bp_35:lv1; gc_fid:pls:bp_35:lv2; gc_fid:pls:bp_35:lv3,gc_fid:pls:density_20c:lv1(0.980); gc_fid:pls:saturates:lv1(0.965); gc_fid:pls:bp_80:lv1(0.952); gc_fid:pls:bp_65:lv1(0.951); gc_fid:pls:bp_50:lv1(0.951); gc_fid:pls:bp_35:lv1(0.950); gc_fid:pls:bp_20:lv1(0.947); gc_fid:pca:pc1(0.922),petroleum_fraction_db_015,BP_65,analysis_only,correlation_weighted
1,petroleum_fraction_db_014,0.468514,498.6,39,bulk_property:bp_20; bulk_property:bp_35; bulk_property:bp_50; bulk_property:bp_80; bulk_property:density_20c; bulk_property:saturates; gc_fid:pca:pc1; gc_fid:pca:pc2; gc_fid:pca:pc3; gc_fid:pca:pc4; gc_fid:pca:pc5; gc_fid:pls:bp_20:lv1,bulk_property:bp_20(1.000); bulk_property:bp_35(1.000); bulk_property:bp_50(1.000); bulk_property:bp_80(1.000); bulk_property:density_20c(1.000); bulk_property:saturates(1.000); gc_fid:pca:pc1(1.000); gc_fid:pca:pc2(1.000),petroleum_fraction_db_015,BP_65,analysis_plus_non_target_bulk,equal_weight
2,petroleum_fraction_db_001,0.908187,430.0,39,bulk_property:bp_20; bulk_property:bp_35; bulk_property:bp_50; bulk_property:bp_80; bulk_property:density_20c; bulk_property:saturates; gc_fid:pca:pc1; gc_fid:pca:pc2; gc_fid:pca:pc3; gc_fid:pca:pc4; gc_fid:pca:pc5; gc_fid:pls:bp_20:lv1,bulk_property:bp_20(1.000); bulk_property:bp_35(1.000); bulk_property:bp_50(1.000); bulk_property:bp_80(1.000); bulk_property:density_20c(1.000); bulk_property:saturates(1.000); gc_fid:pca:pc1(1.000); gc_fid:pca:pc2(1.000),petroleum_fraction_db_015,BP_65,analysis_plus_non_target_bulk,equal_weight
1,petroleum_fraction_db_014,0.511116,498.6,39,bulk_property:bp_20; bulk_property:bp_35; bulk_property:bp_50; bulk_property:bp_80; bulk_property:density_20c; bulk_property:saturates; gc_fid:pca:pc1; gc_fid:pca:pc2; gc_fid:pca:pc3; gc_fid:pca:pc4; gc_fid:pca:pc5; gc_fid:pls:bp_20:lv1,bulk_property:bp_50(1.042); bulk_property:bp_80(1.039); bulk_property:bp_35(1.020); bulk_property:bp_20(0.986); gc_fid:pls:density_20c:lv1(0.980); gc_fid:pls:saturates:lv1(0.965); gc_fid:pls:bp_80:lv1(0.952); gc_fid:pls:bp_65:lv1(0.951),petroleum_fraction_db_015,BP_65,analysis_plus_non_target_bulk,correlation_weighted
2,petroleum_fraction_db_001,0.788261,430.0,39,bulk_property:bp_20; bulk_property:bp_35; bulk_property:bp_50; bulk_property:bp_80; bulk_property:density_20c; bulk_property:saturates; gc_fid:pca:pc1; gc_fid:pca:pc2; gc_fid:pca:pc3; gc_fid:pca:pc4; gc_fid:pca:pc5; gc_fid:pls:bp_20:lv1,bulk_property:bp_50(1.042); bulk_property:bp_80(1.039); bulk_property:bp_35(1.020); bulk_property:bp_20(0.986); gc_fid:pls:density_20c:lv1(0.980); gc_fid:pls:saturates:lv1(0.965); gc_fid:pls:bp_80:lv1(0.952); gc_fid:pls:bp_65:lv1(0.951),petroleum_fraction_db_015,BP_65,analysis_plus_non_target_bulk,correlation_weighted
1,petroleum_fraction_db_014,0.4826,567.6,33,gc_fid:pca:pc1; gc_fid:pca:pc2; gc_fid:pca:pc3; gc_fid:pca:pc4; gc_fid:pca:pc5; gc_fid:pls:bp_20:lv1; gc_fid:pls:bp_20:lv2; gc_fid:pls:bp_20:lv3; gc_fid:pls:bp_20:lv4; gc_fid:pls:bp_35:lv1; gc_fid:pls:bp_35:lv2; gc_fid:pls:bp_35:lv3,gc_fid:pca:pc1(1.000); gc_fid:pca:pc2(1.000); gc_fid:pca:pc3(1.000); gc_fid:pca:pc4(1.000); gc_fid:pca:pc5(1.000); gc_fid:pls:bp_20:lv1(1.000); gc_fid:pls:bp_20:lv2(1.000); gc_fid:pls:bp_20:lv3(1.000),petroleum_fraction_db_015,BP_80,analysis_only,equal_weight
2,petroleum_fraction_db_035,0.775453,499.8,33,gc_fid:pca:pc1; gc_fid:pca:pc2; gc_fid:pca:pc3; gc_fid:pca:pc4; gc_fid:pca:pc5; gc_fid:pls:bp_20:lv1; gc_fid:pls:bp_20:lv2; gc_fid:pls:bp_20:lv3; gc_fid:pls:bp_20:lv4; gc_fid:pls:bp_35:lv1; gc_fid:pls:bp_35:lv2; gc_fid:pls:bp_35:lv3,gc_fid:pca:pc1(1.000); gc_fid:pca:pc2(1.000); gc_fid:pca:pc3(1.000); gc_fid:pca:pc4(1.000); gc_fid:pca:pc5(1.000); gc_fid:pls:bp_20:lv1(1.000); gc_fid:pls:bp_20:lv2(1.000); gc_fid:pls:bp_20:lv3(1.000),petroleum_fraction_db_015,BP_80,analysis_only,equal_weight
1,petroleum_fraction_db_014,0.546997,567.6,33,gc_fid:pca:pc1; gc_fid:pca:pc2; gc_fid:pca:pc3; gc_fid:pca:pc4; gc_fid:pca:pc5; gc_fid:pls:bp_20:lv1; gc_fid:pls:bp_20:lv2; gc_fid:pls:bp_20:lv3; gc_fid:pls:bp_20:lv4; gc_fid:pls:bp_35:lv1; gc_fid:pls:bp_35:lv2; gc_fid:pls:bp_35:lv3,gc_fid:pls:density_20c:lv1(0.973); gc_fid:pls:saturates:lv1(0.962); gc_fid:pls:bp_80:lv1(0.945); gc_fid:pls:bp_65:lv1(0.942); gc_fid:pls:bp_50:lv1(0.941); gc_fid:pls:bp_35:lv1(0.939); gc_fid:pls:bp_20:lv1(0.935); gc_fid:pca:pc1(0.913),petroleum_fraction_db_015,BP_80,analysis_only,correlation_weighted
2,petroleum_fraction_db_001,0.731738,458.2,33,gc_fid:pca:pc1; gc_fid:pca:pc2; gc_fid:pca:pc3; gc_fid:pca:pc4; gc_fid:pca:pc5; gc_fid:pls:bp_20:lv1; gc_fid:pls:bp_20:lv2; gc_fid:pls:bp_20:lv3; gc_fid:pls:bp_20:lv4; gc_fid:pls:bp_35:lv1; gc_fid:pls:bp_35:lv2; gc_fid:pls:bp_35:lv3,gc_fid:pls:density_20c:lv1(0.973); gc_fid:pls:saturates:lv1(0.962); gc_fid:pls:bp_80:lv1(0.945); gc_fid:pls:bp_65:lv1(0.942); gc_fid:pls:bp_50:lv1(0.941); gc_fid:pls:bp_35:lv1(0.939); gc_fid:pls:bp_20:lv1(0.935); gc_fid:pca:pc1(0.913),petroleum_fraction_db_015,BP_80,analysis_only,correlation_weighted
1,petroleum_fraction_db_014,0.470649,567.6,39,bulk_property:bp_20; bulk_property:bp_35; bulk_property:bp_50; bulk_property:bp_65; bulk_property:density_20c; bulk_property:saturates; gc_fid:pca:pc1; gc_fid:pca:pc2; gc_fid:pca:pc3; gc_fid:pca:pc4; gc_fid:pca:pc5; gc_fid:pls:bp_20:lv1,bulk_property:bp_20(1.000); bulk_property:bp_35(1.000); bulk_property:bp_50(1.000); bulk_property:bp_65(1.000); bulk_property:density_20c(1.000); bulk_property:saturates(1.000); gc_fid:pca:pc1(1.000); gc_fid:pca:pc2(1.000),petroleum_fraction_db_015,BP_80,analysis_plus_non_target_bulk,equal_weight
2,petroleum_fraction_db_001,0.875154,458.2,39,bulk_property:bp_20; bulk_property:bp_35; bulk_property:bp_50; bulk_property:bp_65; bulk_property:density_20c; bulk_property:saturates; gc_fid:pca:pc1; gc_fid:pca:pc2; gc_fid:pca:pc3; gc_fid:pca:pc4; gc_fid:pca:pc5; gc_fid:pls:bp_20:lv1,bulk_property:bp_20(1.000); bulk_property:bp_35(1.000); bulk_property:bp_50(1.000); bulk_property:bp_65(1.000); bulk_property:density_20c(1.000); bulk_property:saturates(1.000); gc_fid:pca:pc1(1.000); gc_fid:pca:pc2(1.000),petroleum_fraction_db_015,BP_80,analysis_plus_non_target_bulk,equal_weight
1,petroleum_fraction_db_014,0.512651,567.6,39,bulk_property:bp_20; bulk_property:bp_35; bulk_property:bp_50; bulk_property:bp_65; bulk_property:density_20c; bulk_property:saturates; gc_fid:pca:pc1; gc_fid:pca:pc2; gc_fid:pca:pc3; gc_fid:pca:pc4; gc_fid:pca:pc5; gc_fid:pls:bp_20:lv1,bulk_property:bp_65(1.039); bulk_property:bp_50(1.018); bulk_property:bp_35(0.982); gc_fid:pls:density_20c:lv1(0.973); gc_fid:pls:saturates:lv1(0.962); gc_fid:pls:bp_80:lv1(0.945); gc_fid:pls:bp_65:lv1(0.942); gc_fid:pls:bp_50:lv1(0.941),petroleum_fraction_db_015,BP_80,analysis_plus_non_target_bulk,correlation_weighted
2,petroleum_fraction_db_001,0.697383,458.2,39,bulk_property:bp_20; bulk_property:bp_35; bulk_property:bp_50; bulk_property:bp_65; bulk_property:density_20c; bulk_property:saturates; gc_fid:pca:pc1; gc_fid:pca:pc2; gc_fid:pca:pc3; gc_fid:pca:pc4; gc_fid:pca:pc5; gc_fid:pls:bp_20:lv1,bulk_property:bp_65(1.039); bulk_property:bp_50(1.018); bulk_property:bp_35(0.982); gc_fid:pls:density_20c:lv1(0.973); gc_fid:pls:saturates:lv1(0.962); gc_fid:pls:bp_80:lv1(0.945); gc_fid:pls:bp_65:lv1(0.942); gc_fid:pls:bp_50:lv1(0.941),petroleum_fraction_db_015,BP_80,analysis_plus_non_target_bulk,correlation_weighted
1,petroleum_fraction_db_046,0.475077,0.8737,33,gc_fid:pca:pc1; gc_fid:pca:pc2; gc_fid:pca:pc3; gc_fid:pca:pc4; gc_fid:pca:pc5; gc_fid:pls:bp_20:lv1; gc_fid:pls:bp_20:lv2; gc_fid:pls:bp_20:lv3; gc_fid:pls:bp_20:lv4; gc_fid:pls:bp_35:lv1; gc_fid:pls:bp_35:lv2; gc_fid:pls:bp_35:lv3,gc_fid:pca:pc1(1.000); gc_fid:pca:pc2(1.000); gc_fid:pca:pc3(1.000); gc_fid:pca:pc4(1.000); gc_fid:pca:pc5(1.000); gc_fid:pls:bp_20:lv1(1.000); gc_fid:pls:bp_20:lv2(1.000); gc_fid:pls:bp_20:lv3(1.000),petroleum_fraction_db_024,density_20c,analysis_only,equal_weight
2,petroleum_fraction_db_008,0.548731,0.8871,33,gc_fid:pca:pc1; gc_fid:pca:pc2; gc_fid:pca:pc3; gc_fid:pca:pc4; gc_fid:pca:pc5; gc_fid:pls:bp_20:lv1; gc_fid:pls:bp_20:lv2; gc_fid:pls:bp_20:lv3; gc_fid:pls:bp_20:lv4; gc_fid:pls:bp_35:lv1; gc_fid:pls:bp_35:lv2; gc_fid:pls:bp_35:lv3,gc_fid:pca:pc1(1.000); gc_fid:pca:pc2(1.000); gc_fid:pca:pc3(1.000); gc_fid:pca:pc4(1.000); gc_fid:pca:pc5(1.000); gc_fid:pls:bp_20:lv1(1.000); gc_fid:pls:bp_20:lv2(1.000); gc_fid:pls:bp_20:lv3(1.000),petroleum_fraction_db_024,density_20c,analysis_only,equal_weight
1,petroleum_fraction_db_046,0.48846,0.8737,33,gc_fid:pca:pc1; gc_fid:pca:pc2; gc_fid:pca:pc3; gc_fid:pca:pc4; gc_fid:pca:pc5; gc_fid:pls:bp_20:lv1; gc_fid:pls:bp_20:lv2; gc_fid:pls:bp_20:lv3; gc_fid:pls:bp_20:lv4; gc_fid:pls:bp_35:lv1; gc_fid:pls:bp_35:lv2; gc_fid:pls:bp_35:lv3,gc_fid:pls:density_20c:lv3(0.478); gc_fid:pls:density_20c:lv1(0.413); gc_fid:pls:saturates:lv1(0.395); gc_fid:pls:density_20c:lv2(0.384); gc_fid:pca:pc3(0.372); gc_fid:pls:bp_65:lv2(0.368); gc_fid:pls:bp_20:lv2(0.366); gc_fid:pls:bp_50:lv2(0.365),petroleum_fraction_db_024,density_20c,analysis_only,correlation_weighted
2,petroleum_fraction_db_008,0.490982,0.8871,33,gc_fid:pca:pc1; gc_fid:pca:pc2; gc_fid:pca:pc3; gc_fid:pca:pc4; gc_fid:pca:pc5; gc_fid:pls:bp_20:lv1; gc_fid:pls:bp_20:lv2; gc_fid:pls:bp_20:lv3; gc_fid:pls:bp_20:lv4; gc_fid:pls:bp_35:lv1; gc_fid:pls:bp_35:lv2; gc_fid:pls:bp_35:lv3,gc_fid:pls:density_20c:lv3(0.478); gc_fid:pls:density_20c:lv1(0.413); gc_fid:pls:saturates:lv1(0.395); gc_fid:pls:density_20c:lv2(0.384); gc_fid:pca:pc3(0.372); gc_fid:pls:bp_65:lv2(0.368); gc_fid:pls:bp_20:lv2(0.366); gc_fid:pls:bp_50:lv2(0.365),petroleum_fraction_db_024,density_20c,analysis_only,correlation_weighted
1,petroleum_fraction_db_046,0.483222,0.8737,39,bulk_property:bp_20; bulk_property:bp_35; bulk_property:bp_50; bulk_property:bp_65; bulk_property:bp_80; bulk_property:saturates; gc_fid:pca:pc1; gc_fid:pca:pc2; gc_fid:pca:pc3; gc_fid:pca:pc4; gc_fid:pca:pc5; gc_fid:pls:bp_20:lv1,bulk_property:bp_20(1.000); bulk_property:bp_35(1.000); bulk_property:bp_50(1.000); bulk_property:bp_65(1.000); bulk_property:bp_80(1.000); bulk_property:saturates(1.000); gc_fid:pca:pc1(1.000); gc_fid:pca:pc2(1.000),petroleum_fraction_db_024,density_20c,analysis_plus_non_target_bulk,equal_weight
2,petroleum_fraction_db_008,0.556023,0.8871,39,bulk_property:bp_20; bulk_property:bp_35; bulk_property:bp_50; bulk_property:bp_65; bulk_property:bp_80; bulk_property:saturates; gc_fid:pca:pc1; gc_fid:pca:pc2; gc_fid:pca:pc3; gc_fid:pca:pc4; gc_fid:pca:pc5; gc_fid:pls:bp_20:lv1,bulk_property:bp_20(1.000); bulk_property:bp_35(1.000); bulk_property:bp_50(1.000); bulk_property:bp_65(1.000); bulk_property:bp_80(1.000); bulk_property:saturates(1.000); gc_fid:pca:pc1(1.000); gc_fid:pca:pc2(1.000),petroleum_fraction_db_024,density_20c,analysis_plus_non_target_bulk,equal_weight
1,petroleum_fraction_db_046,0.547453,0.8737,39,bulk_property:bp_20; bulk_property:bp_35; bulk_property:bp_50; bulk_property:bp_65; bulk_property:bp_80; bulk_property:saturates; gc_fid:pca:pc1; gc_fid:pca:pc2; gc_fid:pca:pc3; gc_fid:pca:pc4; gc_fid:pca:pc5; gc_fid:pls:bp_20:lv1,bulk_property:saturates(0.895); gc_fid:pls:density_20c:lv3(0.478); bulk_property:bp_80(0.449); bulk_property:bp_65(0.439); bulk_property:bp_50(0.425); bulk_property:bp_35(0.415); gc_fid:pls:density_20c:lv1(0.413); bulk_property:bp_20(0.398),petroleum_fraction_db_024,density_20c,analysis_plus_non_target_bulk,correlation_weighted
2,petroleum_fraction_db_023,0.5612,0.9661,39,bulk_property:bp_20; bulk_property:bp_35; bulk_property:bp_50; bulk_property:bp_65; bulk_property:bp_80; bulk_property:saturates; gc_fid:pca:pc1; gc_fid:pca:pc2; gc_fid:pca:pc3; gc_fid:pca:pc4; gc_fid:pca:pc5; gc_fid:pls:bp_20:lv1,bulk_property:saturates(0.895); gc_fid:pls:density_20c:lv3(0.478); bulk_property:bp_80(0.449); bulk_property:bp_65(0.439); bulk_property:bp_50(0.425); bulk_property:bp_35(0.415); gc_fid:pls:density_20c:lv1(0.413); bulk_property:bp_20(0.398),petroleum_fraction_db_024,density_20c,analysis_plus_non_target_bulk,correlation_weighted
1,petroleum_fraction_db_046,0.475077,88.03324654516405,33,gc_fid:pca:pc1; gc_fid:pca:pc2; gc_fid:pca:pc3; gc_fid:pca:pc4; gc_fid:pca:pc5; gc_fid:pls:bp_20:lv1; gc_fid:pls:bp_20:lv2; gc_fid:pls:bp_20:lv3; gc_fid:pls:bp_20:lv4; gc_fid:pls:bp_35:lv1; gc_fid:pls:bp_35:lv2; gc_fid:pls:bp_35:lv3,gc_fid:pca:pc1(1.000); gc_fid:pca:pc2(1.000); gc_fid:pca:pc3(1.000); gc_fid:pca:pc4(1.000); gc_fid:pca:pc5(1.000); gc_fid:pls:bp_20:lv1(1.000); gc_fid:pls:bp_20:lv2(1.000); gc_fid:pls:bp_20:lv3(1.000),petroleum_fraction_db_024,saturates,analysis_only,equal_weight
2,petroleum_fraction_db_008,0.548731,90.27,33,gc_fid:pca:pc1; gc_fid:pca:pc2; gc_fid:pca:pc3; gc_fid:pca:pc4; gc_fid:pca:pc5; gc_fid:pls:bp_20:lv1; gc_fid:pls:bp_20:lv2; gc_fid:pls:bp_20:lv3; gc_fid:pls:bp_20:lv4; gc_fid:pls:bp_35:lv1; gc_fid:pls:bp_35:lv2; gc_fid:pls:bp_35:lv3,gc_fid:pca:pc1(1.000); gc_fid:pca:pc2(1.000); gc_fid:pca:pc3(1.000); gc_fid:pca:pc4(1.000); gc_fid:pca:pc5(1.000); gc_fid:pls:bp_20:lv1(1.000); gc_fid:pls:bp_20:lv2(1.000); gc_fid:pls:bp_20:lv3(1.000),petroleum_fraction_db_024,saturates,analysis_only,equal_weight
1,petroleum_fraction_db_046,0.465176,88.03324654516405,33,gc_fid:pca:pc1; gc_fid:pca:pc2; gc_fid:pca:pc3; gc_fid:pca:pc4; gc_fid:pca:pc5; gc_fid:pls:bp_20:lv1; gc_fid:pls:bp_20:lv2; gc_fid:pls:bp_20:lv3; gc_fid:pls:bp_20:lv4; gc_fid:pls:bp_35:lv1; gc_fid:pls:bp_35:lv2; gc_fid:pls:bp_35:lv3,gc_fid:pca:pc3(0.469); gc_fid:pls:bp_65:lv2(0.447); gc_fid:pls:bp_80:lv2(0.447); gc_fid:pls:bp_50:lv2(0.440); gc_fid:pls:density_20c:lv2(0.431); gc_fid:pls:bp_35:lv2(0.431); gc_fid:pls:bp_20:lv2(0.413); gc_fid:pls:density_20c:lv1(0.386),petroleum_fraction_db_024,saturates,analysis_only,correlation_weighted
2,petroleum_fraction_db_008,0.466062,90.27,33,gc_fid:pca:pc1; gc_fid:pca:pc2; gc_fid:pca:pc3; gc_fid:pca:pc4; gc_fid:pca:pc5; gc_fid:pls:bp_20:lv1; gc_fid:pls:bp_20:lv2; gc_fid:pls:bp_20:lv3; gc_fid:pls:bp_20:lv4; gc_fid:pls:bp_35:lv1; gc_fid:pls:bp_35:lv2; gc_fid:pls:bp_35:lv3,gc_fid:pca:pc3(0.469); gc_fid:pls:bp_65:lv2(0.447); gc_fid:pls:bp_80:lv2(0.447); gc_fid:pls:bp_50:lv2(0.440); gc_fid:pls:density_20c:lv2(0.431); gc_fid:pls:bp_35:lv2(0.431); gc_fid:pls:bp_20:lv2(0.413); gc_fid:pls:density_20c:lv1(0.386),petroleum_fraction_db_024,saturates,analysis_only,correlation_weighted
1,petroleum_fraction_db_046,0.553447,88.03324654516405,39,bulk_property:bp_20; bulk_property:bp_35; bulk_property:bp_50; bulk_property:bp_65; bulk_property:bp_80; bulk_property:density_20c; gc_fid:pca:pc1; gc_fid:pca:pc2; gc_fid:pca:pc3; gc_fid:pca:pc4; gc_fid:pca:pc5; gc_fid:pls:bp_20:lv1,bulk_property:bp_20(1.000); bulk_property:bp_35(1.000); bulk_property:bp_50(1.000); bulk_property:bp_65(1.000); bulk_property:bp_80(1.000); bulk_property:density_20c(1.000); gc_fid:pca:pc1(1.000); gc_fid:pca:pc2(1.000),petroleum_fraction_db_024,saturates,analysis_plus_non_target_bulk,equal_weight
2,petroleum_fraction_db_008,0.584485,90.27,39,bulk_property:bp_20; bulk_property:bp_35; bulk_property:bp_50; bulk_property:bp_65; bulk_property:bp_80; bulk_property:density_20c; gc_fid:pca:pc1; gc_fid:pca:pc2; gc_fid:pca:pc3; gc_fid:pca:pc4; gc_fid:pca:pc5; gc_fid:pls:bp_20:lv1,bulk_property:bp_20(1.000); bulk_property:bp_35(1.000); bulk_property:bp_50(1.000); bulk_property:bp_65(1.000); bulk_property:bp_80(1.000); bulk_property:density_20c(1.000); gc_fid:pca:pc1(1.000); gc_fid:pca:pc2(1.000),petroleum_fraction_db_024,saturates,analysis_plus_non_target_bulk,equal_weight
1,petroleum_fraction_db_023,0.534439,67.9573857816017,39,bulk_property:bp_20; bulk_property:bp_35; bulk_property:bp_50; bulk_property:bp_65; bulk_property:bp_80; bulk_property:density_20c; gc_fid:pca:pc1; gc_fid:pca:pc2; gc_fid:pca:pc3; gc_fid:pca:pc4; gc_fid:pca:pc5; gc_fid:pls:bp_20:lv1,bulk_property:density_20c(0.895); gc_fid:pca:pc3(0.469); bulk_property:bp_80(0.451); gc_fid:pls:bp_65:lv2(0.447); gc_fid:pls:bp_80:lv2(0.447); gc_fid:pls:bp_50:lv2(0.440); gc_fid:pls:density_20c:lv2(0.431); gc_fid:pls:bp_35:lv2(0.431),petroleum_fraction_db_024,saturates,analysis_plus_non_target_bulk,correlation_weighted
2,petroleum_fraction_db_030,0.643691,81.15419296663713,39,bulk_property:bp_20; bulk_property:bp_35; bulk_property:bp_50; bulk_property:bp_65; bulk_property:bp_80; bulk_property:density_20c; gc_fid:pca:pc1; gc_fid:pca:pc2; gc_fid:pca:pc3; gc_fid:pca:pc4; gc_fid:pca:pc5; gc_fid:pls:bp_20:lv1,bulk_property:density_20c(0.895); gc_fid:pca:pc3(0.469); bulk_property:bp_80(0.451); gc_fid:pls:bp_65:lv2(0.447); gc_fid:pls:bp_80:lv2(0.447); gc_fid:pls:bp_50:lv2(0.440); gc_fid:pls:density_20c:lv2(0.431); gc_fid:pls:bp_35:lv2(0.431),petroleum_fraction_db_024,saturates,analysis_plus_non_target_bulk,correlation_weighted
1,petroleum_fraction_db_046,0.475077,443.2,33,gc_fid:pca:pc1; gc_fid:pca:pc2; gc_fid:pca:pc3; gc_fid:pca:pc4; gc_fid:pca:pc5; gc_fid:pls:bp_20:lv1; gc_fid:pls:bp_20:lv2; gc_fid:pls:bp_20:lv3; gc_fid:pls:bp_20:lv4; gc_fid:pls:bp_35:lv1; gc_fid:pls:bp_35:lv2; gc_fid:pls:bp_35:lv3,gc_fid:pca:pc1(1.000); gc_fid:pca:pc2(1.000); gc_fid:pca:pc3(1.000); gc_fid:pca:pc4(1.000); gc_fid:pca:pc5(1.000); gc_fid:pls:bp_20:lv1(1.000); gc_fid:pls:bp_20:lv2(1.000); gc_fid:pls:bp_20:lv3(1.000),petroleum_fraction_db_024,BP_20,analysis_only,equal_weight
2,petroleum_fraction_db_008,0.548731,417.4,33,gc_fid:pca:pc1; gc_fid:pca:pc2; gc_fid:pca:pc3; gc_fid:pca:pc4; gc_fid:pca:pc5; gc_fid:pls:bp_20:lv1; gc_fid:pls:bp_20:lv2; gc_fid:pls:bp_20:lv3; gc_fid:pls:bp_20:lv4; gc_fid:pls:bp_35:lv1; gc_fid:pls:bp_35:lv2; gc_fid:pls:bp_35:lv3,gc_fid:pca:pc1(1.000); gc_fid:pca:pc2(1.000); gc_fid:pca:pc3(1.000); gc_fid:pca:pc4(1.000); gc_fid:pca:pc5(1.000); gc_fid:pls:bp_20:lv1(1.000); gc_fid:pls:bp_20:lv2(1.000); gc_fid:pls:bp_20:lv3(1.000),petroleum_fraction_db_024,BP_20,analysis_only,equal_weight
1,petroleum_fraction_db_046,0.299973,443.2,33,gc_fid:pca:pc1; gc_fid:pca:pc2; gc_fid:pca:pc3; gc_fid:pca:pc4; gc_fid:pca:pc5; gc_fid:pls:bp_20:lv1; gc_fid:pls:bp_20:lv2; gc_fid:pls:bp_20:lv3; gc_fid:pls:bp_20:lv4; gc_fid:pls:bp_35:lv1; gc_fid:pls:bp_35:lv2; gc_fid:pls:bp_35:lv3,gc_fid:pls:density_20c:lv1(0.948); gc_fid:pls:bp_20:lv1(0.940); gc_fid:pls:bp_35:lv1(0.939); gc_fid:pls:bp_50:lv1(0.938); gc_fid:pls:bp_65:lv1(0.936); gc_fid:pls:bp_80:lv1(0.934); gc_fid:pls:saturates:lv1(0.928); gc_fid:pca:pc1(0.914),petroleum_fraction_db_024,BP_20,analysis_only,correlation_weighted
2,petroleum_fraction_db_012,0.478779,438.0,33,gc_fid:pca:pc1; gc_fid:pca:pc2; gc_fid:pca:pc3; gc_fid:pca:pc4; gc_fid:pca:pc5; gc_fid:pls:bp_20:lv1; gc_fid:pls:bp_20:lv2; gc_fid:pls:bp_20:lv3; gc_fid:pls:bp_20:lv4; gc_fid:pls:bp_35:lv1; gc_fid:pls:bp_35:lv2; gc_fid:pls:bp_35:lv3,gc_fid:pls:density_20c:lv1(0.948); gc_fid:pls:bp_20:lv1(0.940); gc_fid:pls:bp_35:lv1(0.939); gc_fid:pls:bp_50:lv1(0.938); gc_fid:pls:bp_65:lv1(0.936); gc_fid:pls:bp_80:lv1(0.934); gc_fid:pls:saturates:lv1(0.928); gc_fid:pca:pc1(0.914),petroleum_fraction_db_024,BP_20,analysis_only,correlation_weighted
1,petroleum_fraction_db_046,0.588661,443.2,39,bulk_property:bp_35; bulk_property:bp_50; bulk_property:bp_65; bulk_property:bp_80; bulk_property:density_20c; bulk_property:saturates; gc_fid:pca:pc1; gc_fid:pca:pc2; gc_fid:pca:pc3; gc_fid:pca:pc4; gc_fid:pca:pc5; gc_fid:pls:bp_20:lv1,bulk_property:bp_35(1.000); bulk_property:bp_50(1.000); bulk_property:bp_65(1.000); bulk_property:bp_80(1.000); bulk_property:density_20c(1.000); bulk_property:saturates(1.000); gc_fid:pca:pc1(1.000); gc_fid:pca:pc2(1.000),petroleum_fraction_db_024,BP_20,analysis_plus_non_target_bulk,equal_weight
2,petroleum_fraction_db_023,0.591221,424.2,39,bulk_property:bp_35; bulk_property:bp_50; bulk_property:bp_65; bulk_property:bp_80; bulk_property:density_20c; bulk_property:saturates; gc_fid:pca:pc1; gc_fid:pca:pc2; gc_fid:pca:pc3; gc_fid:pca:pc4; gc_fid:pca:pc5; gc_fid:pls:bp_20:lv1,bulk_property:bp_35(1.000); bulk_property:bp_50(1.000); bulk_property:bp_65(1.000); bulk_property:bp_80(1.000); bulk_property:density_20c(1.000); bulk_property:saturates(1.000); gc_fid:pca:pc1(1.000); gc_fid:pca:pc2(1.000),petroleum_fraction_db_024,BP_20,analysis_plus_non_target_bulk,equal_weight
1,petroleum_fraction_db_046,0.458736,443.2,39,bulk_property:bp_35; bulk_property:bp_50; bulk_property:bp_65; bulk_property:bp_80; bulk_property:density_20c; bulk_property:saturates; gc_fid:pca:pc1; gc_fid:pca:pc2; gc_fid:pca:pc3; gc_fid:pca:pc4; gc_fid:pca:pc5; gc_fid:pls:bp_20:lv1,bulk_property:bp_35(1.040); bulk_property:bp_50(1.015); bulk_property:bp_65(0.986); gc_fid:pls:density_20c:lv1(0.948); gc_fid:pls:bp_20:lv1(0.940); gc_fid:pls:bp_35:lv1(0.939); bulk_property:bp_80(0.939); gc_fid:pls:bp_50:lv1(0.938),petroleum_fraction_db_024,BP_20,analysis_plus_non_target_bulk,correlation_weighted
2,petroleum_fraction_db_023,0.462135,424.2,39,bulk_property:bp_35; bulk_property:bp_50; bulk_property:bp_65; bulk_property:bp_80; bulk_property:density_20c; bulk_property:saturates; gc_fid:pca:pc1; gc_fid:pca:pc2; gc_fid:pca:pc3; gc_fid:pca:pc4; gc_fid:pca:pc5; gc_fid:pls:bp_20:lv1,bulk_property:bp_35(1.040); bulk_property:bp_50(1.015); bulk_property:bp_65(0.986); gc_fid:pls:density_20c:lv1(0.948); gc_fid:pls:bp_20:lv1(0.940); gc_fid:pls:bp_35:lv1(0.939); bulk_property:bp_80(0.939); gc_fid:pls:bp_50:lv1(0.938),petroleum_fraction_db_024,BP_20,analysis_plus_non_target_bulk,correlation_weighted
1,petroleum_fraction_db_046,0.475077,456.8,33,gc_fid:pca:pc1; gc_fid:pca:pc2; gc_fid:pca:pc3; gc_fid:pca:pc4; gc_fid:pca:pc5; gc_fid:pls:bp_20:lv1; gc_fid:pls:bp_20:lv2; gc_fid:pls:bp_20:lv3; gc_fid:pls:bp_20:lv4; gc_fid:pls:bp_35:lv1; gc_fid:pls:bp_35:lv2; gc_fid:pls:bp_35:lv3,gc_fid:pca:pc1(1.000); gc_fid:pca:pc2(1.000); gc_fid:pca:pc3(1.000); gc_fid:pca:pc4(1.000); gc_fid:pca:pc5(1.000); gc_fid:pls:bp_20:lv1(1.000); gc_fid:pls:bp_20:lv2(1.000); gc_fid:pls:bp_20:lv3(1.000),petroleum_fraction_db_024,BP_35,analysis_only,equal_weight
2,petroleum_fraction_db_008,0.548731,434.8,33,gc_fid:pca:pc1; gc_fid:pca:pc2; gc_fid:pca:pc3; gc_fid:pca:pc4; gc_fid:pca:pc5; gc_fid:pls:bp_20:lv1; gc_fid:pls:bp_20:lv2; gc_fid:pls:bp_20:lv3; gc_fid:pls:bp_20:lv4; gc_fid:pls:bp_35:lv1; gc_fid:pls:bp_35:lv2; gc_fid:pls:bp_35:lv3,gc_fid:pca:pc1(1.000); gc_fid:pca:pc2(1.000); gc_fid:pca:pc3(1.000); gc_fid:pca:pc4(1.000); gc_fid:pca:pc5(1.000); gc_fid:pls:bp_20:lv1(1.000); gc_fid:pls:bp_20:lv2(1.000); gc_fid:pls:bp_20:lv3(1.000),petroleum_fraction_db_024,BP_35,analysis_only,equal_weight
1,petroleum_fraction_db_046,0.302057,456.8,33,gc_fid:pca:pc1; gc_fid:pca:pc2; gc_fid:pca:pc3; gc_fid:pca:pc4; gc_fid:pca:pc5; gc_fid:pls:bp_20:lv1; gc_fid:pls:bp_20:lv2; gc_fid:pls:bp_20:lv3; gc_fid:pls:bp_20:lv4; gc_fid:pls:bp_35:lv1; gc_fid:pls:bp_35:lv2; gc_fid:pls:bp_35:lv3,gc_fid:pls:density_20c:lv1(0.967); gc_fid:pls:bp_35:lv1(0.949); gc_fid:pls:saturates:lv1(0.948); gc_fid:pls:bp_20:lv1(0.948); gc_fid:pls:bp_50:lv1(0.948); gc_fid:pls:bp_65:lv1(0.947); gc_fid:pls:bp_80:lv1(0.946); gc_fid:pca:pc1(0.921),petroleum_fraction_db_024,BP_35,analysis_only,correlation_weighted
2,petroleum_fraction_db_012,0.482751,456.2,33,gc_fid:pca:pc1; gc_fid:pca:pc2; gc_fid:pca:pc3; gc_fid:pca:pc4; gc_fid:pca:pc5; gc_fid:pls:bp_20:lv1; gc_fid:pls:bp_20:lv2; gc_fid:pls:bp_20:lv3; gc_fid:pls:bp_20:lv4; gc_fid:pls:bp_35:lv1; gc_fid:pls:bp_35:lv2; gc_fid:pls:bp_35:lv3,gc_fid:pls:density_20c:lv1(0.967); gc_fid:pls:bp_35:lv1(0.949); gc_fid:pls:saturates:lv1(0.948); gc_fid:pls:bp_20:lv1(0.948); gc_fid:pls:bp_50:lv1(0.948); gc_fid:pls:bp_65:lv1(0.947); gc_fid:pls:bp_80:lv1(0.946); gc_fid:pca:pc1(0.921),petroleum_fraction_db_024,BP_35,analysis_only,correlation_weighted
1,petroleum_fraction_db_046,0.588314,456.8,39,bulk_property:bp_20; bulk_property:bp_50; bulk_property:bp_65; bulk_property:bp_80; bulk_property:density_20c; bulk_property:saturates; gc_fid:pca:pc1; gc_fid:pca:pc2; gc_fid:pca:pc3; gc_fid:pca:pc4; gc_fid:pca:pc5; gc_fid:pls:bp_20:lv1,bulk_property:bp_20(1.000); bulk_property:bp_50(1.000); bulk_property:bp_65(1.000); bulk_property:bp_80(1.000); bulk_property:density_20c(1.000); bulk_property:saturates(1.000); gc_fid:pca:pc1(1.000); gc_fid:pca:pc2(1.000),petroleum_fraction_db_024,BP_35,analysis_plus_non_target_bulk,equal_weight
2,petroleum_fraction_db_023,0.590992,433.4,39,bulk_property:bp_20; bulk_property:bp_50; bulk_property:bp_65; bulk_property:bp_80; bulk_property:density_20c; bulk_property:saturates; gc_fid:pca:pc1; gc_fid:pca:pc2; gc_fid:pca:pc3; gc_fid:pca:pc4; gc_fid:pca:pc5; gc_fid:pls:bp_20:lv1,bulk_property:bp_20(1.000); bulk_property:bp_50(1.000); bulk_property:bp_65(1.000); bulk_property:bp_80(1.000); bulk_property:density_20c(1.000); bulk_property:saturates(1.000); gc_fid:pca:pc1(1.000); gc_fid:pca:pc2(1.000),petroleum_fraction_db_024,BP_35,analysis_plus_non_target_bulk,equal_weight
1,petroleum_fraction_db_046,0.464656,456.8,39,bulk_property:bp_20; bulk_property:bp_50; bulk_property:bp_65; bulk_property:bp_80; bulk_property:density_20c; bulk_property:saturates; gc_fid:pca:pc1; gc_fid:pca:pc2; gc_fid:pca:pc3; gc_fid:pca:pc4; gc_fid:pca:pc5; gc_fid:pls:bp_20:lv1,bulk_property:bp_20(1.040); bulk_property:bp_50(1.040); bulk_property:bp_65(1.020); bulk_property:bp_80(0.982); gc_fid:pls:density_20c:lv1(0.967); gc_fid:pls:bp_35:lv1(0.949); gc_fid:pls:saturates:lv1(0.948); gc_fid:pls:bp_20:lv1(0.948),petroleum_fraction_db_024,BP_35,analysis_plus_non_target_bulk,correlation_weighted
2,petroleum_fraction_db_023,0.465701,433.4,39,bulk_property:bp_20; bulk_property:bp_50; bulk_property:bp_65; bulk_property:bp_80; bulk_property:density_20c; bulk_property:saturates; gc_fid:pca:pc1; gc_fid:pca:pc2; gc_fid:pca:pc3; gc_fid:pca:pc4; gc_fid:pca:pc5; gc_fid:pls:bp_20:lv1,bulk_property:bp_20(1.040); bulk_property:bp_50(1.040); bulk_property:bp_65(1.020); bulk_property:bp_80(0.982); gc_fid:pls:density_20c:lv1(0.967); gc_fid:pls:bp_35:lv1(0.949); gc_fid:pls:saturates:lv1(0.948); gc_fid:pls:bp_20:lv1(0.948),petroleum_fraction_db_024,BP_35,analysis_plus_non_target_bulk,correlation_weighted
1,petroleum_fraction_db_046,0.475077,468.0,33,gc_fid:pca:pc1; gc_fid:pca:pc2; gc_fid:pca:pc3; gc_fid:pca:pc4; gc_fid:pca:pc5; gc_fid:pls:bp_20:lv1; gc_fid:pls:bp_20:lv2; gc_fid:pls:bp_20:lv3; gc_fid:pls:bp_20:lv4; gc_fid:pls:bp_35:lv1; gc_fid:pls:bp_35:lv2; gc_fid:pls:bp_35:lv3,gc_fid:pca:pc1(1.000); gc_fid:pca:pc2(1.000); gc_fid:pca:pc3(1.000); gc_fid:pca:pc4(1.000); gc_fid:pca:pc5(1.000); gc_fid:pls:bp_20:lv1(1.000); gc_fid:pls:bp_20:lv2(1.000); gc_fid:pls:bp_20:lv3(1.000),petroleum_fraction_db_024,BP_50,analysis_only,equal_weight
2,petroleum_fraction_db_008,0.548731,452.2,33,gc_fid:pca:pc1; gc_fid:pca:pc2; gc_fid:pca:pc3; gc_fid:pca:pc4; gc_fid:pca:pc5; gc_fid:pls:bp_20:lv1; gc_fid:pls:bp_20:lv2; gc_fid:pls:bp_20:lv3; gc_fid:pls:bp_20:lv4; gc_fid:pls:bp_35:lv1; gc_fid:pls:bp_35:lv2; gc_fid:pls:bp_35:lv3,gc_fid:pca:pc1(1.000); gc_fid:pca:pc2(1.000); gc_fid:pca:pc3(1.000); gc_fid:pca:pc4(1.000); gc_fid:pca:pc5(1.000); gc_fid:pls:bp_20:lv1(1.000); gc_fid:pls:bp_20:lv2(1.000); gc_fid:pls:bp_20:lv3(1.000),petroleum_fraction_db_024,BP_50,analysis_only,equal_weight
1,petroleum_fraction_db_046,0.304011,468.0,33,gc_fid:pca:pc1; gc_fid:pca:pc2; gc_fid:pca:pc3; gc_fid:pca:pc4; gc_fid:pca:pc5; gc_fid:pls:bp_20:lv1; gc_fid:pls:bp_20:lv2; gc_fid:pls:bp_20:lv3; gc_fid:pls:bp_20:lv4; gc_fid:pls:bp_35:lv1; gc_fid:pls:bp_35:lv2; gc_fid:pls:bp_35:lv3,gc_fid:pls:density_20c:lv1(0.977); gc_fid:pls:saturates:lv1(0.960); gc_fid:pls:bp_50:lv1(0.951); gc_fid:pls:bp_80:lv1(0.951); gc_fid:pls:bp_35:lv1(0.951); gc_fid:pls:bp_65:lv1(0.951); gc_fid:pls:bp_20:lv1(0.949); gc_fid:pca:pc1(0.923),petroleum_fraction_db_024,BP_50,analysis_only,correlation_weighted
2,petroleum_fraction_db_008,0.468409,452.2,33,gc_fid:pca:pc1; gc_fid:pca:pc2; gc_fid:pca:pc3; gc_fid:pca:pc4; gc_fid:pca:pc5; gc_fid:pls:bp_20:lv1; gc_fid:pls:bp_20:lv2; gc_fid:pls:bp_20:lv3; gc_fid:pls:bp_20:lv4; gc_fid:pls:bp_35:lv1; gc_fid:pls:bp_35:lv2; gc_fid:pls:bp_35:lv3,gc_fid:pls:density_20c:lv1(0.977); gc_fid:pls:saturates:lv1(0.960); gc_fid:pls:bp_50:lv1(0.951); gc_fid:pls:bp_80:lv1(0.951); gc_fid:pls:bp_35:lv1(0.951); gc_fid:pls:bp_65:lv1(0.951); gc_fid:pls:bp_20:lv1(0.949); gc_fid:pca:pc1(0.923),petroleum_fraction_db_024,BP_50,analysis_only,correlation_weighted
1,petroleum_fraction_db_046,0.588289,468.0,39,bulk_property:bp_20; bulk_property:bp_35; bulk_property:bp_65; bulk_property:bp_80; bulk_property:density_20c; bulk_property:saturates; gc_fid:pca:pc1; gc_fid:pca:pc2; gc_fid:pca:pc3; gc_fid:pca:pc4; gc_fid:pca:pc5; gc_fid:pls:bp_20:lv1,bulk_property:bp_20(1.000); bulk_property:bp_35(1.000); bulk_property:bp_65(1.000); bulk_property:bp_80(1.000); bulk_property:density_20c(1.000); bulk_property:saturates(1.000); gc_fid:pca:pc1(1.000); gc_fid:pca:pc2(1.000),petroleum_fraction_db_024,BP_50,analysis_plus_non_target_bulk,equal_weight
2,petroleum_fraction_db_023,0.590232,440.2,39,bulk_property:bp_20; bulk_property:bp_35; bulk_property:bp_65; bulk_property:bp_80; bulk_property:density_20c; bulk_property:saturates; gc_fid:pca:pc1; gc_fid:pca:pc2; gc_fid:pca:pc3; gc_fid:pca:pc4; gc_fid:pca:pc5; gc_fid:pls:bp_20:lv1,bulk_property:bp_20(1.000); bulk_property:bp_35(1.000); bulk_property:bp_65(1.000); bulk_property:bp_80(1.000); bulk_property:density_20c(1.000); bulk_property:saturates(1.000); gc_fid:pca:pc1(1.000); gc_fid:pca:pc2(1.000),petroleum_fraction_db_024,BP_50,analysis_plus_non_target_bulk,equal_weight
1,petroleum_fraction_db_023,0.467532,440.2,39,bulk_property:bp_20; bulk_property:bp_35; bulk_property:bp_65; bulk_property:bp_80; bulk_property:density_20c; bulk_property:saturates; gc_fid:pca:pc1; gc_fid:pca:pc2; gc_fid:pca:pc3; gc_fid:pca:pc4; gc_fid:pca:pc5; gc_fid:pls:bp_20:lv1,bulk_property:bp_65(1.042); bulk_property:bp_35(1.040); bulk_property:bp_80(1.018); bulk_property:bp_20(1.015); gc_fid:pls:density_20c:lv1(0.977); gc_fid:pls:saturates:lv1(0.960); gc_fid:pls:bp_50:lv1(0.951); gc_fid:pls:bp_80:lv1(0.951),petroleum_fraction_db_024,BP_50,analysis_plus_non_target_bulk,correlation_weighted
2,petroleum_fraction_db_046,0.47096,468.0,39,bulk_property:bp_20; bulk_property:bp_35; bulk_property:bp_65; bulk_property:bp_80; bulk_property:density_20c; bulk_property:saturates; gc_fid:pca:pc1; gc_fid:pca:pc2; gc_fid:pca:pc3; gc_fid:pca:pc4; gc_fid:pca:pc5; gc_fid:pls:bp_20:lv1,bulk_property:bp_65(1.042); bulk_property:bp_35(1.040); bulk_property:bp_80(1.018); bulk_property:bp_20(1.015); gc_fid:pls:density_20c:lv1(0.977); gc_fid:pls:saturates:lv1(0.960); gc_fid:pls:bp_50:lv1(0.951); gc_fid:pls:bp_80:lv1(0.951),petroleum_fraction_db_024,BP_50,analysis_plus_non_target_bulk,correlation_weighted
1,petroleum_fraction_db_046,0.475077,479.8,33,gc_fid:pca:pc1; gc_fid:pca:pc2; gc_fid:pca:pc3; gc_fid:pca:pc4; gc_fid:pca:pc5; gc_fid:pls:bp_20:lv1; gc_fid:pls:bp_20:lv2; gc_fid:pls:bp_20:lv3; gc_fid:pls:bp_20:lv4; gc_fid:pls:bp_35:lv1; gc_fid:pls:bp_35:lv2; gc_fid:pls:bp_35:lv3,gc_fid:pca:pc1(1.000); gc_fid:pca:pc2(1.000); gc_fid:pca:pc3(1.000); gc_fid:pca:pc4(1.000); gc_fid:pca:pc5(1.000); gc_fid:pls:bp_20:lv1(1.000); gc_fid:pls:bp_20:lv2(1.000); gc_fid:pls:bp_20:lv3(1.000),petroleum_fraction_db_024,BP_65,analysis_only,equal_weight
2,petroleum_fraction_db_008,0.548731,472.8,33,gc_fid:pca:pc1; gc_fid:pca:pc2; gc_fid:pca:pc3; gc_fid:pca:pc4; gc_fid:pca:pc5; gc_fid:pls:bp_20:lv1; gc_fid:pls:bp_20:lv2; gc_fid:pls:bp_20:lv3; gc_fid:pls:bp_20:lv4; gc_fid:pls:bp_35:lv1; gc_fid:pls:bp_35:lv2; gc_fid:pls:bp_35:lv3,gc_fid:pca:pc1(1.000); gc_fid:pca:pc2(1.000); gc_fid:pca:pc3(1.000); gc_fid:pca:pc4(1.000); gc_fid:pca:pc5(1.000); gc_fid:pls:bp_20:lv1(1.000); gc_fid:pls:bp_20:lv2(1.000); gc_fid:pls:bp_20:lv3(1.000),petroleum_fraction_db_024,BP_65,analysis_only,equal_weight
1,petroleum_fraction_db_046,0.306579,479.8,33,gc_fid:pca:pc1; gc_fid:pca:pc2; gc_fid:pca:pc3; gc_fid:pca:pc4; gc_fid:pca:pc5; gc_fid:pls:bp_20:lv1; gc_fid:pls:bp_20:lv2; gc_fid:pls:bp_20:lv3; gc_fid:pls:bp_20:lv4; gc_fid:pls:bp_35:lv1; gc_fid:pls:bp_35:lv2; gc_fid:pls:bp_35:lv3,gc_fid:pls:density_20c:lv1(0.980); gc_fid:pls:saturates:lv1(0.965); gc_fid:pls:bp_80:lv1(0.952); gc_fid:pls:bp_65:lv1(0.951); gc_fid:pls:bp_50:lv1(0.951); gc_fid:pls:bp_35:lv1(0.950); gc_fid:pls:bp_20:lv1(0.947); gc_fid:pca:pc1(0.922),petroleum_fraction_db_024,BP_65,analysis_only,correlation_weighted
2,petroleum_fraction_db_008,0.451108,472.8,33,gc_fid:pca:pc1; gc_fid:pca:pc2; gc_fid:pca:pc3; gc_fid:pca:pc4; gc_fid:pca:pc5; gc_fid:pls:bp_20:lv1; gc_fid:pls:bp_20:lv2; gc_fid:pls:bp_20:lv3; gc_fid:pls:bp_20:lv4; gc_fid:pls:bp_35:lv1; gc_fid:pls:bp_35:lv2; gc_fid:pls:bp_35:lv3,gc_fid:pls:density_20c:lv1(0.980); gc_fid:pls:saturates:lv1(0.965); gc_fid:pls:bp_80:lv1(0.952); gc_fid:pls:bp_65:lv1(0.951); gc_fid:pls:bp_50:lv1(0.951); gc_fid:pls:bp_35:lv1(0.950); gc_fid:pls:bp_20:lv1(0.947); gc_fid:pca:pc1(0.922),petroleum_fraction_db_024,BP_65,analysis_only,correlation_weighted
1,petroleum_fraction_db_046,0.588334,479.8,39,bulk_property:bp_20; bulk_property:bp_35; bulk_property:bp_50; bulk_property:bp_80; bulk_property:density_20c; bulk_property:saturates; gc_fid:pca:pc1; gc_fid:pca:pc2; gc_fid:pca:pc3; gc_fid:pca:pc4; gc_fid:pca:pc5; gc_fid:pls:bp_20:lv1,bulk_property:bp_20(1.000); bulk_property:bp_35(1.000); bulk_property:bp_50(1.000); bulk_property:bp_80(1.000); bulk_property:density_20c(1.000); bulk_property:saturates(1.000); gc_fid:pca:pc1(1.000); gc_fid:pca:pc2(1.000),petroleum_fraction_db_024,BP_65,analysis_plus_non_target_bulk,equal_weight
2,petroleum_fraction_db_023,0.589235,447.4,39,bulk_property:bp_20; bulk_property:bp_35; bulk_property:bp_50; bulk_property:bp_80; bulk_property:density_20c; bulk_property:saturates; gc_fid:pca:pc1; gc_fid:pca:pc2; gc_fid:pca:pc3; gc_fid:pca:pc4; gc_fid:pca:pc5; gc_fid:pls:bp_20:lv1,bulk_property:bp_20(1.000); bulk_property:bp_35(1.000); bulk_property:bp_50(1.000); bulk_property:bp_80(1.000); bulk_property:density_20c(1.000); bulk_property:saturates(1.000); gc_fid:pca:pc1(1.000); gc_fid:pca:pc2(1.000),petroleum_fraction_db_024,BP_65,analysis_plus_non_target_bulk,equal_weight
1,petroleum_fraction_db_023,0.463496,447.4,39,bulk_property:bp_20; bulk_property:bp_35; bulk_property:bp_50; bulk_property:bp_80; bulk_property:density_20c; bulk_property:saturates; gc_fid:pca:pc1; gc_fid:pca:pc2; gc_fid:pca:pc3; gc_fid:pca:pc4; gc_fid:pca:pc5; gc_fid:pls:bp_20:lv1,bulk_property:bp_50(1.042); bulk_property:bp_80(1.039); bulk_property:bp_35(1.020); bulk_property:bp_20(0.986); gc_fid:pls:density_20c:lv1(0.980); gc_fid:pls:saturates:lv1(0.965); gc_fid:pls:bp_80:lv1(0.952); gc_fid:pls:bp_65:lv1(0.951),petroleum_fraction_db_024,BP_65,analysis_plus_non_target_bulk,correlation_weighted
2,petroleum_fraction_db_046,0.47936,479.8,39,bulk_property:bp_20; bulk_property:bp_35; bulk_property:bp_50; bulk_property:bp_80; bulk_property:density_20c; bulk_property:saturates; gc_fid:pca:pc1; gc_fid:pca:pc2; gc_fid:pca:pc3; gc_fid:pca:pc4; gc_fid:pca:pc5; gc_fid:pls:bp_20:lv1,bulk_property:bp_50(1.042); bulk_property:bp_80(1.039); bulk_property:bp_35(1.020); bulk_property:bp_20(0.986); gc_fid:pls:density_20c:lv1(0.980); gc_fid:pls:saturates:lv1(0.965); gc_fid:pls:bp_80:lv1(0.952); gc_fid:pls:bp_65:lv1(0.951),petroleum_fraction_db_024,BP_65,analysis_plus_non_target_bulk,correlation_weighted
1,petroleum_fraction_db_046,0.475077,492.2,33,gc_fid:pca:pc1; gc_fid:pca:pc2; gc_fid:pca:pc3; gc_fid:pca:pc4; gc_fid:pca:pc5; gc_fid:pls:bp_20:lv1; gc_fid:pls:bp_20:lv2; gc_fid:pls:bp_20:lv3; gc_fid:pls:bp_20:lv4; gc_fid:pls:bp_35:lv1; gc_fid:pls:bp_35:lv2; gc_fid:pls:bp_35:lv3,gc_fid:pca:pc1(1.000); gc_fid:pca:pc2(1.000); gc_fid:pca:pc3(1.000); gc_fid:pca:pc4(1.000); gc_fid:pca:pc5(1.000); gc_fid:pls:bp_20:lv1(1.000); gc_fid:pls:bp_20:lv2(1.000); gc_fid:pls:bp_20:lv3(1.000),petroleum_fraction_db_024,BP_80,analysis_only,equal_weight
2,petroleum_fraction_db_008,0.548731,497.0,33,gc_fid:pca:pc1; gc_fid:pca:pc2; gc_fid:pca:pc3; gc_fid:pca:pc4; gc_fid:pca:pc5; gc_fid:pls:bp_20:lv1; gc_fid:pls:bp_20:lv2; gc_fid:pls:bp_20:lv3; gc_fid:pls:bp_20:lv4; gc_fid:pls:bp_35:lv1; gc_fid:pls:bp_35:lv2; gc_fid:pls:bp_35:lv3,gc_fid:pca:pc1(1.000); gc_fid:pca:pc2(1.000); gc_fid:pca:pc3(1.000); gc_fid:pca:pc4(1.000); gc_fid:pca:pc5(1.000); gc_fid:pls:bp_20:lv1(1.000); gc_fid:pls:bp_20:lv2(1.000); gc_fid:pls:bp_20:lv3(1.000),petroleum_fraction_db_024,BP_80,analysis_only,equal_weight
1,petroleum_fraction_db_046,0.325696,492.2,33,gc_fid:pca:pc1; gc_fid:pca:pc2; gc_fid:pca:pc3; gc_fid:pca:pc4; gc_fid:pca:pc5; gc_fid:pls:bp_20:lv1; gc_fid:pls:bp_20:lv2; gc_fid:pls:bp_20:lv3; gc_fid:pls:bp_20:lv4; gc_fid:pls:bp_35:lv1; gc_fid:pls:bp_35:lv2; gc_fid:pls:bp_35:lv3,gc_fid:pls:density_20c:lv1(0.973); gc_fid:pls:saturates:lv1(0.962); gc_fid:pls:bp_80:lv1(0.945); gc_fid:pls:bp_65:lv1(0.942); gc_fid:pls:bp_50:lv1(0.941); gc_fid:pls:bp_35:lv1(0.939); gc_fid:pls:bp_20:lv1(0.935); gc_fid:pca:pc1(0.913),petroleum_fraction_db_024,BP_80,analysis_only,correlation_weighted
2,petroleum_fraction_db_008,0.443876,497.0,33,gc_fid:pca:pc1; gc_fid:pca:pc2; gc_fid:pca:pc3; gc_fid:pca:pc4; gc_fid:pca:pc5; gc_fid:pls:bp_20:lv1; gc_fid:pls:bp_20:lv2; gc_fid:pls:bp_20:lv3; gc_fid:pls:bp_20:lv4; gc_fid:pls:bp_35:lv1; gc_fid:pls:bp_35:lv2; gc_fid:pls:bp_35:lv3,gc_fid:pls:density_20c:lv1(0.973); gc_fid:pls:saturates:lv1(0.962); gc_fid:pls:bp_80:lv1(0.945); gc_fid:pls:bp_65:lv1(0.942); gc_fid:pls:bp_50:lv1(0.941); gc_fid:pls:bp_35:lv1(0.939); gc_fid:pls:bp_20:lv1(0.935); gc_fid:pca:pc1(0.913),petroleum_fraction_db_024,BP_80,analysis_only,correlation_weighted
1,petroleum_fraction_db_023,0.588557,457.0,39,bulk_property:bp_20; bulk_property:bp_35; bulk_property:bp_50; bulk_property:bp_65; bulk_property:density_20c; bulk_property:saturates; gc_fid:pca:pc1; gc_fid:pca:pc2; gc_fid:pca:pc3; gc_fid:pca:pc4; gc_fid:pca:pc5; gc_fid:pls:bp_20:lv1,bulk_property:bp_20(1.000); bulk_property:bp_35(1.000); bulk_property:bp_50(1.000); bulk_property:bp_65(1.000); bulk_property:density_20c(1.000); bulk_property:saturates(1.000); gc_fid:pca:pc1(1.000); gc_fid:pca:pc2(1.000),petroleum_fraction_db_024,BP_80,analysis_plus_non_target_bulk,equal_weight
2,petroleum_fraction_db_046,0.588597,492.2,39,bulk_property:bp_20; bulk_property:bp_35; bulk_property:bp_50; bulk_property:bp_65; bulk_property:density_20c; bulk_property:saturates; gc_fid:pca:pc1; gc_fid:pca:pc2; gc_fid:pca:pc3; gc_fid:pca:pc4; gc_fid:pca:pc5; gc_fid:pls:bp_20:lv1,bulk_property:bp_20(1.000); bulk_property:bp_35(1.000); bulk_property:bp_50(1.000); bulk_property:bp_65(1.000); bulk_property:density_20c(1.000); bulk_property:saturates(1.000); gc_fid:pca:pc1(1.000); gc_fid:pca:pc2(1.000),petroleum_fraction_db_024,BP_80,analysis_plus_non_target_bulk,equal_weight
1,petroleum_fraction_db_023,0.457821,457.0,39,bulk_property:bp_20; bulk_property:bp_35; bulk_property:bp_50; bulk_property:bp_65; bulk_property:density_20c; bulk_property:saturates; gc_fid:pca:pc1; gc_fid:pca:pc2; gc_fid:pca:pc3; gc_fid:pca:pc4; gc_fid:pca:pc5; gc_fid:pls:bp_20:lv1,bulk_property:bp_65(1.039); bulk_property:bp_50(1.018); bulk_property:bp_35(0.982); gc_fid:pls:density_20c:lv1(0.973); gc_fid:pls:saturates:lv1(0.962); gc_fid:pls:bp_80:lv1(0.945); gc_fid:pls:bp_65:lv1(0.942); gc_fid:pls:bp_50:lv1(0.941),petroleum_fraction_db_024,BP_80,analysis_plus_non_target_bulk,correlation_weighted
2,petroleum_fraction_db_046,0.494468,492.2,39,bulk_property:bp_20; bulk_property:bp_35; bulk_property:bp_50; bulk_property:bp_65; bulk_property:density_20c; bulk_property:saturates; gc_fid:pca:pc1; gc_fid:pca:pc2; gc_fid:pca:pc3; gc_fid:pca:pc4; gc_fid:pca:pc5; gc_fid:pls:bp_20:lv1,bulk_property:bp_65(1.039); bulk_property:bp_50(1.018); bulk_property:bp_35(0.982); gc_fid:pls:density_20c:lv1(0.973); gc_fid:pls:saturates:lv1(0.962); gc_fid:pls:bp_80:lv1(0.945); gc_fid:pls:bp_65:lv1(0.942); gc_fid:pls:bp_50:lv1(0.941),petroleum_fraction_db_024,BP_80,analysis_plus_non_target_bulk,correlation_weighted
1,petroleum_fraction_db_036,1.850194,0.8621,74,gc_fid:pca:pc1; gc_fid:pca:pc2; gc_fid:pca:pc3; gc_fid:pca:pc4; gc_fid:pca:pc5; gc_fid:pls:bp_20:lv1; gc_fid:pls:bp_20:lv2; gc_fid:pls:bp_20:lv3; gc_fid:pls:bp_20:lv4; gc_fid:pls:bp_35:lv1; gc_fid:pls:bp_35:lv2; gc_fid:pls:bp_35:lv3,gc_fid:pca:pc1(1.000); gc_fid:pca:pc2(1.000); gc_fid:pca:pc3(1.000); gc_fid:pca:pc4(1.000); gc_fid:pca:pc5(1.000); gc_fid:pls:bp_20:lv1(1.000); gc_fid:pls:bp_20:lv2(1.000); gc_fid:pls:bp_20:lv3(1.000),petroleum_fraction_db_027,density_20c,analysis_only,equal_weight
2,petroleum_fraction_db_032,1.917391,0.8634,74,gc_fid:pca:pc1; gc_fid:pca:pc2; gc_fid:pca:pc3; gc_fid:pca:pc4; gc_fid:pca:pc5; gc_fid:pls:bp_20:lv1; gc_fid:pls:bp_20:lv2; gc_fid:pls:bp_20:lv3; gc_fid:pls:bp_20:lv4; gc_fid:pls:bp_35:lv1; gc_fid:pls:bp_35:lv2; gc_fid:pls:bp_35:lv3,gc_fid:pca:pc1(1.000); gc_fid:pca:pc2(1.000); gc_fid:pca:pc3(1.000); gc_fid:pca:pc4(1.000); gc_fid:pca:pc5(1.000); gc_fid:pls:bp_20:lv1(1.000); gc_fid:pls:bp_20:lv2(1.000); gc_fid:pls:bp_20:lv3(1.000),petroleum_fraction_db_027,density_20c,analysis_only,equal_weight
1,petroleum_fraction_db_036,1.400405,0.8621,74,gc_fid:pca:pc1; gc_fid:pca:pc2; gc_fid:pca:pc3; gc_fid:pca:pc4; gc_fid:pca:pc5; gc_fid:pls:bp_20:lv1; gc_fid:pls:bp_20:lv2; gc_fid:pls:bp_20:lv3; gc_fid:pls:bp_20:lv4; gc_fid:pls:bp_35:lv1; gc_fid:pls:bp_35:lv2; gc_fid:pls:bp_35:lv3,ir:weighted_x_q90(0.728); ir_spectrum:pls:density_20c:lv2(0.727); ir_spectrum:pls:saturates:lv2(0.716); ir_spectrum:pls:density_20c:lv1(0.649); ir_spectrum:pls:saturates:lv1(0.629); ir_spectrum:pls:bp_35:lv1(0.628); ir_spectrum:pca:pc1(0.615); ir_spectrum:pls:bp_65:lv1(0.615),petroleum_fraction_db_027,density_20c,analysis_only,correlation_weighted
2,petroleum_fraction_db_003,1.441881,0.9004,74,gc_fid:pca:pc1; gc_fid:pca:pc2; gc_fid:pca:pc3; gc_fid:pca:pc4; gc_fid:pca:pc5; gc_fid:pls:bp_20:lv1; gc_fid:pls:bp_20:lv2; gc_fid:pls:bp_20:lv3; gc_fid:pls:bp_20:lv4; gc_fid:pls:bp_35:lv1; gc_fid:pls:bp_35:lv2; gc_fid:pls:bp_35:lv3,ir:weighted_x_q90(0.728); ir_spectrum:pls:density_20c:lv2(0.727); ir_spectrum:pls:saturates:lv2(0.716); ir_spectrum:pls:density_20c:lv1(0.649); ir_spectrum:pls:saturates:lv1(0.629); ir_spectrum:pls:bp_35:lv1(0.628); ir_spectrum:pca:pc1(0.615); ir_spectrum:pls:bp_65:lv1(0.615),petroleum_fraction_db_027,density_20c,analysis_only,correlation_weighted
1,petroleum_fraction_db_036,1.800072,0.8621,80,bulk_property:bp_20; bulk_property:bp_35; bulk_property:bp_50; bulk_property:bp_65; bulk_property:bp_80; bulk_property:saturates; gc_fid:pca:pc1; gc_fid:pca:pc2; gc_fid:pca:pc3; gc_fid:pca:pc4; gc_fid:pca:pc5; gc_fid:pls:bp_20:lv1,bulk_property:bp_20(1.000); bulk_property:bp_35(1.000); bulk_property:bp_50(1.000); bulk_property:bp_65(1.000); bulk_property:bp_80(1.000); bulk_property:saturates(1.000); gc_fid:pca:pc1(1.000); gc_fid:pca:pc2(1.000),petroleum_fraction_db_027,density_20c,analysis_plus_non_target_bulk,equal_weight
2,petroleum_fraction_db_003,1.863308,0.9004,80,bulk_property:bp_20; bulk_property:bp_35; bulk_property:bp_50; bulk_property:bp_65; bulk_property:bp_80; bulk_property:saturates; gc_fid:pca:pc1; gc_fid:pca:pc2; gc_fid:pca:pc3; gc_fid:pca:pc4; gc_fid:pca:pc5; gc_fid:pls:bp_20:lv1,bulk_property:bp_20(1.000); bulk_property:bp_35(1.000); bulk_property:bp_50(1.000); bulk_property:bp_65(1.000); bulk_property:bp_80(1.000); bulk_property:saturates(1.000); gc_fid:pca:pc1(1.000); gc_fid:pca:pc2(1.000),petroleum_fraction_db_027,density_20c,analysis_plus_non_target_bulk,equal_weight
1,petroleum_fraction_db_036,1.359105,0.8621,80,bulk_property:bp_20; bulk_property:bp_35; bulk_property:bp_50; bulk_property:bp_65; bulk_property:bp_80; bulk_property:saturates; gc_fid:pca:pc1; gc_fid:pca:pc2; gc_fid:pca:pc3; gc_fid:pca:pc4; gc_fid:pca:pc5; gc_fid:pls:bp_20:lv1,bulk_property:saturates(0.895); ir:weighted_x_q90(0.728); ir_spectrum:pls:density_20c:lv2(0.727); ir_spectrum:pls:saturates:lv2(0.716); ir_spectrum:pls:density_20c:lv1(0.649); ir_spectrum:pls:saturates:lv1(0.629); ir_spectrum:pls:bp_35:lv1(0.628); ir_spectrum:pca:pc1(0.615),petroleum_fraction_db_027,density_20c,analysis_plus_non_target_bulk,correlation_weighted
2,petroleum_fraction_db_003,1.375946,0.9004,80,bulk_property:bp_20; bulk_property:bp_35; bulk_property:bp_50; bulk_property:bp_65; bulk_property:bp_80; bulk_property:saturates; gc_fid:pca:pc1; gc_fid:pca:pc2; gc_fid:pca:pc3; gc_fid:pca:pc4; gc_fid:pca:pc5; gc_fid:pls:bp_20:lv1,bulk_property:saturates(0.895); ir:weighted_x_q90(0.728); ir_spectrum:pls:density_20c:lv2(0.727); ir_spectrum:pls:saturates:lv2(0.716); ir_spectrum:pls:density_20c:lv1(0.649); ir_spectrum:pls:saturates:lv1(0.629); ir_spectrum:pls:bp_35:lv1(0.628); ir_spectrum:pca:pc1(0.615),petroleum_fraction_db_027,density_20c,analysis_plus_non_target_bulk,correlation_weighted
1,petroleum_fraction_db_036,1.850194,82.44899289485755,74,gc_fid:pca:pc1; gc_fid:pca:pc2; gc_fid:pca:pc3; gc_fid:pca:pc4; gc_fid:pca:pc5; gc_fid:pls:bp_20:lv1; gc_fid:pls:bp_20:lv2; gc_fid:pls:bp_20:lv3; gc_fid:pls:bp_20:lv4; gc_fid:pls:bp_35:lv1; gc_fid:pls:bp_35:lv2; gc_fid:pls:bp_35:lv3,gc_fid:pca:pc1(1.000); gc_fid:pca:pc2(1.000); gc_fid:pca:pc3(1.000); gc_fid:pca:pc4(1.000); gc_fid:pca:pc5(1.000); gc_fid:pls:bp_20:lv1(1.000); gc_fid:pls:bp_20:lv2(1.000); gc_fid:pls:bp_20:lv3(1.000),petroleum_fraction_db_027,saturates,analysis_only,equal_weight
2,petroleum_fraction_db_032,1.917391,80.21159153633693,74,gc_fid:pca:pc1; gc_fid:pca:pc2; gc_fid:pca:pc3; gc_fid:pca:pc4; gc_fid:pca:pc5; gc_fid:pls:bp_20:lv1; gc_fid:pls:bp_20:lv2; gc_fid:pls:bp_20:lv3; gc_fid:pls:bp_20:lv4; gc_fid:pls:bp_35:lv1; gc_fid:pls:bp_35:lv2; gc_fid:pls:bp_35:lv3,gc_fid:pca:pc1(1.000); gc_fid:pca:pc2(1.000); gc_fid:pca:pc3(1.000); gc_fid:pca:pc4(1.000); gc_fid:pca:pc5(1.000); gc_fid:pls:bp_20:lv1(1.000); gc_fid:pls:bp_20:lv2(1.000); gc_fid:pls:bp_20:lv3(1.000),petroleum_fraction_db_027,saturates,analysis_only,equal_weight
1,petroleum_fraction_db_036,1.33476,82.44899289485755,74,gc_fid:pca:pc1; gc_fid:pca:pc2; gc_fid:pca:pc3; gc_fid:pca:pc4; gc_fid:pca:pc5; gc_fid:pls:bp_20:lv1; gc_fid:pls:bp_20:lv2; gc_fid:pls:bp_20:lv3; gc_fid:pls:bp_20:lv4; gc_fid:pls:bp_35:lv1; gc_fid:pls:bp_35:lv2; gc_fid:pls:bp_35:lv3,ir:weighted_x_q90(0.703); ir_spectrum:pls:density_20c:lv1(0.668); ir_spectrum:pls:saturates:lv1(0.668); ir_spectrum:pca:pc1(0.656); ir:weighted_x_mean(0.613); ir_spectrum:pls:bp_80:lv1(0.577); ir_spectrum:pls:saturates:lv2(0.568); ir:weighted_x_q50(0.567),petroleum_fraction_db_027,saturates,analysis_only,correlation_weighted
2,petroleum_fraction_db_032,1.375557,80.21159153633693,74,gc_fid:pca:pc1; gc_fid:pca:pc2; gc_fid:pca:pc3; gc_fid:pca:pc4; gc_fid:pca:pc5; gc_fid:pls:bp_20:lv1; gc_fid:pls:bp_20:lv2; gc_fid:pls:bp_20:lv3; gc_fid:pls:bp_20:lv4; gc_fid:pls:bp_35:lv1; gc_fid:pls:bp_35:lv2; gc_fid:pls:bp_35:lv3,ir:weighted_x_q90(0.703); ir_spectrum:pls:density_20c:lv1(0.668); ir_spectrum:pls:saturates:lv1(0.668); ir_spectrum:pca:pc1(0.656); ir:weighted_x_mean(0.613); ir_spectrum:pls:bp_80:lv1(0.577); ir_spectrum:pls:saturates:lv2(0.568); ir:weighted_x_q50(0.567),petroleum_fraction_db_027,saturates,analysis_only,correlation_weighted
1,petroleum_fraction_db_036,1.801789,82.44899289485755,80,bulk_property:bp_20; bulk_property:bp_35; bulk_property:bp_50; bulk_property:bp_65; bulk_property:bp_80; bulk_property:density_20c; gc_fid:pca:pc1; gc_fid:pca:pc2; gc_fid:pca:pc3; gc_fid:pca:pc4; gc_fid:pca:pc5; gc_fid:pls:bp_20:lv1,bulk_property:bp_20(1.000); bulk_property:bp_35(1.000); bulk_property:bp_50(1.000); bulk_property:bp_65(1.000); bulk_property:bp_80(1.000); bulk_property:density_20c(1.000); gc_fid:pca:pc1(1.000); gc_fid:pca:pc2(1.000),petroleum_fraction_db_027,saturates,analysis_plus_non_target_bulk,equal_weight
2,petroleum_fraction_db_032,1.873106,80.21159153633693,80,bulk_property:bp_20; bulk_property:bp_35; bulk_property:bp_50; bulk_property:bp_65; bulk_property:bp_80; bulk_property:density_20c; gc_fid:pca:pc1; gc_fid:pca:pc2; gc_fid:pca:pc3; gc_fid:pca:pc4; gc_fid:pca:pc5; gc_fid:pls:bp_20:lv1,bulk_property:bp_20(1.000); bulk_property:bp_35(1.000); bulk_property:bp_50(1.000); bulk_property:bp_65(1.000); bulk_property:bp_80(1.000); bulk_property:density_20c(1.000); gc_fid:pca:pc1(1.000); gc_fid:pca:pc2(1.000),petroleum_fraction_db_027,saturates,analysis_plus_non_target_bulk,equal_weight
1,petroleum_fraction_db_036,1.307667,82.44899289485755,80,bulk_property:bp_20; bulk_property:bp_35; bulk_property:bp_50; bulk_property:bp_65; bulk_property:bp_80; bulk_property:density_20c; gc_fid:pca:pc1; gc_fid:pca:pc2; gc_fid:pca:pc3; gc_fid:pca:pc4; gc_fid:pca:pc5; gc_fid:pls:bp_20:lv1,bulk_property:density_20c(0.895); ir:weighted_x_q90(0.703); ir_spectrum:pls:density_20c:lv1(0.668); ir_spectrum:pls:saturates:lv1(0.668); ir_spectrum:pca:pc1(0.656); ir:weighted_x_mean(0.613); ir_spectrum:pls:bp_80:lv1(0.577); ir_spectrum:pls:saturates:lv2(0.568),petroleum_fraction_db_027,saturates,analysis_plus_non_target_bulk,correlation_weighted
2,petroleum_fraction_db_032,1.357681,80.21159153633693,80,bulk_property:bp_20; bulk_property:bp_35; bulk_property:bp_50; bulk_property:bp_65; bulk_property:bp_80; bulk_property:density_20c; gc_fid:pca:pc1; gc_fid:pca:pc2; gc_fid:pca:pc3; gc_fid:pca:pc4; gc_fid:pca:pc5; gc_fid:pls:bp_20:lv1,bulk_property:density_20c(0.895); ir:weighted_x_q90(0.703); ir_spectrum:pls:density_20c:lv1(0.668); ir_spectrum:pls:saturates:lv1(0.668); ir_spectrum:pca:pc1(0.656); ir:weighted_x_mean(0.613); ir_spectrum:pls:bp_80:lv1(0.577); ir_spectrum:pls:saturates:lv2(0.568),petroleum_fraction_db_027,saturates,analysis_plus_non_target_bulk,correlation_weighted
1,petroleum_fraction_db_036,1.850194,251.6,74,gc_fid:pca:pc1; gc_fid:pca:pc2; gc_fid:pca:pc3; gc_fid:pca:pc4; gc_fid:pca:pc5; gc_fid:pls:bp_20:lv1; gc_fid:pls:bp_20:lv2; gc_fid:pls:bp_20:lv3; gc_fid:pls:bp_20:lv4; gc_fid:pls:bp_35:lv1; gc_fid:pls:bp_35:lv2; gc_fid:pls:bp_35:lv3,gc_fid:pca:pc1(1.000); gc_fid:pca:pc2(1.000); gc_fid:pca:pc3(1.000); gc_fid:pca:pc4(1.000); gc_fid:pca:pc5(1.000); gc_fid:pls:bp_20:lv1(1.000); gc_fid:pls:bp_20:lv2(1.000); gc_fid:pls:bp_20:lv3(1.000),petroleum_fraction_db_027,BP_20,analysis_only,equal_weight
2,petroleum_fraction_db_032,1.917391,257.2,74,gc_fid:pca:pc1; gc_fid:pca:pc2; gc_fid:pca:pc3; gc_fid:pca:pc4; gc_fid:pca:pc5; gc_fid:pls:bp_20:lv1; gc_fid:pls:bp_20:lv2; gc_fid:pls:bp_20:lv3; gc_fid:pls:bp_20:lv4; gc_fid:pls:bp_35:lv1; gc_fid:pls:bp_35:lv2; gc_fid:pls:bp_35:lv3,gc_fid:pca:pc1(1.000); gc_fid:pca:pc2(1.000); gc_fid:pca:pc3(1.000); gc_fid:pca:pc4(1.000); gc_fid:pca:pc5(1.000); gc_fid:pls:bp_20:lv1(1.000); gc_fid:pls:bp_20:lv2(1.000); gc_fid:pls:bp_20:lv3(1.000),petroleum_fraction_db_027,BP_20,analysis_only,equal_weight
1,petroleum_fraction_db_036,1.707435,251.6,74,gc_fid:pca:pc1; gc_fid:pca:pc2; gc_fid:pca:pc3; gc_fid:pca:pc4; gc_fid:pca:pc5; gc_fid:pls:bp_20:lv1; gc_fid:pls:bp_20:lv2; gc_fid:pls:bp_20:lv3; gc_fid:pls:bp_20:lv4; gc_fid:pls:bp_35:lv1; gc_fid:pls:bp_35:lv2; gc_fid:pls:bp_35:lv3,gc_fid:pls:density_20c:lv1(0.948); gc_fid:pls:bp_20:lv1(0.940); gc_fid:pls:bp_35:lv1(0.939); gc_fid:pls:bp_50:lv1(0.938); gc_fid:pls:bp_65:lv1(0.936); gc_fid:pls:bp_80:lv1(0.934); gc_fid:pls:saturates:lv1(0.928); gc_fid:pca:pc1(0.914),petroleum_fraction_db_027,BP_20,analysis_only,correlation_weighted
2,petroleum_fraction_db_032,1.748346,257.2,74,gc_fid:pca:pc1; gc_fid:pca:pc2; gc_fid:pca:pc3; gc_fid:pca:pc4; gc_fid:pca:pc5; gc_fid:pls:bp_20:lv1; gc_fid:pls:bp_20:lv2; gc_fid:pls:bp_20:lv3; gc_fid:pls:bp_20:lv4; gc_fid:pls:bp_35:lv1; gc_fid:pls:bp_35:lv2; gc_fid:pls:bp_35:lv3,gc_fid:pls:density_20c:lv1(0.948); gc_fid:pls:bp_20:lv1(0.940); gc_fid:pls:bp_35:lv1(0.939); gc_fid:pls:bp_50:lv1(0.938); gc_fid:pls:bp_65:lv1(0.936); gc_fid:pls:bp_80:lv1(0.934); gc_fid:pls:saturates:lv1(0.928); gc_fid:pca:pc1(0.914),petroleum_fraction_db_027,BP_20,analysis_only,correlation_weighted
1,petroleum_fraction_db_036,1.800584,251.6,80,bulk_property:bp_35; bulk_property:bp_50; bulk_property:bp_65; bulk_property:bp_80; bulk_property:density_20c; bulk_property:saturates; gc_fid:pca:pc1; gc_fid:pca:pc2; gc_fid:pca:pc3; gc_fid:pca:pc4; gc_fid:pca:pc5; gc_fid:pls:bp_20:lv1,bulk_property:bp_35(1.000); bulk_property:bp_50(1.000); bulk_property:bp_65(1.000); bulk_property:bp_80(1.000); bulk_property:density_20c(1.000); bulk_property:saturates(1.000); gc_fid:pca:pc1(1.000); gc_fid:pca:pc2(1.000),petroleum_fraction_db_027,BP_20,analysis_plus_non_target_bulk,equal_weight
2,petroleum_fraction_db_003,1.871749,251.4,80,bulk_property:bp_35; bulk_property:bp_50; bulk_property:bp_65; bulk_property:bp_80; bulk_property:density_20c; bulk_property:saturates; gc_fid:pca:pc1; gc_fid:pca:pc2; gc_fid:pca:pc3; gc_fid:pca:pc4; gc_fid:pca:pc5; gc_fid:pls:bp_20:lv1,bulk_property:bp_35(1.000); bulk_property:bp_50(1.000); bulk_property:bp_65(1.000); bulk_property:bp_80(1.000); bulk_property:density_20c(1.000); bulk_property:saturates(1.000); gc_fid:pca:pc1(1.000); gc_fid:pca:pc2(1.000),petroleum_fraction_db_027,BP_20,analysis_plus_non_target_bulk,equal_weight
1,petroleum_fraction_db_036,1.623055,251.6,80,bulk_property:bp_35; bulk_property:bp_50; bulk_property:bp_65; bulk_property:bp_80; bulk_property:density_20c; bulk_property:saturates; gc_fid:pca:pc1; gc_fid:pca:pc2; gc_fid:pca:pc3; gc_fid:pca:pc4; gc_fid:pca:pc5; gc_fid:pls:bp_20:lv1,bulk_property:bp_35(1.040); bulk_property:bp_50(1.015); bulk_property:bp_65(0.986); gc_fid:pls:density_20c:lv1(0.948); gc_fid:pls:bp_20:lv1(0.940); gc_fid:pls:bp_35:lv1(0.939); bulk_property:bp_80(0.939); gc_fid:pls:bp_50:lv1(0.938),petroleum_fraction_db_027,BP_20,analysis_plus_non_target_bulk,correlation_weighted
2,petroleum_fraction_db_032,1.679778,257.2,80,bulk_property:bp_35; bulk_property:bp_50; bulk_property:bp_65; bulk_property:bp_80; bulk_property:density_20c; bulk_property:saturates; gc_fid:pca:pc1; gc_fid:pca:pc2; gc_fid:pca:pc3; gc_fid:pca:pc4; gc_fid:pca:pc5; gc_fid:pls:bp_20:lv1,bulk_property:bp_35(1.040); bulk_property:bp_50(1.015); bulk_property:bp_65(0.986); gc_fid:pls:density_20c:lv1(0.948); gc_fid:pls:bp_20:lv1(0.940); gc_fid:pls:bp_35:lv1(0.939); bulk_property:bp_80(0.939); gc_fid:pls:bp_50:lv1(0.938),petroleum_fraction_db_027,BP_20,analysis_plus_non_target_bulk,correlation_weighted
1,petroleum_fraction_db_036,1.850194,278.2,74,gc_fid:pca:pc1; gc_fid:pca:pc2; gc_fid:pca:pc3; gc_fid:pca:pc4; gc_fid:pca:pc5; gc_fid:pls:bp_20:lv1; gc_fid:pls:bp_20:lv2; gc_fid:pls:bp_20:lv3; gc_fid:pls:bp_20:lv4; gc_fid:pls:bp_35:lv1; gc_fid:pls:bp_35:lv2; gc_fid:pls:bp_35:lv3,gc_fid:pca:pc1(1.000); gc_fid:pca:pc2(1.000); gc_fid:pca:pc3(1.000); gc_fid:pca:pc4(1.000); gc_fid:pca:pc5(1.000); gc_fid:pls:bp_20:lv1(1.000); gc_fid:pls:bp_20:lv2(1.000); gc_fid:pls:bp_20:lv3(1.000),petroleum_fraction_db_027,BP_35,analysis_only,equal_weight
2,petroleum_fraction_db_032,1.917391,287.0,74,gc_fid:pca:pc1; gc_fid:pca:pc2; gc_fid:pca:pc3; gc_fid:pca:pc4; gc_fid:pca:pc5; gc_fid:pls:bp_20:lv1; gc_fid:pls:bp_20:lv2; gc_fid:pls:bp_20:lv3; gc_fid:pls:bp_20:lv4; gc_fid:pls:bp_35:lv1; gc_fid:pls:bp_35:lv2; gc_fid:pls:bp_35:lv3,gc_fid:pca:pc1(1.000); gc_fid:pca:pc2(1.000); gc_fid:pca:pc3(1.000); gc_fid:pca:pc4(1.000); gc_fid:pca:pc5(1.000); gc_fid:pls:bp_20:lv1(1.000); gc_fid:pls:bp_20:lv2(1.000); gc_fid:pls:bp_20:lv3(1.000),petroleum_fraction_db_027,BP_35,analysis_only,equal_weight
1,petroleum_fraction_db_036,1.577139,278.2,74,gc_fid:pca:pc1; gc_fid:pca:pc2; gc_fid:pca:pc3; gc_fid:pca:pc4; gc_fid:pca:pc5; gc_fid:pls:bp_20:lv1; gc_fid:pls:bp_20:lv2; gc_fid:pls:bp_20:lv3; gc_fid:pls:bp_20:lv4; gc_fid:pls:bp_35:lv1; gc_fid:pls:bp_35:lv2; gc_fid:pls:bp_35:lv3,gc_fid:pls:density_20c:lv1(0.967); gc_fid:pls:bp_35:lv1(0.949); gc_fid:pls:saturates:lv1(0.948); gc_fid:pls:bp_20:lv1(0.948); gc_fid:pls:bp_50:lv1(0.948); gc_fid:pls:bp_65:lv1(0.947); gc_fid:pls:bp_80:lv1(0.946); gc_fid:pca:pc1(0.921),petroleum_fraction_db_027,BP_35,analysis_only,correlation_weighted
2,petroleum_fraction_db_032,1.616427,287.0,74,gc_fid:pca:pc1; gc_fid:pca:pc2; gc_fid:pca:pc3; gc_fid:pca:pc4; gc_fid:pca:pc5; gc_fid:pls:bp_20:lv1; gc_fid:pls:bp_20:lv2; gc_fid:pls:bp_20:lv3; gc_fid:pls:bp_20:lv4; gc_fid:pls:bp_35:lv1; gc_fid:pls:bp_35:lv2; gc_fid:pls:bp_35:lv3,gc_fid:pls:density_20c:lv1(0.967); gc_fid:pls:bp_35:lv1(0.949); gc_fid:pls:saturates:lv1(0.948); gc_fid:pls:bp_20:lv1(0.948); gc_fid:pls:bp_50:lv1(0.948); gc_fid:pls:bp_65:lv1(0.947); gc_fid:pls:bp_80:lv1(0.946); gc_fid:pca:pc1(0.921),petroleum_fraction_db_027,BP_35,analysis_only,correlation_weighted
1,petroleum_fraction_db_036,1.800165,278.2,80,bulk_property:bp_20; bulk_property:bp_50; bulk_property:bp_65; bulk_property:bp_80; bulk_property:density_20c; bulk_property:saturates; gc_fid:pca:pc1; gc_fid:pca:pc2; gc_fid:pca:pc3; gc_fid:pca:pc4; gc_fid:pca:pc5; gc_fid:pls:bp_20:lv1,bulk_property:bp_20(1.000); bulk_property:bp_50(1.000); bulk_property:bp_65(1.000); bulk_property:bp_80(1.000); bulk_property:density_20c(1.000); bulk_property:saturates(1.000); gc_fid:pca:pc1(1.000); gc_fid:pca:pc2(1.000),petroleum_fraction_db_027,BP_35,analysis_plus_non_target_bulk,equal_weight
2,petroleum_fraction_db_032,1.871221,287.0,80,bulk_property:bp_20; bulk_property:bp_50; bulk_property:bp_65; bulk_property:bp_80; bulk_property:density_20c; bulk_property:saturates; gc_fid:pca:pc1; gc_fid:pca:pc2; gc_fid:pca:pc3; gc_fid:pca:pc4; gc_fid:pca:pc5; gc_fid:pls:bp_20:lv1,bulk_property:bp_20(1.000); bulk_property:bp_50(1.000); bulk_property:bp_65(1.000); bulk_property:bp_80(1.000); bulk_property:density_20c(1.000); bulk_property:saturates(1.000); gc_fid:pca:pc1(1.000); gc_fid:pca:pc2(1.000),petroleum_fraction_db_027,BP_35,analysis_plus_non_target_bulk,equal_weight
1,petroleum_fraction_db_036,1.504869,278.2,80,bulk_property:bp_20; bulk_property:bp_50; bulk_property:bp_65; bulk_property:bp_80; bulk_property:density_20c; bulk_property:saturates; gc_fid:pca:pc1; gc_fid:pca:pc2; gc_fid:pca:pc3; gc_fid:pca:pc4; gc_fid:pca:pc5; gc_fid:pls:bp_20:lv1,bulk_property:bp_20(1.040); bulk_property:bp_50(1.040); bulk_property:bp_65(1.020); bulk_property:bp_80(0.982); gc_fid:pls:density_20c:lv1(0.967); gc_fid:pls:bp_35:lv1(0.949); gc_fid:pls:saturates:lv1(0.948); gc_fid:pls:bp_20:lv1(0.948),petroleum_fraction_db_027,BP_35,analysis_plus_non_target_bulk,correlation_weighted
2,petroleum_fraction_db_032,1.560424,287.0,80,bulk_property:bp_20; bulk_property:bp_50; bulk_property:bp_65; bulk_property:bp_80; bulk_property:density_20c; bulk_property:saturates; gc_fid:pca:pc1; gc_fid:pca:pc2; gc_fid:pca:pc3; gc_fid:pca:pc4; gc_fid:pca:pc5; gc_fid:pls:bp_20:lv1,bulk_property:bp_20(1.040); bulk_property:bp_50(1.040); bulk_property:bp_65(1.020); bulk_property:bp_80(0.982); gc_fid:pls:density_20c:lv1(0.967); gc_fid:pls:bp_35:lv1(0.949); gc_fid:pls:saturates:lv1(0.948); gc_fid:pls:bp_20:lv1(0.948),petroleum_fraction_db_027,BP_35,analysis_plus_non_target_bulk,correlation_weighted
1,petroleum_fraction_db_036,1.850194,299.6,74,gc_fid:pca:pc1; gc_fid:pca:pc2; gc_fid:pca:pc3; gc_fid:pca:pc4; gc_fid:pca:pc5; gc_fid:pls:bp_20:lv1; gc_fid:pls:bp_20:lv2; gc_fid:pls:bp_20:lv3; gc_fid:pls:bp_20:lv4; gc_fid:pls:bp_35:lv1; gc_fid:pls:bp_35:lv2; gc_fid:pls:bp_35:lv3,gc_fid:pca:pc1(1.000); gc_fid:pca:pc2(1.000); gc_fid:pca:pc3(1.000); gc_fid:pca:pc4(1.000); gc_fid:pca:pc5(1.000); gc_fid:pls:bp_20:lv1(1.000); gc_fid:pls:bp_20:lv2(1.000); gc_fid:pls:bp_20:lv3(1.000),petroleum_fraction_db_027,BP_50,analysis_only,equal_weight
2,petroleum_fraction_db_032,1.917391,309.2,74,gc_fid:pca:pc1; gc_fid:pca:pc2; gc_fid:pca:pc3; gc_fid:pca:pc4; gc_fid:pca:pc5; gc_fid:pls:bp_20:lv1; gc_fid:pls:bp_20:lv2; gc_fid:pls:bp_20:lv3; gc_fid:pls:bp_20:lv4; gc_fid:pls:bp_35:lv1; gc_fid:pls:bp_35:lv2; gc_fid:pls:bp_35:lv3,gc_fid:pca:pc1(1.000); gc_fid:pca:pc2(1.000); gc_fid:pca:pc3(1.000); gc_fid:pca:pc4(1.000); gc_fid:pca:pc5(1.000); gc_fid:pls:bp_20:lv1(1.000); gc_fid:pls:bp_20:lv2(1.000); gc_fid:pls:bp_20:lv3(1.000),petroleum_fraction_db_027,BP_50,analysis_only,equal_weight
1,petroleum_fraction_db_036,1.420792,299.6,74,gc_fid:pca:pc1; gc_fid:pca:pc2; gc_fid:pca:pc3; gc_fid:pca:pc4; gc_fid:pca:pc5; gc_fid:pls:bp_20:lv1; gc_fid:pls:bp_20:lv2; gc_fid:pls:bp_20:lv3; gc_fid:pls:bp_20:lv4; gc_fid:pls:bp_35:lv1; gc_fid:pls:bp_35:lv2; gc_fid:pls:bp_35:lv3,gc_fid:pls:density_20c:lv1(0.977); gc_fid:pls:saturates:lv1(0.960); gc_fid:pls:bp_50:lv1(0.951); gc_fid:pls:bp_80:lv1(0.951); gc_fid:pls:bp_35:lv1(0.951); gc_fid:pls:bp_65:lv1(0.951); gc_fid:pls:bp_20:lv1(0.949); gc_fid:pca:pc1(0.923),petroleum_fraction_db_027,BP_50,analysis_only,correlation_weighted
2,petroleum_fraction_db_032,1.457883,309.2,74,gc_fid:pca:pc1; gc_fid:pca:pc2; gc_fid:pca:pc3; gc_fid:pca:pc4; gc_fid:pca:pc5; gc_fid:pls:bp_20:lv1; gc_fid:pls:bp_20:lv2; gc_fid:pls:bp_20:lv3; gc_fid:pls:bp_20:lv4; gc_fid:pls:bp_35:lv1; gc_fid:pls:bp_35:lv2; gc_fid:pls:bp_35:lv3,gc_fid:pls:density_20c:lv1(0.977); gc_fid:pls:saturates:lv1(0.960); gc_fid:pls:bp_50:lv1(0.951); gc_fid:pls:bp_80:lv1(0.951); gc_fid:pls:bp_35:lv1(0.951); gc_fid:pls:bp_65:lv1(0.951); gc_fid:pls:bp_20:lv1(0.949); gc_fid:pca:pc1(0.923),petroleum_fraction_db_027,BP_50,analysis_only,correlation_weighted
1,petroleum_fraction_db_036,1.799735,299.6,80,bulk_property:bp_20; bulk_property:bp_35; bulk_property:bp_65; bulk_property:bp_80; bulk_property:density_20c; bulk_property:saturates; gc_fid:pca:pc1; gc_fid:pca:pc2; gc_fid:pca:pc3; gc_fid:pca:pc4; gc_fid:pca:pc5; gc_fid:pls:bp_20:lv1,bulk_property:bp_20(1.000); bulk_property:bp_35(1.000); bulk_property:bp_65(1.000); bulk_property:bp_80(1.000); bulk_property:density_20c(1.000); bulk_property:saturates(1.000); gc_fid:pca:pc1(1.000); gc_fid:pca:pc2(1.000),petroleum_fraction_db_027,BP_50,analysis_plus_non_target_bulk,equal_weight
2,petroleum_fraction_db_032,1.870662,309.2,80,bulk_property:bp_20; bulk_property:bp_35; bulk_property:bp_65; bulk_property:bp_80; bulk_property:density_20c; bulk_property:saturates; gc_fid:pca:pc1; gc_fid:pca:pc2; gc_fid:pca:pc3; gc_fid:pca:pc4; gc_fid:pca:pc5; gc_fid:pls:bp_20:lv1,bulk_property:bp_20(1.000); bulk_property:bp_35(1.000); bulk_property:bp_65(1.000); bulk_property:bp_80(1.000); bulk_property:density_20c(1.000); bulk_property:saturates(1.000); gc_fid:pca:pc1(1.000); gc_fid:pca:pc2(1.000),petroleum_fraction_db_027,BP_50,analysis_plus_non_target_bulk,equal_weight
1,petroleum_fraction_db_036,1.365379,299.6,80,bulk_property:bp_20; bulk_property:bp_35; bulk_property:bp_65; bulk_property:bp_80; bulk_property:density_20c; bulk_property:saturates; gc_fid:pca:pc1; gc_fid:pca:pc2; gc_fid:pca:pc3; gc_fid:pca:pc4; gc_fid:pca:pc5; gc_fid:pls:bp_20:lv1,bulk_property:bp_65(1.042); bulk_property:bp_35(1.040); bulk_property:bp_80(1.018); bulk_property:bp_20(1.015); gc_fid:pls:density_20c:lv1(0.977); gc_fid:pls:saturates:lv1(0.960); gc_fid:pls:bp_50:lv1(0.951); gc_fid:pls:bp_80:lv1(0.951),petroleum_fraction_db_027,BP_50,analysis_plus_non_target_bulk,correlation_weighted
2,petroleum_fraction_db_032,1.420696,309.2,80,bulk_property:bp_20; bulk_property:bp_35; bulk_property:bp_65; bulk_property:bp_80; bulk_property:density_20c; bulk_property:saturates; gc_fid:pca:pc1; gc_fid:pca:pc2; gc_fid:pca:pc3; gc_fid:pca:pc4; gc_fid:pca:pc5; gc_fid:pls:bp_20:lv1,bulk_property:bp_65(1.042); bulk_property:bp_35(1.040); bulk_property:bp_80(1.018); bulk_property:bp_20(1.015); gc_fid:pls:density_20c:lv1(0.977); gc_fid:pls:saturates:lv1(0.960); gc_fid:pls:bp_50:lv1(0.951); gc_fid:pls:bp_80:lv1(0.951),petroleum_fraction_db_027,BP_50,analysis_plus_non_target_bulk,correlation_weighted
1,petroleum_fraction_db_036,1.850194,319.4,74,gc_fid:pca:pc1; gc_fid:pca:pc2; gc_fid:pca:pc3; gc_fid:pca:pc4; gc_fid:pca:pc5; gc_fid:pls:bp_20:lv1; gc_fid:pls:bp_20:lv2; gc_fid:pls:bp_20:lv3; gc_fid:pls:bp_20:lv4; gc_fid:pls:bp_35:lv1; gc_fid:pls:bp_35:lv2; gc_fid:pls:bp_35:lv3,gc_fid:pca:pc1(1.000); gc_fid:pca:pc2(1.000); gc_fid:pca:pc3(1.000); gc_fid:pca:pc4(1.000); gc_fid:pca:pc5(1.000); gc_fid:pls:bp_20:lv1(1.000); gc_fid:pls:bp_20:lv2(1.000); gc_fid:pls:bp_20:lv3(1.000),petroleum_fraction_db_027,BP_65,analysis_only,equal_weight
2,petroleum_fraction_db_032,1.917391,332.2,74,gc_fid:pca:pc1; gc_fid:pca:pc2; gc_fid:pca:pc3; gc_fid:pca:pc4; gc_fid:pca:pc5; gc_fid:pls:bp_20:lv1; gc_fid:pls:bp_20:lv2; gc_fid:pls:bp_20:lv3; gc_fid:pls:bp_20:lv4; gc_fid:pls:bp_35:lv1; gc_fid:pls:bp_35:lv2; gc_fid:pls:bp_35:lv3,gc_fid:pca:pc1(1.000); gc_fid:pca:pc2(1.000); gc_fid:pca:pc3(1.000); gc_fid:pca:pc4(1.000); gc_fid:pca:pc5(1.000); gc_fid:pls:bp_20:lv1(1.000); gc_fid:pls:bp_20:lv2(1.000); gc_fid:pls:bp_20:lv3(1.000),petroleum_fraction_db_027,BP_65,analysis_only,equal_weight
1,petroleum_fraction_db_036,1.29228,319.4,74,gc_fid:pca:pc1; gc_fid:pca:pc2; gc_fid:pca:pc3; gc_fid:pca:pc4; gc_fid:pca:pc5; gc_fid:pls:bp_20:lv1; gc_fid:pls:bp_20:lv2; gc_fid:pls:bp_20:lv3; gc_fid:pls:bp_20:lv4; gc_fid:pls:bp_35:lv1; gc_fid:pls:bp_35:lv2; gc_fid:pls:bp_35:lv3,gc_fid:pls:density_20c:lv1(0.980); gc_fid:pls:saturates:lv1(0.965); gc_fid:pls:bp_80:lv1(0.952); gc_fid:pls:bp_65:lv1(0.951); gc_fid:pls:bp_50:lv1(0.951); gc_fid:pls:bp_35:lv1(0.950); gc_fid:pls:bp_20:lv1(0.947); gc_fid:pca:pc1(0.922),petroleum_fraction_db_027,BP_65,analysis_only,correlation_weighted
2,petroleum_fraction_db_032,1.330723,332.2,74,gc_fid:pca:pc1; gc_fid:pca:pc2; gc_fid:pca:pc3; gc_fid:pca:pc4; gc_fid:pca:pc5; gc_fid:pls:bp_20:lv1; gc_fid:pls:bp_20:lv2; gc_fid:pls:bp_20:lv3; gc_fid:pls:bp_20:lv4; gc_fid:pls:bp_35:lv1; gc_fid:pls:bp_35:lv2; gc_fid:pls:bp_35:lv3,gc_fid:pls:density_20c:lv1(0.980); gc_fid:pls:saturates:lv1(0.965); gc_fid:pls:bp_80:lv1(0.952); gc_fid:pls:bp_65:lv1(0.951); gc_fid:pls:bp_50:lv1(0.951); gc_fid:pls:bp_35:lv1(0.950); gc_fid:pls:bp_20:lv1(0.947); gc_fid:pca:pc1(0.922),petroleum_fraction_db_027,BP_65,analysis_only,correlation_weighted
1,petroleum_fraction_db_036,1.799006,319.4,80,bulk_property:bp_20; bulk_property:bp_35; bulk_property:bp_50; bulk_property:bp_80; bulk_property:density_20c; bulk_property:saturates; gc_fid:pca:pc1; gc_fid:pca:pc2; gc_fid:pca:pc3; gc_fid:pca:pc4; gc_fid:pca:pc5; gc_fid:pls:bp_20:lv1,bulk_property:bp_20(1.000); bulk_property:bp_35(1.000); bulk_property:bp_50(1.000); bulk_property:bp_80(1.000); bulk_property:density_20c(1.000); bulk_property:saturates(1.000); gc_fid:pca:pc1(1.000); gc_fid:pca:pc2(1.000),petroleum_fraction_db_027,BP_65,analysis_plus_non_target_bulk,equal_weight
2,petroleum_fraction_db_032,1.869429,332.2,80,bulk_property:bp_20; bulk_property:bp_35; bulk_property:bp_50; bulk_property:bp_80; bulk_property:density_20c; bulk_property:saturates; gc_fid:pca:pc1; gc_fid:pca:pc2; gc_fid:pca:pc3; gc_fid:pca:pc4; gc_fid:pca:pc5; gc_fid:pls:bp_20:lv1,bulk_property:bp_20(1.000); bulk_property:bp_35(1.000); bulk_property:bp_50(1.000); bulk_property:bp_80(1.000); bulk_property:density_20c(1.000); bulk_property:saturates(1.000); gc_fid:pca:pc1(1.000); gc_fid:pca:pc2(1.000),petroleum_fraction_db_027,BP_65,analysis_plus_non_target_bulk,equal_weight
1,petroleum_fraction_db_036,1.250437,319.4,80,bulk_property:bp_20; bulk_property:bp_35; bulk_property:bp_50; bulk_property:bp_80; bulk_property:density_20c; bulk_property:saturates; gc_fid:pca:pc1; gc_fid:pca:pc2; gc_fid:pca:pc3; gc_fid:pca:pc4; gc_fid:pca:pc5; gc_fid:pls:bp_20:lv1,bulk_property:bp_50(1.042); bulk_property:bp_80(1.039); bulk_property:bp_35(1.020); bulk_property:bp_20(0.986); gc_fid:pls:density_20c:lv1(0.980); gc_fid:pls:saturates:lv1(0.965); gc_fid:pls:bp_80:lv1(0.952); gc_fid:pls:bp_65:lv1(0.951),petroleum_fraction_db_027,BP_65,analysis_plus_non_target_bulk,correlation_weighted
2,petroleum_fraction_db_032,1.306842,332.2,80,bulk_property:bp_20; bulk_property:bp_35; bulk_property:bp_50; bulk_property:bp_80; bulk_property:density_20c; bulk_property:saturates; gc_fid:pca:pc1; gc_fid:pca:pc2; gc_fid:pca:pc3; gc_fid:pca:pc4; gc_fid:pca:pc5; gc_fid:pls:bp_20:lv1,bulk_property:bp_50(1.042); bulk_property:bp_80(1.039); bulk_property:bp_35(1.020); bulk_property:bp_20(0.986); gc_fid:pls:density_20c:lv1(0.980); gc_fid:pls:saturates:lv1(0.965); gc_fid:pls:bp_80:lv1(0.952); gc_fid:pls:bp_65:lv1(0.951),petroleum_fraction_db_027,BP_65,analysis_plus_non_target_bulk,correlation_weighted
1,petroleum_fraction_db_036,1.850194,337.8,74,gc_fid:pca:pc1; gc_fid:pca:pc2; gc_fid:pca:pc3; gc_fid:pca:pc4; gc_fid:pca:pc5; gc_fid:pls:bp_20:lv1; gc_fid:pls:bp_20:lv2; gc_fid:pls:bp_20:lv3; gc_fid:pls:bp_20:lv4; gc_fid:pls:bp_35:lv1; gc_fid:pls:bp_35:lv2; gc_fid:pls:bp_35:lv3,gc_fid:pca:pc1(1.000); gc_fid:pca:pc2(1.000); gc_fid:pca:pc3(1.000); gc_fid:pca:pc4(1.000); gc_fid:pca:pc5(1.000); gc_fid:pls:bp_20:lv1(1.000); gc_fid:pls:bp_20:lv2(1.000); gc_fid:pls:bp_20:lv3(1.000),petroleum_fraction_db_027,BP_80,analysis_only,equal_weight
2,petroleum_fraction_db_032,1.917391,357.2,74,gc_fid:pca:pc1; gc_fid:pca:pc2; gc_fid:pca:pc3; gc_fid:pca:pc4; gc_fid:pca:pc5; gc_fid:pls:bp_20:lv1; gc_fid:pls:bp_20:lv2; gc_fid:pls:bp_20:lv3; gc_fid:pls:bp_20:lv4; gc_fid:pls:bp_35:lv1; gc_fid:pls:bp_35:lv2; gc_fid:pls:bp_35:lv3,gc_fid:pca:pc1(1.000); gc_fid:pca:pc2(1.000); gc_fid:pca:pc3(1.000); gc_fid:pca:pc4(1.000); gc_fid:pca:pc5(1.000); gc_fid:pls:bp_20:lv1(1.000); gc_fid:pls:bp_20:lv2(1.000); gc_fid:pls:bp_20:lv3(1.000),petroleum_fraction_db_027,BP_80,analysis_only,equal_weight
1,petroleum_fraction_db_036,1.219253,337.8,74,gc_fid:pca:pc1; gc_fid:pca:pc2; gc_fid:pca:pc3; gc_fid:pca:pc4; gc_fid:pca:pc5; gc_fid:pls:bp_20:lv1; gc_fid:pls:bp_20:lv2; gc_fid:pls:bp_20:lv3; gc_fid:pls:bp_20:lv4; gc_fid:pls:bp_35:lv1; gc_fid:pls:bp_35:lv2; gc_fid:pls:bp_35:lv3,gc_fid:pls:density_20c:lv1(0.973); gc_fid:pls:saturates:lv1(0.962); gc_fid:pls:bp_80:lv1(0.945); gc_fid:pls:bp_65:lv1(0.942); gc_fid:pls:bp_50:lv1(0.941); gc_fid:pls:bp_35:lv1(0.939); gc_fid:pls:bp_20:lv1(0.935); gc_fid:pca:pc1(0.913),petroleum_fraction_db_027,BP_80,analysis_only,correlation_weighted
2,petroleum_fraction_db_032,1.265582,357.2,74,gc_fid:pca:pc1; gc_fid:pca:pc2; gc_fid:pca:pc3; gc_fid:pca:pc4; gc_fid:pca:pc5; gc_fid:pls:bp_20:lv1; gc_fid:pls:bp_20:lv2; gc_fid:pls:bp_20:lv3; gc_fid:pls:bp_20:lv4; gc_fid:pls:bp_35:lv1; gc_fid:pls:bp_35:lv2; gc_fid:pls:bp_35:lv3,gc_fid:pls:density_20c:lv1(0.973); gc_fid:pls:saturates:lv1(0.962); gc_fid:pls:bp_80:lv1(0.945); gc_fid:pls:bp_65:lv1(0.942); gc_fid:pls:bp_50:lv1(0.941); gc_fid:pls:bp_35:lv1(0.939); gc_fid:pls:bp_20:lv1(0.935); gc_fid:pca:pc1(0.913),petroleum_fraction_db_027,BP_80,analysis_only,correlation_weighted
1,petroleum_fraction_db_036,1.799151,337.8,80,bulk_property:bp_20; bulk_property:bp_35; bulk_property:bp_50; bulk_property:bp_65; bulk_property:density_20c; bulk_property:saturates; gc_fid:pca:pc1; gc_fid:pca:pc2; gc_fid:pca:pc3; gc_fid:pca:pc4; gc_fid:pca:pc5; gc_fid:pls:bp_20:lv1,bulk_property:bp_20(1.000); bulk_property:bp_35(1.000); bulk_property:bp_50(1.000); bulk_property:bp_65(1.000); bulk_property:density_20c(1.000); bulk_property:saturates(1.000); gc_fid:pca:pc1(1.000); gc_fid:pca:pc2(1.000),petroleum_fraction_db_027,BP_80,analysis_plus_non_target_bulk,equal_weight
2,petroleum_fraction_db_032,1.868814,357.2,80,bulk_property:bp_20; bulk_property:bp_35; bulk_property:bp_50; bulk_property:bp_65; bulk_property:density_20c; bulk_property:saturates; gc_fid:pca:pc1; gc_fid:pca:pc2; gc_fid:pca:pc3; gc_fid:pca:pc4; gc_fid:pca:pc5; gc_fid:pls:bp_20:lv1,bulk_property:bp_20(1.000); bulk_property:bp_35(1.000); bulk_property:bp_50(1.000); bulk_property:bp_65(1.000); bulk_property:density_20c(1.000); bulk_property:saturates(1.000); gc_fid:pca:pc1(1.000); gc_fid:pca:pc2(1.000),petroleum_fraction_db_027,BP_80,analysis_plus_non_target_bulk,equal_weight
1,petroleum_fraction_db_036,1.188083,337.8,80,bulk_property:bp_20; bulk_property:bp_35; bulk_property:bp_50; bulk_property:bp_65; bulk_property:density_20c; bulk_property:saturates; gc_fid:pca:pc1; gc_fid:pca:pc2; gc_fid:pca:pc3; gc_fid:pca:pc4; gc_fid:pca:pc5; gc_fid:pls:bp_20:lv1,bulk_property:bp_65(1.039); bulk_property:bp_50(1.018); bulk_property:bp_35(0.982); gc_fid:pls:density_20c:lv1(0.973); gc_fid:pls:saturates:lv1(0.962); gc_fid:pls:bp_80:lv1(0.945); gc_fid:pls:bp_65:lv1(0.942); gc_fid:pls:bp_50:lv1(0.941),petroleum_fraction_db_027,BP_80,analysis_plus_non_target_bulk,correlation_weighted
2,petroleum_fraction_db_032,1.248916,357.2,80,bulk_property:bp_20; bulk_property:bp_35; bulk_property:bp_50; bulk_property:bp_65; bulk_property:density_20c; bulk_property:saturates; gc_fid:pca:pc1; gc_fid:pca:pc2; gc_fid:pca:pc3; gc_fid:pca:pc4; gc_fid:pca:pc5; gc_fid:pls:bp_20:lv1,bulk_property:bp_65(1.039); bulk_property:bp_50(1.018); bulk_property:bp_35(0.982); gc_fid:pls:density_20c:lv1(0.973); gc_fid:pls:saturates:lv1(0.962); gc_fid:pls:bp_80:lv1(0.945); gc_fid:pls:bp_65:lv1(0.942); gc_fid:pls:bp_50:lv1(0.941),petroleum_fraction_db_027,BP_80,analysis_plus_non_target_bulk,correlation_weighted
1,petroleum_fraction_db_037,0.057098,0.884,74,gc_fid:pca:pc1; gc_fid:pca:pc2; gc_fid:pca:pc3; gc_fid:pca:pc4; gc_fid:pca:pc5; gc_fid:pls:bp_20:lv1; gc_fid:pls:bp_20:lv2; gc_fid:pls:bp_20:lv3; gc_fid:pls:bp_20:lv4; gc_fid:pls:bp_35:lv1; gc_fid:pls:bp_35:lv2; gc_fid:pls:bp_35:lv3,gc_fid:pca:pc1(1.000); gc_fid:pca:pc2(1.000); gc_fid:pca:pc3(1.000); gc_fid:pca:pc4(1.000); gc_fid:pca:pc5(1.000); gc_fid:pls:bp_20:lv1(1.000); gc_fid:pls:bp_20:lv2(1.000); gc_fid:pls:bp_20:lv3(1.000),petroleum_fraction_db_039,density_20c,analysis_only,equal_weight
2,petroleum_fraction_db_033,0.668313,0.9002,74,gc_fid:pca:pc1; gc_fid:pca:pc2; gc_fid:pca:pc3; gc_fid:pca:pc4; gc_fid:pca:pc5; gc_fid:pls:bp_20:lv1; gc_fid:pls:bp_20:lv2; gc_fid:pls:bp_20:lv3; gc_fid:pls:bp_20:lv4; gc_fid:pls:bp_35:lv1; gc_fid:pls:bp_35:lv2; gc_fid:pls:bp_35:lv3,gc_fid:pca:pc1(1.000); gc_fid:pca:pc2(1.000); gc_fid:pca:pc3(1.000); gc_fid:pca:pc4(1.000); gc_fid:pca:pc5(1.000); gc_fid:pls:bp_20:lv1(1.000); gc_fid:pls:bp_20:lv2(1.000); gc_fid:pls:bp_20:lv3(1.000),petroleum_fraction_db_039,density_20c,analysis_only,equal_weight
1,petroleum_fraction_db_037,0.055639,0.884,74,gc_fid:pca:pc1; gc_fid:pca:pc2; gc_fid:pca:pc3; gc_fid:pca:pc4; gc_fid:pca:pc5; gc_fid:pls:bp_20:lv1; gc_fid:pls:bp_20:lv2; gc_fid:pls:bp_20:lv3; gc_fid:pls:bp_20:lv4; gc_fid:pls:bp_35:lv1; gc_fid:pls:bp_35:lv2; gc_fid:pls:bp_35:lv3,ir:weighted_x_q90(0.728); ir_spectrum:pls:density_20c:lv2(0.727); ir_spectrum:pls:saturates:lv2(0.716); ir_spectrum:pls:density_20c:lv1(0.649); ir_spectrum:pls:saturates:lv1(0.629); ir_spectrum:pls:bp_35:lv1(0.628); ir_spectrum:pca:pc1(0.615); ir_spectrum:pls:bp_65:lv1(0.615),petroleum_fraction_db_039,density_20c,analysis_only,correlation_weighted
2,petroleum_fraction_db_057,0.630079,0.8553,74,gc_fid:pca:pc1; gc_fid:pca:pc2; gc_fid:pca:pc3; gc_fid:pca:pc4; gc_fid:pca:pc5; gc_fid:pls:bp_20:lv1; gc_fid:pls:bp_20:lv2; gc_fid:pls:bp_20:lv3; gc_fid:pls:bp_20:lv4; gc_fid:pls:bp_35:lv1; gc_fid:pls:bp_35:lv2; gc_fid:pls:bp_35:lv3,ir:weighted_x_q90(0.728); ir_spectrum:pls:density_20c:lv2(0.727); ir_spectrum:pls:saturates:lv2(0.716); ir_spectrum:pls:density_20c:lv1(0.649); ir_spectrum:pls:saturates:lv1(0.629); ir_spectrum:pls:bp_35:lv1(0.628); ir_spectrum:pca:pc1(0.615); ir_spectrum:pls:bp_65:lv1(0.615),petroleum_fraction_db_039,density_20c,analysis_only,correlation_weighted
1,petroleum_fraction_db_037,0.055722,0.884,80,bulk_property:bp_20; bulk_property:bp_35; bulk_property:bp_50; bulk_property:bp_65; bulk_property:bp_80; bulk_property:saturates; gc_fid:pca:pc1; gc_fid:pca:pc2; gc_fid:pca:pc3; gc_fid:pca:pc4; gc_fid:pca:pc5; gc_fid:pls:bp_20:lv1,bulk_property:bp_20(1.000); bulk_property:bp_35(1.000); bulk_property:bp_50(1.000); bulk_property:bp_65(1.000); bulk_property:bp_80(1.000); bulk_property:saturates(1.000); gc_fid:pca:pc1(1.000); gc_fid:pca:pc2(1.000),petroleum_fraction_db_039,density_20c,analysis_plus_non_target_bulk,equal_weight
2,petroleum_fraction_db_042,0.682961,0.8366,80,bulk_property:bp_20; bulk_property:bp_35; bulk_property:bp_50; bulk_property:bp_65; bulk_property:bp_80; bulk_property:saturates; gc_fid:pca:pc1; gc_fid:pca:pc2; gc_fid:pca:pc3; gc_fid:pca:pc4; gc_fid:pca:pc5; gc_fid:pls:bp_20:lv1,bulk_property:bp_20(1.000); bulk_property:bp_35(1.000); bulk_property:bp_50(1.000); bulk_property:bp_65(1.000); bulk_property:bp_80(1.000); bulk_property:saturates(1.000); gc_fid:pca:pc1(1.000); gc_fid:pca:pc2(1.000),petroleum_fraction_db_039,density_20c,analysis_plus_non_target_bulk,equal_weight
1,petroleum_fraction_db_037,0.055692,0.884,80,bulk_property:bp_20; bulk_property:bp_35; bulk_property:bp_50; bulk_property:bp_65; bulk_property:bp_80; bulk_property:saturates; gc_fid:pca:pc1; gc_fid:pca:pc2; gc_fid:pca:pc3; gc_fid:pca:pc4; gc_fid:pca:pc5; gc_fid:pls:bp_20:lv1,bulk_property:saturates(0.895); ir:weighted_x_q90(0.728); ir_spectrum:pls:density_20c:lv2(0.727); ir_spectrum:pls:saturates:lv2(0.716); ir_spectrum:pls:density_20c:lv1(0.649); ir_spectrum:pls:saturates:lv1(0.629); ir_spectrum:pls:bp_35:lv1(0.628); ir_spectrum:pca:pc1(0.615),petroleum_fraction_db_039,density_20c,analysis_plus_non_target_bulk,correlation_weighted
2,petroleum_fraction_db_057,0.670217,0.8553,80,bulk_property:bp_20; bulk_property:bp_35; bulk_property:bp_50; bulk_property:bp_65; bulk_property:bp_80; bulk_property:saturates; gc_fid:pca:pc1; gc_fid:pca:pc2; gc_fid:pca:pc3; gc_fid:pca:pc4; gc_fid:pca:pc5; gc_fid:pls:bp_20:lv1,bulk_property:saturates(0.895); ir:weighted_x_q90(0.728); ir_spectrum:pls:density_20c:lv2(0.727); ir_spectrum:pls:saturates:lv2(0.716); ir_spectrum:pls:density_20c:lv1(0.649); ir_spectrum:pls:saturates:lv1(0.629); ir_spectrum:pls:bp_35:lv1(0.628); ir_spectrum:pca:pc1(0.615),petroleum_fraction_db_039,density_20c,analysis_plus_non_target_bulk,correlation_weighted
1,petroleum_fraction_db_037,0.057098,66.69643743177537,74,gc_fid:pca:pc1; gc_fid:pca:pc2; gc_fid:pca:pc3; gc_fid:pca:pc4; gc_fid:pca:pc5; gc_fid:pls:bp_20:lv1; gc_fid:pls:bp_20:lv2; gc_fid:pls:bp_20:lv3; gc_fid:pls:bp_20:lv4; gc_fid:pls:bp_35:lv1; gc_fid:pls:bp_35:lv2; gc_fid:pls:bp_35:lv3,gc_fid:pca:pc1(1.000); gc_fid:pca:pc2(1.000); gc_fid:pca:pc3(1.000); gc_fid:pca:pc4(1.000); gc_fid:pca:pc5(1.000); gc_fid:pls:bp_20:lv1(1.000); gc_fid:pls:bp_20:lv2(1.000); gc_fid:pls:bp_20:lv3(1.000),petroleum_fraction_db_039,saturates,analysis_only,equal_weight
2,petroleum_fraction_db_033,0.668313,78.72959279414542,74,gc_fid:pca:pc1; gc_fid:pca:pc2; gc_fid:pca:pc3; gc_fid:pca:pc4; gc_fid:pca:pc5; gc_fid:pls:bp_20:lv1; gc_fid:pls:bp_20:lv2; gc_fid:pls:bp_20:lv3; gc_fid:pls:bp_20:lv4; gc_fid:pls:bp_35:lv1; gc_fid:pls:bp_35:lv2; gc_fid:pls:bp_35:lv3,gc_fid:pca:pc1(1.000); gc_fid:pca:pc2(1.000); gc_fid:pca:pc3(1.000); gc_fid:pca:pc4(1.000); gc_fid:pca:pc5(1.000); gc_fid:pls:bp_20:lv1(1.000); gc_fid:pls:bp_20:lv2(1.000); gc_fid:pls:bp_20:lv3(1.000),petroleum_fraction_db_039,saturates,analysis_only,equal_weight
1,petroleum_fraction_db_037,0.055168,66.69643743177537,74,gc_fid:pca:pc1; gc_fid:pca:pc2; gc_fid:pca:pc3; gc_fid:pca:pc4; gc_fid:pca:pc5; gc_fid:pls:bp_20:lv1; gc_fid:pls:bp_20:lv2; gc_fid:pls:bp_20:lv3; gc_fid:pls:bp_20:lv4; gc_fid:pls:bp_35:lv1; gc_fid:pls:bp_35:lv2; gc_fid:pls:bp_35:lv3,ir:weighted_x_q90(0.703); ir_spectrum:pls:density_20c:lv1(0.668); ir_spectrum:pls:saturates:lv1(0.668); ir_spectrum:pca:pc1(0.656); ir:weighted_x_mean(0.613); ir_spectrum:pls:bp_80:lv1(0.577); ir_spectrum:pls:saturates:lv2(0.568); ir:weighted_x_q50(0.567),petroleum_fraction_db_039,saturates,analysis_only,correlation_weighted
2,petroleum_fraction_db_057,0.62879,81.55222680205082,74,gc_fid:pca:pc1; gc_fid:pca:pc2; gc_fid:pca:pc3; gc_fid:pca:pc4; gc_fid:pca:pc5; gc_fid:pls:bp_20:lv1; gc_fid:pls:bp_20:lv2; gc_fid:pls:bp_20:lv3; gc_fid:pls:bp_20:lv4; gc_fid:pls:bp_35:lv1; gc_fid:pls:bp_35:lv2; gc_fid:pls:bp_35:lv3,ir:weighted_x_q90(0.703); ir_spectrum:pls:density_20c:lv1(0.668); ir_spectrum:pls:saturates:lv1(0.668); ir_spectrum:pca:pc1(0.656); ir:weighted_x_mean(0.613); ir_spectrum:pls:bp_80:lv1(0.577); ir_spectrum:pls:saturates:lv2(0.568); ir:weighted_x_q50(0.567),petroleum_fraction_db_039,saturates,analysis_only,correlation_weighted
1,petroleum_fraction_db_037,0.054759,66.69643743177537,80,bulk_property:bp_20; bulk_property:bp_35; bulk_property:bp_50; bulk_property:bp_65; bulk_property:bp_80; bulk_property:density_20c; gc_fid:pca:pc1; gc_fid:pca:pc2; gc_fid:pca:pc3; gc_fid:pca:pc4; gc_fid:pca:pc5; gc_fid:pls:bp_20:lv1,bulk_property:bp_20(1.000); bulk_property:bp_35(1.000); bulk_property:bp_50(1.000); bulk_property:bp_65(1.000); bulk_property:bp_80(1.000); bulk_property:density_20c(1.000); gc_fid:pca:pc1(1.000); gc_fid:pca:pc2(1.000),petroleum_fraction_db_039,saturates,analysis_plus_non_target_bulk,equal_weight
2,petroleum_fraction_db_042,0.680684,86.20824762464481,80,bulk_property:bp_20; bulk_property:bp_35; bulk_property:bp_50; bulk_property:bp_65; bulk_property:bp_80; bulk_property:density_20c; gc_fid:pca:pc1; gc_fid:pca:pc2; gc_fid:pca:pc3; gc_fid:pca:pc4; gc_fid:pca:pc5; gc_fid:pls:bp_20:lv1,bulk_property:bp_20(1.000); bulk_property:bp_35(1.000); bulk_property:bp_50(1.000); bulk_property:bp_65(1.000); bulk_property:bp_80(1.000); bulk_property:density_20c(1.000); gc_fid:pca:pc1(1.000); gc_fid:pca:pc2(1.000),petroleum_fraction_db_039,saturates,analysis_plus_non_target_bulk,equal_weight
1,petroleum_fraction_db_037,0.052842,66.69643743177537,80,bulk_property:bp_20; bulk_property:bp_35; bulk_property:bp_50; bulk_property:bp_65; bulk_property:bp_80; bulk_property:density_20c; gc_fid:pca:pc1; gc_fid:pca:pc2; gc_fid:pca:pc3; gc_fid:pca:pc4; gc_fid:pca:pc5; gc_fid:pls:bp_20:lv1,bulk_property:density_20c(0.895); ir:weighted_x_q90(0.703); ir_spectrum:pls:density_20c:lv1(0.668); ir_spectrum:pls:saturates:lv1(0.668); ir_spectrum:pca:pc1(0.656); ir:weighted_x_mean(0.613); ir_spectrum:pls:bp_80:lv1(0.577); ir_spectrum:pls:saturates:lv2(0.568),petroleum_fraction_db_039,saturates,analysis_plus_non_target_bulk,correlation_weighted
2,petroleum_fraction_db_057,0.661373,81.55222680205082,80,bulk_property:bp_20; bulk_property:bp_35; bulk_property:bp_50; bulk_property:bp_65; bulk_property:bp_80; bulk_property:density_20c; gc_fid:pca:pc1; gc_fid:pca:pc2; gc_fid:pca:pc3; gc_fid:pca:pc4; gc_fid:pca:pc5; gc_fid:pls:bp_20:lv1,bulk_property:density_20c(0.895); ir:weighted_x_q90(0.703); ir_spectrum:pls:density_20c:lv1(0.668); ir_spectrum:pls:saturates:lv1(0.668); ir_spectrum:pca:pc1(0.656); ir:weighted_x_mean(0.613); ir_spectrum:pls:bp_80:lv1(0.577); ir_spectrum:pls:saturates:lv2(0.568),petroleum_fraction_db_039,saturates,analysis_plus_non_target_bulk,correlation_weighted
1,petroleum_fraction_db_037,0.057098,296.4,74,gc_fid:pca:pc1; gc_fid:pca:pc2; gc_fid:pca:pc3; gc_fid:pca:pc4; gc_fid:pca:pc5; gc_fid:pls:bp_20:lv1; gc_fid:pls:bp_20:lv2; gc_fid:pls:bp_20:lv3; gc_fid:pls:bp_20:lv4; gc_fid:pls:bp_35:lv1; gc_fid:pls:bp_35:lv2; gc_fid:pls:bp_35:lv3,gc_fid:pca:pc1(1.000); gc_fid:pca:pc2(1.000); gc_fid:pca:pc3(1.000); gc_fid:pca:pc4(1.000); gc_fid:pca:pc5(1.000); gc_fid:pls:bp_20:lv1(1.000); gc_fid:pls:bp_20:lv2(1.000); gc_fid:pls:bp_20:lv3(1.000),petroleum_fraction_db_039,BP_20,analysis_only,equal_weight
2,petroleum_fraction_db_033,0.668313,368.0,74,gc_fid:pca:pc1; gc_fid:pca:pc2; gc_fid:pca:pc3; gc_fid:pca:pc4; gc_fid:pca:pc5; gc_fid:pls:bp_20:lv1; gc_fid:pls:bp_20:lv2; gc_fid:pls:bp_20:lv3; gc_fid:pls:bp_20:lv4; gc_fid:pls:bp_35:lv1; gc_fid:pls:bp_35:lv2; gc_fid:pls:bp_35:lv3,gc_fid:pca:pc1(1.000); gc_fid:pca:pc2(1.000); gc_fid:pca:pc3(1.000); gc_fid:pca:pc4(1.000); gc_fid:pca:pc5(1.000); gc_fid:pls:bp_20:lv1(1.000); gc_fid:pls:bp_20:lv2(1.000); gc_fid:pls:bp_20:lv3(1.000),petroleum_fraction_db_039,BP_20,analysis_only,equal_weight
1,petroleum_fraction_db_037,0.051954,296.4,74,gc_fid:pca:pc1; gc_fid:pca:pc2; gc_fid:pca:pc3; gc_fid:pca:pc4; gc_fid:pca:pc5; gc_fid:pls:bp_20:lv1; gc_fid:pls:bp_20:lv2; gc_fid:pls:bp_20:lv3; gc_fid:pls:bp_20:lv4; gc_fid:pls:bp_35:lv1; gc_fid:pls:bp_35:lv2; gc_fid:pls:bp_35:lv3,gc_fid:pls:density_20c:lv1(0.948); gc_fid:pls:bp_20:lv1(0.940); gc_fid:pls:bp_35:lv1(0.939); gc_fid:pls:bp_50:lv1(0.938); gc_fid:pls:bp_65:lv1(0.936); gc_fid:pls:bp_80:lv1(0.934); gc_fid:pls:saturates:lv1(0.928); gc_fid:pca:pc1(0.914),petroleum_fraction_db_039,BP_20,analysis_only,correlation_weighted
2,petroleum_fraction_db_057,0.56725,289.4,74,gc_fid:pca:pc1; gc_fid:pca:pc2; gc_fid:pca:pc3; gc_fid:pca:pc4; gc_fid:pca:pc5; gc_fid:pls:bp_20:lv1; gc_fid:pls:bp_20:lv2; gc_fid:pls:bp_20:lv3; gc_fid:pls:bp_20:lv4; gc_fid:pls:bp_35:lv1; gc_fid:pls:bp_35:lv2; gc_fid:pls:bp_35:lv3,gc_fid:pls:density_20c:lv1(0.948); gc_fid:pls:bp_20:lv1(0.940); gc_fid:pls:bp_35:lv1(0.939); gc_fid:pls:bp_50:lv1(0.938); gc_fid:pls:bp_65:lv1(0.936); gc_fid:pls:bp_80:lv1(0.934); gc_fid:pls:saturates:lv1(0.928); gc_fid:pca:pc1(0.914),petroleum_fraction_db_039,BP_20,analysis_only,correlation_weighted
1,petroleum_fraction_db_037,0.056005,296.4,80,bulk_property:bp_35; bulk_property:bp_50; bulk_property:bp_65; bulk_property:bp_80; bulk_property:density_20c; bulk_property:saturates; gc_fid:pca:pc1; gc_fid:pca:pc2; gc_fid:pca:pc3; gc_fid:pca:pc4; gc_fid:pca:pc5; gc_fid:pls:bp_20:lv1,bulk_property:bp_35(1.000); bulk_property:bp_50(1.000); bulk_property:bp_65(1.000); bulk_property:bp_80(1.000); bulk_property:density_20c(1.000); bulk_property:saturates(1.000); gc_fid:pca:pc1(1.000); gc_fid:pca:pc2(1.000),petroleum_fraction_db_039,BP_20,analysis_plus_non_target_bulk,equal_weight
2,petroleum_fraction_db_040,0.674008,360.6,80,bulk_property:bp_35; bulk_property:bp_50; bulk_property:bp_65; bulk_property:bp_80; bulk_property:density_20c; bulk_property:saturates; gc_fid:pca:pc1; gc_fid:pca:pc2; gc_fid:pca:pc3; gc_fid:pca:pc4; gc_fid:pca:pc5; gc_fid:pls:bp_20:lv1,bulk_property:bp_35(1.000); bulk_property:bp_50(1.000); bulk_property:bp_65(1.000); bulk_property:bp_80(1.000); bulk_property:density_20c(1.000); bulk_property:saturates(1.000); gc_fid:pca:pc1(1.000); gc_fid:pca:pc2(1.000),petroleum_fraction_db_039,BP_20,analysis_plus_non_target_bulk,equal_weight
1,petroleum_fraction_db_037,0.049507,296.4,80,bulk_property:bp_35; bulk_property:bp_50; bulk_property:bp_65; bulk_property:bp_80; bulk_property:density_20c; bulk_property:saturates; gc_fid:pca:pc1; gc_fid:pca:pc2; gc_fid:pca:pc3; gc_fid:pca:pc4; gc_fid:pca:pc5; gc_fid:pls:bp_20:lv1,bulk_property:bp_35(1.040); bulk_property:bp_50(1.015); bulk_property:bp_65(0.986); gc_fid:pls:density_20c:lv1(0.948); gc_fid:pls:bp_20:lv1(0.940); gc_fid:pls:bp_35:lv1(0.939); bulk_property:bp_80(0.939); gc_fid:pls:bp_50:lv1(0.938),petroleum_fraction_db_039,BP_20,analysis_plus_non_target_bulk,correlation_weighted
2,petroleum_fraction_db_042,0.590887,297.4,80,bulk_property:bp_35; bulk_property:bp_50; bulk_property:bp_65; bulk_property:bp_80; bulk_property:density_20c; bulk_property:saturates; gc_fid:pca:pc1; gc_fid:pca:pc2; gc_fid:pca:pc3; gc_fid:pca:pc4; gc_fid:pca:pc5; gc_fid:pls:bp_20:lv1,bulk_property:bp_35(1.040); bulk_property:bp_50(1.015); bulk_property:bp_65(0.986); gc_fid:pls:density_20c:lv1(0.948); gc_fid:pls:bp_20:lv1(0.940); gc_fid:pls:bp_35:lv1(0.939); bulk_property:bp_80(0.939); gc_fid:pls:bp_50:lv1(0.938),petroleum_fraction_db_039,BP_20,analysis_plus_non_target_bulk,correlation_weighted
1,petroleum_fraction_db_037,0.057098,332.0,74,gc_fid:pca:pc1; gc_fid:pca:pc2; gc_fid:pca:pc3; gc_fid:pca:pc4; gc_fid:pca:pc5; gc_fid:pls:bp_20:lv1; gc_fid:pls:bp_20:lv2; gc_fid:pls:bp_20:lv3; gc_fid:pls:bp_20:lv4; gc_fid:pls:bp_35:lv1; gc_fid:pls:bp_35:lv2; gc_fid:pls:bp_35:lv3,gc_fid:pca:pc1(1.000); gc_fid:pca:pc2(1.000); gc_fid:pca:pc3(1.000); gc_fid:pca:pc4(1.000); gc_fid:pca:pc5(1.000); gc_fid:pls:bp_20:lv1(1.000); gc_fid:pls:bp_20:lv2(1.000); gc_fid:pls:bp_20:lv3(1.000),petroleum_fraction_db_039,BP_35,analysis_only,equal_weight
2,petroleum_fraction_db_033,0.668313,398.6,74,gc_fid:pca:pc1; gc_fid:pca:pc2; gc_fid:pca:pc3; gc_fid:pca:pc4; gc_fid:pca:pc5; gc_fid:pls:bp_20:lv1; gc_fid:pls:bp_20:lv2; gc_fid:pls:bp_20:lv3; gc_fid:pls:bp_20:lv4; gc_fid:pls:bp_35:lv1; gc_fid:pls:bp_35:lv2; gc_fid:pls:bp_35:lv3,gc_fid:pca:pc1(1.000); gc_fid:pca:pc2(1.000); gc_fid:pca:pc3(1.000); gc_fid:pca:pc4(1.000); gc_fid:pca:pc5(1.000); gc_fid:pls:bp_20:lv1(1.000); gc_fid:pls:bp_20:lv2(1.000); gc_fid:pls:bp_20:lv3(1.000),petroleum_fraction_db_039,BP_35,analysis_only,equal_weight
1,petroleum_fraction_db_037,0.052321,332.0,74,gc_fid:pca:pc1; gc_fid:pca:pc2; gc_fid:pca:pc3; gc_fid:pca:pc4; gc_fid:pca:pc5; gc_fid:pls:bp_20:lv1; gc_fid:pls:bp_20:lv2; gc_fid:pls:bp_20:lv3; gc_fid:pls:bp_20:lv4; gc_fid:pls:bp_35:lv1; gc_fid:pls:bp_35:lv2; gc_fid:pls:bp_35:lv3,gc_fid:pls:density_20c:lv1(0.967); gc_fid:pls:bp_35:lv1(0.949); gc_fid:pls:saturates:lv1(0.948); gc_fid:pls:bp_20:lv1(0.948); gc_fid:pls:bp_50:lv1(0.948); gc_fid:pls:bp_65:lv1(0.947); gc_fid:pls:bp_80:lv1(0.946); gc_fid:pca:pc1(0.921),petroleum_fraction_db_039,BP_35,analysis_only,correlation_weighted
2,petroleum_fraction_db_057,0.572422,307.6,74,gc_fid:pca:pc1; gc_fid:pca:pc2; gc_fid:pca:pc3; gc_fid:pca:pc4; gc_fid:pca:pc5; gc_fid:pls:bp_20:lv1; gc_fid:pls:bp_20:lv2; gc_fid:pls:bp_20:lv3; gc_fid:pls:bp_20:lv4; gc_fid:pls:bp_35:lv1; gc_fid:pls:bp_35:lv2; gc_fid:pls:bp_35:lv3,gc_fid:pls:density_20c:lv1(0.967); gc_fid:pls:bp_35:lv1(0.949); gc_fid:pls:saturates:lv1(0.948); gc_fid:pls:bp_20:lv1(0.948); gc_fid:pls:bp_50:lv1(0.948); gc_fid:pls:bp_65:lv1(0.947); gc_fid:pls:bp_80:lv1(0.946); gc_fid:pca:pc1(0.921),petroleum_fraction_db_039,BP_35,analysis_only,correlation_weighted
1,petroleum_fraction_db_037,0.056014,332.0,80,bulk_property:bp_20; bulk_property:bp_50; bulk_property:bp_65; bulk_property:bp_80; bulk_property:density_20c; bulk_property:saturates; gc_fid:pca:pc1; gc_fid:pca:pc2; gc_fid:pca:pc3; gc_fid:pca:pc4; gc_fid:pca:pc5; gc_fid:pls:bp_20:lv1,bulk_property:bp_20(1.000); bulk_property:bp_50(1.000); bulk_property:bp_65(1.000); bulk_property:bp_80(1.000); bulk_property:density_20c(1.000); bulk_property:saturates(1.000); gc_fid:pca:pc1(1.000); gc_fid:pca:pc2(1.000),petroleum_fraction_db_039,BP_35,analysis_plus_non_target_bulk,equal_weight
2,petroleum_fraction_db_040,0.678946,381.2,80,bulk_property:bp_20; bulk_property:bp_50; bulk_property:bp_65; bulk_property:bp_80; bulk_property:density_20c; bulk_property:saturates; gc_fid:pca:pc1; gc_fid:pca:pc2; gc_fid:pca:pc3; gc_fid:pca:pc4; gc_fid:pca:pc5; gc_fid:pls:bp_20:lv1,bulk_property:bp_20(1.000); bulk_property:bp_50(1.000); bulk_property:bp_65(1.000); bulk_property:bp_80(1.000); bulk_property:density_20c(1.000); bulk_property:saturates(1.000); gc_fid:pca:pc1(1.000); gc_fid:pca:pc2(1.000),petroleum_fraction_db_039,BP_35,analysis_plus_non_target_bulk,equal_weight
1,petroleum_fraction_db_037,0.049933,332.0,80,bulk_property:bp_20; bulk_property:bp_50; bulk_property:bp_65; bulk_property:bp_80; bulk_property:density_20c; bulk_property:saturates; gc_fid:pca:pc1; gc_fid:pca:pc2; gc_fid:pca:pc3; gc_fid:pca:pc4; gc_fid:pca:pc5; gc_fid:pls:bp_20:lv1,bulk_property:bp_20(1.040); bulk_property:bp_50(1.040); bulk_property:bp_65(1.020); bulk_property:bp_80(0.982); gc_fid:pls:density_20c:lv1(0.967); gc_fid:pls:bp_35:lv1(0.949); gc_fid:pls:saturates:lv1(0.948); gc_fid:pls:bp_20:lv1(0.948),petroleum_fraction_db_039,BP_35,analysis_plus_non_target_bulk,correlation_weighted
2,petroleum_fraction_db_042,0.589463,324.4,80,bulk_property:bp_20; bulk_property:bp_50; bulk_property:bp_65; bulk_property:bp_80; bulk_property:density_20c; bulk_property:saturates; gc_fid:pca:pc1; gc_fid:pca:pc2; gc_fid:pca:pc3; gc_fid:pca:pc4; gc_fid:pca:pc5; gc_fid:pls:bp_20:lv1,bulk_property:bp_20(1.040); bulk_property:bp_50(1.040); bulk_property:bp_65(1.020); bulk_property:bp_80(0.982); gc_fid:pls:density_20c:lv1(0.967); gc_fid:pls:bp_35:lv1(0.949); gc_fid:pls:saturates:lv1(0.948); gc_fid:pls:bp_20:lv1(0.948),petroleum_fraction_db_039,BP_35,analysis_plus_non_target_bulk,correlation_weighted
1,petroleum_fraction_db_037,0.057098,362.8,74,gc_fid:pca:pc1; gc_fid:pca:pc2; gc_fid:pca:pc3; gc_fid:pca:pc4; gc_fid:pca:pc5; gc_fid:pls:bp_20:lv1; gc_fid:pls:bp_20:lv2; gc_fid:pls:bp_20:lv3; gc_fid:pls:bp_20:lv4; gc_fid:pls:bp_35:lv1; gc_fid:pls:bp_35:lv2; gc_fid:pls:bp_35:lv3,gc_fid:pca:pc1(1.000); gc_fid:pca:pc2(1.000); gc_fid:pca:pc3(1.000); gc_fid:pca:pc4(1.000); gc_fid:pca:pc5(1.000); gc_fid:pls:bp_20:lv1(1.000); gc_fid:pls:bp_20:lv2(1.000); gc_fid:pls:bp_20:lv3(1.000),petroleum_fraction_db_039,BP_50,analysis_only,equal_weight
2,petroleum_fraction_db_033,0.668313,421.8,74,gc_fid:pca:pc1; gc_fid:pca:pc2; gc_fid:pca:pc3; gc_fid:pca:pc4; gc_fid:pca:pc5; gc_fid:pls:bp_20:lv1; gc_fid:pls:bp_20:lv2; gc_fid:pls:bp_20:lv3; gc_fid:pls:bp_20:lv4; gc_fid:pls:bp_35:lv1; gc_fid:pls:bp_35:lv2; gc_fid:pls:bp_35:lv3,gc_fid:pca:pc1(1.000); gc_fid:pca:pc2(1.000); gc_fid:pca:pc3(1.000); gc_fid:pca:pc4(1.000); gc_fid:pca:pc5(1.000); gc_fid:pls:bp_20:lv1(1.000); gc_fid:pls:bp_20:lv2(1.000); gc_fid:pls:bp_20:lv3(1.000),petroleum_fraction_db_039,BP_50,analysis_only,equal_weight
1,petroleum_fraction_db_037,0.052642,362.8,74,gc_fid:pca:pc1; gc_fid:pca:pc2; gc_fid:pca:pc3; gc_fid:pca:pc4; gc_fid:pca:pc5; gc_fid:pls:bp_20:lv1; gc_fid:pls:bp_20:lv2; gc_fid:pls:bp_20:lv3; gc_fid:pls:bp_20:lv4; gc_fid:pls:bp_35:lv1; gc_fid:pls:bp_35:lv2; gc_fid:pls:bp_35:lv3,gc_fid:pls:density_20c:lv1(0.977); gc_fid:pls:saturates:lv1(0.960); gc_fid:pls:bp_50:lv1(0.951); gc_fid:pls:bp_80:lv1(0.951); gc_fid:pls:bp_35:lv1(0.951); gc_fid:pls:bp_65:lv1(0.951); gc_fid:pls:bp_20:lv1(0.949); gc_fid:pca:pc1(0.923),petroleum_fraction_db_039,BP_50,analysis_only,correlation_weighted
2,petroleum_fraction_db_042,0.570073,346.4,74,gc_fid:pca:pc1; gc_fid:pca:pc2; gc_fid:pca:pc3; gc_fid:pca:pc4; gc_fid:pca:pc5; gc_fid:pls:bp_20:lv1; gc_fid:pls:bp_20:lv2; gc_fid:pls:bp_20:lv3; gc_fid:pls:bp_20:lv4; gc_fid:pls:bp_35:lv1; gc_fid:pls:bp_35:lv2; gc_fid:pls:bp_35:lv3,gc_fid:pls:density_20c:lv1(0.977); gc_fid:pls:saturates:lv1(0.960); gc_fid:pls:bp_50:lv1(0.951); gc_fid:pls:bp_80:lv1(0.951); gc_fid:pls:bp_35:lv1(0.951); gc_fid:pls:bp_65:lv1(0.951); gc_fid:pls:bp_20:lv1(0.949); gc_fid:pca:pc1(0.923),petroleum_fraction_db_039,BP_50,analysis_only,correlation_weighted
1,petroleum_fraction_db_037,0.056014,362.8,80,bulk_property:bp_20; bulk_property:bp_35; bulk_property:bp_65; bulk_property:bp_80; bulk_property:density_20c; bulk_property:saturates; gc_fid:pca:pc1; gc_fid:pca:pc2; gc_fid:pca:pc3; gc_fid:pca:pc4; gc_fid:pca:pc5; gc_fid:pls:bp_20:lv1,bulk_property:bp_20(1.000); bulk_property:bp_35(1.000); bulk_property:bp_65(1.000); bulk_property:bp_80(1.000); bulk_property:density_20c(1.000); bulk_property:saturates(1.000); gc_fid:pca:pc1(1.000); gc_fid:pca:pc2(1.000),petroleum_fraction_db_039,BP_50,analysis_plus_non_target_bulk,equal_weight
2,petroleum_fraction_db_040,0.682458,397.8,80,bulk_property:bp_20; bulk_property:bp_35; bulk_property:bp_65; bulk_property:bp_80; bulk_property:density_20c; bulk_property:saturates; gc_fid:pca:pc1; gc_fid:pca:pc2; gc_fid:pca:pc3; gc_fid:pca:pc4; gc_fid:pca:pc5; gc_fid:pls:bp_20:lv1,bulk_property:bp_20(1.000); bulk_property:bp_35(1.000); bulk_property:bp_65(1.000); bulk_property:bp_80(1.000); bulk_property:density_20c(1.000); bulk_property:saturates(1.000); gc_fid:pca:pc1(1.000); gc_fid:pca:pc2(1.000),petroleum_fraction_db_039,BP_50,analysis_plus_non_target_bulk,equal_weight
1,petroleum_fraction_db_037,0.050291,362.8,80,bulk_property:bp_20; bulk_property:bp_35; bulk_property:bp_65; bulk_property:bp_80; bulk_property:density_20c; bulk_property:saturates; gc_fid:pca:pc1; gc_fid:pca:pc2; gc_fid:pca:pc3; gc_fid:pca:pc4; gc_fid:pca:pc5; gc_fid:pls:bp_20:lv1,bulk_property:bp_65(1.042); bulk_property:bp_35(1.040); bulk_property:bp_80(1.018); bulk_property:bp_20(1.015); gc_fid:pls:density_20c:lv1(0.977); gc_fid:pls:saturates:lv1(0.960); gc_fid:pls:bp_50:lv1(0.951); gc_fid:pls:bp_80:lv1(0.951),petroleum_fraction_db_039,BP_50,analysis_plus_non_target_bulk,correlation_weighted
2,petroleum_fraction_db_042,0.587155,346.4,80,bulk_property:bp_20; bulk_property:bp_35; bulk_property:bp_65; bulk_property:bp_80; bulk_property:density_20c; bulk_property:saturates; gc_fid:pca:pc1; gc_fid:pca:pc2; gc_fid:pca:pc3; gc_fid:pca:pc4; gc_fid:pca:pc5; gc_fid:pls:bp_20:lv1,bulk_property:bp_65(1.042); bulk_property:bp_35(1.040); bulk_property:bp_80(1.018); bulk_property:bp_20(1.015); gc_fid:pls:density_20c:lv1(0.977); gc_fid:pls:saturates:lv1(0.960); gc_fid:pls:bp_50:lv1(0.951); gc_fid:pls:bp_80:lv1(0.951),petroleum_fraction_db_039,BP_50,analysis_plus_non_target_bulk,correlation_weighted
1,petroleum_fraction_db_037,0.057098,395.6,74,gc_fid:pca:pc1; gc_fid:pca:pc2; gc_fid:pca:pc3; gc_fid:pca:pc4; gc_fid:pca:pc5; gc_fid:pls:bp_20:lv1; gc_fid:pls:bp_20:lv2; gc_fid:pls:bp_20:lv3; gc_fid:pls:bp_20:lv4; gc_fid:pls:bp_35:lv1; gc_fid:pls:bp_35:lv2; gc_fid:pls:bp_35:lv3,gc_fid:pca:pc1(1.000); gc_fid:pca:pc2(1.000); gc_fid:pca:pc3(1.000); gc_fid:pca:pc4(1.000); gc_fid:pca:pc5(1.000); gc_fid:pls:bp_20:lv1(1.000); gc_fid:pls:bp_20:lv2(1.000); gc_fid:pls:bp_20:lv3(1.000),petroleum_fraction_db_039,BP_65,analysis_only,equal_weight
2,petroleum_fraction_db_033,0.668313,444.2,74,gc_fid:pca:pc1; gc_fid:pca:pc2; gc_fid:pca:pc3; gc_fid:pca:pc4; gc_fid:pca:pc5; gc_fid:pls:bp_20:lv1; gc_fid:pls:bp_20:lv2; gc_fid:pls:bp_20:lv3; gc_fid:pls:bp_20:lv4; gc_fid:pls:bp_35:lv1; gc_fid:pls:bp_35:lv2; gc_fid:pls:bp_35:lv3,gc_fid:pca:pc1(1.000); gc_fid:pca:pc2(1.000); gc_fid:pca:pc3(1.000); gc_fid:pca:pc4(1.000); gc_fid:pca:pc5(1.000); gc_fid:pls:bp_20:lv1(1.000); gc_fid:pls:bp_20:lv2(1.000); gc_fid:pls:bp_20:lv3(1.000),petroleum_fraction_db_039,BP_65,analysis_only,equal_weight
1,petroleum_fraction_db_037,0.052391,395.6,74,gc_fid:pca:pc1; gc_fid:pca:pc2; gc_fid:pca:pc3; gc_fid:pca:pc4; gc_fid:pca:pc5; gc_fid:pls:bp_20:lv1; gc_fid:pls:bp_20:lv2; gc_fid:pls:bp_20:lv3; gc_fid:pls:bp_20:lv4; gc_fid:pls:bp_35:lv1; gc_fid:pls:bp_35:lv2; gc_fid:pls:bp_35:lv3,gc_fid:pls:density_20c:lv1(0.980); gc_fid:pls:saturates:lv1(0.965); gc_fid:pls:bp_80:lv1(0.952); gc_fid:pls:bp_65:lv1(0.951); gc_fid:pls:bp_50:lv1(0.951); gc_fid:pls:bp_35:lv1(0.950); gc_fid:pls:bp_20:lv1(0.947); gc_fid:pca:pc1(0.922),petroleum_fraction_db_039,BP_65,analysis_only,correlation_weighted
2,petroleum_fraction_db_042,0.574766,361.8,74,gc_fid:pca:pc1; gc_fid:pca:pc2; gc_fid:pca:pc3; gc_fid:pca:pc4; gc_fid:pca:pc5; gc_fid:pls:bp_20:lv1; gc_fid:pls:bp_20:lv2; gc_fid:pls:bp_20:lv3; gc_fid:pls:bp_20:lv4; gc_fid:pls:bp_35:lv1; gc_fid:pls:bp_35:lv2; gc_fid:pls:bp_35:lv3,gc_fid:pls:density_20c:lv1(0.980); gc_fid:pls:saturates:lv1(0.965); gc_fid:pls:bp_80:lv1(0.952); gc_fid:pls:bp_65:lv1(0.951); gc_fid:pls:bp_50:lv1(0.951); gc_fid:pls:bp_35:lv1(0.950); gc_fid:pls:bp_20:lv1(0.947); gc_fid:pca:pc1(0.922),petroleum_fraction_db_039,BP_65,analysis_only,correlation_weighted
1,petroleum_fraction_db_037,0.056019,395.6,80,bulk_property:bp_20; bulk_property:bp_35; bulk_property:bp_50; bulk_property:bp_80; bulk_property:density_20c; bulk_property:saturates; gc_fid:pca:pc1; gc_fid:pca:pc2; gc_fid:pca:pc3; gc_fid:pca:pc4; gc_fid:pca:pc5; gc_fid:pls:bp_20:lv1,bulk_property:bp_20(1.000); bulk_property:bp_35(1.000); bulk_property:bp_50(1.000); bulk_property:bp_80(1.000); bulk_property:density_20c(1.000); bulk_property:saturates(1.000); gc_fid:pca:pc1(1.000); gc_fid:pca:pc2(1.000),petroleum_fraction_db_039,BP_65,analysis_plus_non_target_bulk,equal_weight
2,petroleum_fraction_db_040,0.684804,414.6,80,bulk_property:bp_20; bulk_property:bp_35; bulk_property:bp_50; bulk_property:bp_80; bulk_property:density_20c; bulk_property:saturates; gc_fid:pca:pc1; gc_fid:pca:pc2; gc_fid:pca:pc3; gc_fid:pca:pc4; gc_fid:pca:pc5; gc_fid:pls:bp_20:lv1,bulk_property:bp_20(1.000); bulk_property:bp_35(1.000); bulk_property:bp_50(1.000); bulk_property:bp_80(1.000); bulk_property:density_20c(1.000); bulk_property:saturates(1.000); gc_fid:pca:pc1(1.000); gc_fid:pca:pc2(1.000),petroleum_fraction_db_039,BP_65,analysis_plus_non_target_bulk,equal_weight
1,petroleum_fraction_db_037,0.050211,395.6,80,bulk_property:bp_20; bulk_property:bp_35; bulk_property:bp_50; bulk_property:bp_80; bulk_property:density_20c; bulk_property:saturates; gc_fid:pca:pc1; gc_fid:pca:pc2; gc_fid:pca:pc3; gc_fid:pca:pc4; gc_fid:pca:pc5; gc_fid:pls:bp_20:lv1,bulk_property:bp_50(1.042); bulk_property:bp_80(1.039); bulk_property:bp_35(1.020); bulk_property:bp_20(0.986); gc_fid:pls:density_20c:lv1(0.980); gc_fid:pls:saturates:lv1(0.965); gc_fid:pls:bp_80:lv1(0.952); gc_fid:pls:bp_65:lv1(0.951),petroleum_fraction_db_039,BP_65,analysis_plus_non_target_bulk,correlation_weighted
2,petroleum_fraction_db_042,0.586226,361.8,80,bulk_property:bp_20; bulk_property:bp_35; bulk_property:bp_50; bulk_property:bp_80; bulk_property:density_20c; bulk_property:saturates; gc_fid:pca:pc1; gc_fid:pca:pc2; gc_fid:pca:pc3; gc_fid:pca:pc4; gc_fid:pca:pc5; gc_fid:pls:bp_20:lv1,bulk_property:bp_50(1.042); bulk_property:bp_80(1.039); bulk_property:bp_35(1.020); bulk_property:bp_20(0.986); gc_fid:pls:density_20c:lv1(0.980); gc_fid:pls:saturates:lv1(0.965); gc_fid:pls:bp_80:lv1(0.952); gc_fid:pls:bp_65:lv1(0.951),petroleum_fraction_db_039,BP_65,analysis_plus_non_target_bulk,correlation_weighted
1,petroleum_fraction_db_037,0.057098,433.4,74,gc_fid:pca:pc1; gc_fid:pca:pc2; gc_fid:pca:pc3; gc_fid:pca:pc4; gc_fid:pca:pc5; gc_fid:pls:bp_20:lv1; gc_fid:pls:bp_20:lv2; gc_fid:pls:bp_20:lv3; gc_fid:pls:bp_20:lv4; gc_fid:pls:bp_35:lv1; gc_fid:pls:bp_35:lv2; gc_fid:pls:bp_35:lv3,gc_fid:pca:pc1(1.000); gc_fid:pca:pc2(1.000); gc_fid:pca:pc3(1.000); gc_fid:pca:pc4(1.000); gc_fid:pca:pc5(1.000); gc_fid:pls:bp_20:lv1(1.000); gc_fid:pls:bp_20:lv2(1.000); gc_fid:pls:bp_20:lv3(1.000),petroleum_fraction_db_039,BP_80,analysis_only,equal_weight
2,petroleum_fraction_db_033,0.668313,471.0,74,gc_fid:pca:pc1; gc_fid:pca:pc2; gc_fid:pca:pc3; gc_fid:pca:pc4; gc_fid:pca:pc5; gc_fid:pls:bp_20:lv1; gc_fid:pls:bp_20:lv2; gc_fid:pls:bp_20:lv3; gc_fid:pls:bp_20:lv4; gc_fid:pls:bp_35:lv1; gc_fid:pls:bp_35:lv2; gc_fid:pls:bp_35:lv3,gc_fid:pca:pc1(1.000); gc_fid:pca:pc2(1.000); gc_fid:pca:pc3(1.000); gc_fid:pca:pc4(1.000); gc_fid:pca:pc5(1.000); gc_fid:pls:bp_20:lv1(1.000); gc_fid:pls:bp_20:lv2(1.000); gc_fid:pls:bp_20:lv3(1.000),petroleum_fraction_db_039,BP_80,analysis_only,equal_weight
1,petroleum_fraction_db_037,0.051865,433.4,74,gc_fid:pca:pc1; gc_fid:pca:pc2; gc_fid:pca:pc3; gc_fid:pca:pc4; gc_fid:pca:pc5; gc_fid:pls:bp_20:lv1; gc_fid:pls:bp_20:lv2; gc_fid:pls:bp_20:lv3; gc_fid:pls:bp_20:lv4; gc_fid:pls:bp_35:lv1; gc_fid:pls:bp_35:lv2; gc_fid:pls:bp_35:lv3,gc_fid:pls:density_20c:lv1(0.973); gc_fid:pls:saturates:lv1(0.962); gc_fid:pls:bp_80:lv1(0.945); gc_fid:pls:bp_65:lv1(0.942); gc_fid:pls:bp_50:lv1(0.941); gc_fid:pls:bp_35:lv1(0.939); gc_fid:pls:bp_20:lv1(0.935); gc_fid:pca:pc1(0.913),petroleum_fraction_db_039,BP_80,analysis_only,correlation_weighted
2,petroleum_fraction_db_042,0.585169,376.0,74,gc_fid:pca:pc1; gc_fid:pca:pc2; gc_fid:pca:pc3; gc_fid:pca:pc4; gc_fid:pca:pc5; gc_fid:pls:bp_20:lv1; gc_fid:pls:bp_20:lv2; gc_fid:pls:bp_20:lv3; gc_fid:pls:bp_20:lv4; gc_fid:pls:bp_35:lv1; gc_fid:pls:bp_35:lv2; gc_fid:pls:bp_35:lv3,gc_fid:pls:density_20c:lv1(0.973); gc_fid:pls:saturates:lv1(0.962); gc_fid:pls:bp_80:lv1(0.945); gc_fid:pls:bp_65:lv1(0.942); gc_fid:pls:bp_50:lv1(0.941); gc_fid:pls:bp_35:lv1(0.939); gc_fid:pls:bp_20:lv1(0.935); gc_fid:pca:pc1(0.913),petroleum_fraction_db_039,BP_80,analysis_only,correlation_weighted
1,petroleum_fraction_db_037,0.056021,433.4,80,bulk_property:bp_20; bulk_property:bp_35; bulk_property:bp_50; bulk_property:bp_65; bulk_property:density_20c; bulk_property:saturates; gc_fid:pca:pc1; gc_fid:pca:pc2; gc_fid:pca:pc3; gc_fid:pca:pc4; gc_fid:pca:pc5; gc_fid:pls:bp_20:lv1,bulk_property:bp_20(1.000); bulk_property:bp_35(1.000); bulk_property:bp_50(1.000); bulk_property:bp_65(1.000); bulk_property:density_20c(1.000); bulk_property:saturates(1.000); gc_fid:pca:pc1(1.000); gc_fid:pca:pc2(1.000),petroleum_fraction_db_039,BP_80,analysis_plus_non_target_bulk,equal_weight
2,petroleum_fraction_db_040,0.685698,432.8,80,bulk_property:bp_20; bulk_property:bp_35; bulk_property:bp_50; bulk_property:bp_65; bulk_property:density_20c; bulk_property:saturates; gc_fid:pca:pc1; gc_fid:pca:pc2; gc_fid:pca:pc3; gc_fid:pca:pc4; gc_fid:pca:pc5; gc_fid:pls:bp_20:lv1,bulk_property:bp_20(1.000); bulk_property:bp_35(1.000); bulk_property:bp_50(1.000); bulk_property:bp_65(1.000); bulk_property:density_20c(1.000); bulk_property:saturates(1.000); gc_fid:pca:pc1(1.000); gc_fid:pca:pc2(1.000),petroleum_fraction_db_039,BP_80,analysis_plus_non_target_bulk,equal_weight
1,petroleum_fraction_db_037,0.049928,433.4,80,bulk_property:bp_20; bulk_property:bp_35; bulk_property:bp_50; bulk_property:bp_65; bulk_property:density_20c; bulk_property:saturates; gc_fid:pca:pc1; gc_fid:pca:pc2; gc_fid:pca:pc3; gc_fid:pca:pc4; gc_fid:pca:pc5; gc_fid:pls:bp_20:lv1,bulk_property:bp_65(1.039); bulk_property:bp_50(1.018); bulk_property:bp_35(0.982); gc_fid:pls:density_20c:lv1(0.973); gc_fid:pls:saturates:lv1(0.962); gc_fid:pls:bp_80:lv1(0.945); gc_fid:pls:bp_65:lv1(0.942); gc_fid:pls:bp_50:lv1(0.941),petroleum_fraction_db_039,BP_80,analysis_plus_non_target_bulk,correlation_weighted
2,petroleum_fraction_db_042,0.583677,376.0,80,bulk_property:bp_20; bulk_property:bp_35; bulk_property:bp_50; bulk_property:bp_65; bulk_property:density_20c; bulk_property:saturates; gc_fid:pca:pc1; gc_fid:pca:pc2; gc_fid:pca:pc3; gc_fid:pca:pc4; gc_fid:pca:pc5; gc_fid:pls:bp_20:lv1,bulk_property:bp_65(1.039); bulk_property:bp_50(1.018); bulk_property:bp_35(0.982); gc_fid:pls:density_20c:lv1(0.973); gc_fid:pls:saturates:lv1(0.962); gc_fid:pls:bp_80:lv1(0.945); gc_fid:pls:bp_65:lv1(0.942); gc_fid:pls:bp_50:lv1(0.941),petroleum_fraction_db_039,BP_80,analysis_plus_non_target_bulk,correlation_weighted
1,petroleum_fraction_db_035,0.315554,0.9004,74,gc_fid:pca:pc1; gc_fid:pca:pc2; gc_fid:pca:pc3; gc_fid:pca:pc4; gc_fid:pca:pc5; gc_fid:pls:bp_20:lv1; gc_fid:pls:bp_20:lv2; gc_fid:pls:bp_20:lv3; gc_fid:pls:bp_20:lv4; gc_fid:pls:bp_35:lv1; gc_fid:pls:bp_35:lv2; gc_fid:pls:bp_35:lv3,gc_fid:pca:pc1(1.000); gc_fid:pca:pc2(1.000); gc_fid:pca:pc3(1.000); gc_fid:pca:pc4(1.000); gc_fid:pca:pc5(1.000); gc_fid:pls:bp_20:lv1(1.000); gc_fid:pls:bp_20:lv2(1.000); gc_fid:pls:bp_20:lv3(1.000),petroleum_fraction_db_041,density_20c,analysis_only,equal_weight
2,petroleum_fraction_db_033,0.387894,0.9002,74,gc_fid:pca:pc1; gc_fid:pca:pc2; gc_fid:pca:pc3; gc_fid:pca:pc4; gc_fid:pca:pc5; gc_fid:pls:bp_20:lv1; gc_fid:pls:bp_20:lv2; gc_fid:pls:bp_20:lv3; gc_fid:pls:bp_20:lv4; gc_fid:pls:bp_35:lv1; gc_fid:pls:bp_35:lv2; gc_fid:pls:bp_35:lv3,gc_fid:pca:pc1(1.000); gc_fid:pca:pc2(1.000); gc_fid:pca:pc3(1.000); gc_fid:pca:pc4(1.000); gc_fid:pca:pc5(1.000); gc_fid:pls:bp_20:lv1(1.000); gc_fid:pls:bp_20:lv2(1.000); gc_fid:pls:bp_20:lv3(1.000),petroleum_fraction_db_041,density_20c,analysis_only,equal_weight
1,petroleum_fraction_db_035,0.264569,0.9004,74,gc_fid:pca:pc1; gc_fid:pca:pc2; gc_fid:pca:pc3; gc_fid:pca:pc4; gc_fid:pca:pc5; gc_fid:pls:bp_20:lv1; gc_fid:pls:bp_20:lv2; gc_fid:pls:bp_20:lv3; gc_fid:pls:bp_20:lv4; gc_fid:pls:bp_35:lv1; gc_fid:pls:bp_35:lv2; gc_fid:pls:bp_35:lv3,ir:weighted_x_q90(0.728); ir_spectrum:pls:density_20c:lv2(0.727); ir_spectrum:pls:saturates:lv2(0.716); ir_spectrum:pls:density_20c:lv1(0.649); ir_spectrum:pls:saturates:lv1(0.629); ir_spectrum:pls:bp_35:lv1(0.628); ir_spectrum:pca:pc1(0.615); ir_spectrum:pls:bp_65:lv1(0.615),petroleum_fraction_db_041,density_20c,analysis_only,correlation_weighted
2,petroleum_fraction_db_033,0.370109,0.9002,74,gc_fid:pca:pc1; gc_fid:pca:pc2; gc_fid:pca:pc3; gc_fid:pca:pc4; gc_fid:pca:pc5; gc_fid:pls:bp_20:lv1; gc_fid:pls:bp_20:lv2; gc_fid:pls:bp_20:lv3; gc_fid:pls:bp_20:lv4; gc_fid:pls:bp_35:lv1; gc_fid:pls:bp_35:lv2; gc_fid:pls:bp_35:lv3,ir:weighted_x_q90(0.728); ir_spectrum:pls:density_20c:lv2(0.727); ir_spectrum:pls:saturates:lv2(0.716); ir_spectrum:pls:density_20c:lv1(0.649); ir_spectrum:pls:saturates:lv1(0.629); ir_spectrum:pls:bp_35:lv1(0.628); ir_spectrum:pca:pc1(0.615); ir_spectrum:pls:bp_65:lv1(0.615),petroleum_fraction_db_041,density_20c,analysis_only,correlation_weighted
1,petroleum_fraction_db_035,0.315877,0.9004,80,bulk_property:bp_20; bulk_property:bp_35; bulk_property:bp_50; bulk_property:bp_65; bulk_property:bp_80; bulk_property:saturates; gc_fid:pca:pc1; gc_fid:pca:pc2; gc_fid:pca:pc3; gc_fid:pca:pc4; gc_fid:pca:pc5; gc_fid:pls:bp_20:lv1,bulk_property:bp_20(1.000); bulk_property:bp_35(1.000); bulk_property:bp_50(1.000); bulk_property:bp_65(1.000); bulk_property:bp_80(1.000); bulk_property:saturates(1.000); gc_fid:pca:pc1(1.000); gc_fid:pca:pc2(1.000),petroleum_fraction_db_041,density_20c,analysis_plus_non_target_bulk,equal_weight
2,petroleum_fraction_db_033,0.406851,0.9002,80,bulk_property:bp_20; bulk_property:bp_35; bulk_property:bp_50; bulk_property:bp_65; bulk_property:bp_80; bulk_property:saturates; gc_fid:pca:pc1; gc_fid:pca:pc2; gc_fid:pca:pc3; gc_fid:pca:pc4; gc_fid:pca:pc5; gc_fid:pls:bp_20:lv1,bulk_property:bp_20(1.000); bulk_property:bp_35(1.000); bulk_property:bp_50(1.000); bulk_property:bp_65(1.000); bulk_property:bp_80(1.000); bulk_property:saturates(1.000); gc_fid:pca:pc1(1.000); gc_fid:pca:pc2(1.000),petroleum_fraction_db_041,density_20c,analysis_plus_non_target_bulk,equal_weight
1,petroleum_fraction_db_035,0.268035,0.9004,80,bulk_property:bp_20; bulk_property:bp_35; bulk_property:bp_50; bulk_property:bp_65; bulk_property:bp_80; bulk_property:saturates; gc_fid:pca:pc1; gc_fid:pca:pc2; gc_fid:pca:pc3; gc_fid:pca:pc4; gc_fid:pca:pc5; gc_fid:pls:bp_20:lv1,bulk_property:saturates(0.895); ir:weighted_x_q90(0.728); ir_spectrum:pls:density_20c:lv2(0.727); ir_spectrum:pls:saturates:lv2(0.716); ir_spectrum:pls:density_20c:lv1(0.649); ir_spectrum:pls:saturates:lv1(0.629); ir_spectrum:pls:bp_35:lv1(0.628); ir_spectrum:pca:pc1(0.615),petroleum_fraction_db_041,density_20c,analysis_plus_non_target_bulk,correlation_weighted
2,petroleum_fraction_db_033,0.398061,0.9002,80,bulk_property:bp_20; bulk_property:bp_35; bulk_property:bp_50; bulk_property:bp_65; bulk_property:bp_80; bulk_property:saturates; gc_fid:pca:pc1; gc_fid:pca:pc2; gc_fid:pca:pc3; gc_fid:pca:pc4; gc_fid:pca:pc5; gc_fid:pls:bp_20:lv1,bulk_property:saturates(0.895); ir:weighted_x_q90(0.728); ir_spectrum:pls:density_20c:lv2(0.727); ir_spectrum:pls:saturates:lv2(0.716); ir_spectrum:pls:density_20c:lv1(0.649); ir_spectrum:pls:saturates:lv1(0.629); ir_spectrum:pls:bp_35:lv1(0.628); ir_spectrum:pca:pc1(0.615),petroleum_fraction_db_041,density_20c,analysis_plus_non_target_bulk,correlation_weighted
1,petroleum_fraction_db_035,0.315554,71.55463275369856,74,gc_fid:pca:pc1; gc_fid:pca:pc2; gc_fid:pca:pc3; gc_fid:pca:pc4; gc_fid:pca:pc5; gc_fid:pls:bp_20:lv1; gc_fid:pls:bp_20:lv2; gc_fid:pls:bp_20:lv3; gc_fid:pls:bp_20:lv4; gc_fid:pls:bp_35:lv1; gc_fid:pls:bp_35:lv2; gc_fid:pls:bp_35:lv3,gc_fid:pca:pc1(1.000); gc_fid:pca:pc2(1.000); gc_fid:pca:pc3(1.000); gc_fid:pca:pc4(1.000); gc_fid:pca:pc5(1.000); gc_fid:pls:bp_20:lv1(1.000); gc_fid:pls:bp_20:lv2(1.000); gc_fid:pls:bp_20:lv3(1.000),petroleum_fraction_db_041,saturates,analysis_only,equal_weight
2,petroleum_fraction_db_033,0.387894,78.72959279414542,74,gc_fid:pca:pc1; gc_fid:pca:pc2; gc_fid:pca:pc3; gc_fid:pca:pc4; gc_fid:pca:pc5; gc_fid:pls:bp_20:lv1; gc_fid:pls:bp_20:lv2; gc_fid:pls:bp_20:lv3; gc_fid:pls:bp_20:lv4; gc_fid:pls:bp_35:lv1; gc_fid:pls:bp_35:lv2; gc_fid:pls:bp_35:lv3,gc_fid:pca:pc1(1.000); gc_fid:pca:pc2(1.000); gc_fid:pca:pc3(1.000); gc_fid:pca:pc4(1.000); gc_fid:pca:pc5(1.000); gc_fid:pls:bp_20:lv1(1.000); gc_fid:pls:bp_20:lv2(1.000); gc_fid:pls:bp_20:lv3(1.000),petroleum_fraction_db_041,saturates,analysis_only,equal_weight
1,petroleum_fraction_db_035,0.278098,71.55463275369856,74,gc_fid:pca:pc1; gc_fid:pca:pc2; gc_fid:pca:pc3; gc_fid:pca:pc4; gc_fid:pca:pc5; gc_fid:pls:bp_20:lv1; gc_fid:pls:bp_20:lv2; gc_fid:pls:bp_20:lv3; gc_fid:pls:bp_20:lv4; gc_fid:pls:bp_35:lv1; gc_fid:pls:bp_35:lv2; gc_fid:pls:bp_35:lv3,ir:weighted_x_q90(0.703); ir_spectrum:pls:density_20c:lv1(0.668); ir_spectrum:pls:saturates:lv1(0.668); ir_spectrum:pca:pc1(0.656); ir:weighted_x_mean(0.613); ir_spectrum:pls:bp_80:lv1(0.577); ir_spectrum:pls:saturates:lv2(0.568); ir:weighted_x_q50(0.567),petroleum_fraction_db_041,saturates,analysis_only,correlation_weighted
2,petroleum_fraction_db_033,0.376741,78.72959279414542,74,gc_fid:pca:pc1; gc_fid:pca:pc2; gc_fid:pca:pc3; gc_fid:pca:pc4; gc_fid:pca:pc5; gc_fid:pls:bp_20:lv1; gc_fid:pls:bp_20:lv2; gc_fid:pls:bp_20:lv3; gc_fid:pls:bp_20:lv4; gc_fid:pls:bp_35:lv1; gc_fid:pls:bp_35:lv2; gc_fid:pls:bp_35:lv3,ir:weighted_x_q90(0.703); ir_spectrum:pls:density_20c:lv1(0.668); ir_spectrum:pls:saturates:lv1(0.668); ir_spectrum:pca:pc1(0.656); ir:weighted_x_mean(0.613); ir_spectrum:pls:bp_80:lv1(0.577); ir_spectrum:pls:saturates:lv2(0.568); ir:weighted_x_q50(0.567),petroleum_fraction_db_041,saturates,analysis_only,correlation_weighted
1,petroleum_fraction_db_035,0.316079,71.55463275369856,80,bulk_property:bp_20; bulk_property:bp_35; bulk_property:bp_50; bulk_property:bp_65; bulk_property:bp_80; bulk_property:density_20c; gc_fid:pca:pc1; gc_fid:pca:pc2; gc_fid:pca:pc3; gc_fid:pca:pc4; gc_fid:pca:pc5; gc_fid:pls:bp_20:lv1,bulk_property:bp_20(1.000); bulk_property:bp_35(1.000); bulk_property:bp_50(1.000); bulk_property:bp_65(1.000); bulk_property:bp_80(1.000); bulk_property:density_20c(1.000); gc_fid:pca:pc1(1.000); gc_fid:pca:pc2(1.000),petroleum_fraction_db_041,saturates,analysis_plus_non_target_bulk,equal_weight
2,petroleum_fraction_db_033,0.403701,78.72959279414542,80,bulk_property:bp_20; bulk_property:bp_35; bulk_property:bp_50; bulk_property:bp_65; bulk_property:bp_80; bulk_property:density_20c; gc_fid:pca:pc1; gc_fid:pca:pc2; gc_fid:pca:pc3; gc_fid:pca:pc4; gc_fid:pca:pc5; gc_fid:pls:bp_20:lv1,bulk_property:bp_20(1.000); bulk_property:bp_35(1.000); bulk_property:bp_50(1.000); bulk_property:bp_65(1.000); bulk_property:bp_80(1.000); bulk_property:density_20c(1.000); gc_fid:pca:pc1(1.000); gc_fid:pca:pc2(1.000),petroleum_fraction_db_041,saturates,analysis_plus_non_target_bulk,equal_weight
1,petroleum_fraction_db_035,0.278842,71.55463275369856,80,bulk_property:bp_20; bulk_property:bp_35; bulk_property:bp_50; bulk_property:bp_65; bulk_property:bp_80; bulk_property:density_20c; gc_fid:pca:pc1; gc_fid:pca:pc2; gc_fid:pca:pc3; gc_fid:pca:pc4; gc_fid:pca:pc5; gc_fid:pls:bp_20:lv1,bulk_property:density_20c(0.895); ir:weighted_x_q90(0.703); ir_spectrum:pls:density_20c:lv1(0.668); ir_spectrum:pls:saturates:lv1(0.668); ir_spectrum:pca:pc1(0.656); ir:weighted_x_mean(0.613); ir_spectrum:pls:bp_80:lv1(0.577); ir_spectrum:pls:saturates:lv2(0.568),petroleum_fraction_db_041,saturates,analysis_plus_non_target_bulk,correlation_weighted
2,petroleum_fraction_db_033,0.392107,78.72959279414542,80,bulk_property:bp_20; bulk_property:bp_35; bulk_property:bp_50; bulk_property:bp_65; bulk_property:bp_80; bulk_property:density_20c; gc_fid:pca:pc1; gc_fid:pca:pc2; gc_fid:pca:pc3; gc_fid:pca:pc4; gc_fid:pca:pc5; gc_fid:pls:bp_20:lv1,bulk_property:density_20c(0.895); ir:weighted_x_q90(0.703); ir_spectrum:pls:density_20c:lv1(0.668); ir_spectrum:pls:saturates:lv1(0.668); ir_spectrum:pca:pc1(0.656); ir:weighted_x_mean(0.613); ir_spectrum:pls:bp_80:lv1(0.577); ir_spectrum:pls:saturates:lv2(0.568),petroleum_fraction_db_041,saturates,analysis_plus_non_target_bulk,correlation_weighted
1,petroleum_fraction_db_035,0.315554,378.4,74,gc_fid:pca:pc1; gc_fid:pca:pc2; gc_fid:pca:pc3; gc_fid:pca:pc4; gc_fid:pca:pc5; gc_fid:pls:bp_20:lv1; gc_fid:pls:bp_20:lv2; gc_fid:pls:bp_20:lv3; gc_fid:pls:bp_20:lv4; gc_fid:pls:bp_35:lv1; gc_fid:pls:bp_35:lv2; gc_fid:pls:bp_35:lv3,gc_fid:pca:pc1(1.000); gc_fid:pca:pc2(1.000); gc_fid:pca:pc3(1.000); gc_fid:pca:pc4(1.000); gc_fid:pca:pc5(1.000); gc_fid:pls:bp_20:lv1(1.000); gc_fid:pls:bp_20:lv2(1.000); gc_fid:pls:bp_20:lv3(1.000),petroleum_fraction_db_041,BP_20,analysis_only,equal_weight
2,petroleum_fraction_db_033,0.387894,368.0,74,gc_fid:pca:pc1; gc_fid:pca:pc2; gc_fid:pca:pc3; gc_fid:pca:pc4; gc_fid:pca:pc5; gc_fid:pls:bp_20:lv1; gc_fid:pls:bp_20:lv2; gc_fid:pls:bp_20:lv3; gc_fid:pls:bp_20:lv4; gc_fid:pls:bp_35:lv1; gc_fid:pls:bp_35:lv2; gc_fid:pls:bp_35:lv3,gc_fid:pca:pc1(1.000); gc_fid:pca:pc2(1.000); gc_fid:pca:pc3(1.000); gc_fid:pca:pc4(1.000); gc_fid:pca:pc5(1.000); gc_fid:pls:bp_20:lv1(1.000); gc_fid:pls:bp_20:lv2(1.000); gc_fid:pls:bp_20:lv3(1.000),petroleum_fraction_db_041,BP_20,analysis_only,equal_weight
1,petroleum_fraction_db_035,0.274384,378.4,74,gc_fid:pca:pc1; gc_fid:pca:pc2; gc_fid:pca:pc3; gc_fid:pca:pc4; gc_fid:pca:pc5; gc_fid:pls:bp_20:lv1; gc_fid:pls:bp_20:lv2; gc_fid:pls:bp_20:lv3; gc_fid:pls:bp_20:lv4; gc_fid:pls:bp_35:lv1; gc_fid:pls:bp_35:lv2; gc_fid:pls:bp_35:lv3,gc_fid:pls:density_20c:lv1(0.948); gc_fid:pls:bp_20:lv1(0.940); gc_fid:pls:bp_35:lv1(0.939); gc_fid:pls:bp_50:lv1(0.938); gc_fid:pls:bp_65:lv1(0.936); gc_fid:pls:bp_80:lv1(0.934); gc_fid:pls:saturates:lv1(0.928); gc_fid:pca:pc1(0.914),petroleum_fraction_db_041,BP_20,analysis_only,correlation_weighted
2,petroleum_fraction_db_033,0.338671,368.0,74,gc_fid:pca:pc1; gc_fid:pca:pc2; gc_fid:pca:pc3; gc_fid:pca:pc4; gc_fid:pca:pc5; gc_fid:pls:bp_20:lv1; gc_fid:pls:bp_20:lv2; gc_fid:pls:bp_20:lv3; gc_fid:pls:bp_20:lv4; gc_fid:pls:bp_35:lv1; gc_fid:pls:bp_35:lv2; gc_fid:pls:bp_35:lv3,gc_fid:pls:density_20c:lv1(0.948); gc_fid:pls:bp_20:lv1(0.940); gc_fid:pls:bp_35:lv1(0.939); gc_fid:pls:bp_50:lv1(0.938); gc_fid:pls:bp_65:lv1(0.936); gc_fid:pls:bp_80:lv1(0.934); gc_fid:pls:saturates:lv1(0.928); gc_fid:pca:pc1(0.914),petroleum_fraction_db_041,BP_20,analysis_only,correlation_weighted
1,petroleum_fraction_db_035,0.310987,378.4,80,bulk_property:bp_35; bulk_property:bp_50; bulk_property:bp_65; bulk_property:bp_80; bulk_property:density_20c; bulk_property:saturates; gc_fid:pca:pc1; gc_fid:pca:pc2; gc_fid:pca:pc3; gc_fid:pca:pc4; gc_fid:pca:pc5; gc_fid:pls:bp_20:lv1,bulk_property:bp_35(1.000); bulk_property:bp_50(1.000); bulk_property:bp_65(1.000); bulk_property:bp_80(1.000); bulk_property:density_20c(1.000); bulk_property:saturates(1.000); gc_fid:pca:pc1(1.000); gc_fid:pca:pc2(1.000),petroleum_fraction_db_041,BP_20,analysis_plus_non_target_bulk,equal_weight
2,petroleum_fraction_db_033,0.39967,368.0,80,bulk_property:bp_35; bulk_property:bp_50; bulk_property:bp_65; bulk_property:bp_80; bulk_property:density_20c; bulk_property:saturates; gc_fid:pca:pc1; gc_fid:pca:pc2; gc_fid:pca:pc3; gc_fid:pca:pc4; gc_fid:pca:pc5; gc_fid:pls:bp_20:lv1,bulk_property:bp_35(1.000); bulk_property:bp_50(1.000); bulk_property:bp_65(1.000); bulk_property:bp_80(1.000); bulk_property:density_20c(1.000); bulk_property:saturates(1.000); gc_fid:pca:pc1(1.000); gc_fid:pca:pc2(1.000),petroleum_fraction_db_041,BP_20,analysis_plus_non_target_bulk,equal_weight
1,petroleum_fraction_db_035,0.277158,378.4,80,bulk_property:bp_35; bulk_property:bp_50; bulk_property:bp_65; bulk_property:bp_80; bulk_property:density_20c; bulk_property:saturates; gc_fid:pca:pc1; gc_fid:pca:pc2; gc_fid:pca:pc3; gc_fid:pca:pc4; gc_fid:pca:pc5; gc_fid:pls:bp_20:lv1,bulk_property:bp_35(1.040); bulk_property:bp_50(1.015); bulk_property:bp_65(0.986); gc_fid:pls:density_20c:lv1(0.948); gc_fid:pls:bp_20:lv1(0.940); gc_fid:pls:bp_35:lv1(0.939); bulk_property:bp_80(0.939); gc_fid:pls:bp_50:lv1(0.938),petroleum_fraction_db_041,BP_20,analysis_plus_non_target_bulk,correlation_weighted
2,petroleum_fraction_db_033,0.38426,368.0,80,bulk_property:bp_35; bulk_property:bp_50; bulk_property:bp_65; bulk_property:bp_80; bulk_property:density_20c; bulk_property:saturates; gc_fid:pca:pc1; gc_fid:pca:pc2; gc_fid:pca:pc3; gc_fid:pca:pc4; gc_fid:pca:pc5; gc_fid:pls:bp_20:lv1,bulk_property:bp_35(1.040); bulk_property:bp_50(1.015); bulk_property:bp_65(0.986); gc_fid:pls:density_20c:lv1(0.948); gc_fid:pls:bp_20:lv1(0.940); gc_fid:pls:bp_35:lv1(0.939); bulk_property:bp_80(0.939); gc_fid:pls:bp_50:lv1(0.938),petroleum_fraction_db_041,BP_20,analysis_plus_non_target_bulk,correlation_weighted
1,petroleum_fraction_db_035,0.315554,411.2,74,gc_fid:pca:pc1; gc_fid:pca:pc2; gc_fid:pca:pc3; gc_fid:pca:pc4; gc_fid:pca:pc5; gc_fid:pls:bp_20:lv1; gc_fid:pls:bp_20:lv2; gc_fid:pls:bp_20:lv3; gc_fid:pls:bp_20:lv4; gc_fid:pls:bp_35:lv1; gc_fid:pls:bp_35:lv2; gc_fid:pls:bp_35:lv3,gc_fid:pca:pc1(1.000); gc_fid:pca:pc2(1.000); gc_fid:pca:pc3(1.000); gc_fid:pca:pc4(1.000); gc_fid:pca:pc5(1.000); gc_fid:pls:bp_20:lv1(1.000); gc_fid:pls:bp_20:lv2(1.000); gc_fid:pls:bp_20:lv3(1.000),petroleum_fraction_db_041,BP_35,analysis_only,equal_weight
2,petroleum_fraction_db_033,0.387894,398.6,74,gc_fid:pca:pc1; gc_fid:pca:pc2; gc_fid:pca:pc3; gc_fid:pca:pc4; gc_fid:pca:pc5; gc_fid:pls:bp_20:lv1; gc_fid:pls:bp_20:lv2; gc_fid:pls:bp_20:lv3; gc_fid:pls:bp_20:lv4; gc_fid:pls:bp_35:lv1; gc_fid:pls:bp_35:lv2; gc_fid:pls:bp_35:lv3,gc_fid:pca:pc1(1.000); gc_fid:pca:pc2(1.000); gc_fid:pca:pc3(1.000); gc_fid:pca:pc4(1.000); gc_fid:pca:pc5(1.000); gc_fid:pls:bp_20:lv1(1.000); gc_fid:pls:bp_20:lv2(1.000); gc_fid:pls:bp_20:lv3(1.000),petroleum_fraction_db_041,BP_35,analysis_only,equal_weight
1,petroleum_fraction_db_035,0.277379,411.2,74,gc_fid:pca:pc1; gc_fid:pca:pc2; gc_fid:pca:pc3; gc_fid:pca:pc4; gc_fid:pca:pc5; gc_fid:pls:bp_20:lv1; gc_fid:pls:bp_20:lv2; gc_fid:pls:bp_20:lv3; gc_fid:pls:bp_20:lv4; gc_fid:pls:bp_35:lv1; gc_fid:pls:bp_35:lv2; gc_fid:pls:bp_35:lv3,gc_fid:pls:density_20c:lv1(0.967); gc_fid:pls:bp_35:lv1(0.949); gc_fid:pls:saturates:lv1(0.948); gc_fid:pls:bp_20:lv1(0.948); gc_fid:pls:bp_50:lv1(0.948); gc_fid:pls:bp_65:lv1(0.947); gc_fid:pls:bp_80:lv1(0.946); gc_fid:pca:pc1(0.921),petroleum_fraction_db_041,BP_35,analysis_only,correlation_weighted
2,petroleum_fraction_db_033,0.345712,398.6,74,gc_fid:pca:pc1; gc_fid:pca:pc2; gc_fid:pca:pc3; gc_fid:pca:pc4; gc_fid:pca:pc5; gc_fid:pls:bp_20:lv1; gc_fid:pls:bp_20:lv2; gc_fid:pls:bp_20:lv3; gc_fid:pls:bp_20:lv4; gc_fid:pls:bp_35:lv1; gc_fid:pls:bp_35:lv2; gc_fid:pls:bp_35:lv3,gc_fid:pls:density_20c:lv1(0.967); gc_fid:pls:bp_35:lv1(0.949); gc_fid:pls:saturates:lv1(0.948); gc_fid:pls:bp_20:lv1(0.948); gc_fid:pls:bp_50:lv1(0.948); gc_fid:pls:bp_65:lv1(0.947); gc_fid:pls:bp_80:lv1(0.946); gc_fid:pca:pc1(0.921),petroleum_fraction_db_041,BP_35,analysis_only,correlation_weighted
1,petroleum_fraction_db_035,0.312082,411.2,80,bulk_property:bp_20; bulk_property:bp_50; bulk_property:bp_65; bulk_property:bp_80; bulk_property:density_20c; bulk_property:saturates; gc_fid:pca:pc1; gc_fid:pca:pc2; gc_fid:pca:pc3; gc_fid:pca:pc4; gc_fid:pca:pc5; gc_fid:pls:bp_20:lv1,bulk_property:bp_20(1.000); bulk_property:bp_50(1.000); bulk_property:bp_65(1.000); bulk_property:bp_80(1.000); bulk_property:density_20c(1.000); bulk_property:saturates(1.000); gc_fid:pca:pc1(1.000); gc_fid:pca:pc2(1.000),petroleum_fraction_db_041,BP_35,analysis_plus_non_target_bulk,equal_weight
2,petroleum_fraction_db_033,0.400082,398.6,80,bulk_property:bp_20; bulk_property:bp_50; bulk_property:bp_65; bulk_property:bp_80; bulk_property:density_20c; bulk_property:saturates; gc_fid:pca:pc1; gc_fid:pca:pc2; gc_fid:pca:pc3; gc_fid:pca:pc4; gc_fid:pca:pc5; gc_fid:pls:bp_20:lv1,bulk_property:bp_20(1.000); bulk_property:bp_50(1.000); bulk_property:bp_65(1.000); bulk_property:bp_80(1.000); bulk_property:density_20c(1.000); bulk_property:saturates(1.000); gc_fid:pca:pc1(1.000); gc_fid:pca:pc2(1.000),petroleum_fraction_db_041,BP_35,analysis_plus_non_target_bulk,equal_weight
1,petroleum_fraction_db_035,0.282556,411.2,80,bulk_property:bp_20; bulk_property:bp_50; bulk_property:bp_65; bulk_property:bp_80; bulk_property:density_20c; bulk_property:saturates; gc_fid:pca:pc1; gc_fid:pca:pc2; gc_fid:pca:pc3; gc_fid:pca:pc4; gc_fid:pca:pc5; gc_fid:pls:bp_20:lv1,bulk_property:bp_20(1.040); bulk_property:bp_50(1.040); bulk_property:bp_65(1.020); bulk_property:bp_80(0.982); gc_fid:pls:density_20c:lv1(0.967); gc_fid:pls:bp_35:lv1(0.949); gc_fid:pls:saturates:lv1(0.948); gc_fid:pls:bp_20:lv1(0.948),petroleum_fraction_db_041,BP_35,analysis_plus_non_target_bulk,correlation_weighted
2,petroleum_fraction_db_033,0.390982,398.6,80,bulk_property:bp_20; bulk_property:bp_50; bulk_property:bp_65; bulk_property:bp_80; bulk_property:density_20c; bulk_property:saturates; gc_fid:pca:pc1; gc_fid:pca:pc2; gc_fid:pca:pc3; gc_fid:pca:pc4; gc_fid:pca:pc5; gc_fid:pls:bp_20:lv1,bulk_property:bp_20(1.040); bulk_property:bp_50(1.040); bulk_property:bp_65(1.020); bulk_property:bp_80(0.982); gc_fid:pls:density_20c:lv1(0.967); gc_fid:pls:bp_35:lv1(0.949); gc_fid:pls:saturates:lv1(0.948); gc_fid:pls:bp_20:lv1(0.948),petroleum_fraction_db_041,BP_35,analysis_plus_non_target_bulk,correlation_weighted
1,petroleum_fraction_db_035,0.315554,438.0,74,gc_fid:pca:pc1; gc_fid:pca:pc2; gc_fid:pca:pc3; gc_fid:pca:pc4; gc_fid:pca:pc5; gc_fid:pls:bp_20:lv1; gc_fid:pls:bp_20:lv2; gc_fid:pls:bp_20:lv3; gc_fid:pls:bp_20:lv4; gc_fid:pls:bp_35:lv1; gc_fid:pls:bp_35:lv2; gc_fid:pls:bp_35:lv3,gc_fid:pca:pc1(1.000); gc_fid:pca:pc2(1.000); gc_fid:pca:pc3(1.000); gc_fid:pca:pc4(1.000); gc_fid:pca:pc5(1.000); gc_fid:pls:bp_20:lv1(1.000); gc_fid:pls:bp_20:lv2(1.000); gc_fid:pls:bp_20:lv3(1.000),petroleum_fraction_db_041,BP_50,analysis_only,equal_weight
2,petroleum_fraction_db_033,0.387894,421.8,74,gc_fid:pca:pc1; gc_fid:pca:pc2; gc_fid:pca:pc3; gc_fid:pca:pc4; gc_fid:pca:pc5; gc_fid:pls:bp_20:lv1; gc_fid:pls:bp_20:lv2; gc_fid:pls:bp_20:lv3; gc_fid:pls:bp_20:lv4; gc_fid:pls:bp_35:lv1; gc_fid:pls:bp_35:lv2; gc_fid:pls:bp_35:lv3,gc_fid:pca:pc1(1.000); gc_fid:pca:pc2(1.000); gc_fid:pca:pc3(1.000); gc_fid:pca:pc4(1.000); gc_fid:pca:pc5(1.000); gc_fid:pls:bp_20:lv1(1.000); gc_fid:pls:bp_20:lv2(1.000); gc_fid:pls:bp_20:lv3(1.000),petroleum_fraction_db_041,BP_50,analysis_only,equal_weight
1,petroleum_fraction_db_035,0.280854,438.0,74,gc_fid:pca:pc1; gc_fid:pca:pc2; gc_fid:pca:pc3; gc_fid:pca:pc4; gc_fid:pca:pc5; gc_fid:pls:bp_20:lv1; gc_fid:pls:bp_20:lv2; gc_fid:pls:bp_20:lv3; gc_fid:pls:bp_20:lv4; gc_fid:pls:bp_35:lv1; gc_fid:pls:bp_35:lv2; gc_fid:pls:bp_35:lv3,gc_fid:pls:density_20c:lv1(0.977); gc_fid:pls:saturates:lv1(0.960); gc_fid:pls:bp_50:lv1(0.951); gc_fid:pls:bp_80:lv1(0.951); gc_fid:pls:bp_35:lv1(0.951); gc_fid:pls:bp_65:lv1(0.951); gc_fid:pls:bp_20:lv1(0.949); gc_fid:pca:pc1(0.923),petroleum_fraction_db_041,BP_50,analysis_only,correlation_weighted
2,petroleum_fraction_db_033,0.351402,421.8,74,gc_fid:pca:pc1; gc_fid:pca:pc2; gc_fid:pca:pc3; gc_fid:pca:pc4; gc_fid:pca:pc5; gc_fid:pls:bp_20:lv1; gc_fid:pls:bp_20:lv2; gc_fid:pls:bp_20:lv3; gc_fid:pls:bp_20:lv4; gc_fid:pls:bp_35:lv1; gc_fid:pls:bp_35:lv2; gc_fid:pls:bp_35:lv3,gc_fid:pls:density_20c:lv1(0.977); gc_fid:pls:saturates:lv1(0.960); gc_fid:pls:bp_50:lv1(0.951); gc_fid:pls:bp_80:lv1(0.951); gc_fid:pls:bp_35:lv1(0.951); gc_fid:pls:bp_65:lv1(0.951); gc_fid:pls:bp_20:lv1(0.949); gc_fid:pca:pc1(0.923),petroleum_fraction_db_041,BP_50,analysis_only,correlation_weighted
1,petroleum_fraction_db_035,0.31343,438.0,80,bulk_property:bp_20; bulk_property:bp_35; bulk_property:bp_65; bulk_property:bp_80; bulk_property:density_20c; bulk_property:saturates; gc_fid:pca:pc1; gc_fid:pca:pc2; gc_fid:pca:pc3; gc_fid:pca:pc4; gc_fid:pca:pc5; gc_fid:pls:bp_20:lv1,bulk_property:bp_20(1.000); bulk_property:bp_35(1.000); bulk_property:bp_65(1.000); bulk_property:bp_80(1.000); bulk_property:density_20c(1.000); bulk_property:saturates(1.000); gc_fid:pca:pc1(1.000); gc_fid:pca:pc2(1.000),petroleum_fraction_db_041,BP_50,analysis_plus_non_target_bulk,equal_weight
2,petroleum_fraction_db_033,0.400594,421.8,80,bulk_property:bp_20; bulk_property:bp_35; bulk_property:bp_65; bulk_property:bp_80; bulk_property:density_20c; bulk_property:saturates; gc_fid:pca:pc1; gc_fid:pca:pc2; gc_fid:pca:pc3; gc_fid:pca:pc4; gc_fid:pca:pc5; gc_fid:pls:bp_20:lv1,bulk_property:bp_20(1.000); bulk_property:bp_35(1.000); bulk_property:bp_65(1.000); bulk_property:bp_80(1.000); bulk_property:density_20c(1.000); bulk_property:saturates(1.000); gc_fid:pca:pc1(1.000); gc_fid:pca:pc2(1.000),petroleum_fraction_db_041,BP_50,analysis_plus_non_target_bulk,equal_weight
1,petroleum_fraction_db_035,0.288797,438.0,80,bulk_property:bp_20; bulk_property:bp_35; bulk_property:bp_65; bulk_property:bp_80; bulk_property:density_20c; bulk_property:saturates; gc_fid:pca:pc1; gc_fid:pca:pc2; gc_fid:pca:pc3; gc_fid:pca:pc4; gc_fid:pca:pc5; gc_fid:pls:bp_20:lv1,bulk_property:bp_65(1.042); bulk_property:bp_35(1.040); bulk_property:bp_80(1.018); bulk_property:bp_20(1.015); gc_fid:pls:density_20c:lv1(0.977); gc_fid:pls:saturates:lv1(0.960); gc_fid:pls:bp_50:lv1(0.951); gc_fid:pls:bp_80:lv1(0.951),petroleum_fraction_db_041,BP_50,analysis_plus_non_target_bulk,correlation_weighted
2,petroleum_fraction_db_033,0.396601,421.8,80,bulk_property:bp_20; bulk_property:bp_35; bulk_property:bp_65; bulk_property:bp_80; bulk_property:density_20c; bulk_property:saturates; gc_fid:pca:pc1; gc_fid:pca:pc2; gc_fid:pca:pc3; gc_fid:pca:pc4; gc_fid:pca:pc5; gc_fid:pls:bp_20:lv1,bulk_property:bp_65(1.042); bulk_property:bp_35(1.040); bulk_property:bp_80(1.018); bulk_property:bp_20(1.015); gc_fid:pls:density_20c:lv1(0.977); gc_fid:pls:saturates:lv1(0.960); gc_fid:pls:bp_50:lv1(0.951); gc_fid:pls:bp_80:lv1(0.951),petroleum_fraction_db_041,BP_50,analysis_plus_non_target_bulk,correlation_weighted
1,petroleum_fraction_db_035,0.315554,467.2,74,gc_fid:pca:pc1; gc_fid:pca:pc2; gc_fid:pca:pc3; gc_fid:pca:pc4; gc_fid:pca:pc5; gc_fid:pls:bp_20:lv1; gc_fid:pls:bp_20:lv2; gc_fid:pls:bp_20:lv3; gc_fid:pls:bp_20:lv4; gc_fid:pls:bp_35:lv1; gc_fid:pls:bp_35:lv2; gc_fid:pls:bp_35:lv3,gc_fid:pca:pc1(1.000); gc_fid:pca:pc2(1.000); gc_fid:pca:pc3(1.000); gc_fid:pca:pc4(1.000); gc_fid:pca:pc5(1.000); gc_fid:pls:bp_20:lv1(1.000); gc_fid:pls:bp_20:lv2(1.000); gc_fid:pls:bp_20:lv3(1.000),petroleum_fraction_db_041,BP_65,analysis_only,equal_weight
2,petroleum_fraction_db_033,0.387894,444.2,74,gc_fid:pca:pc1; gc_fid:pca:pc2; gc_fid:pca:pc3; gc_fid:pca:pc4; gc_fid:pca:pc5; gc_fid:pls:bp_20:lv1; gc_fid:pls:bp_20:lv2; gc_fid:pls:bp_20:lv3; gc_fid:pls:bp_20:lv4; gc_fid:pls:bp_35:lv1; gc_fid:pls:bp_35:lv2; gc_fid:pls:bp_35:lv3,gc_fid:pca:pc1(1.000); gc_fid:pca:pc2(1.000); gc_fid:pca:pc3(1.000); gc_fid:pca:pc4(1.000); gc_fid:pca:pc5(1.000); gc_fid:pls:bp_20:lv1(1.000); gc_fid:pls:bp_20:lv2(1.000); gc_fid:pls:bp_20:lv3(1.000),petroleum_fraction_db_041,BP_65,analysis_only,equal_weight
1,petroleum_fraction_db_035,0.282932,467.2,74,gc_fid:pca:pc1; gc_fid:pca:pc2; gc_fid:pca:pc3; gc_fid:pca:pc4; gc_fid:pca:pc5; gc_fid:pls:bp_20:lv1; gc_fid:pls:bp_20:lv2; gc_fid:pls:bp_20:lv3; gc_fid:pls:bp_20:lv4; gc_fid:pls:bp_35:lv1; gc_fid:pls:bp_35:lv2; gc_fid:pls:bp_35:lv3,gc_fid:pls:density_20c:lv1(0.980); gc_fid:pls:saturates:lv1(0.965); gc_fid:pls:bp_80:lv1(0.952); gc_fid:pls:bp_65:lv1(0.951); gc_fid:pls:bp_50:lv1(0.951); gc_fid:pls:bp_35:lv1(0.950); gc_fid:pls:bp_20:lv1(0.947); gc_fid:pca:pc1(0.922),petroleum_fraction_db_041,BP_65,analysis_only,correlation_weighted
2,petroleum_fraction_db_033,0.353572,444.2,74,gc_fid:pca:pc1; gc_fid:pca:pc2; gc_fid:pca:pc3; gc_fid:pca:pc4; gc_fid:pca:pc5; gc_fid:pls:bp_20:lv1; gc_fid:pls:bp_20:lv2; gc_fid:pls:bp_20:lv3; gc_fid:pls:bp_20:lv4; gc_fid:pls:bp_35:lv1; gc_fid:pls:bp_35:lv2; gc_fid:pls:bp_35:lv3,gc_fid:pls:density_20c:lv1(0.980); gc_fid:pls:saturates:lv1(0.965); gc_fid:pls:bp_80:lv1(0.952); gc_fid:pls:bp_65:lv1(0.951); gc_fid:pls:bp_50:lv1(0.951); gc_fid:pls:bp_35:lv1(0.950); gc_fid:pls:bp_20:lv1(0.947); gc_fid:pca:pc1(0.922),petroleum_fraction_db_041,BP_65,analysis_only,correlation_weighted
1,petroleum_fraction_db_035,0.315161,467.2,80,bulk_property:bp_20; bulk_property:bp_35; bulk_property:bp_50; bulk_property:bp_80; bulk_property:density_20c; bulk_property:saturates; gc_fid:pca:pc1; gc_fid:pca:pc2; gc_fid:pca:pc3; gc_fid:pca:pc4; gc_fid:pca:pc5; gc_fid:pls:bp_20:lv1,bulk_property:bp_20(1.000); bulk_property:bp_35(1.000); bulk_property:bp_50(1.000); bulk_property:bp_80(1.000); bulk_property:density_20c(1.000); bulk_property:saturates(1.000); gc_fid:pca:pc1(1.000); gc_fid:pca:pc2(1.000),petroleum_fraction_db_041,BP_65,analysis_plus_non_target_bulk,equal_weight
2,petroleum_fraction_db_033,0.40145,444.2,80,bulk_property:bp_20; bulk_property:bp_35; bulk_property:bp_50; bulk_property:bp_80; bulk_property:density_20c; bulk_property:saturates; gc_fid:pca:pc1; gc_fid:pca:pc2; gc_fid:pca:pc3; gc_fid:pca:pc4; gc_fid:pca:pc5; gc_fid:pls:bp_20:lv1,bulk_property:bp_20(1.000); bulk_property:bp_35(1.000); bulk_property:bp_50(1.000); bulk_property:bp_80(1.000); bulk_property:density_20c(1.000); bulk_property:saturates(1.000); gc_fid:pca:pc1(1.000); gc_fid:pca:pc2(1.000),petroleum_fraction_db_041,BP_65,analysis_plus_non_target_bulk,equal_weight
1,petroleum_fraction_db_035,0.294873,467.2,80,bulk_property:bp_20; bulk_property:bp_35; bulk_property:bp_50; bulk_property:bp_80; bulk_property:density_20c; bulk_property:saturates; gc_fid:pca:pc1; gc_fid:pca:pc2; gc_fid:pca:pc3; gc_fid:pca:pc4; gc_fid:pca:pc5; gc_fid:pls:bp_20:lv1,bulk_property:bp_50(1.042); bulk_property:bp_80(1.039); bulk_property:bp_35(1.020); bulk_property:bp_20(0.986); gc_fid:pls:density_20c:lv1(0.980); gc_fid:pls:saturates:lv1(0.965); gc_fid:pls:bp_80:lv1(0.952); gc_fid:pls:bp_65:lv1(0.951),petroleum_fraction_db_041,BP_65,analysis_plus_non_target_bulk,correlation_weighted
2,petroleum_fraction_db_033,0.400139,444.2,80,bulk_property:bp_20; bulk_property:bp_35; bulk_property:bp_50; bulk_property:bp_80; bulk_property:density_20c; bulk_property:saturates; gc_fid:pca:pc1; gc_fid:pca:pc2; gc_fid:pca:pc3; gc_fid:pca:pc4; gc_fid:pca:pc5; gc_fid:pls:bp_20:lv1,bulk_property:bp_50(1.042); bulk_property:bp_80(1.039); bulk_property:bp_35(1.020); bulk_property:bp_20(0.986); gc_fid:pls:density_20c:lv1(0.980); gc_fid:pls:saturates:lv1(0.965); gc_fid:pls:bp_80:lv1(0.952); gc_fid:pls:bp_65:lv1(0.951),petroleum_fraction_db_041,BP_65,analysis_plus_non_target_bulk,correlation_weighted
1,petroleum_fraction_db_035,0.315554,499.8,74,gc_fid:pca:pc1; gc_fid:pca:pc2; gc_fid:pca:pc3; gc_fid:pca:pc4; gc_fid:pca:pc5; gc_fid:pls:bp_20:lv1; gc_fid:pls:bp_20:lv2; gc_fid:pls:bp_20:lv3; gc_fid:pls:bp_20:lv4; gc_fid:pls:bp_35:lv1; gc_fid:pls:bp_35:lv2; gc_fid:pls:bp_35:lv3,gc_fid:pca:pc1(1.000); gc_fid:pca:pc2(1.000); gc_fid:pca:pc3(1.000); gc_fid:pca:pc4(1.000); gc_fid:pca:pc5(1.000); gc_fid:pls:bp_20:lv1(1.000); gc_fid:pls:bp_20:lv2(1.000); gc_fid:pls:bp_20:lv3(1.000),petroleum_fraction_db_041,BP_80,analysis_only,equal_weight
2,petroleum_fraction_db_033,0.387894,471.0,74,gc_fid:pca:pc1; gc_fid:pca:pc2; gc_fid:pca:pc3; gc_fid:pca:pc4; gc_fid:pca:pc5; gc_fid:pls:bp_20:lv1; gc_fid:pls:bp_20:lv2; gc_fid:pls:bp_20:lv3; gc_fid:pls:bp_20:lv4; gc_fid:pls:bp_35:lv1; gc_fid:pls:bp_35:lv2; gc_fid:pls:bp_35:lv3,gc_fid:pca:pc1(1.000); gc_fid:pca:pc2(1.000); gc_fid:pca:pc3(1.000); gc_fid:pca:pc4(1.000); gc_fid:pca:pc5(1.000); gc_fid:pls:bp_20:lv1(1.000); gc_fid:pls:bp_20:lv2(1.000); gc_fid:pls:bp_20:lv3(1.000),petroleum_fraction_db_041,BP_80,analysis_only,equal_weight
1,petroleum_fraction_db_035,0.285829,499.8,74,gc_fid:pca:pc1; gc_fid:pca:pc2; gc_fid:pca:pc3; gc_fid:pca:pc4; gc_fid:pca:pc5; gc_fid:pls:bp_20:lv1; gc_fid:pls:bp_20:lv2; gc_fid:pls:bp_20:lv3; gc_fid:pls:bp_20:lv4; gc_fid:pls:bp_35:lv1; gc_fid:pls:bp_35:lv2; gc_fid:pls:bp_35:lv3,gc_fid:pls:density_20c:lv1(0.973); gc_fid:pls:saturates:lv1(0.962); gc_fid:pls:bp_80:lv1(0.945); gc_fid:pls:bp_65:lv1(0.942); gc_fid:pls:bp_50:lv1(0.941); gc_fid:pls:bp_35:lv1(0.939); gc_fid:pls:bp_20:lv1(0.935); gc_fid:pca:pc1(0.913),petroleum_fraction_db_041,BP_80,analysis_only,correlation_weighted
2,petroleum_fraction_db_033,0.354039,471.0,74,gc_fid:pca:pc1; gc_fid:pca:pc2; gc_fid:pca:pc3; gc_fid:pca:pc4; gc_fid:pca:pc5; gc_fid:pls:bp_20:lv1; gc_fid:pls:bp_20:lv2; gc_fid:pls:bp_20:lv3; gc_fid:pls:bp_20:lv4; gc_fid:pls:bp_35:lv1; gc_fid:pls:bp_35:lv2; gc_fid:pls:bp_35:lv3,gc_fid:pls:density_20c:lv1(0.973); gc_fid:pls:saturates:lv1(0.962); gc_fid:pls:bp_80:lv1(0.945); gc_fid:pls:bp_65:lv1(0.942); gc_fid:pls:bp_50:lv1(0.941); gc_fid:pls:bp_35:lv1(0.939); gc_fid:pls:bp_20:lv1(0.935); gc_fid:pca:pc1(0.913),petroleum_fraction_db_041,BP_80,analysis_only,correlation_weighted
1,petroleum_fraction_db_035,0.31607,499.8,80,bulk_property:bp_20; bulk_property:bp_35; bulk_property:bp_50; bulk_property:bp_65; bulk_property:density_20c; bulk_property:saturates; gc_fid:pca:pc1; gc_fid:pca:pc2; gc_fid:pca:pc3; gc_fid:pca:pc4; gc_fid:pca:pc5; gc_fid:pls:bp_20:lv1,bulk_property:bp_20(1.000); bulk_property:bp_35(1.000); bulk_property:bp_50(1.000); bulk_property:bp_65(1.000); bulk_property:density_20c(1.000); bulk_property:saturates(1.000); gc_fid:pca:pc1(1.000); gc_fid:pca:pc2(1.000),petroleum_fraction_db_041,BP_80,analysis_plus_non_target_bulk,equal_weight
2,petroleum_fraction_db_033,0.403611,471.0,80,bulk_property:bp_20; bulk_property:bp_35; bulk_property:bp_50; bulk_property:bp_65; bulk_property:density_20c; bulk_property:saturates; gc_fid:pca:pc1; gc_fid:pca:pc2; gc_fid:pca:pc3; gc_fid:pca:pc4; gc_fid:pca:pc5; gc_fid:pls:bp_20:lv1,bulk_property:bp_20(1.000); bulk_property:bp_35(1.000); bulk_property:bp_50(1.000); bulk_property:bp_65(1.000); bulk_property:density_20c(1.000); bulk_property:saturates(1.000); gc_fid:pca:pc1(1.000); gc_fid:pca:pc2(1.000),petroleum_fraction_db_041,BP_80,analysis_plus_non_target_bulk,equal_weight
1,petroleum_fraction_db_035,0.298936,499.8,80,bulk_property:bp_20; bulk_property:bp_35; bulk_property:bp_50; bulk_property:bp_65; bulk_property:density_20c; bulk_property:saturates; gc_fid:pca:pc1; gc_fid:pca:pc2; gc_fid:pca:pc3; gc_fid:pca:pc4; gc_fid:pca:pc5; gc_fid:pls:bp_20:lv1,bulk_property:bp_65(1.039); bulk_property:bp_50(1.018); bulk_property:bp_35(0.982); gc_fid:pls:density_20c:lv1(0.973); gc_fid:pls:saturates:lv1(0.962); gc_fid:pls:bp_80:lv1(0.945); gc_fid:pls:bp_65:lv1(0.942); gc_fid:pls:bp_50:lv1(0.941),petroleum_fraction_db_041,BP_80,analysis_plus_non_target_bulk,correlation_weighted
2,petroleum_fraction_db_033,0.405271,471.0,80,bulk_property:bp_20; bulk_property:bp_35; bulk_property:bp_50; bulk_property:bp_65; bulk_property:density_20c; bulk_property:saturates; gc_fid:pca:pc1; gc_fid:pca:pc2; gc_fid:pca:pc3; gc_fid:pca:pc4; gc_fid:pca:pc5; gc_fid:pls:bp_20:lv1,bulk_property:bp_65(1.039); bulk_property:bp_50(1.018); bulk_property:bp_35(0.982); gc_fid:pls:density_20c:lv1(0.973); gc_fid:pls:saturates:lv1(0.962); gc_fid:pls:bp_80:lv1(0.945); gc_fid:pls:bp_65:lv1(0.942); gc_fid:pls:bp_50:lv1(0.941),petroleum_fraction_db_041,BP_80,analysis_plus_non_target_bulk,correlation_weighted
1,petroleum_fraction_db_060,0.787832,0.8782,74,gc_fid:pca:pc1; gc_fid:pca:pc2; gc_fid:pca:pc3; gc_fid:pca:pc4; gc_fid:pca:pc5; gc_fid:pls:bp_20:lv1; gc_fid:pls:bp_20:lv2; gc_fid:pls:bp_20:lv3; gc_fid:pls:bp_20:lv4; gc_fid:pls:bp_35:lv1; gc_fid:pls:bp_35:lv2; gc_fid:pls:bp_35:lv3,gc_fid:pca:pc1(1.000); gc_fid:pca:pc2(1.000); gc_fid:pca:pc3(1.000); gc_fid:pca:pc4(1.000); gc_fid:pca:pc5(1.000); gc_fid:pls:bp_20:lv1(1.000); gc_fid:pls:bp_20:lv2(1.000); gc_fid:pls:bp_20:lv3(1.000),petroleum_fraction_db_047,density_20c,analysis_only,equal_weight
2,petroleum_fraction_db_034,0.882947,0.9133,74,gc_fid:pca:pc1; gc_fid:pca:pc2; gc_fid:pca:pc3; gc_fid:pca:pc4; gc_fid:pca:pc5; gc_fid:pls:bp_20:lv1; gc_fid:pls:bp_20:lv2; gc_fid:pls:bp_20:lv3; gc_fid:pls:bp_20:lv4; gc_fid:pls:bp_35:lv1; gc_fid:pls:bp_35:lv2; gc_fid:pls:bp_35:lv3,gc_fid:pca:pc1(1.000); gc_fid:pca:pc2(1.000); gc_fid:pca:pc3(1.000); gc_fid:pca:pc4(1.000); gc_fid:pca:pc5(1.000); gc_fid:pls:bp_20:lv1(1.000); gc_fid:pls:bp_20:lv2(1.000); gc_fid:pls:bp_20:lv3(1.000),petroleum_fraction_db_047,density_20c,analysis_only,equal_weight
1,petroleum_fraction_db_060,0.695278,0.8782,74,gc_fid:pca:pc1; gc_fid:pca:pc2; gc_fid:pca:pc3; gc_fid:pca:pc4; gc_fid:pca:pc5; gc_fid:pls:bp_20:lv1; gc_fid:pls:bp_20:lv2; gc_fid:pls:bp_20:lv3; gc_fid:pls:bp_20:lv4; gc_fid:pls:bp_35:lv1; gc_fid:pls:bp_35:lv2; gc_fid:pls:bp_35:lv3,ir:weighted_x_q90(0.728); ir_spectrum:pls:density_20c:lv2(0.727); ir_spectrum:pls:saturates:lv2(0.716); ir_spectrum:pls:density_20c:lv1(0.649); ir_spectrum:pls:saturates:lv1(0.629); ir_spectrum:pls:bp_35:lv1(0.628); ir_spectrum:pca:pc1(0.615); ir_spectrum:pls:bp_65:lv1(0.615),petroleum_fraction_db_047,density_20c,analysis_only,correlation_weighted
2,petroleum_fraction_db_034,0.842721,0.9133,74,gc_fid:pca:pc1; gc_fid:pca:pc2; gc_fid:pca:pc3; gc_fid:pca:pc4; gc_fid:pca:pc5; gc_fid:pls:bp_20:lv1; gc_fid:pls:bp_20:lv2; gc_fid:pls:bp_20:lv3; gc_fid:pls:bp_20:lv4; gc_fid:pls:bp_35:lv1; gc_fid:pls:bp_35:lv2; gc_fid:pls:bp_35:lv3,ir:weighted_x_q90(0.728); ir_spectrum:pls:density_20c:lv2(0.727); ir_spectrum:pls:saturates:lv2(0.716); ir_spectrum:pls:density_20c:lv1(0.649); ir_spectrum:pls:saturates:lv1(0.629); ir_spectrum:pls:bp_35:lv1(0.628); ir_spectrum:pca:pc1(0.615); ir_spectrum:pls:bp_65:lv1(0.615),petroleum_fraction_db_047,density_20c,analysis_only,correlation_weighted
1,petroleum_fraction_db_060,0.784659,0.8782,80,bulk_property:bp_20; bulk_property:bp_35; bulk_property:bp_50; bulk_property:bp_65; bulk_property:bp_80; bulk_property:saturates; gc_fid:pca:pc1; gc_fid:pca:pc2; gc_fid:pca:pc3; gc_fid:pca:pc4; gc_fid:pca:pc5; gc_fid:pls:bp_20:lv1,bulk_property:bp_20(1.000); bulk_property:bp_35(1.000); bulk_property:bp_50(1.000); bulk_property:bp_65(1.000); bulk_property:bp_80(1.000); bulk_property:saturates(1.000); gc_fid:pca:pc1(1.000); gc_fid:pca:pc2(1.000),petroleum_fraction_db_047,density_20c,analysis_plus_non_target_bulk,equal_weight
2,petroleum_fraction_db_034,0.866618,0.9133,80,bulk_property:bp_20; bulk_property:bp_35; bulk_property:bp_50; bulk_property:bp_65; bulk_property:bp_80; bulk_property:saturates; gc_fid:pca:pc1; gc_fid:pca:pc2; gc_fid:pca:pc3; gc_fid:pca:pc4; gc_fid:pca:pc5; gc_fid:pls:bp_20:lv1,bulk_property:bp_20(1.000); bulk_property:bp_35(1.000); bulk_property:bp_50(1.000); bulk_property:bp_65(1.000); bulk_property:bp_80(1.000); bulk_property:saturates(1.000); gc_fid:pca:pc1(1.000); gc_fid:pca:pc2(1.000),petroleum_fraction_db_047,density_20c,analysis_plus_non_target_bulk,equal_weight
1,petroleum_fraction_db_060,0.697486,0.8782,80,bulk_property:bp_20; bulk_property:bp_35; bulk_property:bp_50; bulk_property:bp_65; bulk_property:bp_80; bulk_property:saturates; gc_fid:pca:pc1; gc_fid:pca:pc2; gc_fid:pca:pc3; gc_fid:pca:pc4; gc_fid:pca:pc5; gc_fid:pls:bp_20:lv1,bulk_property:saturates(0.895); ir:weighted_x_q90(0.728); ir_spectrum:pls:density_20c:lv2(0.727); ir_spectrum:pls:saturates:lv2(0.716); ir_spectrum:pls:density_20c:lv1(0.649); ir_spectrum:pls:saturates:lv1(0.629); ir_spectrum:pls:bp_35:lv1(0.628); ir_spectrum:pca:pc1(0.615),petroleum_fraction_db_047,density_20c,analysis_plus_non_target_bulk,correlation_weighted
2,petroleum_fraction_db_034,0.819769,0.9133,80,bulk_property:bp_20; bulk_property:bp_35; bulk_property:bp_50; bulk_property:bp_65; bulk_property:bp_80; bulk_property:saturates; gc_fid:pca:pc1; gc_fid:pca:pc2; gc_fid:pca:pc3; gc_fid:pca:pc4; gc_fid:pca:pc5; gc_fid:pls:bp_20:lv1,bulk_property:saturates(0.895); ir:weighted_x_q90(0.728); ir_spectrum:pls:density_20c:lv2(0.727); ir_spectrum:pls:saturates:lv2(0.716); ir_spectrum:pls:density_20c:lv1(0.649); ir_spectrum:pls:saturates:lv1(0.629); ir_spectrum:pls:bp_35:lv1(0.628); ir_spectrum:pca:pc1(0.615),petroleum_fraction_db_047,density_20c,analysis_plus_non_target_bulk,correlation_weighted
1,petroleum_fraction_db_060,0.787832,75.83022553720595,74,gc_fid:pca:pc1; gc_fid:pca:pc2; gc_fid:pca:pc3; gc_fid:pca:pc4; gc_fid:pca:pc5; gc_fid:pls:bp_20:lv1; gc_fid:pls:bp_20:lv2; gc_fid:pls:bp_20:lv3; gc_fid:pls:bp_20:lv4; gc_fid:pls:bp_35:lv1; gc_fid:pls:bp_35:lv2; gc_fid:pls:bp_35:lv3,gc_fid:pca:pc1(1.000); gc_fid:pca:pc2(1.000); gc_fid:pca:pc3(1.000); gc_fid:pca:pc4(1.000); gc_fid:pca:pc5(1.000); gc_fid:pls:bp_20:lv1(1.000); gc_fid:pls:bp_20:lv2(1.000); gc_fid:pls:bp_20:lv3(1.000),petroleum_fraction_db_047,saturates,analysis_only,equal_weight
2,petroleum_fraction_db_034,0.882947,60.6094578067661,74,gc_fid:pca:pc1; gc_fid:pca:pc2; gc_fid:pca:pc3; gc_fid:pca:pc4; gc_fid:pca:pc5; gc_fid:pls:bp_20:lv1; gc_fid:pls:bp_20:lv2; gc_fid:pls:bp_20:lv3; gc_fid:pls:bp_20:lv4; gc_fid:pls:bp_35:lv1; gc_fid:pls:bp_35:lv2; gc_fid:pls:bp_35:lv3,gc_fid:pca:pc1(1.000); gc_fid:pca:pc2(1.000); gc_fid:pca:pc3(1.000); gc_fid:pca:pc4(1.000); gc_fid:pca:pc5(1.000); gc_fid:pls:bp_20:lv1(1.000); gc_fid:pls:bp_20:lv2(1.000); gc_fid:pls:bp_20:lv3(1.000),petroleum_fraction_db_047,saturates,analysis_only,equal_weight
1,petroleum_fraction_db_060,0.633692,75.83022553720595,74,gc_fid:pca:pc1; gc_fid:pca:pc2; gc_fid:pca:pc3; gc_fid:pca:pc4; gc_fid:pca:pc5; gc_fid:pls:bp_20:lv1; gc_fid:pls:bp_20:lv2; gc_fid:pls:bp_20:lv3; gc_fid:pls:bp_20:lv4; gc_fid:pls:bp_35:lv1; gc_fid:pls:bp_35:lv2; gc_fid:pls:bp_35:lv3,ir:weighted_x_q90(0.703); ir_spectrum:pls:density_20c:lv1(0.668); ir_spectrum:pls:saturates:lv1(0.668); ir_spectrum:pca:pc1(0.656); ir:weighted_x_mean(0.613); ir_spectrum:pls:bp_80:lv1(0.577); ir_spectrum:pls:saturates:lv2(0.568); ir:weighted_x_q50(0.567),petroleum_fraction_db_047,saturates,analysis_only,correlation_weighted
2,petroleum_fraction_db_034,0.855538,60.6094578067661,74,gc_fid:pca:pc1; gc_fid:pca:pc2; gc_fid:pca:pc3; gc_fid:pca:pc4; gc_fid:pca:pc5; gc_fid:pls:bp_20:lv1; gc_fid:pls:bp_20:lv2; gc_fid:pls:bp_20:lv3; gc_fid:pls:bp_20:lv4; gc_fid:pls:bp_35:lv1; gc_fid:pls:bp_35:lv2; gc_fid:pls:bp_35:lv3,ir:weighted_x_q90(0.703); ir_spectrum:pls:density_20c:lv1(0.668); ir_spectrum:pls:saturates:lv1(0.668); ir_spectrum:pca:pc1(0.656); ir:weighted_x_mean(0.613); ir_spectrum:pls:bp_80:lv1(0.577); ir_spectrum:pls:saturates:lv2(0.568); ir:weighted_x_q50(0.567),petroleum_fraction_db_047,saturates,analysis_only,correlation_weighted
1,petroleum_fraction_db_060,0.782456,75.83022553720595,80,bulk_property:bp_20; bulk_property:bp_35; bulk_property:bp_50; bulk_property:bp_65; bulk_property:bp_80; bulk_property:density_20c; gc_fid:pca:pc1; gc_fid:pca:pc2; gc_fid:pca:pc3; gc_fid:pca:pc4; gc_fid:pca:pc5; gc_fid:pls:bp_20:lv1,bulk_property:bp_20(1.000); bulk_property:bp_35(1.000); bulk_property:bp_50(1.000); bulk_property:bp_65(1.000); bulk_property:bp_80(1.000); bulk_property:density_20c(1.000); gc_fid:pca:pc1(1.000); gc_fid:pca:pc2(1.000),petroleum_fraction_db_047,saturates,analysis_plus_non_target_bulk,equal_weight
2,petroleum_fraction_db_034,0.870027,60.6094578067661,80,bulk_property:bp_20; bulk_property:bp_35; bulk_property:bp_50; bulk_property:bp_65; bulk_property:bp_80; bulk_property:density_20c; gc_fid:pca:pc1; gc_fid:pca:pc2; gc_fid:pca:pc3; gc_fid:pca:pc4; gc_fid:pca:pc5; gc_fid:pls:bp_20:lv1,bulk_property:bp_20(1.000); bulk_property:bp_35(1.000); bulk_property:bp_50(1.000); bulk_property:bp_65(1.000); bulk_property:bp_80(1.000); bulk_property:density_20c(1.000); gc_fid:pca:pc1(1.000); gc_fid:pca:pc2(1.000),petroleum_fraction_db_047,saturates,analysis_plus_non_target_bulk,equal_weight
1,petroleum_fraction_db_060,0.633903,75.83022553720595,80,bulk_property:bp_20; bulk_property:bp_35; bulk_property:bp_50; bulk_property:bp_65; bulk_property:bp_80; bulk_property:density_20c; gc_fid:pca:pc1; gc_fid:pca:pc2; gc_fid:pca:pc3; gc_fid:pca:pc4; gc_fid:pca:pc5; gc_fid:pls:bp_20:lv1,bulk_property:density_20c(0.895); ir:weighted_x_q90(0.703); ir_spectrum:pls:density_20c:lv1(0.668); ir_spectrum:pls:saturates:lv1(0.668); ir_spectrum:pca:pc1(0.656); ir:weighted_x_mean(0.613); ir_spectrum:pls:bp_80:lv1(0.577); ir_spectrum:pls:saturates:lv2(0.568),petroleum_fraction_db_047,saturates,analysis_plus_non_target_bulk,correlation_weighted
2,petroleum_fraction_db_034,0.840743,60.6094578067661,80,bulk_property:bp_20; bulk_property:bp_35; bulk_property:bp_50; bulk_property:bp_65; bulk_property:bp_80; bulk_property:density_20c; gc_fid:pca:pc1; gc_fid:pca:pc2; gc_fid:pca:pc3; gc_fid:pca:pc4; gc_fid:pca:pc5; gc_fid:pls:bp_20:lv1,bulk_property:density_20c(0.895); ir:weighted_x_q90(0.703); ir_spectrum:pls:density_20c:lv1(0.668); ir_spectrum:pls:saturates:lv1(0.668); ir_spectrum:pca:pc1(0.656); ir:weighted_x_mean(0.613); ir_spectrum:pls:bp_80:lv1(0.577); ir_spectrum:pls:saturates:lv2(0.568),petroleum_fraction_db_047,saturates,analysis_plus_non_target_bulk,correlation_weighted
1,petroleum_fraction_db_060,0.787832,432.6,74,gc_fid:pca:pc1; gc_fid:pca:pc2; gc_fid:pca:pc3; gc_fid:pca:pc4; gc_fid:pca:pc5; gc_fid:pls:bp_20:lv1; gc_fid:pls:bp_20:lv2; gc_fid:pls:bp_20:lv3; gc_fid:pls:bp_20:lv4; gc_fid:pls:bp_35:lv1; gc_fid:pls:bp_35:lv2; gc_fid:pls:bp_35:lv3,gc_fid:pca:pc1(1.000); gc_fid:pca:pc2(1.000); gc_fid:pca:pc3(1.000); gc_fid:pca:pc4(1.000); gc_fid:pca:pc5(1.000); gc_fid:pls:bp_20:lv1(1.000); gc_fid:pls:bp_20:lv2(1.000); gc_fid:pls:bp_20:lv3(1.000),petroleum_fraction_db_047,BP_20,analysis_only,equal_weight
2,petroleum_fraction_db_034,0.882947,438.6,74,gc_fid:pca:pc1; gc_fid:pca:pc2; gc_fid:pca:pc3; gc_fid:pca:pc4; gc_fid:pca:pc5; gc_fid:pls:bp_20:lv1; gc_fid:pls:bp_20:lv2; gc_fid:pls:bp_20:lv3; gc_fid:pls:bp_20:lv4; gc_fid:pls:bp_35:lv1; gc_fid:pls:bp_35:lv2; gc_fid:pls:bp_35:lv3,gc_fid:pca:pc1(1.000); gc_fid:pca:pc2(1.000); gc_fid:pca:pc3(1.000); gc_fid:pca:pc4(1.000); gc_fid:pca:pc5(1.000); gc_fid:pls:bp_20:lv1(1.000); gc_fid:pls:bp_20:lv2(1.000); gc_fid:pls:bp_20:lv3(1.000),petroleum_fraction_db_047,BP_20,analysis_only,equal_weight
1,petroleum_fraction_db_060,0.688551,432.6,74,gc_fid:pca:pc1; gc_fid:pca:pc2; gc_fid:pca:pc3; gc_fid:pca:pc4; gc_fid:pca:pc5; gc_fid:pls:bp_20:lv1; gc_fid:pls:bp_20:lv2; gc_fid:pls:bp_20:lv3; gc_fid:pls:bp_20:lv4; gc_fid:pls:bp_35:lv1; gc_fid:pls:bp_35:lv2; gc_fid:pls:bp_35:lv3,gc_fid:pls:density_20c:lv1(0.948); gc_fid:pls:bp_20:lv1(0.940); gc_fid:pls:bp_35:lv1(0.939); gc_fid:pls:bp_50:lv1(0.938); gc_fid:pls:bp_65:lv1(0.936); gc_fid:pls:bp_80:lv1(0.934); gc_fid:pls:saturates:lv1(0.928); gc_fid:pca:pc1(0.914),petroleum_fraction_db_047,BP_20,analysis_only,correlation_weighted
2,petroleum_fraction_db_034,0.785365,438.6,74,gc_fid:pca:pc1; gc_fid:pca:pc2; gc_fid:pca:pc3; gc_fid:pca:pc4; gc_fid:pca:pc5; gc_fid:pls:bp_20:lv1; gc_fid:pls:bp_20:lv2; gc_fid:pls:bp_20:lv3; gc_fid:pls:bp_20:lv4; gc_fid:pls:bp_35:lv1; gc_fid:pls:bp_35:lv2; gc_fid:pls:bp_35:lv3,gc_fid:pls:density_20c:lv1(0.948); gc_fid:pls:bp_20:lv1(0.940); gc_fid:pls:bp_35:lv1(0.939); gc_fid:pls:bp_50:lv1(0.938); gc_fid:pls:bp_65:lv1(0.936); gc_fid:pls:bp_80:lv1(0.934); gc_fid:pls:saturates:lv1(0.928); gc_fid:pca:pc1(0.914),petroleum_fraction_db_047,BP_20,analysis_only,correlation_weighted
1,petroleum_fraction_db_060,0.77292,432.6,80,bulk_property:bp_35; bulk_property:bp_50; bulk_property:bp_65; bulk_property:bp_80; bulk_property:density_20c; bulk_property:saturates; gc_fid:pca:pc1; gc_fid:pca:pc2; gc_fid:pca:pc3; gc_fid:pca:pc4; gc_fid:pca:pc5; gc_fid:pls:bp_20:lv1,bulk_property:bp_35(1.000); bulk_property:bp_50(1.000); bulk_property:bp_65(1.000); bulk_property:bp_80(1.000); bulk_property:density_20c(1.000); bulk_property:saturates(1.000); gc_fid:pca:pc1(1.000); gc_fid:pca:pc2(1.000),petroleum_fraction_db_047,BP_20,analysis_plus_non_target_bulk,equal_weight
2,petroleum_fraction_db_034,0.862842,438.6,80,bulk_property:bp_35; bulk_property:bp_50; bulk_property:bp_65; bulk_property:bp_80; bulk_property:density_20c; bulk_property:saturates; gc_fid:pca:pc1; gc_fid:pca:pc2; gc_fid:pca:pc3; gc_fid:pca:pc4; gc_fid:pca:pc5; gc_fid:pls:bp_20:lv1,bulk_property:bp_35(1.000); bulk_property:bp_50(1.000); bulk_property:bp_65(1.000); bulk_property:bp_80(1.000); bulk_property:density_20c(1.000); bulk_property:saturates(1.000); gc_fid:pca:pc1(1.000); gc_fid:pca:pc2(1.000),petroleum_fraction_db_047,BP_20,analysis_plus_non_target_bulk,equal_weight
1,petroleum_fraction_db_060,0.675814,432.6,80,bulk_property:bp_35; bulk_property:bp_50; bulk_property:bp_65; bulk_property:bp_80; bulk_property:density_20c; bulk_property:saturates; gc_fid:pca:pc1; gc_fid:pca:pc2; gc_fid:pca:pc3; gc_fid:pca:pc4; gc_fid:pca:pc5; gc_fid:pls:bp_20:lv1,bulk_property:bp_35(1.040); bulk_property:bp_50(1.015); bulk_property:bp_65(0.986); gc_fid:pls:density_20c:lv1(0.948); gc_fid:pls:bp_20:lv1(0.940); gc_fid:pls:bp_35:lv1(0.939); bulk_property:bp_80(0.939); gc_fid:pls:bp_50:lv1(0.938),petroleum_fraction_db_047,BP_20,analysis_plus_non_target_bulk,correlation_weighted
2,petroleum_fraction_db_034,0.753105,438.6,80,bulk_property:bp_35; bulk_property:bp_50; bulk_property:bp_65; bulk_property:bp_80; bulk_property:density_20c; bulk_property:saturates; gc_fid:pca:pc1; gc_fid:pca:pc2; gc_fid:pca:pc3; gc_fid:pca:pc4; gc_fid:pca:pc5; gc_fid:pls:bp_20:lv1,bulk_property:bp_35(1.040); bulk_property:bp_50(1.015); bulk_property:bp_65(0.986); gc_fid:pls:density_20c:lv1(0.948); gc_fid:pls:bp_20:lv1(0.940); gc_fid:pls:bp_35:lv1(0.939); bulk_property:bp_80(0.939); gc_fid:pls:bp_50:lv1(0.938),petroleum_fraction_db_047,BP_20,analysis_plus_non_target_bulk,correlation_weighted
1,petroleum_fraction_db_060,0.787832,472.2,74,gc_fid:pca:pc1; gc_fid:pca:pc2; gc_fid:pca:pc3; gc_fid:pca:pc4; gc_fid:pca:pc5; gc_fid:pls:bp_20:lv1; gc_fid:pls:bp_20:lv2; gc_fid:pls:bp_20:lv3; gc_fid:pls:bp_20:lv4; gc_fid:pls:bp_35:lv1; gc_fid:pls:bp_35:lv2; gc_fid:pls:bp_35:lv3,gc_fid:pca:pc1(1.000); gc_fid:pca:pc2(1.000); gc_fid:pca:pc3(1.000); gc_fid:pca:pc4(1.000); gc_fid:pca:pc5(1.000); gc_fid:pls:bp_20:lv1(1.000); gc_fid:pls:bp_20:lv2(1.000); gc_fid:pls:bp_20:lv3(1.000),petroleum_fraction_db_047,BP_35,analysis_only,equal_weight
2,petroleum_fraction_db_034,0.882947,470.8,74,gc_fid:pca:pc1; gc_fid:pca:pc2; gc_fid:pca:pc3; gc_fid:pca:pc4; gc_fid:pca:pc5; gc_fid:pls:bp_20:lv1; gc_fid:pls:bp_20:lv2; gc_fid:pls:bp_20:lv3; gc_fid:pls:bp_20:lv4; gc_fid:pls:bp_35:lv1; gc_fid:pls:bp_35:lv2; gc_fid:pls:bp_35:lv3,gc_fid:pca:pc1(1.000); gc_fid:pca:pc2(1.000); gc_fid:pca:pc3(1.000); gc_fid:pca:pc4(1.000); gc_fid:pca:pc5(1.000); gc_fid:pls:bp_20:lv1(1.000); gc_fid:pls:bp_20:lv2(1.000); gc_fid:pls:bp_20:lv3(1.000),petroleum_fraction_db_047,BP_35,analysis_only,equal_weight
1,petroleum_fraction_db_060,0.680397,472.2,74,gc_fid:pca:pc1; gc_fid:pca:pc2; gc_fid:pca:pc3; gc_fid:pca:pc4; gc_fid:pca:pc5; gc_fid:pls:bp_20:lv1; gc_fid:pls:bp_20:lv2; gc_fid:pls:bp_20:lv3; gc_fid:pls:bp_20:lv4; gc_fid:pls:bp_35:lv1; gc_fid:pls:bp_35:lv2; gc_fid:pls:bp_35:lv3,gc_fid:pls:density_20c:lv1(0.967); gc_fid:pls:bp_35:lv1(0.949); gc_fid:pls:saturates:lv1(0.948); gc_fid:pls:bp_20:lv1(0.948); gc_fid:pls:bp_50:lv1(0.948); gc_fid:pls:bp_65:lv1(0.947); gc_fid:pls:bp_80:lv1(0.946); gc_fid:pca:pc1(0.921),petroleum_fraction_db_047,BP_35,analysis_only,correlation_weighted
2,petroleum_fraction_db_034,0.786534,470.8,74,gc_fid:pca:pc1; gc_fid:pca:pc2; gc_fid:pca:pc3; gc_fid:pca:pc4; gc_fid:pca:pc5; gc_fid:pls:bp_20:lv1; gc_fid:pls:bp_20:lv2; gc_fid:pls:bp_20:lv3; gc_fid:pls:bp_20:lv4; gc_fid:pls:bp_35:lv1; gc_fid:pls:bp_35:lv2; gc_fid:pls:bp_35:lv3,gc_fid:pls:density_20c:lv1(0.967); gc_fid:pls:bp_35:lv1(0.949); gc_fid:pls:saturates:lv1(0.948); gc_fid:pls:bp_20:lv1(0.948); gc_fid:pls:bp_50:lv1(0.948); gc_fid:pls:bp_65:lv1(0.947); gc_fid:pls:bp_80:lv1(0.946); gc_fid:pca:pc1(0.921),petroleum_fraction_db_047,BP_35,analysis_only,correlation_weighted
1,petroleum_fraction_db_060,0.780091,472.2,80,bulk_property:bp_20; bulk_property:bp_50; bulk_property:bp_65; bulk_property:bp_80; bulk_property:density_20c; bulk_property:saturates; gc_fid:pca:pc1; gc_fid:pca:pc2; gc_fid:pca:pc3; gc_fid:pca:pc4; gc_fid:pca:pc5; gc_fid:pls:bp_20:lv1,bulk_property:bp_20(1.000); bulk_property:bp_50(1.000); bulk_property:bp_65(1.000); bulk_property:bp_80(1.000); bulk_property:density_20c(1.000); bulk_property:saturates(1.000); gc_fid:pca:pc1(1.000); gc_fid:pca:pc2(1.000),petroleum_fraction_db_047,BP_35,analysis_plus_non_target_bulk,equal_weight
2,petroleum_fraction_db_034,0.86722,470.8,80,bulk_property:bp_20; bulk_property:bp_50; bulk_property:bp_65; bulk_property:bp_80; bulk_property:density_20c; bulk_property:saturates; gc_fid:pca:pc1; gc_fid:pca:pc2; gc_fid:pca:pc3; gc_fid:pca:pc4; gc_fid:pca:pc5; gc_fid:pls:bp_20:lv1,bulk_property:bp_20(1.000); bulk_property:bp_50(1.000); bulk_property:bp_65(1.000); bulk_property:bp_80(1.000); bulk_property:density_20c(1.000); bulk_property:saturates(1.000); gc_fid:pca:pc1(1.000); gc_fid:pca:pc2(1.000),petroleum_fraction_db_047,BP_35,analysis_plus_non_target_bulk,equal_weight
1,petroleum_fraction_db_060,0.69091,472.2,80,bulk_property:bp_20; bulk_property:bp_50; bulk_property:bp_65; bulk_property:bp_80; bulk_property:density_20c; bulk_property:saturates; gc_fid:pca:pc1; gc_fid:pca:pc2; gc_fid:pca:pc3; gc_fid:pca:pc4; gc_fid:pca:pc5; gc_fid:pls:bp_20:lv1,bulk_property:bp_20(1.040); bulk_property:bp_50(1.040); bulk_property:bp_65(1.020); bulk_property:bp_80(0.982); gc_fid:pls:density_20c:lv1(0.967); gc_fid:pls:bp_35:lv1(0.949); gc_fid:pls:saturates:lv1(0.948); gc_fid:pls:bp_20:lv1(0.948),petroleum_fraction_db_047,BP_35,analysis_plus_non_target_bulk,correlation_weighted
2,petroleum_fraction_db_034,0.766778,470.8,80,bulk_property:bp_20; bulk_property:bp_50; bulk_property:bp_65; bulk_property:bp_80; bulk_property:density_20c; bulk_property:saturates; gc_fid:pca:pc1; gc_fid:pca:pc2; gc_fid:pca:pc3; gc_fid:pca:pc4; gc_fid:pca:pc5; gc_fid:pls:bp_20:lv1,bulk_property:bp_20(1.040); bulk_property:bp_50(1.040); bulk_property:bp_65(1.020); bulk_property:bp_80(0.982); gc_fid:pls:density_20c:lv1(0.967); gc_fid:pls:bp_35:lv1(0.949); gc_fid:pls:saturates:lv1(0.948); gc_fid:pls:bp_20:lv1(0.948),petroleum_fraction_db_047,BP_35,analysis_plus_non_target_bulk,correlation_weighted
1,petroleum_fraction_db_060,0.787832,524.4,74,gc_fid:pca:pc1; gc_fid:pca:pc2; gc_fid:pca:pc3; gc_fid:pca:pc4; gc_fid:pca:pc5; gc_fid:pls:bp_20:lv1; gc_fid:pls:bp_20:lv2; gc_fid:pls:bp_20:lv3; gc_fid:pls:bp_20:lv4; gc_fid:pls:bp_35:lv1; gc_fid:pls:bp_35:lv2; gc_fid:pls:bp_35:lv3,gc_fid:pca:pc1(1.000); gc_fid:pca:pc2(1.000); gc_fid:pca:pc3(1.000); gc_fid:pca:pc4(1.000); gc_fid:pca:pc5(1.000); gc_fid:pls:bp_20:lv1(1.000); gc_fid:pls:bp_20:lv2(1.000); gc_fid:pls:bp_20:lv3(1.000),petroleum_fraction_db_047,BP_50,analysis_only,equal_weight
2,petroleum_fraction_db_034,0.882947,494.6,74,gc_fid:pca:pc1; gc_fid:pca:pc2; gc_fid:pca:pc3; gc_fid:pca:pc4; gc_fid:pca:pc5; gc_fid:pls:bp_20:lv1; gc_fid:pls:bp_20:lv2; gc_fid:pls:bp_20:lv3; gc_fid:pls:bp_20:lv4; gc_fid:pls:bp_35:lv1; gc_fid:pls:bp_35:lv2; gc_fid:pls:bp_35:lv3,gc_fid:pca:pc1(1.000); gc_fid:pca:pc2(1.000); gc_fid:pca:pc3(1.000); gc_fid:pca:pc4(1.000); gc_fid:pca:pc5(1.000); gc_fid:pls:bp_20:lv1(1.000); gc_fid:pls:bp_20:lv2(1.000); gc_fid:pls:bp_20:lv3(1.000),petroleum_fraction_db_047,BP_50,analysis_only,equal_weight
1,petroleum_fraction_db_060,0.67512,524.4,74,gc_fid:pca:pc1; gc_fid:pca:pc2; gc_fid:pca:pc3; gc_fid:pca:pc4; gc_fid:pca:pc5; gc_fid:pls:bp_20:lv1; gc_fid:pls:bp_20:lv2; gc_fid:pls:bp_20:lv3; gc_fid:pls:bp_20:lv4; gc_fid:pls:bp_35:lv1; gc_fid:pls:bp_35:lv2; gc_fid:pls:bp_35:lv3,gc_fid:pls:density_20c:lv1(0.977); gc_fid:pls:saturates:lv1(0.960); gc_fid:pls:bp_50:lv1(0.951); gc_fid:pls:bp_80:lv1(0.951); gc_fid:pls:bp_35:lv1(0.951); gc_fid:pls:bp_65:lv1(0.951); gc_fid:pls:bp_20:lv1(0.949); gc_fid:pca:pc1(0.923),petroleum_fraction_db_047,BP_50,analysis_only,correlation_weighted
2,petroleum_fraction_db_034,0.787878,494.6,74,gc_fid:pca:pc1; gc_fid:pca:pc2; gc_fid:pca:pc3; gc_fid:pca:pc4; gc_fid:pca:pc5; gc_fid:pls:bp_20:lv1; gc_fid:pls:bp_20:lv2; gc_fid:pls:bp_20:lv3; gc_fid:pls:bp_20:lv4; gc_fid:pls:bp_35:lv1; gc_fid:pls:bp_35:lv2; gc_fid:pls:bp_35:lv3,gc_fid:pls:density_20c:lv1(0.977); gc_fid:pls:saturates:lv1(0.960); gc_fid:pls:bp_50:lv1(0.951); gc_fid:pls:bp_80:lv1(0.951); gc_fid:pls:bp_35:lv1(0.951); gc_fid:pls:bp_65:lv1(0.951); gc_fid:pls:bp_20:lv1(0.949); gc_fid:pca:pc1(0.923),petroleum_fraction_db_047,BP_50,analysis_only,correlation_weighted
1,petroleum_fraction_db_060,0.784694,524.4,80,bulk_property:bp_20; bulk_property:bp_35; bulk_property:bp_65; bulk_property:bp_80; bulk_property:density_20c; bulk_property:saturates; gc_fid:pca:pc1; gc_fid:pca:pc2; gc_fid:pca:pc3; gc_fid:pca:pc4; gc_fid:pca:pc5; gc_fid:pls:bp_20:lv1,bulk_property:bp_20(1.000); bulk_property:bp_35(1.000); bulk_property:bp_65(1.000); bulk_property:bp_80(1.000); bulk_property:density_20c(1.000); bulk_property:saturates(1.000); gc_fid:pca:pc1(1.000); gc_fid:pca:pc2(1.000),petroleum_fraction_db_047,BP_50,analysis_plus_non_target_bulk,equal_weight
2,petroleum_fraction_db_034,0.869645,494.6,80,bulk_property:bp_20; bulk_property:bp_35; bulk_property:bp_65; bulk_property:bp_80; bulk_property:density_20c; bulk_property:saturates; gc_fid:pca:pc1; gc_fid:pca:pc2; gc_fid:pca:pc3; gc_fid:pca:pc4; gc_fid:pca:pc5; gc_fid:pls:bp_20:lv1,bulk_property:bp_20(1.000); bulk_property:bp_35(1.000); bulk_property:bp_65(1.000); bulk_property:bp_80(1.000); bulk_property:density_20c(1.000); bulk_property:saturates(1.000); gc_fid:pca:pc1(1.000); gc_fid:pca:pc2(1.000),petroleum_fraction_db_047,BP_50,analysis_plus_non_target_bulk,equal_weight
1,petroleum_fraction_db_060,0.700048,524.4,80,bulk_property:bp_20; bulk_property:bp_35; bulk_property:bp_65; bulk_property:bp_80; bulk_property:density_20c; bulk_property:saturates; gc_fid:pca:pc1; gc_fid:pca:pc2; gc_fid:pca:pc3; gc_fid:pca:pc4; gc_fid:pca:pc5; gc_fid:pls:bp_20:lv1,bulk_property:bp_65(1.042); bulk_property:bp_35(1.040); bulk_property:bp_80(1.018); bulk_property:bp_20(1.015); gc_fid:pls:density_20c:lv1(0.977); gc_fid:pls:saturates:lv1(0.960); gc_fid:pls:bp_50:lv1(0.951); gc_fid:pls:bp_80:lv1(0.951),petroleum_fraction_db_047,BP_50,analysis_plus_non_target_bulk,correlation_weighted
2,petroleum_fraction_db_034,0.774174,494.6,80,bulk_property:bp_20; bulk_property:bp_35; bulk_property:bp_65; bulk_property:bp_80; bulk_property:density_20c; bulk_property:saturates; gc_fid:pca:pc1; gc_fid:pca:pc2; gc_fid:pca:pc3; gc_fid:pca:pc4; gc_fid:pca:pc5; gc_fid:pls:bp_20:lv1,bulk_property:bp_65(1.042); bulk_property:bp_35(1.040); bulk_property:bp_80(1.018); bulk_property:bp_20(1.015); gc_fid:pls:density_20c:lv1(0.977); gc_fid:pls:saturates:lv1(0.960); gc_fid:pls:bp_50:lv1(0.951); gc_fid:pls:bp_80:lv1(0.951),petroleum_fraction_db_047,BP_50,analysis_plus_non_target_bulk,correlation_weighted
1,petroleum_fraction_db_060,0.787832,558.8,74,gc_fid:pca:pc1; gc_fid:pca:pc2; gc_fid:pca:pc3; gc_fid:pca:pc4; gc_fid:pca:pc5; gc_fid:pls:bp_20:lv1; gc_fid:pls:bp_20:lv2; gc_fid:pls:bp_20:lv3; gc_fid:pls:bp_20:lv4; gc_fid:pls:bp_35:lv1; gc_fid:pls:bp_35:lv2; gc_fid:pls:bp_35:lv3,gc_fid:pca:pc1(1.000); gc_fid:pca:pc2(1.000); gc_fid:pca:pc3(1.000); gc_fid:pca:pc4(1.000); gc_fid:pca:pc5(1.000); gc_fid:pls:bp_20:lv1(1.000); gc_fid:pls:bp_20:lv2(1.000); gc_fid:pls:bp_20:lv3(1.000),petroleum_fraction_db_047,BP_65,analysis_only,equal_weight
2,petroleum_fraction_db_034,0.882947,514.8,74,gc_fid:pca:pc1; gc_fid:pca:pc2; gc_fid:pca:pc3; gc_fid:pca:pc4; gc_fid:pca:pc5; gc_fid:pls:bp_20:lv1; gc_fid:pls:bp_20:lv2; gc_fid:pls:bp_20:lv3; gc_fid:pls:bp_20:lv4; gc_fid:pls:bp_35:lv1; gc_fid:pls:bp_35:lv2; gc_fid:pls:bp_35:lv3,gc_fid:pca:pc1(1.000); gc_fid:pca:pc2(1.000); gc_fid:pca:pc3(1.000); gc_fid:pca:pc4(1.000); gc_fid:pca:pc5(1.000); gc_fid:pls:bp_20:lv1(1.000); gc_fid:pls:bp_20:lv2(1.000); gc_fid:pls:bp_20:lv3(1.000),petroleum_fraction_db_047,BP_65,analysis_only,equal_weight
1,petroleum_fraction_db_060,0.681017,558.8,74,gc_fid:pca:pc1; gc_fid:pca:pc2; gc_fid:pca:pc3; gc_fid:pca:pc4; gc_fid:pca:pc5; gc_fid:pls:bp_20:lv1; gc_fid:pls:bp_20:lv2; gc_fid:pls:bp_20:lv3; gc_fid:pls:bp_20:lv4; gc_fid:pls:bp_35:lv1; gc_fid:pls:bp_35:lv2; gc_fid:pls:bp_35:lv3,gc_fid:pls:density_20c:lv1(0.980); gc_fid:pls:saturates:lv1(0.965); gc_fid:pls:bp_80:lv1(0.952); gc_fid:pls:bp_65:lv1(0.951); gc_fid:pls:bp_50:lv1(0.951); gc_fid:pls:bp_35:lv1(0.950); gc_fid:pls:bp_20:lv1(0.947); gc_fid:pca:pc1(0.922),petroleum_fraction_db_047,BP_65,analysis_only,correlation_weighted
2,petroleum_fraction_db_034,0.789562,514.8,74,gc_fid:pca:pc1; gc_fid:pca:pc2; gc_fid:pca:pc3; gc_fid:pca:pc4; gc_fid:pca:pc5; gc_fid:pls:bp_20:lv1; gc_fid:pls:bp_20:lv2; gc_fid:pls:bp_20:lv3; gc_fid:pls:bp_20:lv4; gc_fid:pls:bp_35:lv1; gc_fid:pls:bp_35:lv2; gc_fid:pls:bp_35:lv3,gc_fid:pls:density_20c:lv1(0.980); gc_fid:pls:saturates:lv1(0.965); gc_fid:pls:bp_80:lv1(0.952); gc_fid:pls:bp_65:lv1(0.951); gc_fid:pls:bp_50:lv1(0.951); gc_fid:pls:bp_35:lv1(0.950); gc_fid:pls:bp_20:lv1(0.947); gc_fid:pca:pc1(0.922),petroleum_fraction_db_047,BP_65,analysis_only,correlation_weighted
1,petroleum_fraction_db_060,0.783381,558.8,80,bulk_property:bp_20; bulk_property:bp_35; bulk_property:bp_50; bulk_property:bp_80; bulk_property:density_20c; bulk_property:saturates; gc_fid:pca:pc1; gc_fid:pca:pc2; gc_fid:pca:pc3; gc_fid:pca:pc4; gc_fid:pca:pc5; gc_fid:pls:bp_20:lv1,bulk_property:bp_20(1.000); bulk_property:bp_35(1.000); bulk_property:bp_50(1.000); bulk_property:bp_80(1.000); bulk_property:density_20c(1.000); bulk_property:saturates(1.000); gc_fid:pca:pc1(1.000); gc_fid:pca:pc2(1.000),petroleum_fraction_db_047,BP_65,analysis_plus_non_target_bulk,equal_weight
2,petroleum_fraction_db_034,0.870867,514.8,80,bulk_property:bp_20; bulk_property:bp_35; bulk_property:bp_50; bulk_property:bp_80; bulk_property:density_20c; bulk_property:saturates; gc_fid:pca:pc1; gc_fid:pca:pc2; gc_fid:pca:pc3; gc_fid:pca:pc4; gc_fid:pca:pc5; gc_fid:pls:bp_20:lv1,bulk_property:bp_20(1.000); bulk_property:bp_35(1.000); bulk_property:bp_50(1.000); bulk_property:bp_80(1.000); bulk_property:density_20c(1.000); bulk_property:saturates(1.000); gc_fid:pca:pc1(1.000); gc_fid:pca:pc2(1.000),petroleum_fraction_db_047,BP_65,analysis_plus_non_target_bulk,equal_weight
1,petroleum_fraction_db_060,0.700069,558.8,80,bulk_property:bp_20; bulk_property:bp_35; bulk_property:bp_50; bulk_property:bp_80; bulk_property:density_20c; bulk_property:saturates; gc_fid:pca:pc1; gc_fid:pca:pc2; gc_fid:pca:pc3; gc_fid:pca:pc4; gc_fid:pca:pc5; gc_fid:pls:bp_20:lv1,bulk_property:bp_50(1.042); bulk_property:bp_80(1.039); bulk_property:bp_35(1.020); bulk_property:bp_20(0.986); gc_fid:pls:density_20c:lv1(0.980); gc_fid:pls:saturates:lv1(0.965); gc_fid:pls:bp_80:lv1(0.952); gc_fid:pls:bp_65:lv1(0.951),petroleum_fraction_db_047,BP_65,analysis_plus_non_target_bulk,correlation_weighted
2,petroleum_fraction_db_034,0.778409,514.8,80,bulk_property:bp_20; bulk_property:bp_35; bulk_property:bp_50; bulk_property:bp_80; bulk_property:density_20c; bulk_property:saturates; gc_fid:pca:pc1; gc_fid:pca:pc2; gc_fid:pca:pc3; gc_fid:pca:pc4; gc_fid:pca:pc5; gc_fid:pls:bp_20:lv1,bulk_property:bp_50(1.042); bulk_property:bp_80(1.039); bulk_property:bp_35(1.020); bulk_property:bp_20(0.986); gc_fid:pls:density_20c:lv1(0.980); gc_fid:pls:saturates:lv1(0.965); gc_fid:pls:bp_80:lv1(0.952); gc_fid:pls:bp_65:lv1(0.951),petroleum_fraction_db_047,BP_65,analysis_plus_non_target_bulk,correlation_weighted
1,petroleum_fraction_db_060,0.787832,607.0,74,gc_fid:pca:pc1; gc_fid:pca:pc2; gc_fid:pca:pc3; gc_fid:pca:pc4; gc_fid:pca:pc5; gc_fid:pls:bp_20:lv1; gc_fid:pls:bp_20:lv2; gc_fid:pls:bp_20:lv3; gc_fid:pls:bp_20:lv4; gc_fid:pls:bp_35:lv1; gc_fid:pls:bp_35:lv2; gc_fid:pls:bp_35:lv3,gc_fid:pca:pc1(1.000); gc_fid:pca:pc2(1.000); gc_fid:pca:pc3(1.000); gc_fid:pca:pc4(1.000); gc_fid:pca:pc5(1.000); gc_fid:pls:bp_20:lv1(1.000); gc_fid:pls:bp_20:lv2(1.000); gc_fid:pls:bp_20:lv3(1.000),petroleum_fraction_db_047,BP_80,analysis_only,equal_weight
2,petroleum_fraction_db_034,0.882947,536.0,74,gc_fid:pca:pc1; gc_fid:pca:pc2; gc_fid:pca:pc3; gc_fid:pca:pc4; gc_fid:pca:pc5; gc_fid:pls:bp_20:lv1; gc_fid:pls:bp_20:lv2; gc_fid:pls:bp_20:lv3; gc_fid:pls:bp_20:lv4; gc_fid:pls:bp_35:lv1; gc_fid:pls:bp_35:lv2; gc_fid:pls:bp_35:lv3,gc_fid:pca:pc1(1.000); gc_fid:pca:pc2(1.000); gc_fid:pca:pc3(1.000); gc_fid:pca:pc4(1.000); gc_fid:pca:pc5(1.000); gc_fid:pls:bp_20:lv1(1.000); gc_fid:pls:bp_20:lv2(1.000); gc_fid:pls:bp_20:lv3(1.000),petroleum_fraction_db_047,BP_80,analysis_only,equal_weight
1,petroleum_fraction_db_060,0.694638,607.0,74,gc_fid:pca:pc1; gc_fid:pca:pc2; gc_fid:pca:pc3; gc_fid:pca:pc4; gc_fid:pca:pc5; gc_fid:pls:bp_20:lv1; gc_fid:pls:bp_20:lv2; gc_fid:pls:bp_20:lv3; gc_fid:pls:bp_20:lv4; gc_fid:pls:bp_35:lv1; gc_fid:pls:bp_35:lv2; gc_fid:pls:bp_35:lv3,gc_fid:pls:density_20c:lv1(0.973); gc_fid:pls:saturates:lv1(0.962); gc_fid:pls:bp_80:lv1(0.945); gc_fid:pls:bp_65:lv1(0.942); gc_fid:pls:bp_50:lv1(0.941); gc_fid:pls:bp_35:lv1(0.939); gc_fid:pls:bp_20:lv1(0.935); gc_fid:pca:pc1(0.913),petroleum_fraction_db_047,BP_80,analysis_only,correlation_weighted
2,petroleum_fraction_db_034,0.789187,536.0,74,gc_fid:pca:pc1; gc_fid:pca:pc2; gc_fid:pca:pc3; gc_fid:pca:pc4; gc_fid:pca:pc5; gc_fid:pls:bp_20:lv1; gc_fid:pls:bp_20:lv2; gc_fid:pls:bp_20:lv3; gc_fid:pls:bp_20:lv4; gc_fid:pls:bp_35:lv1; gc_fid:pls:bp_35:lv2; gc_fid:pls:bp_35:lv3,gc_fid:pls:density_20c:lv1(0.973); gc_fid:pls:saturates:lv1(0.962); gc_fid:pls:bp_80:lv1(0.945); gc_fid:pls:bp_65:lv1(0.942); gc_fid:pls:bp_50:lv1(0.941); gc_fid:pls:bp_35:lv1(0.939); gc_fid:pls:bp_20:lv1(0.935); gc_fid:pca:pc1(0.913),petroleum_fraction_db_047,BP_80,analysis_only,correlation_weighted
1,petroleum_fraction_db_060,0.777536,607.0,80,bulk_property:bp_20; bulk_property:bp_35; bulk_property:bp_50; bulk_property:bp_65; bulk_property:density_20c; bulk_property:saturates; gc_fid:pca:pc1; gc_fid:pca:pc2; gc_fid:pca:pc3; gc_fid:pca:pc4; gc_fid:pca:pc5; gc_fid:pls:bp_20:lv1,bulk_property:bp_20(1.000); bulk_property:bp_35(1.000); bulk_property:bp_50(1.000); bulk_property:bp_65(1.000); bulk_property:density_20c(1.000); bulk_property:saturates(1.000); gc_fid:pca:pc1(1.000); gc_fid:pca:pc2(1.000),petroleum_fraction_db_047,BP_80,analysis_plus_non_target_bulk,equal_weight
2,petroleum_fraction_db_034,0.87148,536.0,80,bulk_property:bp_20; bulk_property:bp_35; bulk_property:bp_50; bulk_property:bp_65; bulk_property:density_20c; bulk_property:saturates; gc_fid:pca:pc1; gc_fid:pca:pc2; gc_fid:pca:pc3; gc_fid:pca:pc4; gc_fid:pca:pc5; gc_fid:pls:bp_20:lv1,bulk_property:bp_20(1.000); bulk_property:bp_35(1.000); bulk_property:bp_50(1.000); bulk_property:bp_65(1.000); bulk_property:density_20c(1.000); bulk_property:saturates(1.000); gc_fid:pca:pc1(1.000); gc_fid:pca:pc2(1.000),petroleum_fraction_db_047,BP_80,analysis_plus_non_target_bulk,equal_weight
1,petroleum_fraction_db_060,0.692302,607.0,80,bulk_property:bp_20; bulk_property:bp_35; bulk_property:bp_50; bulk_property:bp_65; bulk_property:density_20c; bulk_property:saturates; gc_fid:pca:pc1; gc_fid:pca:pc2; gc_fid:pca:pc3; gc_fid:pca:pc4; gc_fid:pca:pc5; gc_fid:pls:bp_20:lv1,bulk_property:bp_65(1.039); bulk_property:bp_50(1.018); bulk_property:bp_35(0.982); gc_fid:pls:density_20c:lv1(0.973); gc_fid:pls:saturates:lv1(0.962); gc_fid:pls:bp_80:lv1(0.945); gc_fid:pls:bp_65:lv1(0.942); gc_fid:pls:bp_50:lv1(0.941),petroleum_fraction_db_047,BP_80,analysis_plus_non_target_bulk,correlation_weighted
2,petroleum_fraction_db_034,0.779226,536.0,80,bulk_property:bp_20; bulk_property:bp_35; bulk_property:bp_50; bulk_property:bp_65; bulk_property:density_20c; bulk_property:saturates; gc_fid:pca:pc1; gc_fid:pca:pc2; gc_fid:pca:pc3; gc_fid:pca:pc4; gc_fid:pca:pc5; gc_fid:pls:bp_20:lv1,bulk_property:bp_65(1.039); bulk_property:bp_50(1.018); bulk_property:bp_35(0.982); gc_fid:pls:density_20c:lv1(0.973); gc_fid:pls:saturates:lv1(0.962); gc_fid:pls:bp_80:lv1(0.945); gc_fid:pls:bp_65:lv1(0.942); gc_fid:pls:bp_50:lv1(0.941),petroleum_fraction_db_047,BP_80,analysis_plus_non_target_bulk,correlation_weighted
1,petroleum_fraction_db_042,0.374452,0.8366,74,gc_fid:pca:pc1; gc_fid:pca:pc2; gc_fid:pca:pc3; gc_fid:pca:pc4; gc_fid:pca:pc5; gc_fid:pls:bp_20:lv1; gc_fid:pls:bp_20:lv2; gc_fid:pls:bp_20:lv3; gc_fid:pls:bp_20:lv4; gc_fid:pls:bp_35:lv1; gc_fid:pls:bp_35:lv2; gc_fid:pls:bp_35:lv3,gc_fid:pca:pc1(1.000); gc_fid:pca:pc2(1.000); gc_fid:pca:pc3(1.000); gc_fid:pca:pc4(1.000); gc_fid:pca:pc5(1.000); gc_fid:pls:bp_20:lv1(1.000); gc_fid:pls:bp_20:lv2(1.000); gc_fid:pls:bp_20:lv3(1.000),petroleum_fraction_db_048,density_20c,analysis_only,equal_weight
2,petroleum_fraction_db_049,0.557156,0.8099,74,gc_fid:pca:pc1; gc_fid:pca:pc2; gc_fid:pca:pc3; gc_fid:pca:pc4; gc_fid:pca:pc5; gc_fid:pls:bp_20:lv1; gc_fid:pls:bp_20:lv2; gc_fid:pls:bp_20:lv3; gc_fid:pls:bp_20:lv4; gc_fid:pls:bp_35:lv1; gc_fid:pls:bp_35:lv2; gc_fid:pls:bp_35:lv3,gc_fid:pca:pc1(1.000); gc_fid:pca:pc2(1.000); gc_fid:pca:pc3(1.000); gc_fid:pca:pc4(1.000); gc_fid:pca:pc5(1.000); gc_fid:pls:bp_20:lv1(1.000); gc_fid:pls:bp_20:lv2(1.000); gc_fid:pls:bp_20:lv3(1.000),petroleum_fraction_db_048,density_20c,analysis_only,equal_weight
1,petroleum_fraction_db_042,0.343388,0.8366,74,gc_fid:pca:pc1; gc_fid:pca:pc2; gc_fid:pca:pc3; gc_fid:pca:pc4; gc_fid:pca:pc5; gc_fid:pls:bp_20:lv1; gc_fid:pls:bp_20:lv2; gc_fid:pls:bp_20:lv3; gc_fid:pls:bp_20:lv4; gc_fid:pls:bp_35:lv1; gc_fid:pls:bp_35:lv2; gc_fid:pls:bp_35:lv3,ir:weighted_x_q90(0.728); ir_spectrum:pls:density_20c:lv2(0.727); ir_spectrum:pls:saturates:lv2(0.716); ir_spectrum:pls:density_20c:lv1(0.649); ir_spectrum:pls:saturates:lv1(0.629); ir_spectrum:pls:bp_35:lv1(0.628); ir_spectrum:pca:pc1(0.615); ir_spectrum:pls:bp_65:lv1(0.615),petroleum_fraction_db_048,density_20c,analysis_only,correlation_weighted
2,petroleum_fraction_db_049,0.537637,0.8099,74,gc_fid:pca:pc1; gc_fid:pca:pc2; gc_fid:pca:pc3; gc_fid:pca:pc4; gc_fid:pca:pc5; gc_fid:pls:bp_20:lv1; gc_fid:pls:bp_20:lv2; gc_fid:pls:bp_20:lv3; gc_fid:pls:bp_20:lv4; gc_fid:pls:bp_35:lv1; gc_fid:pls:bp_35:lv2; gc_fid:pls:bp_35:lv3,ir:weighted_x_q90(0.728); ir_spectrum:pls:density_20c:lv2(0.727); ir_spectrum:pls:saturates:lv2(0.716); ir_spectrum:pls:density_20c:lv1(0.649); ir_spectrum:pls:saturates:lv1(0.629); ir_spectrum:pls:bp_35:lv1(0.628); ir_spectrum:pca:pc1(0.615); ir_spectrum:pls:bp_65:lv1(0.615),petroleum_fraction_db_048,density_20c,analysis_only,correlation_weighted
1,petroleum_fraction_db_042,0.366997,0.8366,80,bulk_property:bp_20; bulk_property:bp_35; bulk_property:bp_50; bulk_property:bp_65; bulk_property:bp_80; bulk_property:saturates; gc_fid:pca:pc1; gc_fid:pca:pc2; gc_fid:pca:pc3; gc_fid:pca:pc4; gc_fid:pca:pc5; gc_fid:pls:bp_20:lv1,bulk_property:bp_20(1.000); bulk_property:bp_35(1.000); bulk_property:bp_50(1.000); bulk_property:bp_65(1.000); bulk_property:bp_80(1.000); bulk_property:saturates(1.000); gc_fid:pca:pc1(1.000); gc_fid:pca:pc2(1.000),petroleum_fraction_db_048,density_20c,analysis_plus_non_target_bulk,equal_weight
2,petroleum_fraction_db_049,0.54733,0.8099,80,bulk_property:bp_20; bulk_property:bp_35; bulk_property:bp_50; bulk_property:bp_65; bulk_property:bp_80; bulk_property:saturates; gc_fid:pca:pc1; gc_fid:pca:pc2; gc_fid:pca:pc3; gc_fid:pca:pc4; gc_fid:pca:pc5; gc_fid:pls:bp_20:lv1,bulk_property:bp_20(1.000); bulk_property:bp_35(1.000); bulk_property:bp_50(1.000); bulk_property:bp_65(1.000); bulk_property:bp_80(1.000); bulk_property:saturates(1.000); gc_fid:pca:pc1(1.000); gc_fid:pca:pc2(1.000),petroleum_fraction_db_048,density_20c,analysis_plus_non_target_bulk,equal_weight
1,petroleum_fraction_db_042,0.334475,0.8366,80,bulk_property:bp_20; bulk_property:bp_35; bulk_property:bp_50; bulk_property:bp_65; bulk_property:bp_80; bulk_property:saturates; gc_fid:pca:pc1; gc_fid:pca:pc2; gc_fid:pca:pc3; gc_fid:pca:pc4; gc_fid:pca:pc5; gc_fid:pls:bp_20:lv1,bulk_property:saturates(0.895); ir:weighted_x_q90(0.728); ir_spectrum:pls:density_20c:lv2(0.727); ir_spectrum:pls:saturates:lv2(0.716); ir_spectrum:pls:density_20c:lv1(0.649); ir_spectrum:pls:saturates:lv1(0.629); ir_spectrum:pls:bp_35:lv1(0.628); ir_spectrum:pca:pc1(0.615),petroleum_fraction_db_048,density_20c,analysis_plus_non_target_bulk,correlation_weighted
2,petroleum_fraction_db_043,0.529996,0.8436,80,bulk_property:bp_20; bulk_property:bp_35; bulk_property:bp_50; bulk_property:bp_65; bulk_property:bp_80; bulk_property:saturates; gc_fid:pca:pc1; gc_fid:pca:pc2; gc_fid:pca:pc3; gc_fid:pca:pc4; gc_fid:pca:pc5; gc_fid:pls:bp_20:lv1,bulk_property:saturates(0.895); ir:weighted_x_q90(0.728); ir_spectrum:pls:density_20c:lv2(0.727); ir_spectrum:pls:saturates:lv2(0.716); ir_spectrum:pls:density_20c:lv1(0.649); ir_spectrum:pls:saturates:lv1(0.629); ir_spectrum:pls:bp_35:lv1(0.628); ir_spectrum:pca:pc1(0.615),petroleum_fraction_db_048,density_20c,analysis_plus_non_target_bulk,correlation_weighted
1,petroleum_fraction_db_042,0.374452,86.20824762464481,74,gc_fid:pca:pc1; gc_fid:pca:pc2; gc_fid:pca:pc3; gc_fid:pca:pc4; gc_fid:pca:pc5; gc_fid:pls:bp_20:lv1; gc_fid:pls:bp_20:lv2; gc_fid:pls:bp_20:lv3; gc_fid:pls:bp_20:lv4; gc_fid:pls:bp_35:lv1; gc_fid:pls:bp_35:lv2; gc_fid:pls:bp_35:lv3,gc_fid:pca:pc1(1.000); gc_fid:pca:pc2(1.000); gc_fid:pca:pc3(1.000); gc_fid:pca:pc4(1.000); gc_fid:pca:pc5(1.000); gc_fid:pls:bp_20:lv1(1.000); gc_fid:pls:bp_20:lv2(1.000); gc_fid:pls:bp_20:lv3(1.000),petroleum_fraction_db_048,saturates,analysis_only,equal_weight
2,petroleum_fraction_db_049,0.557156,95.99030400969617,74,gc_fid:pca:pc1; gc_fid:pca:pc2; gc_fid:pca:pc3; gc_fid:pca:pc4; gc_fid:pca:pc5; gc_fid:pls:bp_20:lv1; gc_fid:pls:bp_20:lv2; gc_fid:pls:bp_20:lv3; gc_fid:pls:bp_20:lv4; gc_fid:pls:bp_35:lv1; gc_fid:pls:bp_35:lv2; gc_fid:pls:bp_35:lv3,gc_fid:pca:pc1(1.000); gc_fid:pca:pc2(1.000); gc_fid:pca:pc3(1.000); gc_fid:pca:pc4(1.000); gc_fid:pca:pc5(1.000); gc_fid:pls:bp_20:lv1(1.000); gc_fid:pls:bp_20:lv2(1.000); gc_fid:pls:bp_20:lv3(1.000),petroleum_fraction_db_048,saturates,analysis_only,equal_weight
1,petroleum_fraction_db_042,0.330473,86.20824762464481,74,gc_fid:pca:pc1; gc_fid:pca:pc2; gc_fid:pca:pc3; gc_fid:pca:pc4; gc_fid:pca:pc5; gc_fid:pls:bp_20:lv1; gc_fid:pls:bp_20:lv2; gc_fid:pls:bp_20:lv3; gc_fid:pls:bp_20:lv4; gc_fid:pls:bp_35:lv1; gc_fid:pls:bp_35:lv2; gc_fid:pls:bp_35:lv3,ir:weighted_x_q90(0.703); ir_spectrum:pls:density_20c:lv1(0.668); ir_spectrum:pls:saturates:lv1(0.668); ir_spectrum:pca:pc1(0.656); ir:weighted_x_mean(0.613); ir_spectrum:pls:bp_80:lv1(0.577); ir_spectrum:pls:saturates:lv2(0.568); ir:weighted_x_q50(0.567),petroleum_fraction_db_048,saturates,analysis_only,correlation_weighted
2,petroleum_fraction_db_043,0.536297,87.62604013705467,74,gc_fid:pca:pc1; gc_fid:pca:pc2; gc_fid:pca:pc3; gc_fid:pca:pc4; gc_fid:pca:pc5; gc_fid:pls:bp_20:lv1; gc_fid:pls:bp_20:lv2; gc_fid:pls:bp_20:lv3; gc_fid:pls:bp_20:lv4; gc_fid:pls:bp_35:lv1; gc_fid:pls:bp_35:lv2; gc_fid:pls:bp_35:lv3,ir:weighted_x_q90(0.703); ir_spectrum:pls:density_20c:lv1(0.668); ir_spectrum:pls:saturates:lv1(0.668); ir_spectrum:pca:pc1(0.656); ir:weighted_x_mean(0.613); ir_spectrum:pls:bp_80:lv1(0.577); ir_spectrum:pls:saturates:lv2(0.568); ir:weighted_x_q50(0.567),petroleum_fraction_db_048,saturates,analysis_only,correlation_weighted
1,petroleum_fraction_db_042,0.36708,86.20824762464481,80,bulk_property:bp_20; bulk_property:bp_35; bulk_property:bp_50; bulk_property:bp_65; bulk_property:bp_80; bulk_property:density_20c; gc_fid:pca:pc1; gc_fid:pca:pc2; gc_fid:pca:pc3; gc_fid:pca:pc4; gc_fid:pca:pc5; gc_fid:pls:bp_20:lv1,bulk_property:bp_20(1.000); bulk_property:bp_35(1.000); bulk_property:bp_50(1.000); bulk_property:bp_65(1.000); bulk_property:bp_80(1.000); bulk_property:density_20c(1.000); gc_fid:pca:pc1(1.000); gc_fid:pca:pc2(1.000),petroleum_fraction_db_048,saturates,analysis_plus_non_target_bulk,equal_weight
2,petroleum_fraction_db_049,0.546597,95.99030400969617,80,bulk_property:bp_20; bulk_property:bp_35; bulk_property:bp_50; bulk_property:bp_65; bulk_property:bp_80; bulk_property:density_20c; gc_fid:pca:pc1; gc_fid:pca:pc2; gc_fid:pca:pc3; gc_fid:pca:pc4; gc_fid:pca:pc5; gc_fid:pls:bp_20:lv1,bulk_property:bp_20(1.000); bulk_property:bp_35(1.000); bulk_property:bp_50(1.000); bulk_property:bp_65(1.000); bulk_property:bp_80(1.000); bulk_property:density_20c(1.000); gc_fid:pca:pc1(1.000); gc_fid:pca:pc2(1.000),petroleum_fraction_db_048,saturates,analysis_plus_non_target_bulk,equal_weight
1,petroleum_fraction_db_042,0.323804,86.20824762464481,80,bulk_property:bp_20; bulk_property:bp_35; bulk_property:bp_50; bulk_property:bp_65; bulk_property:bp_80; bulk_property:density_20c; gc_fid:pca:pc1; gc_fid:pca:pc2; gc_fid:pca:pc3; gc_fid:pca:pc4; gc_fid:pca:pc5; gc_fid:pls:bp_20:lv1,bulk_property:density_20c(0.895); ir:weighted_x_q90(0.703); ir_spectrum:pls:density_20c:lv1(0.668); ir_spectrum:pls:saturates:lv1(0.668); ir_spectrum:pca:pc1(0.656); ir:weighted_x_mean(0.613); ir_spectrum:pls:bp_80:lv1(0.577); ir_spectrum:pls:saturates:lv2(0.568),petroleum_fraction_db_048,saturates,analysis_plus_non_target_bulk,correlation_weighted
2,petroleum_fraction_db_043,0.511975,87.62604013705467,80,bulk_property:bp_20; bulk_property:bp_35; bulk_property:bp_50; bulk_property:bp_65; bulk_property:bp_80; bulk_property:density_20c; gc_fid:pca:pc1; gc_fid:pca:pc2; gc_fid:pca:pc3; gc_fid:pca:pc4; gc_fid:pca:pc5; gc_fid:pls:bp_20:lv1,bulk_property:density_20c(0.895); ir:weighted_x_q90(0.703); ir_spectrum:pls:density_20c:lv1(0.668); ir_spectrum:pls:saturates:lv1(0.668); ir_spectrum:pca:pc1(0.656); ir:weighted_x_mean(0.613); ir_spectrum:pls:bp_80:lv1(0.577); ir_spectrum:pls:saturates:lv2(0.568),petroleum_fraction_db_048,saturates,analysis_plus_non_target_bulk,correlation_weighted
1,petroleum_fraction_db_042,0.374452,297.4,74,gc_fid:pca:pc1; gc_fid:pca:pc2; gc_fid:pca:pc3; gc_fid:pca:pc4; gc_fid:pca:pc5; gc_fid:pls:bp_20:lv1; gc_fid:pls:bp_20:lv2; gc_fid:pls:bp_20:lv3; gc_fid:pls:bp_20:lv4; gc_fid:pls:bp_35:lv1; gc_fid:pls:bp_35:lv2; gc_fid:pls:bp_35:lv3,gc_fid:pca:pc1(1.000); gc_fid:pca:pc2(1.000); gc_fid:pca:pc3(1.000); gc_fid:pca:pc4(1.000); gc_fid:pca:pc5(1.000); gc_fid:pls:bp_20:lv1(1.000); gc_fid:pls:bp_20:lv2(1.000); gc_fid:pls:bp_20:lv3(1.000),petroleum_fraction_db_048,BP_20,analysis_only,equal_weight
2,petroleum_fraction_db_049,0.557156,331.8,74,gc_fid:pca:pc1; gc_fid:pca:pc2; gc_fid:pca:pc3; gc_fid:pca:pc4; gc_fid:pca:pc5; gc_fid:pls:bp_20:lv1; gc_fid:pls:bp_20:lv2; gc_fid:pls:bp_20:lv3; gc_fid:pls:bp_20:lv4; gc_fid:pls:bp_35:lv1; gc_fid:pls:bp_35:lv2; gc_fid:pls:bp_35:lv3,gc_fid:pca:pc1(1.000); gc_fid:pca:pc2(1.000); gc_fid:pca:pc3(1.000); gc_fid:pca:pc4(1.000); gc_fid:pca:pc5(1.000); gc_fid:pls:bp_20:lv1(1.000); gc_fid:pls:bp_20:lv2(1.000); gc_fid:pls:bp_20:lv3(1.000),petroleum_fraction_db_048,BP_20,analysis_only,equal_weight
1,petroleum_fraction_db_042,0.319061,297.4,74,gc_fid:pca:pc1; gc_fid:pca:pc2; gc_fid:pca:pc3; gc_fid:pca:pc4; gc_fid:pca:pc5; gc_fid:pls:bp_20:lv1; gc_fid:pls:bp_20:lv2; gc_fid:pls:bp_20:lv3; gc_fid:pls:bp_20:lv4; gc_fid:pls:bp_35:lv1; gc_fid:pls:bp_35:lv2; gc_fid:pls:bp_35:lv3,gc_fid:pls:density_20c:lv1(0.948); gc_fid:pls:bp_20:lv1(0.940); gc_fid:pls:bp_35:lv1(0.939); gc_fid:pls:bp_50:lv1(0.938); gc_fid:pls:bp_65:lv1(0.936); gc_fid:pls:bp_80:lv1(0.934); gc_fid:pls:saturates:lv1(0.928); gc_fid:pca:pc1(0.914),petroleum_fraction_db_048,BP_20,analysis_only,correlation_weighted
2,petroleum_fraction_db_049,0.527737,331.8,74,gc_fid:pca:pc1; gc_fid:pca:pc2; gc_fid:pca:pc3; gc_fid:pca:pc4; gc_fid:pca:pc5; gc_fid:pls:bp_20:lv1; gc_fid:pls:bp_20:lv2; gc_fid:pls:bp_20:lv3; gc_fid:pls:bp_20:lv4; gc_fid:pls:bp_35:lv1; gc_fid:pls:bp_35:lv2; gc_fid:pls:bp_35:lv3,gc_fid:pls:density_20c:lv1(0.948); gc_fid:pls:bp_20:lv1(0.940); gc_fid:pls:bp_35:lv1(0.939); gc_fid:pls:bp_50:lv1(0.938); gc_fid:pls:bp_65:lv1(0.936); gc_fid:pls:bp_80:lv1(0.934); gc_fid:pls:saturates:lv1(0.928); gc_fid:pca:pc1(0.914),petroleum_fraction_db_048,BP_20,analysis_only,correlation_weighted
1,petroleum_fraction_db_042,0.367344,297.4,80,bulk_property:bp_35; bulk_property:bp_50; bulk_property:bp_65; bulk_property:bp_80; bulk_property:density_20c; bulk_property:saturates; gc_fid:pca:pc1; gc_fid:pca:pc2; gc_fid:pca:pc3; gc_fid:pca:pc4; gc_fid:pca:pc5; gc_fid:pls:bp_20:lv1,bulk_property:bp_35(1.000); bulk_property:bp_50(1.000); bulk_property:bp_65(1.000); bulk_property:bp_80(1.000); bulk_property:density_20c(1.000); bulk_property:saturates(1.000); gc_fid:pca:pc1(1.000); gc_fid:pca:pc2(1.000),petroleum_fraction_db_048,BP_20,analysis_plus_non_target_bulk,equal_weight
2,petroleum_fraction_db_049,0.549317,331.8,80,bulk_property:bp_35; bulk_property:bp_50; bulk_property:bp_65; bulk_property:bp_80; bulk_property:density_20c; bulk_property:saturates; gc_fid:pca:pc1; gc_fid:pca:pc2; gc_fid:pca:pc3; gc_fid:pca:pc4; gc_fid:pca:pc5; gc_fid:pls:bp_20:lv1,bulk_property:bp_35(1.000); bulk_property:bp_50(1.000); bulk_property:bp_65(1.000); bulk_property:bp_80(1.000); bulk_property:density_20c(1.000); bulk_property:saturates(1.000); gc_fid:pca:pc1(1.000); gc_fid:pca:pc2(1.000),petroleum_fraction_db_048,BP_20,analysis_plus_non_target_bulk,equal_weight
1,petroleum_fraction_db_042,0.315954,297.4,80,bulk_property:bp_35; bulk_property:bp_50; bulk_property:bp_65; bulk_property:bp_80; bulk_property:density_20c; bulk_property:saturates; gc_fid:pca:pc1; gc_fid:pca:pc2; gc_fid:pca:pc3; gc_fid:pca:pc4; gc_fid:pca:pc5; gc_fid:pls:bp_20:lv1,bulk_property:bp_35(1.040); bulk_property:bp_50(1.015); bulk_property:bp_65(0.986); gc_fid:pls:density_20c:lv1(0.948); gc_fid:pls:bp_20:lv1(0.940); gc_fid:pls:bp_35:lv1(0.939); bulk_property:bp_80(0.939); gc_fid:pls:bp_50:lv1(0.938),petroleum_fraction_db_048,BP_20,analysis_plus_non_target_bulk,correlation_weighted
2,petroleum_fraction_db_043,0.499576,315.6,80,bulk_property:bp_35; bulk_property:bp_50; bulk_property:bp_65; bulk_property:bp_80; bulk_property:density_20c; bulk_property:saturates; gc_fid:pca:pc1; gc_fid:pca:pc2; gc_fid:pca:pc3; gc_fid:pca:pc4; gc_fid:pca:pc5; gc_fid:pls:bp_20:lv1,bulk_property:bp_35(1.040); bulk_property:bp_50(1.015); bulk_property:bp_65(0.986); gc_fid:pls:density_20c:lv1(0.948); gc_fid:pls:bp_20:lv1(0.940); gc_fid:pls:bp_35:lv1(0.939); bulk_property:bp_80(0.939); gc_fid:pls:bp_50:lv1(0.938),petroleum_fraction_db_048,BP_20,analysis_plus_non_target_bulk,correlation_weighted
1,petroleum_fraction_db_042,0.374452,324.4,74,gc_fid:pca:pc1; gc_fid:pca:pc2; gc_fid:pca:pc3; gc_fid:pca:pc4; gc_fid:pca:pc5; gc_fid:pls:bp_20:lv1; gc_fid:pls:bp_20:lv2; gc_fid:pls:bp_20:lv3; gc_fid:pls:bp_20:lv4; gc_fid:pls:bp_35:lv1; gc_fid:pls:bp_35:lv2; gc_fid:pls:bp_35:lv3,gc_fid:pca:pc1(1.000); gc_fid:pca:pc2(1.000); gc_fid:pca:pc3(1.000); gc_fid:pca:pc4(1.000); gc_fid:pca:pc5(1.000); gc_fid:pls:bp_20:lv1(1.000); gc_fid:pls:bp_20:lv2(1.000); gc_fid:pls:bp_20:lv3(1.000),petroleum_fraction_db_048,BP_35,analysis_only,equal_weight
2,petroleum_fraction_db_049,0.557156,349.2,74,gc_fid:pca:pc1; gc_fid:pca:pc2; gc_fid:pca:pc3; gc_fid:pca:pc4; gc_fid:pca:pc5; gc_fid:pls:bp_20:lv1; gc_fid:pls:bp_20:lv2; gc_fid:pls:bp_20:lv3; gc_fid:pls:bp_20:lv4; gc_fid:pls:bp_35:lv1; gc_fid:pls:bp_35:lv2; gc_fid:pls:bp_35:lv3,gc_fid:pca:pc1(1.000); gc_fid:pca:pc2(1.000); gc_fid:pca:pc3(1.000); gc_fid:pca:pc4(1.000); gc_fid:pca:pc5(1.000); gc_fid:pls:bp_20:lv1(1.000); gc_fid:pls:bp_20:lv2(1.000); gc_fid:pls:bp_20:lv3(1.000),petroleum_fraction_db_048,BP_35,analysis_only,equal_weight
1,petroleum_fraction_db_042,0.308298,324.4,74,gc_fid:pca:pc1; gc_fid:pca:pc2; gc_fid:pca:pc3; gc_fid:pca:pc4; gc_fid:pca:pc5; gc_fid:pls:bp_20:lv1; gc_fid:pls:bp_20:lv2; gc_fid:pls:bp_20:lv3; gc_fid:pls:bp_20:lv4; gc_fid:pls:bp_35:lv1; gc_fid:pls:bp_35:lv2; gc_fid:pls:bp_35:lv3,gc_fid:pls:density_20c:lv1(0.967); gc_fid:pls:bp_35:lv1(0.949); gc_fid:pls:saturates:lv1(0.948); gc_fid:pls:bp_20:lv1(0.948); gc_fid:pls:bp_50:lv1(0.948); gc_fid:pls:bp_65:lv1(0.947); gc_fid:pls:bp_80:lv1(0.946); gc_fid:pca:pc1(0.921),petroleum_fraction_db_048,BP_35,analysis_only,correlation_weighted
2,petroleum_fraction_db_037,0.52243,332.0,74,gc_fid:pca:pc1; gc_fid:pca:pc2; gc_fid:pca:pc3; gc_fid:pca:pc4; gc_fid:pca:pc5; gc_fid:pls:bp_20:lv1; gc_fid:pls:bp_20:lv2; gc_fid:pls:bp_20:lv3; gc_fid:pls:bp_20:lv4; gc_fid:pls:bp_35:lv1; gc_fid:pls:bp_35:lv2; gc_fid:pls:bp_35:lv3,gc_fid:pls:density_20c:lv1(0.967); gc_fid:pls:bp_35:lv1(0.949); gc_fid:pls:saturates:lv1(0.948); gc_fid:pls:bp_20:lv1(0.948); gc_fid:pls:bp_50:lv1(0.948); gc_fid:pls:bp_65:lv1(0.947); gc_fid:pls:bp_80:lv1(0.946); gc_fid:pca:pc1(0.921),petroleum_fraction_db_048,BP_35,analysis_only,correlation_weighted
1,petroleum_fraction_db_042,0.366601,324.4,80,bulk_property:bp_20; bulk_property:bp_50; bulk_property:bp_65; bulk_property:bp_80; bulk_property:density_20c; bulk_property:saturates; gc_fid:pca:pc1; gc_fid:pca:pc2; gc_fid:pca:pc3; gc_fid:pca:pc4; gc_fid:pca:pc5; gc_fid:pls:bp_20:lv1,bulk_property:bp_20(1.000); bulk_property:bp_50(1.000); bulk_property:bp_65(1.000); bulk_property:bp_80(1.000); bulk_property:density_20c(1.000); bulk_property:saturates(1.000); gc_fid:pca:pc1(1.000); gc_fid:pca:pc2(1.000),petroleum_fraction_db_048,BP_35,analysis_plus_non_target_bulk,equal_weight
2,petroleum_fraction_db_049,0.552764,349.2,80,bulk_property:bp_20; bulk_property:bp_50; bulk_property:bp_65; bulk_property:bp_80; bulk_property:density_20c; bulk_property:saturates; gc_fid:pca:pc1; gc_fid:pca:pc2; gc_fid:pca:pc3; gc_fid:pca:pc4; gc_fid:pca:pc5; gc_fid:pls:bp_20:lv1,bulk_property:bp_20(1.000); bulk_property:bp_50(1.000); bulk_property:bp_65(1.000); bulk_property:bp_80(1.000); bulk_property:density_20c(1.000); bulk_property:saturates(1.000); gc_fid:pca:pc1(1.000); gc_fid:pca:pc2(1.000),petroleum_fraction_db_048,BP_35,analysis_plus_non_target_bulk,equal_weight
1,petroleum_fraction_db_042,0.304429,324.4,80,bulk_property:bp_20; bulk_property:bp_50; bulk_property:bp_65; bulk_property:bp_80; bulk_property:density_20c; bulk_property:saturates; gc_fid:pca:pc1; gc_fid:pca:pc2; gc_fid:pca:pc3; gc_fid:pca:pc4; gc_fid:pca:pc5; gc_fid:pls:bp_20:lv1,bulk_property:bp_20(1.040); bulk_property:bp_50(1.040); bulk_property:bp_65(1.020); bulk_property:bp_80(0.982); gc_fid:pls:density_20c:lv1(0.967); gc_fid:pls:bp_35:lv1(0.949); gc_fid:pls:saturates:lv1(0.948); gc_fid:pls:bp_20:lv1(0.948),petroleum_fraction_db_048,BP_35,analysis_plus_non_target_bulk,correlation_weighted
2,petroleum_fraction_db_043,0.49862,337.6,80,bulk_property:bp_20; bulk_property:bp_50; bulk_property:bp_65; bulk_property:bp_80; bulk_property:density_20c; bulk_property:saturates; gc_fid:pca:pc1; gc_fid:pca:pc2; gc_fid:pca:pc3; gc_fid:pca:pc4; gc_fid:pca:pc5; gc_fid:pls:bp_20:lv1,bulk_property:bp_20(1.040); bulk_property:bp_50(1.040); bulk_property:bp_65(1.020); bulk_property:bp_80(0.982); gc_fid:pls:density_20c:lv1(0.967); gc_fid:pls:bp_35:lv1(0.949); gc_fid:pls:saturates:lv1(0.948); gc_fid:pls:bp_20:lv1(0.948),petroleum_fraction_db_048,BP_35,analysis_plus_non_target_bulk,correlation_weighted
1,petroleum_fraction_db_042,0.374452,346.4,74,gc_fid:pca:pc1; gc_fid:pca:pc2; gc_fid:pca:pc3; gc_fid:pca:pc4; gc_fid:pca:pc5; gc_fid:pls:bp_20:lv1; gc_fid:pls:bp_20:lv2; gc_fid:pls:bp_20:lv3; gc_fid:pls:bp_20:lv4; gc_fid:pls:bp_35:lv1; gc_fid:pls:bp_35:lv2; gc_fid:pls:bp_35:lv3,gc_fid:pca:pc1(1.000); gc_fid:pca:pc2(1.000); gc_fid:pca:pc3(1.000); gc_fid:pca:pc4(1.000); gc_fid:pca:pc5(1.000); gc_fid:pls:bp_20:lv1(1.000); gc_fid:pls:bp_20:lv2(1.000); gc_fid:pls:bp_20:lv3(1.000),petroleum_fraction_db_048,BP_50,analysis_only,equal_weight
2,petroleum_fraction_db_049,0.557156,363.0,74,gc_fid:pca:pc1; gc_fid:pca:pc2; gc_fid:pca:pc3; gc_fid:pca:pc4; gc_fid:pca:pc5; gc_fid:pls:bp_20:lv1; gc_fid:pls:bp_20:lv2; gc_fid:pls:bp_20:lv3; gc_fid:pls:bp_20:lv4; gc_fid:pls:bp_35:lv1; gc_fid:pls:bp_35:lv2; gc_fid:pls:bp_35:lv3,gc_fid:pca:pc1(1.000); gc_fid:pca:pc2(1.000); gc_fid:pca:pc3(1.000); gc_fid:pca:pc4(1.000); gc_fid:pca:pc5(1.000); gc_fid:pls:bp_20:lv1(1.000); gc_fid:pls:bp_20:lv2(1.000); gc_fid:pls:bp_20:lv3(1.000),petroleum_fraction_db_048,BP_50,analysis_only,equal_weight
1,petroleum_fraction_db_042,0.295673,346.4,74,gc_fid:pca:pc1; gc_fid:pca:pc2; gc_fid:pca:pc3; gc_fid:pca:pc4; gc_fid:pca:pc5; gc_fid:pls:bp_20:lv1; gc_fid:pls:bp_20:lv2; gc_fid:pls:bp_20:lv3; gc_fid:pls:bp_20:lv4; gc_fid:pls:bp_35:lv1; gc_fid:pls:bp_35:lv2; gc_fid:pls:bp_35:lv3,gc_fid:pls:density_20c:lv1(0.977); gc_fid:pls:saturates:lv1(0.960); gc_fid:pls:bp_50:lv1(0.951); gc_fid:pls:bp_80:lv1(0.951); gc_fid:pls:bp_35:lv1(0.951); gc_fid:pls:bp_65:lv1(0.951); gc_fid:pls:bp_20:lv1(0.949); gc_fid:pca:pc1(0.923),petroleum_fraction_db_048,BP_50,analysis_only,correlation_weighted
2,petroleum_fraction_db_037,0.511578,362.8,74,gc_fid:pca:pc1; gc_fid:pca:pc2; gc_fid:pca:pc3; gc_fid:pca:pc4; gc_fid:pca:pc5; gc_fid:pls:bp_20:lv1; gc_fid:pls:bp_20:lv2; gc_fid:pls:bp_20:lv3; gc_fid:pls:bp_20:lv4; gc_fid:pls:bp_35:lv1; gc_fid:pls:bp_35:lv2; gc_fid:pls:bp_35:lv3,gc_fid:pls:density_20c:lv1(0.977); gc_fid:pls:saturates:lv1(0.960); gc_fid:pls:bp_50:lv1(0.951); gc_fid:pls:bp_80:lv1(0.951); gc_fid:pls:bp_35:lv1(0.951); gc_fid:pls:bp_65:lv1(0.951); gc_fid:pls:bp_20:lv1(0.949); gc_fid:pca:pc1(0.923),petroleum_fraction_db_048,BP_50,analysis_only,correlation_weighted
1,petroleum_fraction_db_042,0.366313,346.4,80,bulk_property:bp_20; bulk_property:bp_35; bulk_property:bp_65; bulk_property:bp_80; bulk_property:density_20c; bulk_property:saturates; gc_fid:pca:pc1; gc_fid:pca:pc2; gc_fid:pca:pc3; gc_fid:pca:pc4; gc_fid:pca:pc5; gc_fid:pls:bp_20:lv1,bulk_property:bp_20(1.000); bulk_property:bp_35(1.000); bulk_property:bp_65(1.000); bulk_property:bp_80(1.000); bulk_property:density_20c(1.000); bulk_property:saturates(1.000); gc_fid:pca:pc1(1.000); gc_fid:pca:pc2(1.000),petroleum_fraction_db_048,BP_50,analysis_plus_non_target_bulk,equal_weight
2,petroleum_fraction_db_049,0.553339,363.0,80,bulk_property:bp_20; bulk_property:bp_35; bulk_property:bp_65; bulk_property:bp_80; bulk_property:density_20c; bulk_property:saturates; gc_fid:pca:pc1; gc_fid:pca:pc2; gc_fid:pca:pc3; gc_fid:pca:pc4; gc_fid:pca:pc5; gc_fid:pls:bp_20:lv1,bulk_property:bp_20(1.000); bulk_property:bp_35(1.000); bulk_property:bp_65(1.000); bulk_property:bp_80(1.000); bulk_property:density_20c(1.000); bulk_property:saturates(1.000); gc_fid:pca:pc1(1.000); gc_fid:pca:pc2(1.000),petroleum_fraction_db_048,BP_50,analysis_plus_non_target_bulk,equal_weight
1,petroleum_fraction_db_042,0.29298,346.4,80,bulk_property:bp_20; bulk_property:bp_35; bulk_property:bp_65; bulk_property:bp_80; bulk_property:density_20c; bulk_property:saturates; gc_fid:pca:pc1; gc_fid:pca:pc2; gc_fid:pca:pc3; gc_fid:pca:pc4; gc_fid:pca:pc5; gc_fid:pls:bp_20:lv1,bulk_property:bp_65(1.042); bulk_property:bp_35(1.040); bulk_property:bp_80(1.018); bulk_property:bp_20(1.015); gc_fid:pls:density_20c:lv1(0.977); gc_fid:pls:saturates:lv1(0.960); gc_fid:pls:bp_50:lv1(0.951); gc_fid:pls:bp_80:lv1(0.951),petroleum_fraction_db_048,BP_50,analysis_plus_non_target_bulk,correlation_weighted
2,petroleum_fraction_db_043,0.496162,355.0,80,bulk_property:bp_20; bulk_property:bp_35; bulk_property:bp_65; bulk_property:bp_80; bulk_property:density_20c; bulk_property:saturates; gc_fid:pca:pc1; gc_fid:pca:pc2; gc_fid:pca:pc3; gc_fid:pca:pc4; gc_fid:pca:pc5; gc_fid:pls:bp_20:lv1,bulk_property:bp_65(1.042); bulk_property:bp_35(1.040); bulk_property:bp_80(1.018); bulk_property:bp_20(1.015); gc_fid:pls:density_20c:lv1(0.977); gc_fid:pls:saturates:lv1(0.960); gc_fid:pls:bp_50:lv1(0.951); gc_fid:pls:bp_80:lv1(0.951),petroleum_fraction_db_048,BP_50,analysis_plus_non_target_bulk,correlation_weighted
1,petroleum_fraction_db_042,0.374452,361.8,74,gc_fid:pca:pc1; gc_fid:pca:pc2; gc_fid:pca:pc3; gc_fid:pca:pc4; gc_fid:pca:pc5; gc_fid:pls:bp_20:lv1; gc_fid:pls:bp_20:lv2; gc_fid:pls:bp_20:lv3; gc_fid:pls:bp_20:lv4; gc_fid:pls:bp_35:lv1; gc_fid:pls:bp_35:lv2; gc_fid:pls:bp_35:lv3,gc_fid:pca:pc1(1.000); gc_fid:pca:pc2(1.000); gc_fid:pca:pc3(1.000); gc_fid:pca:pc4(1.000); gc_fid:pca:pc5(1.000); gc_fid:pls:bp_20:lv1(1.000); gc_fid:pls:bp_20:lv2(1.000); gc_fid:pls:bp_20:lv3(1.000),petroleum_fraction_db_048,BP_65,analysis_only,equal_weight
2,petroleum_fraction_db_049,0.557156,376.6,74,gc_fid:pca:pc1; gc_fid:pca:pc2; gc_fid:pca:pc3; gc_fid:pca:pc4; gc_fid:pca:pc5; gc_fid:pls:bp_20:lv1; gc_fid:pls:bp_20:lv2; gc_fid:pls:bp_20:lv3; gc_fid:pls:bp_20:lv4; gc_fid:pls:bp_35:lv1; gc_fid:pls:bp_35:lv2; gc_fid:pls:bp_35:lv3,gc_fid:pca:pc1(1.000); gc_fid:pca:pc2(1.000); gc_fid:pca:pc3(1.000); gc_fid:pca:pc4(1.000); gc_fid:pca:pc5(1.000); gc_fid:pls:bp_20:lv1(1.000); gc_fid:pls:bp_20:lv2(1.000); gc_fid:pls:bp_20:lv3(1.000),petroleum_fraction_db_048,BP_65,analysis_only,equal_weight
1,petroleum_fraction_db_042,0.284825,361.8,74,gc_fid:pca:pc1; gc_fid:pca:pc2; gc_fid:pca:pc3; gc_fid:pca:pc4; gc_fid:pca:pc5; gc_fid:pls:bp_20:lv1; gc_fid:pls:bp_20:lv2; gc_fid:pls:bp_20:lv3; gc_fid:pls:bp_20:lv4; gc_fid:pls:bp_35:lv1; gc_fid:pls:bp_35:lv2; gc_fid:pls:bp_35:lv3,gc_fid:pls:density_20c:lv1(0.980); gc_fid:pls:saturates:lv1(0.965); gc_fid:pls:bp_80:lv1(0.952); gc_fid:pls:bp_65:lv1(0.951); gc_fid:pls:bp_50:lv1(0.951); gc_fid:pls:bp_35:lv1(0.950); gc_fid:pls:bp_20:lv1(0.947); gc_fid:pca:pc1(0.922),petroleum_fraction_db_048,BP_65,analysis_only,correlation_weighted
2,petroleum_fraction_db_037,0.504853,395.6,74,gc_fid:pca:pc1; gc_fid:pca:pc2; gc_fid:pca:pc3; gc_fid:pca:pc4; gc_fid:pca:pc5; gc_fid:pls:bp_20:lv1; gc_fid:pls:bp_20:lv2; gc_fid:pls:bp_20:lv3; gc_fid:pls:bp_20:lv4; gc_fid:pls:bp_35:lv1; gc_fid:pls:bp_35:lv2; gc_fid:pls:bp_35:lv3,gc_fid:pls:density_20c:lv1(0.980); gc_fid:pls:saturates:lv1(0.965); gc_fid:pls:bp_80:lv1(0.952); gc_fid:pls:bp_65:lv1(0.951); gc_fid:pls:bp_50:lv1(0.951); gc_fid:pls:bp_35:lv1(0.950); gc_fid:pls:bp_20:lv1(0.947); gc_fid:pca:pc1(0.922),petroleum_fraction_db_048,BP_65,analysis_only,correlation_weighted
1,petroleum_fraction_db_042,0.36546,361.8,80,bulk_property:bp_20; bulk_property:bp_35; bulk_property:bp_50; bulk_property:bp_80; bulk_property:density_20c; bulk_property:saturates; gc_fid:pca:pc1; gc_fid:pca:pc2; gc_fid:pca:pc3; gc_fid:pca:pc4; gc_fid:pca:pc5; gc_fid:pls:bp_20:lv1,bulk_property:bp_20(1.000); bulk_property:bp_35(1.000); bulk_property:bp_50(1.000); bulk_property:bp_80(1.000); bulk_property:density_20c(1.000); bulk_property:saturates(1.000); gc_fid:pca:pc1(1.000); gc_fid:pca:pc2(1.000),petroleum_fraction_db_048,BP_65,analysis_plus_non_target_bulk,equal_weight
2,petroleum_fraction_db_049,0.55328,376.6,80,bulk_property:bp_20; bulk_property:bp_35; bulk_property:bp_50; bulk_property:bp_80; bulk_property:density_20c; bulk_property:saturates; gc_fid:pca:pc1; gc_fid:pca:pc2; gc_fid:pca:pc3; gc_fid:pca:pc4; gc_fid:pca:pc5; gc_fid:pls:bp_20:lv1,bulk_property:bp_20(1.000); bulk_property:bp_35(1.000); bulk_property:bp_50(1.000); bulk_property:bp_80(1.000); bulk_property:density_20c(1.000); bulk_property:saturates(1.000); gc_fid:pca:pc1(1.000); gc_fid:pca:pc2(1.000),petroleum_fraction_db_048,BP_65,analysis_plus_non_target_bulk,equal_weight
1,petroleum_fraction_db_042,0.280956,361.8,80,bulk_property:bp_20; bulk_property:bp_35; bulk_property:bp_50; bulk_property:bp_80; bulk_property:density_20c; bulk_property:saturates; gc_fid:pca:pc1; gc_fid:pca:pc2; gc_fid:pca:pc3; gc_fid:pca:pc4; gc_fid:pca:pc5; gc_fid:pls:bp_20:lv1,bulk_property:bp_50(1.042); bulk_property:bp_80(1.039); bulk_property:bp_35(1.020); bulk_property:bp_20(0.986); gc_fid:pls:density_20c:lv1(0.980); gc_fid:pls:saturates:lv1(0.965); gc_fid:pls:bp_80:lv1(0.952); gc_fid:pls:bp_65:lv1(0.951),petroleum_fraction_db_048,BP_65,analysis_plus_non_target_bulk,correlation_weighted
2,petroleum_fraction_db_043,0.49177,368.2,80,bulk_property:bp_20; bulk_property:bp_35; bulk_property:bp_50; bulk_property:bp_80; bulk_property:density_20c; bulk_property:saturates; gc_fid:pca:pc1; gc_fid:pca:pc2; gc_fid:pca:pc3; gc_fid:pca:pc4; gc_fid:pca:pc5; gc_fid:pls:bp_20:lv1,bulk_property:bp_50(1.042); bulk_property:bp_80(1.039); bulk_property:bp_35(1.020); bulk_property:bp_20(0.986); gc_fid:pls:density_20c:lv1(0.980); gc_fid:pls:saturates:lv1(0.965); gc_fid:pls:bp_80:lv1(0.952); gc_fid:pls:bp_65:lv1(0.951),petroleum_fraction_db_048,BP_65,analysis_plus_non_target_bulk,correlation_weighted
1,petroleum_fraction_db_042,0.374452,376.0,74,gc_fid:pca:pc1; gc_fid:pca:pc2; gc_fid:pca:pc3; gc_fid:pca:pc4; gc_fid:pca:pc5; gc_fid:pls:bp_20:lv1; gc_fid:pls:bp_20:lv2; gc_fid:pls:bp_20:lv3; gc_fid:pls:bp_20:lv4; gc_fid:pls:bp_35:lv1; gc_fid:pls:bp_35:lv2; gc_fid:pls:bp_35:lv3,gc_fid:pca:pc1(1.000); gc_fid:pca:pc2(1.000); gc_fid:pca:pc3(1.000); gc_fid:pca:pc4(1.000); gc_fid:pca:pc5(1.000); gc_fid:pls:bp_20:lv1(1.000); gc_fid:pls:bp_20:lv2(1.000); gc_fid:pls:bp_20:lv3(1.000),petroleum_fraction_db_048,BP_80,analysis_only,equal_weight
2,petroleum_fraction_db_049,0.557156,394.6,74,gc_fid:pca:pc1; gc_fid:pca:pc2; gc_fid:pca:pc3; gc_fid:pca:pc4; gc_fid:pca:pc5; gc_fid:pls:bp_20:lv1; gc_fid:pls:bp_20:lv2; gc_fid:pls:bp_20:lv3; gc_fid:pls:bp_20:lv4; gc_fid:pls:bp_35:lv1; gc_fid:pls:bp_35:lv2; gc_fid:pls:bp_35:lv3,gc_fid:pca:pc1(1.000); gc_fid:pca:pc2(1.000); gc_fid:pca:pc3(1.000); gc_fid:pca:pc4(1.000); gc_fid:pca:pc5(1.000); gc_fid:pls:bp_20:lv1(1.000); gc_fid:pls:bp_20:lv2(1.000); gc_fid:pls:bp_20:lv3(1.000),petroleum_fraction_db_048,BP_80,analysis_only,equal_weight
1,petroleum_fraction_db_042,0.274568,376.0,74,gc_fid:pca:pc1; gc_fid:pca:pc2; gc_fid:pca:pc3; gc_fid:pca:pc4; gc_fid:pca:pc5; gc_fid:pls:bp_20:lv1; gc_fid:pls:bp_20:lv2; gc_fid:pls:bp_20:lv3; gc_fid:pls:bp_20:lv4; gc_fid:pls:bp_35:lv1; gc_fid:pls:bp_35:lv2; gc_fid:pls:bp_35:lv3,gc_fid:pls:density_20c:lv1(0.973); gc_fid:pls:saturates:lv1(0.962); gc_fid:pls:bp_80:lv1(0.945); gc_fid:pls:bp_65:lv1(0.942); gc_fid:pls:bp_50:lv1(0.941); gc_fid:pls:bp_35:lv1(0.939); gc_fid:pls:bp_20:lv1(0.935); gc_fid:pca:pc1(0.913),petroleum_fraction_db_048,BP_80,analysis_only,correlation_weighted
2,petroleum_fraction_db_037,0.506304,433.4,74,gc_fid:pca:pc1; gc_fid:pca:pc2; gc_fid:pca:pc3; gc_fid:pca:pc4; gc_fid:pca:pc5; gc_fid:pls:bp_20:lv1; gc_fid:pls:bp_20:lv2; gc_fid:pls:bp_20:lv3; gc_fid:pls:bp_20:lv4; gc_fid:pls:bp_35:lv1; gc_fid:pls:bp_35:lv2; gc_fid:pls:bp_35:lv3,gc_fid:pls:density_20c:lv1(0.973); gc_fid:pls:saturates:lv1(0.962); gc_fid:pls:bp_80:lv1(0.945); gc_fid:pls:bp_65:lv1(0.942); gc_fid:pls:bp_50:lv1(0.941); gc_fid:pls:bp_35:lv1(0.939); gc_fid:pls:bp_20:lv1(0.935); gc_fid:pca:pc1(0.913),petroleum_fraction_db_048,BP_80,analysis_only,correlation_weighted
1,petroleum_fraction_db_042,0.363989,376.0,80,bulk_property:bp_20; bulk_property:bp_35; bulk_property:bp_50; bulk_property:bp_65; bulk_property:density_20c; bulk_property:saturates; gc_fid:pca:pc1; gc_fid:pca:pc2; gc_fid:pca:pc3; gc_fid:pca:pc4; gc_fid:pca:pc5; gc_fid:pls:bp_20:lv1,bulk_property:bp_20(1.000); bulk_property:bp_35(1.000); bulk_property:bp_50(1.000); bulk_property:bp_65(1.000); bulk_property:density_20c(1.000); bulk_property:saturates(1.000); gc_fid:pca:pc1(1.000); gc_fid:pca:pc2(1.000),petroleum_fraction_db_048,BP_80,analysis_plus_non_target_bulk,equal_weight
2,petroleum_fraction_db_049,0.55309,394.6,80,bulk_property:bp_20; bulk_property:bp_35; bulk_property:bp_50; bulk_property:bp_65; bulk_property:density_20c; bulk_property:saturates; gc_fid:pca:pc1; gc_fid:pca:pc2; gc_fid:pca:pc3; gc_fid:pca:pc4; gc_fid:pca:pc5; gc_fid:pls:bp_20:lv1,bulk_property:bp_20(1.000); bulk_property:bp_35(1.000); bulk_property:bp_50(1.000); bulk_property:bp_65(1.000); bulk_property:density_20c(1.000); bulk_property:saturates(1.000); gc_fid:pca:pc1(1.000); gc_fid:pca:pc2(1.000),petroleum_fraction_db_048,BP_80,analysis_plus_non_target_bulk,equal_weight
1,petroleum_fraction_db_042,0.266906,376.0,80,bulk_property:bp_20; bulk_property:bp_35; bulk_property:bp_50; bulk_property:bp_65; bulk_property:density_20c; bulk_property:saturates; gc_fid:pca:pc1; gc_fid:pca:pc2; gc_fid:pca:pc3; gc_fid:pca:pc4; gc_fid:pca:pc5; gc_fid:pls:bp_20:lv1,bulk_property:bp_65(1.039); bulk_property:bp_50(1.018); bulk_property:bp_35(0.982); gc_fid:pls:density_20c:lv1(0.973); gc_fid:pls:saturates:lv1(0.962); gc_fid:pls:bp_80:lv1(0.945); gc_fid:pls:bp_65:lv1(0.942); gc_fid:pls:bp_50:lv1(0.941),petroleum_fraction_db_048,BP_80,analysis_plus_non_target_bulk,correlation_weighted
2,petroleum_fraction_db_043,0.480241,380.2,80,bulk_property:bp_20; bulk_property:bp_35; bulk_property:bp_50; bulk_property:bp_65; bulk_property:density_20c; bulk_property:saturates; gc_fid:pca:pc1; gc_fid:pca:pc2; gc_fid:pca:pc3; gc_fid:pca:pc4; gc_fid:pca:pc5; gc_fid:pls:bp_20:lv1,bulk_property:bp_65(1.039); bulk_property:bp_50(1.018); bulk_property:bp_35(0.982); gc_fid:pls:density_20c:lv1(0.973); gc_fid:pls:saturates:lv1(0.962); gc_fid:pls:bp_80:lv1(0.945); gc_fid:pls:bp_65:lv1(0.942); gc_fid:pls:bp_50:lv1(0.941),petroleum_fraction_db_048,BP_80,analysis_plus_non_target_bulk,correlation_weighted
1,petroleum_fraction_db_052,0.905124,0.9183,74,gc_fid:pca:pc1; gc_fid:pca:pc2; gc_fid:pca:pc3; gc_fid:pca:pc4; gc_fid:pca:pc5; gc_fid:pls:bp_20:lv1; gc_fid:pls:bp_20:lv2; gc_fid:pls:bp_20:lv3; gc_fid:pls:bp_20:lv4; gc_fid:pls:bp_35:lv1; gc_fid:pls:bp_35:lv2; gc_fid:pls:bp_35:lv3,gc_fid:pca:pc1(1.000); gc_fid:pca:pc2(1.000); gc_fid:pca:pc3(1.000); gc_fid:pca:pc4(1.000); gc_fid:pca:pc5(1.000); gc_fid:pls:bp_20:lv1(1.000); gc_fid:pls:bp_20:lv2(1.000); gc_fid:pls:bp_20:lv3(1.000),petroleum_fraction_db_053,density_20c,analysis_only,equal_weight
2,petroleum_fraction_db_006,1.574224,0.9612,74,gc_fid:pca:pc1; gc_fid:pca:pc2; gc_fid:pca:pc3; gc_fid:pca:pc4; gc_fid:pca:pc5; gc_fid:pls:bp_20:lv1; gc_fid:pls:bp_20:lv2; gc_fid:pls:bp_20:lv3; gc_fid:pls:bp_20:lv4; gc_fid:pls:bp_35:lv1; gc_fid:pls:bp_35:lv2; gc_fid:pls:bp_35:lv3,gc_fid:pca:pc1(1.000); gc_fid:pca:pc2(1.000); gc_fid:pca:pc3(1.000); gc_fid:pca:pc4(1.000); gc_fid:pca:pc5(1.000); gc_fid:pls:bp_20:lv1(1.000); gc_fid:pls:bp_20:lv2(1.000); gc_fid:pls:bp_20:lv3(1.000),petroleum_fraction_db_053,density_20c,analysis_only,equal_weight
1,petroleum_fraction_db_052,0.783274,0.9183,74,gc_fid:pca:pc1; gc_fid:pca:pc2; gc_fid:pca:pc3; gc_fid:pca:pc4; gc_fid:pca:pc5; gc_fid:pls:bp_20:lv1; gc_fid:pls:bp_20:lv2; gc_fid:pls:bp_20:lv3; gc_fid:pls:bp_20:lv4; gc_fid:pls:bp_35:lv1; gc_fid:pls:bp_35:lv2; gc_fid:pls:bp_35:lv3,ir:weighted_x_q90(0.728); ir_spectrum:pls:density_20c:lv2(0.727); ir_spectrum:pls:saturates:lv2(0.716); ir_spectrum:pls:density_20c:lv1(0.649); ir_spectrum:pls:saturates:lv1(0.629); ir_spectrum:pls:bp_35:lv1(0.628); ir_spectrum:pca:pc1(0.615); ir_spectrum:pls:bp_65:lv1(0.615),petroleum_fraction_db_053,density_20c,analysis_only,correlation_weighted
2,petroleum_fraction_db_022,1.379741,0.9568,74,gc_fid:pca:pc1; gc_fid:pca:pc2; gc_fid:pca:pc3; gc_fid:pca:pc4; gc_fid:pca:pc5; gc_fid:pls:bp_20:lv1; gc_fid:pls:bp_20:lv2; gc_fid:pls:bp_20:lv3; gc_fid:pls:bp_20:lv4; gc_fid:pls:bp_35:lv1; gc_fid:pls:bp_35:lv2; gc_fid:pls:bp_35:lv3,ir:weighted_x_q90(0.728); ir_spectrum:pls:density_20c:lv2(0.727); ir_spectrum:pls:saturates:lv2(0.716); ir_spectrum:pls:density_20c:lv1(0.649); ir_spectrum:pls:saturates:lv1(0.629); ir_spectrum:pls:bp_35:lv1(0.628); ir_spectrum:pca:pc1(0.615); ir_spectrum:pls:bp_65:lv1(0.615),petroleum_fraction_db_053,density_20c,analysis_only,correlation_weighted
1,petroleum_fraction_db_052,0.925777,0.9183,80,bulk_property:bp_20; bulk_property:bp_35; bulk_property:bp_50; bulk_property:bp_65; bulk_property:bp_80; bulk_property:saturates; gc_fid:pca:pc1; gc_fid:pca:pc2; gc_fid:pca:pc3; gc_fid:pca:pc4; gc_fid:pca:pc5; gc_fid:pls:bp_20:lv1,bulk_property:bp_20(1.000); bulk_property:bp_35(1.000); bulk_property:bp_50(1.000); bulk_property:bp_65(1.000); bulk_property:bp_80(1.000); bulk_property:saturates(1.000); gc_fid:pca:pc1(1.000); gc_fid:pca:pc2(1.000),petroleum_fraction_db_053,density_20c,analysis_plus_non_target_bulk,equal_weight
2,petroleum_fraction_db_006,1.532366,0.9612,80,bulk_property:bp_20; bulk_property:bp_35; bulk_property:bp_50; bulk_property:bp_65; bulk_property:bp_80; bulk_property:saturates; gc_fid:pca:pc1; gc_fid:pca:pc2; gc_fid:pca:pc3; gc_fid:pca:pc4; gc_fid:pca:pc5; gc_fid:pls:bp_20:lv1,bulk_property:bp_20(1.000); bulk_property:bp_35(1.000); bulk_property:bp_50(1.000); bulk_property:bp_65(1.000); bulk_property:bp_80(1.000); bulk_property:saturates(1.000); gc_fid:pca:pc1(1.000); gc_fid:pca:pc2(1.000),petroleum_fraction_db_053,density_20c,analysis_plus_non_target_bulk,equal_weight
1,petroleum_fraction_db_052,0.831274,0.9183,80,bulk_property:bp_20; bulk_property:bp_35; bulk_property:bp_50; bulk_property:bp_65; bulk_property:bp_80; bulk_property:saturates; gc_fid:pca:pc1; gc_fid:pca:pc2; gc_fid:pca:pc3; gc_fid:pca:pc4; gc_fid:pca:pc5; gc_fid:pls:bp_20:lv1,bulk_property:saturates(0.895); ir:weighted_x_q90(0.728); ir_spectrum:pls:density_20c:lv2(0.727); ir_spectrum:pls:saturates:lv2(0.716); ir_spectrum:pls:density_20c:lv1(0.649); ir_spectrum:pls:saturates:lv1(0.629); ir_spectrum:pls:bp_35:lv1(0.628); ir_spectrum:pca:pc1(0.615),petroleum_fraction_db_053,density_20c,analysis_plus_non_target_bulk,correlation_weighted
2,petroleum_fraction_db_060,1.530415,0.8782,80,bulk_property:bp_20; bulk_property:bp_35; bulk_property:bp_50; bulk_property:bp_65; bulk_property:bp_80; bulk_property:saturates; gc_fid:pca:pc1; gc_fid:pca:pc2; gc_fid:pca:pc3; gc_fid:pca:pc4; gc_fid:pca:pc5; gc_fid:pls:bp_20:lv1,bulk_property:saturates(0.895); ir:weighted_x_q90(0.728); ir_spectrum:pls:density_20c:lv2(0.727); ir_spectrum:pls:saturates:lv2(0.716); ir_spectrum:pls:density_20c:lv1(0.649); ir_spectrum:pls:saturates:lv1(0.629); ir_spectrum:pls:bp_35:lv1(0.628); ir_spectrum:pca:pc1(0.615),petroleum_fraction_db_053,density_20c,analysis_plus_non_target_bulk,correlation_weighted
1,petroleum_fraction_db_052,0.905124,74.06340057636729,74,gc_fid:pca:pc1; gc_fid:pca:pc2; gc_fid:pca:pc3; gc_fid:pca:pc4; gc_fid:pca:pc5; gc_fid:pls:bp_20:lv1; gc_fid:pls:bp_20:lv2; gc_fid:pls:bp_20:lv3; gc_fid:pls:bp_20:lv4; gc_fid:pls:bp_35:lv1; gc_fid:pls:bp_35:lv2; gc_fid:pls:bp_35:lv3,gc_fid:pca:pc1(1.000); gc_fid:pca:pc2(1.000); gc_fid:pca:pc3(1.000); gc_fid:pca:pc4(1.000); gc_fid:pca:pc5(1.000); gc_fid:pls:bp_20:lv1(1.000); gc_fid:pls:bp_20:lv2(1.000); gc_fid:pls:bp_20:lv3(1.000),petroleum_fraction_db_053,saturates,analysis_only,equal_weight
2,petroleum_fraction_db_006,1.574224,34.00468384074938,74,gc_fid:pca:pc1; gc_fid:pca:pc2; gc_fid:pca:pc3; gc_fid:pca:pc4; gc_fid:pca:pc5; gc_fid:pls:bp_20:lv1; gc_fid:pls:bp_20:lv2; gc_fid:pls:bp_20:lv3; gc_fid:pls:bp_20:lv4; gc_fid:pls:bp_35:lv1; gc_fid:pls:bp_35:lv2; gc_fid:pls:bp_35:lv3,gc_fid:pca:pc1(1.000); gc_fid:pca:pc2(1.000); gc_fid:pca:pc3(1.000); gc_fid:pca:pc4(1.000); gc_fid:pca:pc5(1.000); gc_fid:pls:bp_20:lv1(1.000); gc_fid:pls:bp_20:lv2(1.000); gc_fid:pls:bp_20:lv3(1.000),petroleum_fraction_db_053,saturates,analysis_only,equal_weight
1,petroleum_fraction_db_052,0.799628,74.06340057636729,74,gc_fid:pca:pc1; gc_fid:pca:pc2; gc_fid:pca:pc3; gc_fid:pca:pc4; gc_fid:pca:pc5; gc_fid:pls:bp_20:lv1; gc_fid:pls:bp_20:lv2; gc_fid:pls:bp_20:lv3; gc_fid:pls:bp_20:lv4; gc_fid:pls:bp_35:lv1; gc_fid:pls:bp_35:lv2; gc_fid:pls:bp_35:lv3,ir:weighted_x_q90(0.703); ir_spectrum:pls:density_20c:lv1(0.668); ir_spectrum:pls:saturates:lv1(0.668); ir_spectrum:pca:pc1(0.656); ir:weighted_x_mean(0.613); ir_spectrum:pls:bp_80:lv1(0.577); ir_spectrum:pls:saturates:lv2(0.568); ir:weighted_x_q50(0.567),petroleum_fraction_db_053,saturates,analysis_only,correlation_weighted
2,petroleum_fraction_db_022,1.41426,62.3645320197054,74,gc_fid:pca:pc1; gc_fid:pca:pc2; gc_fid:pca:pc3; gc_fid:pca:pc4; gc_fid:pca:pc5; gc_fid:pls:bp_20:lv1; gc_fid:pls:bp_20:lv2; gc_fid:pls:bp_20:lv3; gc_fid:pls:bp_20:lv4; gc_fid:pls:bp_35:lv1; gc_fid:pls:bp_35:lv2; gc_fid:pls:bp_35:lv3,ir:weighted_x_q90(0.703); ir_spectrum:pls:density_20c:lv1(0.668); ir_spectrum:pls:saturates:lv1(0.668); ir_spectrum:pca:pc1(0.656); ir:weighted_x_mean(0.613); ir_spectrum:pls:bp_80:lv1(0.577); ir_spectrum:pls:saturates:lv2(0.568); ir:weighted_x_q50(0.567),petroleum_fraction_db_053,saturates,analysis_only,correlation_weighted
1,petroleum_fraction_db_052,0.920225,74.06340057636729,80,bulk_property:bp_20; bulk_property:bp_35; bulk_property:bp_50; bulk_property:bp_65; bulk_property:bp_80; bulk_property:density_20c; gc_fid:pca:pc1; gc_fid:pca:pc2; gc_fid:pca:pc3; gc_fid:pca:pc4; gc_fid:pca:pc5; gc_fid:pls:bp_20:lv1,bulk_property:bp_20(1.000); bulk_property:bp_35(1.000); bulk_property:bp_50(1.000); bulk_property:bp_65(1.000); bulk_property:bp_80(1.000); bulk_property:density_20c(1.000); gc_fid:pca:pc1(1.000); gc_fid:pca:pc2(1.000),petroleum_fraction_db_053,saturates,analysis_plus_non_target_bulk,equal_weight
2,petroleum_fraction_db_006,1.523346,34.00468384074938,80,bulk_property:bp_20; bulk_property:bp_35; bulk_property:bp_50; bulk_property:bp_65; bulk_property:bp_80; bulk_property:density_20c; gc_fid:pca:pc1; gc_fid:pca:pc2; gc_fid:pca:pc3; gc_fid:pca:pc4; gc_fid:pca:pc5; gc_fid:pls:bp_20:lv1,bulk_property:bp_20(1.000); bulk_property:bp_35(1.000); bulk_property:bp_50(1.000); bulk_property:bp_65(1.000); bulk_property:bp_80(1.000); bulk_property:density_20c(1.000); gc_fid:pca:pc1(1.000); gc_fid:pca:pc2(1.000),petroleum_fraction_db_053,saturates,analysis_plus_non_target_bulk,equal_weight
1,petroleum_fraction_db_052,0.82455,74.06340057636729,80,bulk_property:bp_20; bulk_property:bp_35; bulk_property:bp_50; bulk_property:bp_65; bulk_property:bp_80; bulk_property:density_20c; gc_fid:pca:pc1; gc_fid:pca:pc2; gc_fid:pca:pc3; gc_fid:pca:pc4; gc_fid:pca:pc5; gc_fid:pls:bp_20:lv1,bulk_property:density_20c(0.895); ir:weighted_x_q90(0.703); ir_spectrum:pls:density_20c:lv1(0.668); ir_spectrum:pls:saturates:lv1(0.668); ir_spectrum:pca:pc1(0.656); ir:weighted_x_mean(0.613); ir_spectrum:pls:bp_80:lv1(0.577); ir_spectrum:pls:saturates:lv2(0.568),petroleum_fraction_db_053,saturates,analysis_plus_non_target_bulk,correlation_weighted
2,petroleum_fraction_db_022,1.567791,62.3645320197054,80,bulk_property:bp_20; bulk_property:bp_35; bulk_property:bp_50; bulk_property:bp_65; bulk_property:bp_80; bulk_property:density_20c; gc_fid:pca:pc1; gc_fid:pca:pc2; gc_fid:pca:pc3; gc_fid:pca:pc4; gc_fid:pca:pc5; gc_fid:pls:bp_20:lv1,bulk_property:density_20c(0.895); ir:weighted_x_q90(0.703); ir_spectrum:pls:density_20c:lv1(0.668); ir_spectrum:pls:saturates:lv1(0.668); ir_spectrum:pca:pc1(0.656); ir:weighted_x_mean(0.613); ir_spectrum:pls:bp_80:lv1(0.577); ir_spectrum:pls:saturates:lv2(0.568),petroleum_fraction_db_053,saturates,analysis_plus_non_target_bulk,correlation_weighted
1,petroleum_fraction_db_052,0.905124,469.0,74,gc_fid:pca:pc1; gc_fid:pca:pc2; gc_fid:pca:pc3; gc_fid:pca:pc4; gc_fid:pca:pc5; gc_fid:pls:bp_20:lv1; gc_fid:pls:bp_20:lv2; gc_fid:pls:bp_20:lv3; gc_fid:pls:bp_20:lv4; gc_fid:pls:bp_35:lv1; gc_fid:pls:bp_35:lv2; gc_fid:pls:bp_35:lv3,gc_fid:pca:pc1(1.000); gc_fid:pca:pc2(1.000); gc_fid:pca:pc3(1.000); gc_fid:pca:pc4(1.000); gc_fid:pca:pc5(1.000); gc_fid:pls:bp_20:lv1(1.000); gc_fid:pls:bp_20:lv2(1.000); gc_fid:pls:bp_20:lv3(1.000),petroleum_fraction_db_053,BP_20,analysis_only,equal_weight
2,petroleum_fraction_db_006,1.574224,511.6,74,gc_fid:pca:pc1; gc_fid:pca:pc2; gc_fid:pca:pc3; gc_fid:pca:pc4; gc_fid:pca:pc5; gc_fid:pls:bp_20:lv1; gc_fid:pls:bp_20:lv2; gc_fid:pls:bp_20:lv3; gc_fid:pls:bp_20:lv4; gc_fid:pls:bp_35:lv1; gc_fid:pls:bp_35:lv2; gc_fid:pls:bp_35:lv3,gc_fid:pca:pc1(1.000); gc_fid:pca:pc2(1.000); gc_fid:pca:pc3(1.000); gc_fid:pca:pc4(1.000); gc_fid:pca:pc5(1.000); gc_fid:pls:bp_20:lv1(1.000); gc_fid:pls:bp_20:lv2(1.000); gc_fid:pls:bp_20:lv3(1.000),petroleum_fraction_db_053,BP_20,analysis_only,equal_weight
1,petroleum_fraction_db_052,0.801664,469.0,74,gc_fid:pca:pc1; gc_fid:pca:pc2; gc_fid:pca:pc3; gc_fid:pca:pc4; gc_fid:pca:pc5; gc_fid:pls:bp_20:lv1; gc_fid:pls:bp_20:lv2; gc_fid:pls:bp_20:lv3; gc_fid:pls:bp_20:lv4; gc_fid:pls:bp_35:lv1; gc_fid:pls:bp_35:lv2; gc_fid:pls:bp_35:lv3,gc_fid:pls:density_20c:lv1(0.948); gc_fid:pls:bp_20:lv1(0.940); gc_fid:pls:bp_35:lv1(0.939); gc_fid:pls:bp_50:lv1(0.938); gc_fid:pls:bp_65:lv1(0.936); gc_fid:pls:bp_80:lv1(0.934); gc_fid:pls:saturates:lv1(0.928); gc_fid:pca:pc1(0.914),petroleum_fraction_db_053,BP_20,analysis_only,correlation_weighted
2,petroleum_fraction_db_060,1.380068,432.6,74,gc_fid:pca:pc1; gc_fid:pca:pc2; gc_fid:pca:pc3; gc_fid:pca:pc4; gc_fid:pca:pc5; gc_fid:pls:bp_20:lv1; gc_fid:pls:bp_20:lv2; gc_fid:pls:bp_20:lv3; gc_fid:pls:bp_20:lv4; gc_fid:pls:bp_35:lv1; gc_fid:pls:bp_35:lv2; gc_fid:pls:bp_35:lv3,gc_fid:pls:density_20c:lv1(0.948); gc_fid:pls:bp_20:lv1(0.940); gc_fid:pls:bp_35:lv1(0.939); gc_fid:pls:bp_50:lv1(0.938); gc_fid:pls:bp_65:lv1(0.936); gc_fid:pls:bp_80:lv1(0.934); gc_fid:pls:saturates:lv1(0.928); gc_fid:pca:pc1(0.914),petroleum_fraction_db_053,BP_20,analysis_only,correlation_weighted
1,petroleum_fraction_db_052,0.914252,469.0,80,bulk_property:bp_35; bulk_property:bp_50; bulk_property:bp_65; bulk_property:bp_80; bulk_property:density_20c; bulk_property:saturates; gc_fid:pca:pc1; gc_fid:pca:pc2; gc_fid:pca:pc3; gc_fid:pca:pc4; gc_fid:pca:pc5; gc_fid:pls:bp_20:lv1,bulk_property:bp_35(1.000); bulk_property:bp_50(1.000); bulk_property:bp_65(1.000); bulk_property:bp_80(1.000); bulk_property:density_20c(1.000); bulk_property:saturates(1.000); gc_fid:pca:pc1(1.000); gc_fid:pca:pc2(1.000),petroleum_fraction_db_053,BP_20,analysis_plus_non_target_bulk,equal_weight
2,petroleum_fraction_db_006,1.530641,511.6,80,bulk_property:bp_35; bulk_property:bp_50; bulk_property:bp_65; bulk_property:bp_80; bulk_property:density_20c; bulk_property:saturates; gc_fid:pca:pc1; gc_fid:pca:pc2; gc_fid:pca:pc3; gc_fid:pca:pc4; gc_fid:pca:pc5; gc_fid:pls:bp_20:lv1,bulk_property:bp_35(1.000); bulk_property:bp_50(1.000); bulk_property:bp_65(1.000); bulk_property:bp_80(1.000); bulk_property:density_20c(1.000); bulk_property:saturates(1.000); gc_fid:pca:pc1(1.000); gc_fid:pca:pc2(1.000),petroleum_fraction_db_053,BP_20,analysis_plus_non_target_bulk,equal_weight
1,petroleum_fraction_db_052,0.845147,469.0,80,bulk_property:bp_35; bulk_property:bp_50; bulk_property:bp_65; bulk_property:bp_80; bulk_property:density_20c; bulk_property:saturates; gc_fid:pca:pc1; gc_fid:pca:pc2; gc_fid:pca:pc3; gc_fid:pca:pc4; gc_fid:pca:pc5; gc_fid:pls:bp_20:lv1,bulk_property:bp_35(1.040); bulk_property:bp_50(1.015); bulk_property:bp_65(0.986); gc_fid:pls:density_20c:lv1(0.948); gc_fid:pls:bp_20:lv1(0.940); gc_fid:pls:bp_35:lv1(0.939); bulk_property:bp_80(0.939); gc_fid:pls:bp_50:lv1(0.938),petroleum_fraction_db_053,BP_20,analysis_plus_non_target_bulk,correlation_weighted
2,petroleum_fraction_db_060,1.355411,432.6,80,bulk_property:bp_35; bulk_property:bp_50; bulk_property:bp_65; bulk_property:bp_80; bulk_property:density_20c; bulk_property:saturates; gc_fid:pca:pc1; gc_fid:pca:pc2; gc_fid:pca:pc3; gc_fid:pca:pc4; gc_fid:pca:pc5; gc_fid:pls:bp_20:lv1,bulk_property:bp_35(1.040); bulk_property:bp_50(1.015); bulk_property:bp_65(0.986); gc_fid:pls:density_20c:lv1(0.948); gc_fid:pls:bp_20:lv1(0.940); gc_fid:pls:bp_35:lv1(0.939); bulk_property:bp_80(0.939); gc_fid:pls:bp_50:lv1(0.938),petroleum_fraction_db_053,BP_20,analysis_plus_non_target_bulk,correlation_weighted
1,petroleum_fraction_db_052,0.905124,508.6,74,gc_fid:pca:pc1; gc_fid:pca:pc2; gc_fid:pca:pc3; gc_fid:pca:pc4; gc_fid:pca:pc5; gc_fid:pls:bp_20:lv1; gc_fid:pls:bp_20:lv2; gc_fid:pls:bp_20:lv3; gc_fid:pls:bp_20:lv4; gc_fid:pls:bp_35:lv1; gc_fid:pls:bp_35:lv2; gc_fid:pls:bp_35:lv3,gc_fid:pca:pc1(1.000); gc_fid:pca:pc2(1.000); gc_fid:pca:pc3(1.000); gc_fid:pca:pc4(1.000); gc_fid:pca:pc5(1.000); gc_fid:pls:bp_20:lv1(1.000); gc_fid:pls:bp_20:lv2(1.000); gc_fid:pls:bp_20:lv3(1.000),petroleum_fraction_db_053,BP_35,analysis_only,equal_weight
2,petroleum_fraction_db_006,1.574224,536.0,74,gc_fid:pca:pc1; gc_fid:pca:pc2; gc_fid:pca:pc3; gc_fid:pca:pc4; gc_fid:pca:pc5; gc_fid:pls:bp_20:lv1; gc_fid:pls:bp_20:lv2; gc_fid:pls:bp_20:lv3; gc_fid:pls:bp_20:lv4; gc_fid:pls:bp_35:lv1; gc_fid:pls:bp_35:lv2; gc_fid:pls:bp_35:lv3,gc_fid:pca:pc1(1.000); gc_fid:pca:pc2(1.000); gc_fid:pca:pc3(1.000); gc_fid:pca:pc4(1.000); gc_fid:pca:pc5(1.000); gc_fid:pls:bp_20:lv1(1.000); gc_fid:pls:bp_20:lv2(1.000); gc_fid:pls:bp_20:lv3(1.000),petroleum_fraction_db_053,BP_35,analysis_only,equal_weight
1,petroleum_fraction_db_052,0.789849,508.6,74,gc_fid:pca:pc1; gc_fid:pca:pc2; gc_fid:pca:pc3; gc_fid:pca:pc4; gc_fid:pca:pc5; gc_fid:pls:bp_20:lv1; gc_fid:pls:bp_20:lv2; gc_fid:pls:bp_20:lv3; gc_fid:pls:bp_20:lv4; gc_fid:pls:bp_35:lv1; gc_fid:pls:bp_35:lv2; gc_fid:pls:bp_35:lv3,gc_fid:pls:density_20c:lv1(0.967); gc_fid:pls:bp_35:lv1(0.949); gc_fid:pls:saturates:lv1(0.948); gc_fid:pls:bp_20:lv1(0.948); gc_fid:pls:bp_50:lv1(0.948); gc_fid:pls:bp_65:lv1(0.947); gc_fid:pls:bp_80:lv1(0.946); gc_fid:pca:pc1(0.921),petroleum_fraction_db_053,BP_35,analysis_only,correlation_weighted
2,petroleum_fraction_db_060,1.37235,472.2,74,gc_fid:pca:pc1; gc_fid:pca:pc2; gc_fid:pca:pc3; gc_fid:pca:pc4; gc_fid:pca:pc5; gc_fid:pls:bp_20:lv1; gc_fid:pls:bp_20:lv2; gc_fid:pls:bp_20:lv3; gc_fid:pls:bp_20:lv4; gc_fid:pls:bp_35:lv1; gc_fid:pls:bp_35:lv2; gc_fid:pls:bp_35:lv3,gc_fid:pls:density_20c:lv1(0.967); gc_fid:pls:bp_35:lv1(0.949); gc_fid:pls:saturates:lv1(0.948); gc_fid:pls:bp_20:lv1(0.948); gc_fid:pls:bp_50:lv1(0.948); gc_fid:pls:bp_65:lv1(0.947); gc_fid:pls:bp_80:lv1(0.946); gc_fid:pca:pc1(0.921),petroleum_fraction_db_053,BP_35,analysis_only,correlation_weighted
1,petroleum_fraction_db_052,0.92009,508.6,80,bulk_property:bp_20; bulk_property:bp_50; bulk_property:bp_65; bulk_property:bp_80; bulk_property:density_20c; bulk_property:saturates; gc_fid:pca:pc1; gc_fid:pca:pc2; gc_fid:pca:pc3; gc_fid:pca:pc4; gc_fid:pca:pc5; gc_fid:pls:bp_20:lv1,bulk_property:bp_20(1.000); bulk_property:bp_50(1.000); bulk_property:bp_65(1.000); bulk_property:bp_80(1.000); bulk_property:density_20c(1.000); bulk_property:saturates(1.000); gc_fid:pca:pc1(1.000); gc_fid:pca:pc2(1.000),petroleum_fraction_db_053,BP_35,analysis_plus_non_target_bulk,equal_weight
2,petroleum_fraction_db_006,1.530961,536.0,80,bulk_property:bp_20; bulk_property:bp_50; bulk_property:bp_65; bulk_property:bp_80; bulk_property:density_20c; bulk_property:saturates; gc_fid:pca:pc1; gc_fid:pca:pc2; gc_fid:pca:pc3; gc_fid:pca:pc4; gc_fid:pca:pc5; gc_fid:pls:bp_20:lv1,bulk_property:bp_20(1.000); bulk_property:bp_50(1.000); bulk_property:bp_65(1.000); bulk_property:bp_80(1.000); bulk_property:density_20c(1.000); bulk_property:saturates(1.000); gc_fid:pca:pc1(1.000); gc_fid:pca:pc2(1.000),petroleum_fraction_db_053,BP_35,analysis_plus_non_target_bulk,equal_weight
1,petroleum_fraction_db_052,0.853784,508.6,80,bulk_property:bp_20; bulk_property:bp_50; bulk_property:bp_65; bulk_property:bp_80; bulk_property:density_20c; bulk_property:saturates; gc_fid:pca:pc1; gc_fid:pca:pc2; gc_fid:pca:pc3; gc_fid:pca:pc4; gc_fid:pca:pc5; gc_fid:pls:bp_20:lv1,bulk_property:bp_20(1.040); bulk_property:bp_50(1.040); bulk_property:bp_65(1.020); bulk_property:bp_80(0.982); gc_fid:pls:density_20c:lv1(0.967); gc_fid:pls:bp_35:lv1(0.949); gc_fid:pls:saturates:lv1(0.948); gc_fid:pls:bp_20:lv1(0.948),petroleum_fraction_db_053,BP_35,analysis_plus_non_target_bulk,correlation_weighted
2,petroleum_fraction_db_060,1.363775,472.2,80,bulk_property:bp_20; bulk_property:bp_50; bulk_property:bp_65; bulk_property:bp_80; bulk_property:density_20c; bulk_property:saturates; gc_fid:pca:pc1; gc_fid:pca:pc2; gc_fid:pca:pc3; gc_fid:pca:pc4; gc_fid:pca:pc5; gc_fid:pls:bp_20:lv1,bulk_property:bp_20(1.040); bulk_property:bp_50(1.040); bulk_property:bp_65(1.020); bulk_property:bp_80(0.982); gc_fid:pls:density_20c:lv1(0.967); gc_fid:pls:bp_35:lv1(0.949); gc_fid:pls:saturates:lv1(0.948); gc_fid:pls:bp_20:lv1(0.948),petroleum_fraction_db_053,BP_35,analysis_plus_non_target_bulk,correlation_weighted
1,petroleum_fraction_db_052,0.905124,530.0,74,gc_fid:pca:pc1; gc_fid:pca:pc2; gc_fid:pca:pc3; gc_fid:pca:pc4; gc_fid:pca:pc5; gc_fid:pls:bp_20:lv1; gc_fid:pls:bp_20:lv2; gc_fid:pls:bp_20:lv3; gc_fid:pls:bp_20:lv4; gc_fid:pls:bp_35:lv1; gc_fid:pls:bp_35:lv2; gc_fid:pls:bp_35:lv3,gc_fid:pca:pc1(1.000); gc_fid:pca:pc2(1.000); gc_fid:pca:pc3(1.000); gc_fid:pca:pc4(1.000); gc_fid:pca:pc5(1.000); gc_fid:pls:bp_20:lv1(1.000); gc_fid:pls:bp_20:lv2(1.000); gc_fid:pls:bp_20:lv3(1.000),petroleum_fraction_db_053,BP_50,analysis_only,equal_weight
2,petroleum_fraction_db_006,1.574224,552.4,74,gc_fid:pca:pc1; gc_fid:pca:pc2; gc_fid:pca:pc3; gc_fid:pca:pc4; gc_fid:pca:pc5; gc_fid:pls:bp_20:lv1; gc_fid:pls:bp_20:lv2; gc_fid:pls:bp_20:lv3; gc_fid:pls:bp_20:lv4; gc_fid:pls:bp_35:lv1; gc_fid:pls:bp_35:lv2; gc_fid:pls:bp_35:lv3,gc_fid:pca:pc1(1.000); gc_fid:pca:pc2(1.000); gc_fid:pca:pc3(1.000); gc_fid:pca:pc4(1.000); gc_fid:pca:pc5(1.000); gc_fid:pls:bp_20:lv1(1.000); gc_fid:pls:bp_20:lv2(1.000); gc_fid:pls:bp_20:lv3(1.000),petroleum_fraction_db_053,BP_50,analysis_only,equal_weight
1,petroleum_fraction_db_052,0.774901,530.0,74,gc_fid:pca:pc1; gc_fid:pca:pc2; gc_fid:pca:pc3; gc_fid:pca:pc4; gc_fid:pca:pc5; gc_fid:pls:bp_20:lv1; gc_fid:pls:bp_20:lv2; gc_fid:pls:bp_20:lv3; gc_fid:pls:bp_20:lv4; gc_fid:pls:bp_35:lv1; gc_fid:pls:bp_35:lv2; gc_fid:pls:bp_35:lv3,gc_fid:pls:density_20c:lv1(0.977); gc_fid:pls:saturates:lv1(0.960); gc_fid:pls:bp_50:lv1(0.951); gc_fid:pls:bp_80:lv1(0.951); gc_fid:pls:bp_35:lv1(0.951); gc_fid:pls:bp_65:lv1(0.951); gc_fid:pls:bp_20:lv1(0.949); gc_fid:pca:pc1(0.923),petroleum_fraction_db_053,BP_50,analysis_only,correlation_weighted
2,petroleum_fraction_db_060,1.363409,524.4,74,gc_fid:pca:pc1; gc_fid:pca:pc2; gc_fid:pca:pc3; gc_fid:pca:pc4; gc_fid:pca:pc5; gc_fid:pls:bp_20:lv1; gc_fid:pls:bp_20:lv2; gc_fid:pls:bp_20:lv3; gc_fid:pls:bp_20:lv4; gc_fid:pls:bp_35:lv1; gc_fid:pls:bp_35:lv2; gc_fid:pls:bp_35:lv3,gc_fid:pls:density_20c:lv1(0.977); gc_fid:pls:saturates:lv1(0.960); gc_fid:pls:bp_50:lv1(0.951); gc_fid:pls:bp_80:lv1(0.951); gc_fid:pls:bp_35:lv1(0.951); gc_fid:pls:bp_65:lv1(0.951); gc_fid:pls:bp_20:lv1(0.949); gc_fid:pca:pc1(0.923),petroleum_fraction_db_053,BP_50,analysis_only,correlation_weighted
1,petroleum_fraction_db_052,0.921558,530.0,80,bulk_property:bp_20; bulk_property:bp_35; bulk_property:bp_65; bulk_property:bp_80; bulk_property:density_20c; bulk_property:saturates; gc_fid:pca:pc1; gc_fid:pca:pc2; gc_fid:pca:pc3; gc_fid:pca:pc4; gc_fid:pca:pc5; gc_fid:pls:bp_20:lv1,bulk_property:bp_20(1.000); bulk_property:bp_35(1.000); bulk_property:bp_65(1.000); bulk_property:bp_80(1.000); bulk_property:density_20c(1.000); bulk_property:saturates(1.000); gc_fid:pca:pc1(1.000); gc_fid:pca:pc2(1.000),petroleum_fraction_db_053,BP_50,analysis_plus_non_target_bulk,equal_weight
2,petroleum_fraction_db_006,1.530981,552.4,80,bulk_property:bp_20; bulk_property:bp_35; bulk_property:bp_65; bulk_property:bp_80; bulk_property:density_20c; bulk_property:saturates; gc_fid:pca:pc1; gc_fid:pca:pc2; gc_fid:pca:pc3; gc_fid:pca:pc4; gc_fid:pca:pc5; gc_fid:pls:bp_20:lv1,bulk_property:bp_20(1.000); bulk_property:bp_35(1.000); bulk_property:bp_65(1.000); bulk_property:bp_80(1.000); bulk_property:density_20c(1.000); bulk_property:saturates(1.000); gc_fid:pca:pc1(1.000); gc_fid:pca:pc2(1.000),petroleum_fraction_db_053,BP_50,analysis_plus_non_target_bulk,equal_weight
1,petroleum_fraction_db_052,0.846684,530.0,80,bulk_property:bp_20; bulk_property:bp_35; bulk_property:bp_65; bulk_property:bp_80; bulk_property:density_20c; bulk_property:saturates; gc_fid:pca:pc1; gc_fid:pca:pc2; gc_fid:pca:pc3; gc_fid:pca:pc4; gc_fid:pca:pc5; gc_fid:pls:bp_20:lv1,bulk_property:bp_65(1.042); bulk_property:bp_35(1.040); bulk_property:bp_80(1.018); bulk_property:bp_20(1.015); gc_fid:pls:density_20c:lv1(0.977); gc_fid:pls:saturates:lv1(0.960); gc_fid:pls:bp_50:lv1(0.951); gc_fid:pls:bp_80:lv1(0.951),petroleum_fraction_db_053,BP_50,analysis_plus_non_target_bulk,correlation_weighted
2,petroleum_fraction_db_060,1.377436,524.4,80,bulk_property:bp_20; bulk_property:bp_35; bulk_property:bp_65; bulk_property:bp_80; bulk_property:density_20c; bulk_property:saturates; gc_fid:pca:pc1; gc_fid:pca:pc2; gc_fid:pca:pc3; gc_fid:pca:pc4; gc_fid:pca:pc5; gc_fid:pls:bp_20:lv1,bulk_property:bp_65(1.042); bulk_property:bp_35(1.040); bulk_property:bp_80(1.018); bulk_property:bp_20(1.015); gc_fid:pls:density_20c:lv1(0.977); gc_fid:pls:saturates:lv1(0.960); gc_fid:pls:bp_50:lv1(0.951); gc_fid:pls:bp_80:lv1(0.951),petroleum_fraction_db_053,BP_50,analysis_plus_non_target_bulk,correlation_weighted
1,petroleum_fraction_db_052,0.905124,548.4,74,gc_fid:pca:pc1; gc_fid:pca:pc2; gc_fid:pca:pc3; gc_fid:pca:pc4; gc_fid:pca:pc5; gc_fid:pls:bp_20:lv1; gc_fid:pls:bp_20:lv2; gc_fid:pls:bp_20:lv3; gc_fid:pls:bp_20:lv4; gc_fid:pls:bp_35:lv1; gc_fid:pls:bp_35:lv2; gc_fid:pls:bp_35:lv3,gc_fid:pca:pc1(1.000); gc_fid:pca:pc2(1.000); gc_fid:pca:pc3(1.000); gc_fid:pca:pc4(1.000); gc_fid:pca:pc5(1.000); gc_fid:pls:bp_20:lv1(1.000); gc_fid:pls:bp_20:lv2(1.000); gc_fid:pls:bp_20:lv3(1.000),petroleum_fraction_db_053,BP_65,analysis_only,equal_weight
2,petroleum_fraction_db_006,1.574224,568.6,74,gc_fid:pca:pc1; gc_fid:pca:pc2; gc_fid:pca:pc3; gc_fid:pca:pc4; gc_fid:pca:pc5; gc_fid:pls:bp_20:lv1; gc_fid:pls:bp_20:lv2; gc_fid:pls:bp_20:lv3; gc_fid:pls:bp_20:lv4; gc_fid:pls:bp_35:lv1; gc_fid:pls:bp_35:lv2; gc_fid:pls:bp_35:lv3,gc_fid:pca:pc1(1.000); gc_fid:pca:pc2(1.000); gc_fid:pca:pc3(1.000); gc_fid:pca:pc4(1.000); gc_fid:pca:pc5(1.000); gc_fid:pls:bp_20:lv1(1.000); gc_fid:pls:bp_20:lv2(1.000); gc_fid:pls:bp_20:lv3(1.000),petroleum_fraction_db_053,BP_65,analysis_only,equal_weight
1,petroleum_fraction_db_052,0.767898,548.4,74,gc_fid:pca:pc1; gc_fid:pca:pc2; gc_fid:pca:pc3; gc_fid:pca:pc4; gc_fid:pca:pc5; gc_fid:pls:bp_20:lv1; gc_fid:pls:bp_20:lv2; gc_fid:pls:bp_20:lv3; gc_fid:pls:bp_20:lv4; gc_fid:pls:bp_35:lv1; gc_fid:pls:bp_35:lv2; gc_fid:pls:bp_35:lv3,gc_fid:pls:density_20c:lv1(0.980); gc_fid:pls:saturates:lv1(0.965); gc_fid:pls:bp_80:lv1(0.952); gc_fid:pls:bp_65:lv1(0.951); gc_fid:pls:bp_50:lv1(0.951); gc_fid:pls:bp_35:lv1(0.950); gc_fid:pls:bp_20:lv1(0.947); gc_fid:pca:pc1(0.922),petroleum_fraction_db_053,BP_65,analysis_only,correlation_weighted
2,petroleum_fraction_db_060,1.366224,558.8,74,gc_fid:pca:pc1; gc_fid:pca:pc2; gc_fid:pca:pc3; gc_fid:pca:pc4; gc_fid:pca:pc5; gc_fid:pls:bp_20:lv1; gc_fid:pls:bp_20:lv2; gc_fid:pls:bp_20:lv3; gc_fid:pls:bp_20:lv4; gc_fid:pls:bp_35:lv1; gc_fid:pls:bp_35:lv2; gc_fid:pls:bp_35:lv3,gc_fid:pls:density_20c:lv1(0.980); gc_fid:pls:saturates:lv1(0.965); gc_fid:pls:bp_80:lv1(0.952); gc_fid:pls:bp_65:lv1(0.951); gc_fid:pls:bp_50:lv1(0.951); gc_fid:pls:bp_35:lv1(0.950); gc_fid:pls:bp_20:lv1(0.947); gc_fid:pca:pc1(0.922),petroleum_fraction_db_053,BP_65,analysis_only,correlation_weighted
1,petroleum_fraction_db_052,0.921921,548.4,80,bulk_property:bp_20; bulk_property:bp_35; bulk_property:bp_50; bulk_property:bp_80; bulk_property:density_20c; bulk_property:saturates; gc_fid:pca:pc1; gc_fid:pca:pc2; gc_fid:pca:pc3; gc_fid:pca:pc4; gc_fid:pca:pc5; gc_fid:pls:bp_20:lv1,bulk_property:bp_20(1.000); bulk_property:bp_35(1.000); bulk_property:bp_50(1.000); bulk_property:bp_80(1.000); bulk_property:density_20c(1.000); bulk_property:saturates(1.000); gc_fid:pca:pc1(1.000); gc_fid:pca:pc2(1.000),petroleum_fraction_db_053,BP_65,analysis_plus_non_target_bulk,equal_weight
2,petroleum_fraction_db_006,1.530861,568.6,80,bulk_property:bp_20; bulk_property:bp_35; bulk_property:bp_50; bulk_property:bp_80; bulk_property:density_20c; bulk_property:saturates; gc_fid:pca:pc1; gc_fid:pca:pc2; gc_fid:pca:pc3; gc_fid:pca:pc4; gc_fid:pca:pc5; gc_fid:pls:bp_20:lv1,bulk_property:bp_20(1.000); bulk_property:bp_35(1.000); bulk_property:bp_50(1.000); bulk_property:bp_80(1.000); bulk_property:density_20c(1.000); bulk_property:saturates(1.000); gc_fid:pca:pc1(1.000); gc_fid:pca:pc2(1.000),petroleum_fraction_db_053,BP_65,analysis_plus_non_target_bulk,equal_weight
1,petroleum_fraction_db_052,0.842159,548.4,80,bulk_property:bp_20; bulk_property:bp_35; bulk_property:bp_50; bulk_property:bp_80; bulk_property:density_20c; bulk_property:saturates; gc_fid:pca:pc1; gc_fid:pca:pc2; gc_fid:pca:pc3; gc_fid:pca:pc4; gc_fid:pca:pc5; gc_fid:pls:bp_20:lv1,bulk_property:bp_50(1.042); bulk_property:bp_80(1.039); bulk_property:bp_35(1.020); bulk_property:bp_20(0.986); gc_fid:pls:density_20c:lv1(0.980); gc_fid:pls:saturates:lv1(0.965); gc_fid:pls:bp_80:lv1(0.952); gc_fid:pls:bp_65:lv1(0.951),petroleum_fraction_db_053,BP_65,analysis_plus_non_target_bulk,correlation_weighted
2,petroleum_fraction_db_060,1.385276,558.8,80,bulk_property:bp_20; bulk_property:bp_35; bulk_property:bp_50; bulk_property:bp_80; bulk_property:density_20c; bulk_property:saturates; gc_fid:pca:pc1; gc_fid:pca:pc2; gc_fid:pca:pc3; gc_fid:pca:pc4; gc_fid:pca:pc5; gc_fid:pls:bp_20:lv1,bulk_property:bp_50(1.042); bulk_property:bp_80(1.039); bulk_property:bp_35(1.020); bulk_property:bp_20(0.986); gc_fid:pls:density_20c:lv1(0.980); gc_fid:pls:saturates:lv1(0.965); gc_fid:pls:bp_80:lv1(0.952); gc_fid:pls:bp_65:lv1(0.951),petroleum_fraction_db_053,BP_65,analysis_plus_non_target_bulk,correlation_weighted
1,petroleum_fraction_db_052,0.905124,569.0,74,gc_fid:pca:pc1; gc_fid:pca:pc2; gc_fid:pca:pc3; gc_fid:pca:pc4; gc_fid:pca:pc5; gc_fid:pls:bp_20:lv1; gc_fid:pls:bp_20:lv2; gc_fid:pls:bp_20:lv3; gc_fid:pls:bp_20:lv4; gc_fid:pls:bp_35:lv1; gc_fid:pls:bp_35:lv2; gc_fid:pls:bp_35:lv3,gc_fid:pca:pc1(1.000); gc_fid:pca:pc2(1.000); gc_fid:pca:pc3(1.000); gc_fid:pca:pc4(1.000); gc_fid:pca:pc5(1.000); gc_fid:pls:bp_20:lv1(1.000); gc_fid:pls:bp_20:lv2(1.000); gc_fid:pls:bp_20:lv3(1.000),petroleum_fraction_db_053,BP_80,analysis_only,equal_weight
2,petroleum_fraction_db_006,1.574224,594.8,74,gc_fid:pca:pc1; gc_fid:pca:pc2; gc_fid:pca:pc3; gc_fid:pca:pc4; gc_fid:pca:pc5; gc_fid:pls:bp_20:lv1; gc_fid:pls:bp_20:lv2; gc_fid:pls:bp_20:lv3; gc_fid:pls:bp_20:lv4; gc_fid:pls:bp_35:lv1; gc_fid:pls:bp_35:lv2; gc_fid:pls:bp_35:lv3,gc_fid:pca:pc1(1.000); gc_fid:pca:pc2(1.000); gc_fid:pca:pc3(1.000); gc_fid:pca:pc4(1.000); gc_fid:pca:pc5(1.000); gc_fid:pls:bp_20:lv1(1.000); gc_fid:pls:bp_20:lv2(1.000); gc_fid:pls:bp_20:lv3(1.000),petroleum_fraction_db_053,BP_80,analysis_only,equal_weight
1,petroleum_fraction_db_052,0.780449,569.0,74,gc_fid:pca:pc1; gc_fid:pca:pc2; gc_fid:pca:pc3; gc_fid:pca:pc4; gc_fid:pca:pc5; gc_fid:pls:bp_20:lv1; gc_fid:pls:bp_20:lv2; gc_fid:pls:bp_20:lv3; gc_fid:pls:bp_20:lv4; gc_fid:pls:bp_35:lv1; gc_fid:pls:bp_35:lv2; gc_fid:pls:bp_35:lv3,gc_fid:pls:density_20c:lv1(0.973); gc_fid:pls:saturates:lv1(0.962); gc_fid:pls:bp_80:lv1(0.945); gc_fid:pls:bp_65:lv1(0.942); gc_fid:pls:bp_50:lv1(0.941); gc_fid:pls:bp_35:lv1(0.939); gc_fid:pls:bp_20:lv1(0.935); gc_fid:pca:pc1(0.913),petroleum_fraction_db_053,BP_80,analysis_only,correlation_weighted
2,petroleum_fraction_db_060,1.391558,607.0,74,gc_fid:pca:pc1; gc_fid:pca:pc2; gc_fid:pca:pc3; gc_fid:pca:pc4; gc_fid:pca:pc5; gc_fid:pls:bp_20:lv1; gc_fid:pls:bp_20:lv2; gc_fid:pls:bp_20:lv3; gc_fid:pls:bp_20:lv4; gc_fid:pls:bp_35:lv1; gc_fid:pls:bp_35:lv2; gc_fid:pls:bp_35:lv3,gc_fid:pls:density_20c:lv1(0.973); gc_fid:pls:saturates:lv1(0.962); gc_fid:pls:bp_80:lv1(0.945); gc_fid:pls:bp_65:lv1(0.942); gc_fid:pls:bp_50:lv1(0.941); gc_fid:pls:bp_35:lv1(0.939); gc_fid:pls:bp_20:lv1(0.935); gc_fid:pca:pc1(0.913),petroleum_fraction_db_053,BP_80,analysis_only,correlation_weighted
1,petroleum_fraction_db_052,0.920162,569.0,80,bulk_property:bp_20; bulk_property:bp_35; bulk_property:bp_50; bulk_property:bp_65; bulk_property:density_20c; bulk_property:saturates; gc_fid:pca:pc1; gc_fid:pca:pc2; gc_fid:pca:pc3; gc_fid:pca:pc4; gc_fid:pca:pc5; gc_fid:pls:bp_20:lv1,bulk_property:bp_20(1.000); bulk_property:bp_35(1.000); bulk_property:bp_50(1.000); bulk_property:bp_65(1.000); bulk_property:density_20c(1.000); bulk_property:saturates(1.000); gc_fid:pca:pc1(1.000); gc_fid:pca:pc2(1.000),petroleum_fraction_db_053,BP_80,analysis_plus_non_target_bulk,equal_weight
2,petroleum_fraction_db_006,1.53051,594.8,80,bulk_property:bp_20; bulk_property:bp_35; bulk_property:bp_50; bulk_property:bp_65; bulk_property:density_20c; bulk_property:saturates; gc_fid:pca:pc1; gc_fid:pca:pc2; gc_fid:pca:pc3; gc_fid:pca:pc4; gc_fid:pca:pc5; gc_fid:pls:bp_20:lv1,bulk_property:bp_20(1.000); bulk_property:bp_35(1.000); bulk_property:bp_50(1.000); bulk_property:bp_65(1.000); bulk_property:density_20c(1.000); bulk_property:saturates(1.000); gc_fid:pca:pc1(1.000); gc_fid:pca:pc2(1.000),petroleum_fraction_db_053,BP_80,analysis_plus_non_target_bulk,equal_weight
1,petroleum_fraction_db_052,0.845222,569.0,80,bulk_property:bp_20; bulk_property:bp_35; bulk_property:bp_50; bulk_property:bp_65; bulk_property:density_20c; bulk_property:saturates; gc_fid:pca:pc1; gc_fid:pca:pc2; gc_fid:pca:pc3; gc_fid:pca:pc4; gc_fid:pca:pc5; gc_fid:pls:bp_20:lv1,bulk_property:bp_65(1.039); bulk_property:bp_50(1.018); bulk_property:bp_35(0.982); gc_fid:pls:density_20c:lv1(0.973); gc_fid:pls:saturates:lv1(0.962); gc_fid:pls:bp_80:lv1(0.945); gc_fid:pls:bp_65:lv1(0.942); gc_fid:pls:bp_50:lv1(0.941),petroleum_fraction_db_053,BP_80,analysis_plus_non_target_bulk,correlation_weighted
2,petroleum_fraction_db_006,1.405309,594.8,80,bulk_property:bp_20; bulk_property:bp_35; bulk_property:bp_50; bulk_property:bp_65; bulk_property:density_20c; bulk_property:saturates; gc_fid:pca:pc1; gc_fid:pca:pc2; gc_fid:pca:pc3; gc_fid:pca:pc4; gc_fid:pca:pc5; gc_fid:pls:bp_20:lv1,bulk_property:bp_65(1.039); bulk_property:bp_50(1.018); bulk_property:bp_35(0.982); gc_fid:pls:density_20c:lv1(0.973); gc_fid:pls:saturates:lv1(0.962); gc_fid:pls:bp_80:lv1(0.945); gc_fid:pls:bp_65:lv1(0.942); gc_fid:pls:bp_50:lv1(0.941),petroleum_fraction_db_053,BP_80,analysis_plus_non_target_bulk,correlation_weighted
1,petroleum_fraction_db_033,0.271727,0.9002,74,gc_fid:pca:pc1; gc_fid:pca:pc2; gc_fid:pca:pc3; gc_fid:pca:pc4; gc_fid:pca:pc5; gc_fid:pls:bp_20:lv1; gc_fid:pls:bp_20:lv2; gc_fid:pls:bp_20:lv3; gc_fid:pls:bp_20:lv4; gc_fid:pls:bp_35:lv1; gc_fid:pls:bp_35:lv2; gc_fid:pls:bp_35:lv3,gc_fid:pca:pc1(1.000); gc_fid:pca:pc2(1.000); gc_fid:pca:pc3(1.000); gc_fid:pca:pc4(1.000); gc_fid:pca:pc5(1.000); gc_fid:pls:bp_20:lv1(1.000); gc_fid:pls:bp_20:lv2(1.000); gc_fid:pls:bp_20:lv3(1.000),petroleum_fraction_db_056,density_20c,analysis_only,equal_weight
2,petroleum_fraction_db_035,0.277008,0.9004,74,gc_fid:pca:pc1; gc_fid:pca:pc2; gc_fid:pca:pc3; gc_fid:pca:pc4; gc_fid:pca:pc5; gc_fid:pls:bp_20:lv1; gc_fid:pls:bp_20:lv2; gc_fid:pls:bp_20:lv3; gc_fid:pls:bp_20:lv4; gc_fid:pls:bp_35:lv1; gc_fid:pls:bp_35:lv2; gc_fid:pls:bp_35:lv3,gc_fid:pca:pc1(1.000); gc_fid:pca:pc2(1.000); gc_fid:pca:pc3(1.000); gc_fid:pca:pc4(1.000); gc_fid:pca:pc5(1.000); gc_fid:pls:bp_20:lv1(1.000); gc_fid:pls:bp_20:lv2(1.000); gc_fid:pls:bp_20:lv3(1.000),petroleum_fraction_db_056,density_20c,analysis_only,equal_weight
1,petroleum_fraction_db_033,0.261114,0.9002,74,gc_fid:pca:pc1; gc_fid:pca:pc2; gc_fid:pca:pc3; gc_fid:pca:pc4; gc_fid:pca:pc5; gc_fid:pls:bp_20:lv1; gc_fid:pls:bp_20:lv2; gc_fid:pls:bp_20:lv3; gc_fid:pls:bp_20:lv4; gc_fid:pls:bp_35:lv1; gc_fid:pls:bp_35:lv2; gc_fid:pls:bp_35:lv3,ir:weighted_x_q90(0.728); ir_spectrum:pls:density_20c:lv2(0.727); ir_spectrum:pls:saturates:lv2(0.716); ir_spectrum:pls:density_20c:lv1(0.649); ir_spectrum:pls:saturates:lv1(0.629); ir_spectrum:pls:bp_35:lv1(0.628); ir_spectrum:pca:pc1(0.615); ir_spectrum:pls:bp_65:lv1(0.615),petroleum_fraction_db_056,density_20c,analysis_only,correlation_weighted
2,petroleum_fraction_db_035,0.261161,0.9004,74,gc_fid:pca:pc1; gc_fid:pca:pc2; gc_fid:pca:pc3; gc_fid:pca:pc4; gc_fid:pca:pc5; gc_fid:pls:bp_20:lv1; gc_fid:pls:bp_20:lv2; gc_fid:pls:bp_20:lv3; gc_fid:pls:bp_20:lv4; gc_fid:pls:bp_35:lv1; gc_fid:pls:bp_35:lv2; gc_fid:pls:bp_35:lv3,ir:weighted_x_q90(0.728); ir_spectrum:pls:density_20c:lv2(0.727); ir_spectrum:pls:saturates:lv2(0.716); ir_spectrum:pls:density_20c:lv1(0.649); ir_spectrum:pls:saturates:lv1(0.629); ir_spectrum:pls:bp_35:lv1(0.628); ir_spectrum:pca:pc1(0.615); ir_spectrum:pls:bp_65:lv1(0.615),petroleum_fraction_db_056,density_20c,analysis_only,correlation_weighted
1,petroleum_fraction_db_033,0.265148,0.9002,80,bulk_property:bp_20; bulk_property:bp_35; bulk_property:bp_50; bulk_property:bp_65; bulk_property:bp_80; bulk_property:saturates; gc_fid:pca:pc1; gc_fid:pca:pc2; gc_fid:pca:pc3; gc_fid:pca:pc4; gc_fid:pca:pc5; gc_fid:pls:bp_20:lv1,bulk_property:bp_20(1.000); bulk_property:bp_35(1.000); bulk_property:bp_50(1.000); bulk_property:bp_65(1.000); bulk_property:bp_80(1.000); bulk_property:saturates(1.000); gc_fid:pca:pc1(1.000); gc_fid:pca:pc2(1.000),petroleum_fraction_db_056,density_20c,analysis_plus_non_target_bulk,equal_weight
2,petroleum_fraction_db_035,0.294604,0.9004,80,bulk_property:bp_20; bulk_property:bp_35; bulk_property:bp_50; bulk_property:bp_65; bulk_property:bp_80; bulk_property:saturates; gc_fid:pca:pc1; gc_fid:pca:pc2; gc_fid:pca:pc3; gc_fid:pca:pc4; gc_fid:pca:pc5; gc_fid:pls:bp_20:lv1,bulk_property:bp_20(1.000); bulk_property:bp_35(1.000); bulk_property:bp_50(1.000); bulk_property:bp_65(1.000); bulk_property:bp_80(1.000); bulk_property:saturates(1.000); gc_fid:pca:pc1(1.000); gc_fid:pca:pc2(1.000),petroleum_fraction_db_056,density_20c,analysis_plus_non_target_bulk,equal_weight
1,petroleum_fraction_db_033,0.251569,0.9002,80,bulk_property:bp_20; bulk_property:bp_35; bulk_property:bp_50; bulk_property:bp_65; bulk_property:bp_80; bulk_property:saturates; gc_fid:pca:pc1; gc_fid:pca:pc2; gc_fid:pca:pc3; gc_fid:pca:pc4; gc_fid:pca:pc5; gc_fid:pls:bp_20:lv1,bulk_property:saturates(0.895); ir:weighted_x_q90(0.728); ir_spectrum:pls:density_20c:lv2(0.727); ir_spectrum:pls:saturates:lv2(0.716); ir_spectrum:pls:density_20c:lv1(0.649); ir_spectrum:pls:saturates:lv1(0.629); ir_spectrum:pls:bp_35:lv1(0.628); ir_spectrum:pca:pc1(0.615),petroleum_fraction_db_056,density_20c,analysis_plus_non_target_bulk,correlation_weighted
2,petroleum_fraction_db_035,0.292746,0.9004,80,bulk_property:bp_20; bulk_property:bp_35; bulk_property:bp_50; bulk_property:bp_65; bulk_property:bp_80; bulk_property:saturates; gc_fid:pca:pc1; gc_fid:pca:pc2; gc_fid:pca:pc3; gc_fid:pca:pc4; gc_fid:pca:pc5; gc_fid:pls:bp_20:lv1,bulk_property:saturates(0.895); ir:weighted_x_q90(0.728); ir_spectrum:pls:density_20c:lv2(0.727); ir_spectrum:pls:saturates:lv2(0.716); ir_spectrum:pls:density_20c:lv1(0.649); ir_spectrum:pls:saturates:lv1(0.629); ir_spectrum:pls:bp_35:lv1(0.628); ir_spectrum:pca:pc1(0.615),petroleum_fraction_db_056,density_20c,analysis_plus_non_target_bulk,correlation_weighted
1,petroleum_fraction_db_033,0.271727,78.72959279414542,74,gc_fid:pca:pc1; gc_fid:pca:pc2; gc_fid:pca:pc3; gc_fid:pca:pc4; gc_fid:pca:pc5; gc_fid:pls:bp_20:lv1; gc_fid:pls:bp_20:lv2; gc_fid:pls:bp_20:lv3; gc_fid:pls:bp_20:lv4; gc_fid:pls:bp_35:lv1; gc_fid:pls:bp_35:lv2; gc_fid:pls:bp_35:lv3,gc_fid:pca:pc1(1.000); gc_fid:pca:pc2(1.000); gc_fid:pca:pc3(1.000); gc_fid:pca:pc4(1.000); gc_fid:pca:pc5(1.000); gc_fid:pls:bp_20:lv1(1.000); gc_fid:pls:bp_20:lv2(1.000); gc_fid:pls:bp_20:lv3(1.000),petroleum_fraction_db_056,saturates,analysis_only,equal_weight
2,petroleum_fraction_db_035,0.277008,71.55463275369856,74,gc_fid:pca:pc1; gc_fid:pca:pc2; gc_fid:pca:pc3; gc_fid:pca:pc4; gc_fid:pca:pc5; gc_fid:pls:bp_20:lv1; gc_fid:pls:bp_20:lv2; gc_fid:pls:bp_20:lv3; gc_fid:pls:bp_20:lv4; gc_fid:pls:bp_35:lv1; gc_fid:pls:bp_35:lv2; gc_fid:pls:bp_35:lv3,gc_fid:pca:pc1(1.000); gc_fid:pca:pc2(1.000); gc_fid:pca:pc3(1.000); gc_fid:pca:pc4(1.000); gc_fid:pca:pc5(1.000); gc_fid:pls:bp_20:lv1(1.000); gc_fid:pls:bp_20:lv2(1.000); gc_fid:pls:bp_20:lv3(1.000),petroleum_fraction_db_056,saturates,analysis_only,equal_weight
1,petroleum_fraction_db_033,0.243428,78.72959279414542,74,gc_fid:pca:pc1; gc_fid:pca:pc2; gc_fid:pca:pc3; gc_fid:pca:pc4; gc_fid:pca:pc5; gc_fid:pls:bp_20:lv1; gc_fid:pls:bp_20:lv2; gc_fid:pls:bp_20:lv3; gc_fid:pls:bp_20:lv4; gc_fid:pls:bp_35:lv1; gc_fid:pls:bp_35:lv2; gc_fid:pls:bp_35:lv3,ir:weighted_x_q90(0.703); ir_spectrum:pls:density_20c:lv1(0.668); ir_spectrum:pls:saturates:lv1(0.668); ir_spectrum:pca:pc1(0.656); ir:weighted_x_mean(0.613); ir_spectrum:pls:bp_80:lv1(0.577); ir_spectrum:pls:saturates:lv2(0.568); ir:weighted_x_q50(0.567),petroleum_fraction_db_056,saturates,analysis_only,correlation_weighted
2,petroleum_fraction_db_035,0.252105,71.55463275369856,74,gc_fid:pca:pc1; gc_fid:pca:pc2; gc_fid:pca:pc3; gc_fid:pca:pc4; gc_fid:pca:pc5; gc_fid:pls:bp_20:lv1; gc_fid:pls:bp_20:lv2; gc_fid:pls:bp_20:lv3; gc_fid:pls:bp_20:lv4; gc_fid:pls:bp_35:lv1; gc_fid:pls:bp_35:lv2; gc_fid:pls:bp_35:lv3,ir:weighted_x_q90(0.703); ir_spectrum:pls:density_20c:lv1(0.668); ir_spectrum:pls:saturates:lv1(0.668); ir_spectrum:pca:pc1(0.656); ir:weighted_x_mean(0.613); ir_spectrum:pls:bp_80:lv1(0.577); ir_spectrum:pls:saturates:lv2(0.568); ir:weighted_x_q50(0.567),petroleum_fraction_db_056,saturates,analysis_only,correlation_weighted
1,petroleum_fraction_db_033,0.265415,78.72959279414542,80,bulk_property:bp_20; bulk_property:bp_35; bulk_property:bp_50; bulk_property:bp_65; bulk_property:bp_80; bulk_property:density_20c; gc_fid:pca:pc1; gc_fid:pca:pc2; gc_fid:pca:pc3; gc_fid:pca:pc4; gc_fid:pca:pc5; gc_fid:pls:bp_20:lv1,bulk_property:bp_20(1.000); bulk_property:bp_35(1.000); bulk_property:bp_50(1.000); bulk_property:bp_65(1.000); bulk_property:bp_80(1.000); bulk_property:density_20c(1.000); gc_fid:pca:pc1(1.000); gc_fid:pca:pc2(1.000),petroleum_fraction_db_056,saturates,analysis_plus_non_target_bulk,equal_weight
2,petroleum_fraction_db_035,0.28854,71.55463275369856,80,bulk_property:bp_20; bulk_property:bp_35; bulk_property:bp_50; bulk_property:bp_65; bulk_property:bp_80; bulk_property:density_20c; gc_fid:pca:pc1; gc_fid:pca:pc2; gc_fid:pca:pc3; gc_fid:pca:pc4; gc_fid:pca:pc5; gc_fid:pls:bp_20:lv1,bulk_property:bp_20(1.000); bulk_property:bp_35(1.000); bulk_property:bp_50(1.000); bulk_property:bp_65(1.000); bulk_property:bp_80(1.000); bulk_property:density_20c(1.000); gc_fid:pca:pc1(1.000); gc_fid:pca:pc2(1.000),petroleum_fraction_db_056,saturates,analysis_plus_non_target_bulk,equal_weight
1,petroleum_fraction_db_033,0.235983,78.72959279414542,80,bulk_property:bp_20; bulk_property:bp_35; bulk_property:bp_50; bulk_property:bp_65; bulk_property:bp_80; bulk_property:density_20c; gc_fid:pca:pc1; gc_fid:pca:pc2; gc_fid:pca:pc3; gc_fid:pca:pc4; gc_fid:pca:pc5; gc_fid:pls:bp_20:lv1,bulk_property:density_20c(0.895); ir:weighted_x_q90(0.703); ir_spectrum:pls:density_20c:lv1(0.668); ir_spectrum:pls:saturates:lv1(0.668); ir_spectrum:pca:pc1(0.656); ir:weighted_x_mean(0.613); ir_spectrum:pls:bp_80:lv1(0.577); ir_spectrum:pls:saturates:lv2(0.568),petroleum_fraction_db_056,saturates,analysis_plus_non_target_bulk,correlation_weighted
2,petroleum_fraction_db_035,0.266607,71.55463275369856,80,bulk_property:bp_20; bulk_property:bp_35; bulk_property:bp_50; bulk_property:bp_65; bulk_property:bp_80; bulk_property:density_20c; gc_fid:pca:pc1; gc_fid:pca:pc2; gc_fid:pca:pc3; gc_fid:pca:pc4; gc_fid:pca:pc5; gc_fid:pls:bp_20:lv1,bulk_property:density_20c(0.895); ir:weighted_x_q90(0.703); ir_spectrum:pls:density_20c:lv1(0.668); ir_spectrum:pls:saturates:lv1(0.668); ir_spectrum:pca:pc1(0.656); ir:weighted_x_mean(0.613); ir_spectrum:pls:bp_80:lv1(0.577); ir_spectrum:pls:saturates:lv2(0.568),petroleum_fraction_db_056,saturates,analysis_plus_non_target_bulk,correlation_weighted
1,petroleum_fraction_db_033,0.271727,368.0,74,gc_fid:pca:pc1; gc_fid:pca:pc2; gc_fid:pca:pc3; gc_fid:pca:pc4; gc_fid:pca:pc5; gc_fid:pls:bp_20:lv1; gc_fid:pls:bp_20:lv2; gc_fid:pls:bp_20:lv3; gc_fid:pls:bp_20:lv4; gc_fid:pls:bp_35:lv1; gc_fid:pls:bp_35:lv2; gc_fid:pls:bp_35:lv3,gc_fid:pca:pc1(1.000); gc_fid:pca:pc2(1.000); gc_fid:pca:pc3(1.000); gc_fid:pca:pc4(1.000); gc_fid:pca:pc5(1.000); gc_fid:pls:bp_20:lv1(1.000); gc_fid:pls:bp_20:lv2(1.000); gc_fid:pls:bp_20:lv3(1.000),petroleum_fraction_db_056,BP_20,analysis_only,equal_weight
2,petroleum_fraction_db_035,0.277008,378.4,74,gc_fid:pca:pc1; gc_fid:pca:pc2; gc_fid:pca:pc3; gc_fid:pca:pc4; gc_fid:pca:pc5; gc_fid:pls:bp_20:lv1; gc_fid:pls:bp_20:lv2; gc_fid:pls:bp_20:lv3; gc_fid:pls:bp_20:lv4; gc_fid:pls:bp_35:lv1; gc_fid:pls:bp_35:lv2; gc_fid:pls:bp_35:lv3,gc_fid:pca:pc1(1.000); gc_fid:pca:pc2(1.000); gc_fid:pca:pc3(1.000); gc_fid:pca:pc4(1.000); gc_fid:pca:pc5(1.000); gc_fid:pls:bp_20:lv1(1.000); gc_fid:pls:bp_20:lv2(1.000); gc_fid:pls:bp_20:lv3(1.000),petroleum_fraction_db_056,BP_20,analysis_only,equal_weight
1,petroleum_fraction_db_033,0.25292,368.0,74,gc_fid:pca:pc1; gc_fid:pca:pc2; gc_fid:pca:pc3; gc_fid:pca:pc4; gc_fid:pca:pc5; gc_fid:pls:bp_20:lv1; gc_fid:pls:bp_20:lv2; gc_fid:pls:bp_20:lv3; gc_fid:pls:bp_20:lv4; gc_fid:pls:bp_35:lv1; gc_fid:pls:bp_35:lv2; gc_fid:pls:bp_35:lv3,gc_fid:pls:density_20c:lv1(0.948); gc_fid:pls:bp_20:lv1(0.940); gc_fid:pls:bp_35:lv1(0.939); gc_fid:pls:bp_50:lv1(0.938); gc_fid:pls:bp_65:lv1(0.936); gc_fid:pls:bp_80:lv1(0.934); gc_fid:pls:saturates:lv1(0.928); gc_fid:pca:pc1(0.914),petroleum_fraction_db_056,BP_20,analysis_only,correlation_weighted
2,petroleum_fraction_db_035,0.281448,378.4,74,gc_fid:pca:pc1; gc_fid:pca:pc2; gc_fid:pca:pc3; gc_fid:pca:pc4; gc_fid:pca:pc5; gc_fid:pls:bp_20:lv1; gc_fid:pls:bp_20:lv2; gc_fid:pls:bp_20:lv3; gc_fid:pls:bp_20:lv4; gc_fid:pls:bp_35:lv1; gc_fid:pls:bp_35:lv2; gc_fid:pls:bp_35:lv3,gc_fid:pls:density_20c:lv1(0.948); gc_fid:pls:bp_20:lv1(0.940); gc_fid:pls:bp_35:lv1(0.939); gc_fid:pls:bp_50:lv1(0.938); gc_fid:pls:bp_65:lv1(0.936); gc_fid:pls:bp_80:lv1(0.934); gc_fid:pls:saturates:lv1(0.928); gc_fid:pca:pc1(0.914),petroleum_fraction_db_056,BP_20,analysis_only,correlation_weighted
1,petroleum_fraction_db_033,0.262581,368.0,80,bulk_property:bp_35; bulk_property:bp_50; bulk_property:bp_65; bulk_property:bp_80; bulk_property:density_20c; bulk_property:saturates; gc_fid:pca:pc1; gc_fid:pca:pc2; gc_fid:pca:pc3; gc_fid:pca:pc4; gc_fid:pca:pc5; gc_fid:pls:bp_20:lv1,bulk_property:bp_35(1.000); bulk_property:bp_50(1.000); bulk_property:bp_65(1.000); bulk_property:bp_80(1.000); bulk_property:density_20c(1.000); bulk_property:saturates(1.000); gc_fid:pca:pc1(1.000); gc_fid:pca:pc2(1.000),petroleum_fraction_db_056,BP_20,analysis_plus_non_target_bulk,equal_weight
2,petroleum_fraction_db_035,0.288753,378.4,80,bulk_property:bp_35; bulk_property:bp_50; bulk_property:bp_65; bulk_property:bp_80; bulk_property:density_20c; bulk_property:saturates; gc_fid:pca:pc1; gc_fid:pca:pc2; gc_fid:pca:pc3; gc_fid:pca:pc4; gc_fid:pca:pc5; gc_fid:pls:bp_20:lv1,bulk_property:bp_35(1.000); bulk_property:bp_50(1.000); bulk_property:bp_65(1.000); bulk_property:bp_80(1.000); bulk_property:density_20c(1.000); bulk_property:saturates(1.000); gc_fid:pca:pc1(1.000); gc_fid:pca:pc2(1.000),petroleum_fraction_db_056,BP_20,analysis_plus_non_target_bulk,equal_weight
1,petroleum_fraction_db_033,0.236884,368.0,80,bulk_property:bp_35; bulk_property:bp_50; bulk_property:bp_65; bulk_property:bp_80; bulk_property:density_20c; bulk_property:saturates; gc_fid:pca:pc1; gc_fid:pca:pc2; gc_fid:pca:pc3; gc_fid:pca:pc4; gc_fid:pca:pc5; gc_fid:pls:bp_20:lv1,bulk_property:bp_35(1.040); bulk_property:bp_50(1.015); bulk_property:bp_65(0.986); gc_fid:pls:density_20c:lv1(0.948); gc_fid:pls:bp_20:lv1(0.940); gc_fid:pls:bp_35:lv1(0.939); bulk_property:bp_80(0.939); gc_fid:pls:bp_50:lv1(0.938),petroleum_fraction_db_056,BP_20,analysis_plus_non_target_bulk,correlation_weighted
2,petroleum_fraction_db_035,0.305224,378.4,80,bulk_property:bp_35; bulk_property:bp_50; bulk_property:bp_65; bulk_property:bp_80; bulk_property:density_20c; bulk_property:saturates; gc_fid:pca:pc1; gc_fid:pca:pc2; gc_fid:pca:pc3; gc_fid:pca:pc4; gc_fid:pca:pc5; gc_fid:pls:bp_20:lv1,bulk_property:bp_35(1.040); bulk_property:bp_50(1.015); bulk_property:bp_65(0.986); gc_fid:pls:density_20c:lv1(0.948); gc_fid:pls:bp_20:lv1(0.940); gc_fid:pls:bp_35:lv1(0.939); bulk_property:bp_80(0.939); gc_fid:pls:bp_50:lv1(0.938),petroleum_fraction_db_056,BP_20,analysis_plus_non_target_bulk,correlation_weighted
1,petroleum_fraction_db_033,0.271727,398.6,74,gc_fid:pca:pc1; gc_fid:pca:pc2; gc_fid:pca:pc3; gc_fid:pca:pc4; gc_fid:pca:pc5; gc_fid:pls:bp_20:lv1; gc_fid:pls:bp_20:lv2; gc_fid:pls:bp_20:lv3; gc_fid:pls:bp_20:lv4; gc_fid:pls:bp_35:lv1; gc_fid:pls:bp_35:lv2; gc_fid:pls:bp_35:lv3,gc_fid:pca:pc1(1.000); gc_fid:pca:pc2(1.000); gc_fid:pca:pc3(1.000); gc_fid:pca:pc4(1.000); gc_fid:pca:pc5(1.000); gc_fid:pls:bp_20:lv1(1.000); gc_fid:pls:bp_20:lv2(1.000); gc_fid:pls:bp_20:lv3(1.000),petroleum_fraction_db_056,BP_35,analysis_only,equal_weight
2,petroleum_fraction_db_035,0.277008,411.2,74,gc_fid:pca:pc1; gc_fid:pca:pc2; gc_fid:pca:pc3; gc_fid:pca:pc4; gc_fid:pca:pc5; gc_fid:pls:bp_20:lv1; gc_fid:pls:bp_20:lv2; gc_fid:pls:bp_20:lv3; gc_fid:pls:bp_20:lv4; gc_fid:pls:bp_35:lv1; gc_fid:pls:bp_35:lv2; gc_fid:pls:bp_35:lv3,gc_fid:pca:pc1(1.000); gc_fid:pca:pc2(1.000); gc_fid:pca:pc3(1.000); gc_fid:pca:pc4(1.000); gc_fid:pca:pc5(1.000); gc_fid:pls:bp_20:lv1(1.000); gc_fid:pls:bp_20:lv2(1.000); gc_fid:pls:bp_20:lv3(1.000),petroleum_fraction_db_056,BP_35,analysis_only,equal_weight
1,petroleum_fraction_db_033,0.245419,398.6,74,gc_fid:pca:pc1; gc_fid:pca:pc2; gc_fid:pca:pc3; gc_fid:pca:pc4; gc_fid:pca:pc5; gc_fid:pls:bp_20:lv1; gc_fid:pls:bp_20:lv2; gc_fid:pls:bp_20:lv3; gc_fid:pls:bp_20:lv4; gc_fid:pls:bp_35:lv1; gc_fid:pls:bp_35:lv2; gc_fid:pls:bp_35:lv3,gc_fid:pls:density_20c:lv1(0.967); gc_fid:pls:bp_35:lv1(0.949); gc_fid:pls:saturates:lv1(0.948); gc_fid:pls:bp_20:lv1(0.948); gc_fid:pls:bp_50:lv1(0.948); gc_fid:pls:bp_65:lv1(0.947); gc_fid:pls:bp_80:lv1(0.946); gc_fid:pca:pc1(0.921),petroleum_fraction_db_056,BP_35,analysis_only,correlation_weighted
2,petroleum_fraction_db_035,0.278738,411.2,74,gc_fid:pca:pc1; gc_fid:pca:pc2; gc_fid:pca:pc3; gc_fid:pca:pc4; gc_fid:pca:pc5; gc_fid:pls:bp_20:lv1; gc_fid:pls:bp_20:lv2; gc_fid:pls:bp_20:lv3; gc_fid:pls:bp_20:lv4; gc_fid:pls:bp_35:lv1; gc_fid:pls:bp_35:lv2; gc_fid:pls:bp_35:lv3,gc_fid:pls:density_20c:lv1(0.967); gc_fid:pls:bp_35:lv1(0.949); gc_fid:pls:saturates:lv1(0.948); gc_fid:pls:bp_20:lv1(0.948); gc_fid:pls:bp_50:lv1(0.948); gc_fid:pls:bp_65:lv1(0.947); gc_fid:pls:bp_80:lv1(0.946); gc_fid:pca:pc1(0.921),petroleum_fraction_db_056,BP_35,analysis_only,correlation_weighted
1,petroleum_fraction_db_033,0.264479,398.6,80,bulk_property:bp_20; bulk_property:bp_50; bulk_property:bp_65; bulk_property:bp_80; bulk_property:density_20c; bulk_property:saturates; gc_fid:pca:pc1; gc_fid:pca:pc2; gc_fid:pca:pc3; gc_fid:pca:pc4; gc_fid:pca:pc5; gc_fid:pls:bp_20:lv1,bulk_property:bp_20(1.000); bulk_property:bp_50(1.000); bulk_property:bp_65(1.000); bulk_property:bp_80(1.000); bulk_property:density_20c(1.000); bulk_property:saturates(1.000); gc_fid:pca:pc1(1.000); gc_fid:pca:pc2(1.000),petroleum_fraction_db_056,BP_35,analysis_plus_non_target_bulk,equal_weight
2,petroleum_fraction_db_035,0.290934,411.2,80,bulk_property:bp_20; bulk_property:bp_50; bulk_property:bp_65; bulk_property:bp_80; bulk_property:density_20c; bulk_property:saturates; gc_fid:pca:pc1; gc_fid:pca:pc2; gc_fid:pca:pc3; gc_fid:pca:pc4; gc_fid:pca:pc5; gc_fid:pls:bp_20:lv1,bulk_property:bp_20(1.000); bulk_property:bp_50(1.000); bulk_property:bp_65(1.000); bulk_property:bp_80(1.000); bulk_property:density_20c(1.000); bulk_property:saturates(1.000); gc_fid:pca:pc1(1.000); gc_fid:pca:pc2(1.000),petroleum_fraction_db_056,BP_35,analysis_plus_non_target_bulk,equal_weight
1,petroleum_fraction_db_033,0.235634,398.6,80,bulk_property:bp_20; bulk_property:bp_50; bulk_property:bp_65; bulk_property:bp_80; bulk_property:density_20c; bulk_property:saturates; gc_fid:pca:pc1; gc_fid:pca:pc2; gc_fid:pca:pc3; gc_fid:pca:pc4; gc_fid:pca:pc5; gc_fid:pls:bp_20:lv1,bulk_property:bp_20(1.040); bulk_property:bp_50(1.040); bulk_property:bp_65(1.020); bulk_property:bp_80(0.982); gc_fid:pls:density_20c:lv1(0.967); gc_fid:pls:bp_35:lv1(0.949); gc_fid:pls:saturates:lv1(0.948); gc_fid:pls:bp_20:lv1(0.948),petroleum_fraction_db_056,BP_35,analysis_plus_non_target_bulk,correlation_weighted
2,petroleum_fraction_db_035,0.309344,411.2,80,bulk_property:bp_20; bulk_property:bp_50; bulk_property:bp_65; bulk_property:bp_80; bulk_property:density_20c; bulk_property:saturates; gc_fid:pca:pc1; gc_fid:pca:pc2; gc_fid:pca:pc3; gc_fid:pca:pc4; gc_fid:pca:pc5; gc_fid:pls:bp_20:lv1,bulk_property:bp_20(1.040); bulk_property:bp_50(1.040); bulk_property:bp_65(1.020); bulk_property:bp_80(0.982); gc_fid:pls:density_20c:lv1(0.967); gc_fid:pls:bp_35:lv1(0.949); gc_fid:pls:saturates:lv1(0.948); gc_fid:pls:bp_20:lv1(0.948),petroleum_fraction_db_056,BP_35,analysis_plus_non_target_bulk,correlation_weighted
1,petroleum_fraction_db_033,0.271727,421.8,74,gc_fid:pca:pc1; gc_fid:pca:pc2; gc_fid:pca:pc3; gc_fid:pca:pc4; gc_fid:pca:pc5; gc_fid:pls:bp_20:lv1; gc_fid:pls:bp_20:lv2; gc_fid:pls:bp_20:lv3; gc_fid:pls:bp_20:lv4; gc_fid:pls:bp_35:lv1; gc_fid:pls:bp_35:lv2; gc_fid:pls:bp_35:lv3,gc_fid:pca:pc1(1.000); gc_fid:pca:pc2(1.000); gc_fid:pca:pc3(1.000); gc_fid:pca:pc4(1.000); gc_fid:pca:pc5(1.000); gc_fid:pls:bp_20:lv1(1.000); gc_fid:pls:bp_20:lv2(1.000); gc_fid:pls:bp_20:lv3(1.000),petroleum_fraction_db_056,BP_50,analysis_only,equal_weight
2,petroleum_fraction_db_035,0.277008,438.0,74,gc_fid:pca:pc1; gc_fid:pca:pc2; gc_fid:pca:pc3; gc_fid:pca:pc4; gc_fid:pca:pc5; gc_fid:pls:bp_20:lv1; gc_fid:pls:bp_20:lv2; gc_fid:pls:bp_20:lv3; gc_fid:pls:bp_20:lv4; gc_fid:pls:bp_35:lv1; gc_fid:pls:bp_35:lv2; gc_fid:pls:bp_35:lv3,gc_fid:pca:pc1(1.000); gc_fid:pca:pc2(1.000); gc_fid:pca:pc3(1.000); gc_fid:pca:pc4(1.000); gc_fid:pca:pc5(1.000); gc_fid:pls:bp_20:lv1(1.000); gc_fid:pls:bp_20:lv2(1.000); gc_fid:pls:bp_20:lv3(1.000),petroleum_fraction_db_056,BP_50,analysis_only,equal_weight
1,petroleum_fraction_db_033,0.236651,421.8,74,gc_fid:pca:pc1; gc_fid:pca:pc2; gc_fid:pca:pc3; gc_fid:pca:pc4; gc_fid:pca:pc5; gc_fid:pls:bp_20:lv1; gc_fid:pls:bp_20:lv2; gc_fid:pls:bp_20:lv3; gc_fid:pls:bp_20:lv4; gc_fid:pls:bp_35:lv1; gc_fid:pls:bp_35:lv2; gc_fid:pls:bp_35:lv3,gc_fid:pls:density_20c:lv1(0.977); gc_fid:pls:saturates:lv1(0.960); gc_fid:pls:bp_50:lv1(0.951); gc_fid:pls:bp_80:lv1(0.951); gc_fid:pls:bp_35:lv1(0.951); gc_fid:pls:bp_65:lv1(0.951); gc_fid:pls:bp_20:lv1(0.949); gc_fid:pca:pc1(0.923),petroleum_fraction_db_056,BP_50,analysis_only,correlation_weighted
2,petroleum_fraction_db_035,0.27718,438.0,74,gc_fid:pca:pc1; gc_fid:pca:pc2; gc_fid:pca:pc3; gc_fid:pca:pc4; gc_fid:pca:pc5; gc_fid:pls:bp_20:lv1; gc_fid:pls:bp_20:lv2; gc_fid:pls:bp_20:lv3; gc_fid:pls:bp_20:lv4; gc_fid:pls:bp_35:lv1; gc_fid:pls:bp_35:lv2; gc_fid:pls:bp_35:lv3,gc_fid:pls:density_20c:lv1(0.977); gc_fid:pls:saturates:lv1(0.960); gc_fid:pls:bp_50:lv1(0.951); gc_fid:pls:bp_80:lv1(0.951); gc_fid:pls:bp_35:lv1(0.951); gc_fid:pls:bp_65:lv1(0.951); gc_fid:pls:bp_20:lv1(0.949); gc_fid:pca:pc1(0.923),petroleum_fraction_db_056,BP_50,analysis_only,correlation_weighted
1,petroleum_fraction_db_033,0.265361,421.8,80,bulk_property:bp_20; bulk_property:bp_35; bulk_property:bp_65; bulk_property:bp_80; bulk_property:density_20c; bulk_property:saturates; gc_fid:pca:pc1; gc_fid:pca:pc2; gc_fid:pca:pc3; gc_fid:pca:pc4; gc_fid:pca:pc5; gc_fid:pls:bp_20:lv1,bulk_property:bp_20(1.000); bulk_property:bp_35(1.000); bulk_property:bp_65(1.000); bulk_property:bp_80(1.000); bulk_property:density_20c(1.000); bulk_property:saturates(1.000); gc_fid:pca:pc1(1.000); gc_fid:pca:pc2(1.000),petroleum_fraction_db_056,BP_50,analysis_plus_non_target_bulk,equal_weight
2,petroleum_fraction_db_035,0.292114,438.0,80,bulk_property:bp_20; bulk_property:bp_35; bulk_property:bp_65; bulk_property:bp_80; bulk_property:density_20c; bulk_property:saturates; gc_fid:pca:pc1; gc_fid:pca:pc2; gc_fid:pca:pc3; gc_fid:pca:pc4; gc_fid:pca:pc5; gc_fid:pls:bp_20:lv1,bulk_property:bp_20(1.000); bulk_property:bp_35(1.000); bulk_property:bp_65(1.000); bulk_property:bp_80(1.000); bulk_property:density_20c(1.000); bulk_property:saturates(1.000); gc_fid:pca:pc1(1.000); gc_fid:pca:pc2(1.000),petroleum_fraction_db_056,BP_50,analysis_plus_non_target_bulk,equal_weight
1,petroleum_fraction_db_033,0.230312,421.8,80,bulk_property:bp_20; bulk_property:bp_35; bulk_property:bp_65; bulk_property:bp_80; bulk_property:density_20c; bulk_property:saturates; gc_fid:pca:pc1; gc_fid:pca:pc2; gc_fid:pca:pc3; gc_fid:pca:pc4; gc_fid:pca:pc5; gc_fid:pls:bp_20:lv1,bulk_property:bp_65(1.042); bulk_property:bp_35(1.040); bulk_property:bp_80(1.018); bulk_property:bp_20(1.015); gc_fid:pls:density_20c:lv1(0.977); gc_fid:pls:saturates:lv1(0.960); gc_fid:pls:bp_50:lv1(0.951); gc_fid:pls:bp_80:lv1(0.951),petroleum_fraction_db_056,BP_50,analysis_plus_non_target_bulk,correlation_weighted
2,petroleum_fraction_db_035,0.311515,438.0,80,bulk_property:bp_20; bulk_property:bp_35; bulk_property:bp_65; bulk_property:bp_80; bulk_property:density_20c; bulk_property:saturates; gc_fid:pca:pc1; gc_fid:pca:pc2; gc_fid:pca:pc3; gc_fid:pca:pc4; gc_fid:pca:pc5; gc_fid:pls:bp_20:lv1,bulk_property:bp_65(1.042); bulk_property:bp_35(1.040); bulk_property:bp_80(1.018); bulk_property:bp_20(1.015); gc_fid:pls:density_20c:lv1(0.977); gc_fid:pls:saturates:lv1(0.960); gc_fid:pls:bp_50:lv1(0.951); gc_fid:pls:bp_80:lv1(0.951),petroleum_fraction_db_056,BP_50,analysis_plus_non_target_bulk,correlation_weighted
1,petroleum_fraction_db_033,0.271727,444.2,74,gc_fid:pca:pc1; gc_fid:pca:pc2; gc_fid:pca:pc3; gc_fid:pca:pc4; gc_fid:pca:pc5; gc_fid:pls:bp_20:lv1; gc_fid:pls:bp_20:lv2; gc_fid:pls:bp_20:lv3; gc_fid:pls:bp_20:lv4; gc_fid:pls:bp_35:lv1; gc_fid:pls:bp_35:lv2; gc_fid:pls:bp_35:lv3,gc_fid:pca:pc1(1.000); gc_fid:pca:pc2(1.000); gc_fid:pca:pc3(1.000); gc_fid:pca:pc4(1.000); gc_fid:pca:pc5(1.000); gc_fid:pls:bp_20:lv1(1.000); gc_fid:pls:bp_20:lv2(1.000); gc_fid:pls:bp_20:lv3(1.000),petroleum_fraction_db_056,BP_65,analysis_only,equal_weight
2,petroleum_fraction_db_035,0.277008,467.2,74,gc_fid:pca:pc1; gc_fid:pca:pc2; gc_fid:pca:pc3; gc_fid:pca:pc4; gc_fid:pca:pc5; gc_fid:pls:bp_20:lv1; gc_fid:pls:bp_20:lv2; gc_fid:pls:bp_20:lv3; gc_fid:pls:bp_20:lv4; gc_fid:pls:bp_35:lv1; gc_fid:pls:bp_35:lv2; gc_fid:pls:bp_35:lv3,gc_fid:pca:pc1(1.000); gc_fid:pca:pc2(1.000); gc_fid:pca:pc3(1.000); gc_fid:pca:pc4(1.000); gc_fid:pca:pc5(1.000); gc_fid:pls:bp_20:lv1(1.000); gc_fid:pls:bp_20:lv2(1.000); gc_fid:pls:bp_20:lv3(1.000),petroleum_fraction_db_056,BP_65,analysis_only,equal_weight
1,petroleum_fraction_db_033,0.227603,444.2,74,gc_fid:pca:pc1; gc_fid:pca:pc2; gc_fid:pca:pc3; gc_fid:pca:pc4; gc_fid:pca:pc5; gc_fid:pls:bp_20:lv1; gc_fid:pls:bp_20:lv2; gc_fid:pls:bp_20:lv3; gc_fid:pls:bp_20:lv4; gc_fid:pls:bp_35:lv1; gc_fid:pls:bp_35:lv2; gc_fid:pls:bp_35:lv3,gc_fid:pls:density_20c:lv1(0.980); gc_fid:pls:saturates:lv1(0.965); gc_fid:pls:bp_80:lv1(0.952); gc_fid:pls:bp_65:lv1(0.951); gc_fid:pls:bp_50:lv1(0.951); gc_fid:pls:bp_35:lv1(0.950); gc_fid:pls:bp_20:lv1(0.947); gc_fid:pca:pc1(0.922),petroleum_fraction_db_056,BP_65,analysis_only,correlation_weighted
2,petroleum_fraction_db_035,0.276737,467.2,74,gc_fid:pca:pc1; gc_fid:pca:pc2; gc_fid:pca:pc3; gc_fid:pca:pc4; gc_fid:pca:pc5; gc_fid:pls:bp_20:lv1; gc_fid:pls:bp_20:lv2; gc_fid:pls:bp_20:lv3; gc_fid:pls:bp_20:lv4; gc_fid:pls:bp_35:lv1; gc_fid:pls:bp_35:lv2; gc_fid:pls:bp_35:lv3,gc_fid:pls:density_20c:lv1(0.980); gc_fid:pls:saturates:lv1(0.965); gc_fid:pls:bp_80:lv1(0.952); gc_fid:pls:bp_65:lv1(0.951); gc_fid:pls:bp_50:lv1(0.951); gc_fid:pls:bp_35:lv1(0.950); gc_fid:pls:bp_20:lv1(0.947); gc_fid:pca:pc1(0.922),petroleum_fraction_db_056,BP_65,analysis_only,correlation_weighted
1,petroleum_fraction_db_033,0.265513,444.2,80,bulk_property:bp_20; bulk_property:bp_35; bulk_property:bp_50; bulk_property:bp_80; bulk_property:density_20c; bulk_property:saturates; gc_fid:pca:pc1; gc_fid:pca:pc2; gc_fid:pca:pc3; gc_fid:pca:pc4; gc_fid:pca:pc5; gc_fid:pls:bp_20:lv1,bulk_property:bp_20(1.000); bulk_property:bp_35(1.000); bulk_property:bp_50(1.000); bulk_property:bp_80(1.000); bulk_property:density_20c(1.000); bulk_property:saturates(1.000); gc_fid:pca:pc1(1.000); gc_fid:pca:pc2(1.000),petroleum_fraction_db_056,BP_65,analysis_plus_non_target_bulk,equal_weight
2,petroleum_fraction_db_035,0.291353,467.2,80,bulk_property:bp_20; bulk_property:bp_35; bulk_property:bp_50; bulk_property:bp_80; bulk_property:density_20c; bulk_property:saturates; gc_fid:pca:pc1; gc_fid:pca:pc2; gc_fid:pca:pc3; gc_fid:pca:pc4; gc_fid:pca:pc5; gc_fid:pls:bp_20:lv1,bulk_property:bp_20(1.000); bulk_property:bp_35(1.000); bulk_property:bp_50(1.000); bulk_property:bp_80(1.000); bulk_property:density_20c(1.000); bulk_property:saturates(1.000); gc_fid:pca:pc1(1.000); gc_fid:pca:pc2(1.000),petroleum_fraction_db_056,BP_65,analysis_plus_non_target_bulk,equal_weight
1,petroleum_fraction_db_033,0.222657,444.2,80,bulk_property:bp_20; bulk_property:bp_35; bulk_property:bp_50; bulk_property:bp_80; bulk_property:density_20c; bulk_property:saturates; gc_fid:pca:pc1; gc_fid:pca:pc2; gc_fid:pca:pc3; gc_fid:pca:pc4; gc_fid:pca:pc5; gc_fid:pls:bp_20:lv1,bulk_property:bp_50(1.042); bulk_property:bp_80(1.039); bulk_property:bp_35(1.020); bulk_property:bp_20(0.986); gc_fid:pls:density_20c:lv1(0.980); gc_fid:pls:saturates:lv1(0.965); gc_fid:pls:bp_80:lv1(0.952); gc_fid:pls:bp_65:lv1(0.951),petroleum_fraction_db_056,BP_65,analysis_plus_non_target_bulk,correlation_weighted
2,petroleum_fraction_db_035,0.309394,467.2,80,bulk_property:bp_20; bulk_property:bp_35; bulk_property:bp_50; bulk_property:bp_80; bulk_property:density_20c; bulk_property:saturates; gc_fid:pca:pc1; gc_fid:pca:pc2; gc_fid:pca:pc3; gc_fid:pca:pc4; gc_fid:pca:pc5; gc_fid:pls:bp_20:lv1,bulk_property:bp_50(1.042); bulk_property:bp_80(1.039); bulk_property:bp_35(1.020); bulk_property:bp_20(0.986); gc_fid:pls:density_20c:lv1(0.980); gc_fid:pls:saturates:lv1(0.965); gc_fid:pls:bp_80:lv1(0.952); gc_fid:pls:bp_65:lv1(0.951),petroleum_fraction_db_056,BP_65,analysis_plus_non_target_bulk,correlation_weighted
1,petroleum_fraction_db_033,0.271727,471.0,74,gc_fid:pca:pc1; gc_fid:pca:pc2; gc_fid:pca:pc3; gc_fid:pca:pc4; gc_fid:pca:pc5; gc_fid:pls:bp_20:lv1; gc_fid:pls:bp_20:lv2; gc_fid:pls:bp_20:lv3; gc_fid:pls:bp_20:lv4; gc_fid:pls:bp_35:lv1; gc_fid:pls:bp_35:lv2; gc_fid:pls:bp_35:lv3,gc_fid:pca:pc1(1.000); gc_fid:pca:pc2(1.000); gc_fid:pca:pc3(1.000); gc_fid:pca:pc4(1.000); gc_fid:pca:pc5(1.000); gc_fid:pls:bp_20:lv1(1.000); gc_fid:pls:bp_20:lv2(1.000); gc_fid:pls:bp_20:lv3(1.000),petroleum_fraction_db_056,BP_80,analysis_only,equal_weight
2,petroleum_fraction_db_035,0.277008,499.8,74,gc_fid:pca:pc1; gc_fid:pca:pc2; gc_fid:pca:pc3; gc_fid:pca:pc4; gc_fid:pca:pc5; gc_fid:pls:bp_20:lv1; gc_fid:pls:bp_20:lv2; gc_fid:pls:bp_20:lv3; gc_fid:pls:bp_20:lv4; gc_fid:pls:bp_35:lv1; gc_fid:pls:bp_35:lv2; gc_fid:pls:bp_35:lv3,gc_fid:pca:pc1(1.000); gc_fid:pca:pc2(1.000); gc_fid:pca:pc3(1.000); gc_fid:pca:pc4(1.000); gc_fid:pca:pc5(1.000); gc_fid:pls:bp_20:lv1(1.000); gc_fid:pls:bp_20:lv2(1.000); gc_fid:pls:bp_20:lv3(1.000),petroleum_fraction_db_056,BP_80,analysis_only,equal_weight
1,petroleum_fraction_db_033,0.218123,471.0,74,gc_fid:pca:pc1; gc_fid:pca:pc2; gc_fid:pca:pc3; gc_fid:pca:pc4; gc_fid:pca:pc5; gc_fid:pls:bp_20:lv1; gc_fid:pls:bp_20:lv2; gc_fid:pls:bp_20:lv3; gc_fid:pls:bp_20:lv4; gc_fid:pls:bp_35:lv1; gc_fid:pls:bp_35:lv2; gc_fid:pls:bp_35:lv3,gc_fid:pls:density_20c:lv1(0.973); gc_fid:pls:saturates:lv1(0.962); gc_fid:pls:bp_80:lv1(0.945); gc_fid:pls:bp_65:lv1(0.942); gc_fid:pls:bp_50:lv1(0.941); gc_fid:pls:bp_35:lv1(0.939); gc_fid:pls:bp_20:lv1(0.935); gc_fid:pca:pc1(0.913),petroleum_fraction_db_056,BP_80,analysis_only,correlation_weighted
2,petroleum_fraction_db_035,0.279126,499.8,74,gc_fid:pca:pc1; gc_fid:pca:pc2; gc_fid:pca:pc3; gc_fid:pca:pc4; gc_fid:pca:pc5; gc_fid:pls:bp_20:lv1; gc_fid:pls:bp_20:lv2; gc_fid:pls:bp_20:lv3; gc_fid:pls:bp_20:lv4; gc_fid:pls:bp_35:lv1; gc_fid:pls:bp_35:lv2; gc_fid:pls:bp_35:lv3,gc_fid:pls:density_20c:lv1(0.973); gc_fid:pls:saturates:lv1(0.962); gc_fid:pls:bp_80:lv1(0.945); gc_fid:pls:bp_65:lv1(0.942); gc_fid:pls:bp_50:lv1(0.941); gc_fid:pls:bp_35:lv1(0.939); gc_fid:pls:bp_20:lv1(0.935); gc_fid:pca:pc1(0.913),petroleum_fraction_db_056,BP_80,analysis_only,correlation_weighted
1,petroleum_fraction_db_033,0.265526,471.0,80,bulk_property:bp_20; bulk_property:bp_35; bulk_property:bp_50; bulk_property:bp_65; bulk_property:density_20c; bulk_property:saturates; gc_fid:pca:pc1; gc_fid:pca:pc2; gc_fid:pca:pc3; gc_fid:pca:pc4; gc_fid:pca:pc5; gc_fid:pls:bp_20:lv1,bulk_property:bp_20(1.000); bulk_property:bp_35(1.000); bulk_property:bp_50(1.000); bulk_property:bp_65(1.000); bulk_property:density_20c(1.000); bulk_property:saturates(1.000); gc_fid:pca:pc1(1.000); gc_fid:pca:pc2(1.000),petroleum_fraction_db_056,BP_80,analysis_plus_non_target_bulk,equal_weight
2,petroleum_fraction_db_035,0.290676,499.8,80,bulk_property:bp_20; bulk_property:bp_35; bulk_property:bp_50; bulk_property:bp_65; bulk_property:density_20c; bulk_property:saturates; gc_fid:pca:pc1; gc_fid:pca:pc2; gc_fid:pca:pc3; gc_fid:pca:pc4; gc_fid:pca:pc5; gc_fid:pls:bp_20:lv1,bulk_property:bp_20(1.000); bulk_property:bp_35(1.000); bulk_property:bp_50(1.000); bulk_property:bp_65(1.000); bulk_property:density_20c(1.000); bulk_property:saturates(1.000); gc_fid:pca:pc1(1.000); gc_fid:pca:pc2(1.000),petroleum_fraction_db_056,BP_80,analysis_plus_non_target_bulk,equal_weight
1,petroleum_fraction_db_033,0.21427,471.0,80,bulk_property:bp_20; bulk_property:bp_35; bulk_property:bp_50; bulk_property:bp_65; bulk_property:density_20c; bulk_property:saturates; gc_fid:pca:pc1; gc_fid:pca:pc2; gc_fid:pca:pc3; gc_fid:pca:pc4; gc_fid:pca:pc5; gc_fid:pls:bp_20:lv1,bulk_property:bp_65(1.039); bulk_property:bp_50(1.018); bulk_property:bp_35(0.982); gc_fid:pls:density_20c:lv1(0.973); gc_fid:pls:saturates:lv1(0.962); gc_fid:pls:bp_80:lv1(0.945); gc_fid:pls:bp_65:lv1(0.942); gc_fid:pls:bp_50:lv1(0.941),petroleum_fraction_db_056,BP_80,analysis_plus_non_target_bulk,correlation_weighted
2,petroleum_fraction_db_035,0.30915,499.8,80,bulk_property:bp_20; bulk_property:bp_35; bulk_property:bp_50; bulk_property:bp_65; bulk_property:density_20c; bulk_property:saturates; gc_fid:pca:pc1; gc_fid:pca:pc2; gc_fid:pca:pc3; gc_fid:pca:pc4; gc_fid:pca:pc5; gc_fid:pls:bp_20:lv1,bulk_property:bp_65(1.039); bulk_property:bp_50(1.018); bulk_property:bp_35(0.982); gc_fid:pls:density_20c:lv1(0.973); gc_fid:pls:saturates:lv1(0.962); gc_fid:pls:bp_80:lv1(0.945); gc_fid:pls:bp_65:lv1(0.942); gc_fid:pls:bp_50:lv1(0.941),petroleum_fraction_db_056,BP_80,analysis_plus_non_target_bulk,correlation_weighted
1,petroleum_fraction_db_032,1.025043,0.8634,74,gc_fid:pca:pc1; gc_fid:pca:pc2; gc_fid:pca:pc3; gc_fid:pca:pc4; gc_fid:pca:pc5; gc_fid:pls:bp_20:lv1; gc_fid:pls:bp_20:lv2; gc_fid:pls:bp_20:lv3; gc_fid:pls:bp_20:lv4; gc_fid:pls:bp_35:lv1; gc_fid:pls:bp_35:lv2; gc_fid:pls:bp_35:lv3,gc_fid:pca:pc1(1.000); gc_fid:pca:pc2(1.000); gc_fid:pca:pc3(1.000); gc_fid:pca:pc4(1.000); gc_fid:pca:pc5(1.000); gc_fid:pls:bp_20:lv1(1.000); gc_fid:pls:bp_20:lv2(1.000); gc_fid:pls:bp_20:lv3(1.000),petroleum_fraction_db_061,density_20c,analysis_only,equal_weight
2,petroleum_fraction_db_036,1.094549,0.8621,74,gc_fid:pca:pc1; gc_fid:pca:pc2; gc_fid:pca:pc3; gc_fid:pca:pc4; gc_fid:pca:pc5; gc_fid:pls:bp_20:lv1; gc_fid:pls:bp_20:lv2; gc_fid:pls:bp_20:lv3; gc_fid:pls:bp_20:lv4; gc_fid:pls:bp_35:lv1; gc_fid:pls:bp_35:lv2; gc_fid:pls:bp_35:lv3,gc_fid:pca:pc1(1.000); gc_fid:pca:pc2(1.000); gc_fid:pca:pc3(1.000); gc_fid:pca:pc4(1.000); gc_fid:pca:pc5(1.000); gc_fid:pls:bp_20:lv1(1.000); gc_fid:pls:bp_20:lv2(1.000); gc_fid:pls:bp_20:lv3(1.000),petroleum_fraction_db_061,density_20c,analysis_only,equal_weight
1,petroleum_fraction_db_032,0.852206,0.8634,74,gc_fid:pca:pc1; gc_fid:pca:pc2; gc_fid:pca:pc3; gc_fid:pca:pc4; gc_fid:pca:pc5; gc_fid:pls:bp_20:lv1; gc_fid:pls:bp_20:lv2; gc_fid:pls:bp_20:lv3; gc_fid:pls:bp_20:lv4; gc_fid:pls:bp_35:lv1; gc_fid:pls:bp_35:lv2; gc_fid:pls:bp_35:lv3,ir:weighted_x_q90(0.728); ir_spectrum:pls:density_20c:lv2(0.727); ir_spectrum:pls:saturates:lv2(0.716); ir_spectrum:pls:density_20c:lv1(0.649); ir_spectrum:pls:saturates:lv1(0.629); ir_spectrum:pls:bp_35:lv1(0.628); ir_spectrum:pca:pc1(0.615); ir_spectrum:pls:bp_65:lv1(0.615),petroleum_fraction_db_061,density_20c,analysis_only,correlation_weighted
2,petroleum_fraction_db_036,0.951033,0.8621,74,gc_fid:pca:pc1; gc_fid:pca:pc2; gc_fid:pca:pc3; gc_fid:pca:pc4; gc_fid:pca:pc5; gc_fid:pls:bp_20:lv1; gc_fid:pls:bp_20:lv2; gc_fid:pls:bp_20:lv3; gc_fid:pls:bp_20:lv4; gc_fid:pls:bp_35:lv1; gc_fid:pls:bp_35:lv2; gc_fid:pls:bp_35:lv3,ir:weighted_x_q90(0.728); ir_spectrum:pls:density_20c:lv2(0.727); ir_spectrum:pls:saturates:lv2(0.716); ir_spectrum:pls:density_20c:lv1(0.649); ir_spectrum:pls:saturates:lv1(0.629); ir_spectrum:pls:bp_35:lv1(0.628); ir_spectrum:pca:pc1(0.615); ir_spectrum:pls:bp_65:lv1(0.615),petroleum_fraction_db_061,density_20c,analysis_only,correlation_weighted
1,petroleum_fraction_db_032,0.998334,0.8634,80,bulk_property:bp_20; bulk_property:bp_35; bulk_property:bp_50; bulk_property:bp_65; bulk_property:bp_80; bulk_property:saturates; gc_fid:pca:pc1; gc_fid:pca:pc2; gc_fid:pca:pc3; gc_fid:pca:pc4; gc_fid:pca:pc5; gc_fid:pls:bp_20:lv1,bulk_property:bp_20(1.000); bulk_property:bp_35(1.000); bulk_property:bp_50(1.000); bulk_property:bp_65(1.000); bulk_property:bp_80(1.000); bulk_property:saturates(1.000); gc_fid:pca:pc1(1.000); gc_fid:pca:pc2(1.000),petroleum_fraction_db_061,density_20c,analysis_plus_non_target_bulk,equal_weight
2,petroleum_fraction_db_036,1.072547,0.8621,80,bulk_property:bp_20; bulk_property:bp_35; bulk_property:bp_50; bulk_property:bp_65; bulk_property:bp_80; bulk_property:saturates; gc_fid:pca:pc1; gc_fid:pca:pc2; gc_fid:pca:pc3; gc_fid:pca:pc4; gc_fid:pca:pc5; gc_fid:pls:bp_20:lv1,bulk_property:bp_20(1.000); bulk_property:bp_35(1.000); bulk_property:bp_50(1.000); bulk_property:bp_65(1.000); bulk_property:bp_80(1.000); bulk_property:saturates(1.000); gc_fid:pca:pc1(1.000); gc_fid:pca:pc2(1.000),petroleum_fraction_db_061,density_20c,analysis_plus_non_target_bulk,equal_weight
1,petroleum_fraction_db_032,0.825245,0.8634,80,bulk_property:bp_20; bulk_property:bp_35; bulk_property:bp_50; bulk_property:bp_65; bulk_property:bp_80; bulk_property:saturates; gc_fid:pca:pc1; gc_fid:pca:pc2; gc_fid:pca:pc3; gc_fid:pca:pc4; gc_fid:pca:pc5; gc_fid:pls:bp_20:lv1,bulk_property:saturates(0.895); ir:weighted_x_q90(0.728); ir_spectrum:pls:density_20c:lv2(0.727); ir_spectrum:pls:saturates:lv2(0.716); ir_spectrum:pls:density_20c:lv1(0.649); ir_spectrum:pls:saturates:lv1(0.629); ir_spectrum:pls:bp_35:lv1(0.628); ir_spectrum:pca:pc1(0.615),petroleum_fraction_db_061,density_20c,analysis_plus_non_target_bulk,correlation_weighted
2,petroleum_fraction_db_036,0.929665,0.8621,80,bulk_property:bp_20; bulk_property:bp_35; bulk_property:bp_50; bulk_property:bp_65; bulk_property:bp_80; bulk_property:saturates; gc_fid:pca:pc1; gc_fid:pca:pc2; gc_fid:pca:pc3; gc_fid:pca:pc4; gc_fid:pca:pc5; gc_fid:pls:bp_20:lv1,bulk_property:saturates(0.895); ir:weighted_x_q90(0.728); ir_spectrum:pls:density_20c:lv2(0.727); ir_spectrum:pls:saturates:lv2(0.716); ir_spectrum:pls:density_20c:lv1(0.649); ir_spectrum:pls:saturates:lv1(0.629); ir_spectrum:pls:bp_35:lv1(0.628); ir_spectrum:pca:pc1(0.615),petroleum_fraction_db_061,density_20c,analysis_plus_non_target_bulk,correlation_weighted
1,petroleum_fraction_db_032,1.025043,80.21159153633693,74,gc_fid:pca:pc1; gc_fid:pca:pc2; gc_fid:pca:pc3; gc_fid:pca:pc4; gc_fid:pca:pc5; gc_fid:pls:bp_20:lv1; gc_fid:pls:bp_20:lv2; gc_fid:pls:bp_20:lv3; gc_fid:pls:bp_20:lv4; gc_fid:pls:bp_35:lv1; gc_fid:pls:bp_35:lv2; gc_fid:pls:bp_35:lv3,gc_fid:pca:pc1(1.000); gc_fid:pca:pc2(1.000); gc_fid:pca:pc3(1.000); gc_fid:pca:pc4(1.000); gc_fid:pca:pc5(1.000); gc_fid:pls:bp_20:lv1(1.000); gc_fid:pls:bp_20:lv2(1.000); gc_fid:pls:bp_20:lv3(1.000),petroleum_fraction_db_061,saturates,analysis_only,equal_weight
2,petroleum_fraction_db_036,1.094549,82.44899289485755,74,gc_fid:pca:pc1; gc_fid:pca:pc2; gc_fid:pca:pc3; gc_fid:pca:pc4; gc_fid:pca:pc5; gc_fid:pls:bp_20:lv1; gc_fid:pls:bp_20:lv2; gc_fid:pls:bp_20:lv3; gc_fid:pls:bp_20:lv4; gc_fid:pls:bp_35:lv1; gc_fid:pls:bp_35:lv2; gc_fid:pls:bp_35:lv3,gc_fid:pca:pc1(1.000); gc_fid:pca:pc2(1.000); gc_fid:pca:pc3(1.000); gc_fid:pca:pc4(1.000); gc_fid:pca:pc5(1.000); gc_fid:pls:bp_20:lv1(1.000); gc_fid:pls:bp_20:lv2(1.000); gc_fid:pls:bp_20:lv3(1.000),petroleum_fraction_db_061,saturates,analysis_only,equal_weight
1,petroleum_fraction_db_032,0.814369,80.21159153633693,74,gc_fid:pca:pc1; gc_fid:pca:pc2; gc_fid:pca:pc3; gc_fid:pca:pc4; gc_fid:pca:pc5; gc_fid:pls:bp_20:lv1; gc_fid:pls:bp_20:lv2; gc_fid:pls:bp_20:lv3; gc_fid:pls:bp_20:lv4; gc_fid:pls:bp_35:lv1; gc_fid:pls:bp_35:lv2; gc_fid:pls:bp_35:lv3,ir:weighted_x_q90(0.703); ir_spectrum:pls:density_20c:lv1(0.668); ir_spectrum:pls:saturates:lv1(0.668); ir_spectrum:pca:pc1(0.656); ir:weighted_x_mean(0.613); ir_spectrum:pls:bp_80:lv1(0.577); ir_spectrum:pls:saturates:lv2(0.568); ir:weighted_x_q50(0.567),petroleum_fraction_db_061,saturates,analysis_only,correlation_weighted
2,petroleum_fraction_db_036,0.925873,82.44899289485755,74,gc_fid:pca:pc1; gc_fid:pca:pc2; gc_fid:pca:pc3; gc_fid:pca:pc4; gc_fid:pca:pc5; gc_fid:pls:bp_20:lv1; gc_fid:pls:bp_20:lv2; gc_fid:pls:bp_20:lv3; gc_fid:pls:bp_20:lv4; gc_fid:pls:bp_35:lv1; gc_fid:pls:bp_35:lv2; gc_fid:pls:bp_35:lv3,ir:weighted_x_q90(0.703); ir_spectrum:pls:density_20c:lv1(0.668); ir_spectrum:pls:saturates:lv1(0.668); ir_spectrum:pca:pc1(0.656); ir:weighted_x_mean(0.613); ir_spectrum:pls:bp_80:lv1(0.577); ir_spectrum:pls:saturates:lv2(0.568); ir:weighted_x_q50(0.567),petroleum_fraction_db_061,saturates,analysis_only,correlation_weighted
1,petroleum_fraction_db_032,0.997919,80.21159153633693,80,bulk_property:bp_20; bulk_property:bp_35; bulk_property:bp_50; bulk_property:bp_65; bulk_property:bp_80; bulk_property:density_20c; gc_fid:pca:pc1; gc_fid:pca:pc2; gc_fid:pca:pc3; gc_fid:pca:pc4; gc_fid:pca:pc5; gc_fid:pls:bp_20:lv1,bulk_property:bp_20(1.000); bulk_property:bp_35(1.000); bulk_property:bp_50(1.000); bulk_property:bp_65(1.000); bulk_property:bp_80(1.000); bulk_property:density_20c(1.000); gc_fid:pca:pc1(1.000); gc_fid:pca:pc2(1.000),petroleum_fraction_db_061,saturates,analysis_plus_non_target_bulk,equal_weight
2,petroleum_fraction_db_036,1.071497,82.44899289485755,80,bulk_property:bp_20; bulk_property:bp_35; bulk_property:bp_50; bulk_property:bp_65; bulk_property:bp_80; bulk_property:density_20c; gc_fid:pca:pc1; gc_fid:pca:pc2; gc_fid:pca:pc3; gc_fid:pca:pc4; gc_fid:pca:pc5; gc_fid:pls:bp_20:lv1,bulk_property:bp_20(1.000); bulk_property:bp_35(1.000); bulk_property:bp_50(1.000); bulk_property:bp_65(1.000); bulk_property:bp_80(1.000); bulk_property:density_20c(1.000); gc_fid:pca:pc1(1.000); gc_fid:pca:pc2(1.000),petroleum_fraction_db_061,saturates,analysis_plus_non_target_bulk,equal_weight
1,petroleum_fraction_db_032,0.791731,80.21159153633693,80,bulk_property:bp_20; bulk_property:bp_35; bulk_property:bp_50; bulk_property:bp_65; bulk_property:bp_80; bulk_property:density_20c; gc_fid:pca:pc1; gc_fid:pca:pc2; gc_fid:pca:pc3; gc_fid:pca:pc4; gc_fid:pca:pc5; gc_fid:pls:bp_20:lv1,bulk_property:density_20c(0.895); ir:weighted_x_q90(0.703); ir_spectrum:pls:density_20c:lv1(0.668); ir_spectrum:pls:saturates:lv1(0.668); ir_spectrum:pca:pc1(0.656); ir:weighted_x_mean(0.613); ir_spectrum:pls:bp_80:lv1(0.577); ir_spectrum:pls:saturates:lv2(0.568),petroleum_fraction_db_061,saturates,analysis_plus_non_target_bulk,correlation_weighted
2,petroleum_fraction_db_036,0.906253,82.44899289485755,80,bulk_property:bp_20; bulk_property:bp_35; bulk_property:bp_50; bulk_property:bp_65; bulk_property:bp_80; bulk_property:density_20c; gc_fid:pca:pc1; gc_fid:pca:pc2; gc_fid:pca:pc3; gc_fid:pca:pc4; gc_fid:pca:pc5; gc_fid:pls:bp_20:lv1,bulk_property:density_20c(0.895); ir:weighted_x_q90(0.703); ir_spectrum:pls:density_20c:lv1(0.668); ir_spectrum:pls:saturates:lv1(0.668); ir_spectrum:pca:pc1(0.656); ir:weighted_x_mean(0.613); ir_spectrum:pls:bp_80:lv1(0.577); ir_spectrum:pls:saturates:lv2(0.568),petroleum_fraction_db_061,saturates,analysis_plus_non_target_bulk,correlation_weighted
1,petroleum_fraction_db_032,1.025043,257.2,74,gc_fid:pca:pc1; gc_fid:pca:pc2; gc_fid:pca:pc3; gc_fid:pca:pc4; gc_fid:pca:pc5; gc_fid:pls:bp_20:lv1; gc_fid:pls:bp_20:lv2; gc_fid:pls:bp_20:lv3; gc_fid:pls:bp_20:lv4; gc_fid:pls:bp_35:lv1; gc_fid:pls:bp_35:lv2; gc_fid:pls:bp_35:lv3,gc_fid:pca:pc1(1.000); gc_fid:pca:pc2(1.000); gc_fid:pca:pc3(1.000); gc_fid:pca:pc4(1.000); gc_fid:pca:pc5(1.000); gc_fid:pls:bp_20:lv1(1.000); gc_fid:pls:bp_20:lv2(1.000); gc_fid:pls:bp_20:lv3(1.000),petroleum_fraction_db_061,BP_20,analysis_only,equal_weight
2,petroleum_fraction_db_036,1.094549,251.6,74,gc_fid:pca:pc1; gc_fid:pca:pc2; gc_fid:pca:pc3; gc_fid:pca:pc4; gc_fid:pca:pc5; gc_fid:pls:bp_20:lv1; gc_fid:pls:bp_20:lv2; gc_fid:pls:bp_20:lv3; gc_fid:pls:bp_20:lv4; gc_fid:pls:bp_35:lv1; gc_fid:pls:bp_35:lv2; gc_fid:pls:bp_35:lv3,gc_fid:pca:pc1(1.000); gc_fid:pca:pc2(1.000); gc_fid:pca:pc3(1.000); gc_fid:pca:pc4(1.000); gc_fid:pca:pc5(1.000); gc_fid:pls:bp_20:lv1(1.000); gc_fid:pls:bp_20:lv2(1.000); gc_fid:pls:bp_20:lv3(1.000),petroleum_fraction_db_061,BP_20,analysis_only,equal_weight
1,petroleum_fraction_db_032,0.98434,257.2,74,gc_fid:pca:pc1; gc_fid:pca:pc2; gc_fid:pca:pc3; gc_fid:pca:pc4; gc_fid:pca:pc5; gc_fid:pls:bp_20:lv1; gc_fid:pls:bp_20:lv2; gc_fid:pls:bp_20:lv3; gc_fid:pls:bp_20:lv4; gc_fid:pls:bp_35:lv1; gc_fid:pls:bp_35:lv2; gc_fid:pls:bp_35:lv3,gc_fid:pls:density_20c:lv1(0.948); gc_fid:pls:bp_20:lv1(0.940); gc_fid:pls:bp_35:lv1(0.939); gc_fid:pls:bp_50:lv1(0.938); gc_fid:pls:bp_65:lv1(0.936); gc_fid:pls:bp_80:lv1(0.934); gc_fid:pls:saturates:lv1(0.928); gc_fid:pca:pc1(0.914),petroleum_fraction_db_061,BP_20,analysis_only,correlation_weighted
2,petroleum_fraction_db_036,1.075776,251.6,74,gc_fid:pca:pc1; gc_fid:pca:pc2; gc_fid:pca:pc3; gc_fid:pca:pc4; gc_fid:pca:pc5; gc_fid:pls:bp_20:lv1; gc_fid:pls:bp_20:lv2; gc_fid:pls:bp_20:lv3; gc_fid:pls:bp_20:lv4; gc_fid:pls:bp_35:lv1; gc_fid:pls:bp_35:lv2; gc_fid:pls:bp_35:lv3,gc_fid:pls:density_20c:lv1(0.948); gc_fid:pls:bp_20:lv1(0.940); gc_fid:pls:bp_35:lv1(0.939); gc_fid:pls:bp_50:lv1(0.938); gc_fid:pls:bp_65:lv1(0.936); gc_fid:pls:bp_80:lv1(0.934); gc_fid:pls:saturates:lv1(0.928); gc_fid:pca:pc1(0.914),petroleum_fraction_db_061,BP_20,analysis_only,correlation_weighted
1,petroleum_fraction_db_032,0.998358,257.2,80,bulk_property:bp_35; bulk_property:bp_50; bulk_property:bp_65; bulk_property:bp_80; bulk_property:density_20c; bulk_property:saturates; gc_fid:pca:pc1; gc_fid:pca:pc2; gc_fid:pca:pc3; gc_fid:pca:pc4; gc_fid:pca:pc5; gc_fid:pls:bp_20:lv1,bulk_property:bp_35(1.000); bulk_property:bp_50(1.000); bulk_property:bp_65(1.000); bulk_property:bp_80(1.000); bulk_property:density_20c(1.000); bulk_property:saturates(1.000); gc_fid:pca:pc1(1.000); gc_fid:pca:pc2(1.000),petroleum_fraction_db_061,BP_20,analysis_plus_non_target_bulk,equal_weight
2,petroleum_fraction_db_036,1.072897,251.6,80,bulk_property:bp_35; bulk_property:bp_50; bulk_property:bp_65; bulk_property:bp_80; bulk_property:density_20c; bulk_property:saturates; gc_fid:pca:pc1; gc_fid:pca:pc2; gc_fid:pca:pc3; gc_fid:pca:pc4; gc_fid:pca:pc5; gc_fid:pls:bp_20:lv1,bulk_property:bp_35(1.000); bulk_property:bp_50(1.000); bulk_property:bp_65(1.000); bulk_property:bp_80(1.000); bulk_property:density_20c(1.000); bulk_property:saturates(1.000); gc_fid:pca:pc1(1.000); gc_fid:pca:pc2(1.000),petroleum_fraction_db_061,BP_20,analysis_plus_non_target_bulk,equal_weight
1,petroleum_fraction_db_032,0.938221,257.2,80,bulk_property:bp_35; bulk_property:bp_50; bulk_property:bp_65; bulk_property:bp_80; bulk_property:density_20c; bulk_property:saturates; gc_fid:pca:pc1; gc_fid:pca:pc2; gc_fid:pca:pc3; gc_fid:pca:pc4; gc_fid:pca:pc5; gc_fid:pls:bp_20:lv1,bulk_property:bp_35(1.040); bulk_property:bp_50(1.015); bulk_property:bp_65(0.986); gc_fid:pls:density_20c:lv1(0.948); gc_fid:pls:bp_20:lv1(0.940); gc_fid:pls:bp_35:lv1(0.939); bulk_property:bp_80(0.939); gc_fid:pls:bp_50:lv1(0.938),petroleum_fraction_db_061,BP_20,analysis_plus_non_target_bulk,correlation_weighted
2,petroleum_fraction_db_036,1.040648,251.6,80,bulk_property:bp_35; bulk_property:bp_50; bulk_property:bp_65; bulk_property:bp_80; bulk_property:density_20c; bulk_property:saturates; gc_fid:pca:pc1; gc_fid:pca:pc2; gc_fid:pca:pc3; gc_fid:pca:pc4; gc_fid:pca:pc5; gc_fid:pls:bp_20:lv1,bulk_property:bp_35(1.040); bulk_property:bp_50(1.015); bulk_property:bp_65(0.986); gc_fid:pls:density_20c:lv1(0.948); gc_fid:pls:bp_20:lv1(0.940); gc_fid:pls:bp_35:lv1(0.939); bulk_property:bp_80(0.939); gc_fid:pls:bp_50:lv1(0.938),petroleum_fraction_db_061,BP_20,analysis_plus_non_target_bulk,correlation_weighted
1,petroleum_fraction_db_032,1.025043,287.0,74,gc_fid:pca:pc1; gc_fid:pca:pc2; gc_fid:pca:pc3; gc_fid:pca:pc4; gc_fid:pca:pc5; gc_fid:pls:bp_20:lv1; gc_fid:pls:bp_20:lv2; gc_fid:pls:bp_20:lv3; gc_fid:pls:bp_20:lv4; gc_fid:pls:bp_35:lv1; gc_fid:pls:bp_35:lv2; gc_fid:pls:bp_35:lv3,gc_fid:pca:pc1(1.000); gc_fid:pca:pc2(1.000); gc_fid:pca:pc3(1.000); gc_fid:pca:pc4(1.000); gc_fid:pca:pc5(1.000); gc_fid:pls:bp_20:lv1(1.000); gc_fid:pls:bp_20:lv2(1.000); gc_fid:pls:bp_20:lv3(1.000),petroleum_fraction_db_061,BP_35,analysis_only,equal_weight
2,petroleum_fraction_db_036,1.094549,278.2,74,gc_fid:pca:pc1; gc_fid:pca:pc2; gc_fid:pca:pc3; gc_fid:pca:pc4; gc_fid:pca:pc5; gc_fid:pls:bp_20:lv1; gc_fid:pls:bp_20:lv2; gc_fid:pls:bp_20:lv3; gc_fid:pls:bp_20:lv4; gc_fid:pls:bp_35:lv1; gc_fid:pls:bp_35:lv2; gc_fid:pls:bp_35:lv3,gc_fid:pca:pc1(1.000); gc_fid:pca:pc2(1.000); gc_fid:pca:pc3(1.000); gc_fid:pca:pc4(1.000); gc_fid:pca:pc5(1.000); gc_fid:pls:bp_20:lv1(1.000); gc_fid:pls:bp_20:lv2(1.000); gc_fid:pls:bp_20:lv3(1.000),petroleum_fraction_db_061,BP_35,analysis_only,equal_weight
1,petroleum_fraction_db_032,0.923644,287.0,74,gc_fid:pca:pc1; gc_fid:pca:pc2; gc_fid:pca:pc3; gc_fid:pca:pc4; gc_fid:pca:pc5; gc_fid:pls:bp_20:lv1; gc_fid:pls:bp_20:lv2; gc_fid:pls:bp_20:lv3; gc_fid:pls:bp_20:lv4; gc_fid:pls:bp_35:lv1; gc_fid:pls:bp_35:lv2; gc_fid:pls:bp_35:lv3,gc_fid:pls:density_20c:lv1(0.967); gc_fid:pls:bp_35:lv1(0.949); gc_fid:pls:saturates:lv1(0.948); gc_fid:pls:bp_20:lv1(0.948); gc_fid:pls:bp_50:lv1(0.948); gc_fid:pls:bp_65:lv1(0.947); gc_fid:pls:bp_80:lv1(0.946); gc_fid:pca:pc1(0.921),petroleum_fraction_db_061,BP_35,analysis_only,correlation_weighted
2,petroleum_fraction_db_036,1.025454,278.2,74,gc_fid:pca:pc1; gc_fid:pca:pc2; gc_fid:pca:pc3; gc_fid:pca:pc4; gc_fid:pca:pc5; gc_fid:pls:bp_20:lv1; gc_fid:pls:bp_20:lv2; gc_fid:pls:bp_20:lv3; gc_fid:pls:bp_20:lv4; gc_fid:pls:bp_35:lv1; gc_fid:pls:bp_35:lv2; gc_fid:pls:bp_35:lv3,gc_fid:pls:density_20c:lv1(0.967); gc_fid:pls:bp_35:lv1(0.949); gc_fid:pls:saturates:lv1(0.948); gc_fid:pls:bp_20:lv1(0.948); gc_fid:pls:bp_50:lv1(0.948); gc_fid:pls:bp_65:lv1(0.947); gc_fid:pls:bp_80:lv1(0.946); gc_fid:pca:pc1(0.921),petroleum_fraction_db_061,BP_35,analysis_only,correlation_weighted
1,petroleum_fraction_db_032,0.998652,287.0,80,bulk_property:bp_20; bulk_property:bp_50; bulk_property:bp_65; bulk_property:bp_80; bulk_property:density_20c; bulk_property:saturates; gc_fid:pca:pc1; gc_fid:pca:pc2; gc_fid:pca:pc3; gc_fid:pca:pc4; gc_fid:pca:pc5; gc_fid:pls:bp_20:lv1,bulk_property:bp_20(1.000); bulk_property:bp_50(1.000); bulk_property:bp_65(1.000); bulk_property:bp_80(1.000); bulk_property:density_20c(1.000); bulk_property:saturates(1.000); gc_fid:pca:pc1(1.000); gc_fid:pca:pc2(1.000),petroleum_fraction_db_061,BP_35,analysis_plus_non_target_bulk,equal_weight
2,petroleum_fraction_db_036,1.072556,278.2,80,bulk_property:bp_20; bulk_property:bp_50; bulk_property:bp_65; bulk_property:bp_80; bulk_property:density_20c; bulk_property:saturates; gc_fid:pca:pc1; gc_fid:pca:pc2; gc_fid:pca:pc3; gc_fid:pca:pc4; gc_fid:pca:pc5; gc_fid:pls:bp_20:lv1,bulk_property:bp_20(1.000); bulk_property:bp_50(1.000); bulk_property:bp_65(1.000); bulk_property:bp_80(1.000); bulk_property:density_20c(1.000); bulk_property:saturates(1.000); gc_fid:pca:pc1(1.000); gc_fid:pca:pc2(1.000),petroleum_fraction_db_061,BP_35,analysis_plus_non_target_bulk,equal_weight
1,petroleum_fraction_db_032,0.885021,287.0,80,bulk_property:bp_20; bulk_property:bp_50; bulk_property:bp_65; bulk_property:bp_80; bulk_property:density_20c; bulk_property:saturates; gc_fid:pca:pc1; gc_fid:pca:pc2; gc_fid:pca:pc3; gc_fid:pca:pc4; gc_fid:pca:pc5; gc_fid:pls:bp_20:lv1,bulk_property:bp_20(1.040); bulk_property:bp_50(1.040); bulk_property:bp_65(1.020); bulk_property:bp_80(0.982); gc_fid:pls:density_20c:lv1(0.967); gc_fid:pls:bp_35:lv1(0.949); gc_fid:pls:saturates:lv1(0.948); gc_fid:pls:bp_20:lv1(0.948),petroleum_fraction_db_061,BP_35,analysis_plus_non_target_bulk,correlation_weighted
2,petroleum_fraction_db_036,0.995681,278.2,80,bulk_property:bp_20; bulk_property:bp_50; bulk_property:bp_65; bulk_property:bp_80; bulk_property:density_20c; bulk_property:saturates; gc_fid:pca:pc1; gc_fid:pca:pc2; gc_fid:pca:pc3; gc_fid:pca:pc4; gc_fid:pca:pc5; gc_fid:pls:bp_20:lv1,bulk_property:bp_20(1.040); bulk_property:bp_50(1.040); bulk_property:bp_65(1.020); bulk_property:bp_80(0.982); gc_fid:pls:density_20c:lv1(0.967); gc_fid:pls:bp_35:lv1(0.949); gc_fid:pls:saturates:lv1(0.948); gc_fid:pls:bp_20:lv1(0.948),petroleum_fraction_db_061,BP_35,analysis_plus_non_target_bulk,correlation_weighted
1,petroleum_fraction_db_032,1.025043,309.2,74,gc_fid:pca:pc1; gc_fid:pca:pc2; gc_fid:pca:pc3; gc_fid:pca:pc4; gc_fid:pca:pc5; gc_fid:pls:bp_20:lv1; gc_fid:pls:bp_20:lv2; gc_fid:pls:bp_20:lv3; gc_fid:pls:bp_20:lv4; gc_fid:pls:bp_35:lv1; gc_fid:pls:bp_35:lv2; gc_fid:pls:bp_35:lv3,gc_fid:pca:pc1(1.000); gc_fid:pca:pc2(1.000); gc_fid:pca:pc3(1.000); gc_fid:pca:pc4(1.000); gc_fid:pca:pc5(1.000); gc_fid:pls:bp_20:lv1(1.000); gc_fid:pls:bp_20:lv2(1.000); gc_fid:pls:bp_20:lv3(1.000),petroleum_fraction_db_061,BP_50,analysis_only,equal_weight
2,petroleum_fraction_db_036,1.094549,299.6,74,gc_fid:pca:pc1; gc_fid:pca:pc2; gc_fid:pca:pc3; gc_fid:pca:pc4; gc_fid:pca:pc5; gc_fid:pls:bp_20:lv1; gc_fid:pls:bp_20:lv2; gc_fid:pls:bp_20:lv3; gc_fid:pls:bp_20:lv4; gc_fid:pls:bp_35:lv1; gc_fid:pls:bp_35:lv2; gc_fid:pls:bp_35:lv3,gc_fid:pca:pc1(1.000); gc_fid:pca:pc2(1.000); gc_fid:pca:pc3(1.000); gc_fid:pca:pc4(1.000); gc_fid:pca:pc5(1.000); gc_fid:pls:bp_20:lv1(1.000); gc_fid:pls:bp_20:lv2(1.000); gc_fid:pls:bp_20:lv3(1.000),petroleum_fraction_db_061,BP_50,analysis_only,equal_weight
1,petroleum_fraction_db_032,0.851954,309.2,74,gc_fid:pca:pc1; gc_fid:pca:pc2; gc_fid:pca:pc3; gc_fid:pca:pc4; gc_fid:pca:pc5; gc_fid:pls:bp_20:lv1; gc_fid:pls:bp_20:lv2; gc_fid:pls:bp_20:lv3; gc_fid:pls:bp_20:lv4; gc_fid:pls:bp_35:lv1; gc_fid:pls:bp_35:lv2; gc_fid:pls:bp_35:lv3,gc_fid:pls:density_20c:lv1(0.977); gc_fid:pls:saturates:lv1(0.960); gc_fid:pls:bp_50:lv1(0.951); gc_fid:pls:bp_80:lv1(0.951); gc_fid:pls:bp_35:lv1(0.951); gc_fid:pls:bp_65:lv1(0.951); gc_fid:pls:bp_20:lv1(0.949); gc_fid:pca:pc1(0.923),petroleum_fraction_db_061,BP_50,analysis_only,correlation_weighted
2,petroleum_fraction_db_036,0.9659,299.6,74,gc_fid:pca:pc1; gc_fid:pca:pc2; gc_fid:pca:pc3; gc_fid:pca:pc4; gc_fid:pca:pc5; gc_fid:pls:bp_20:lv1; gc_fid:pls:bp_20:lv2; gc_fid:pls:bp_20:lv3; gc_fid:pls:bp_20:lv4; gc_fid:pls:bp_35:lv1; gc_fid:pls:bp_35:lv2; gc_fid:pls:bp_35:lv3,gc_fid:pls:density_20c:lv1(0.977); gc_fid:pls:saturates:lv1(0.960); gc_fid:pls:bp_50:lv1(0.951); gc_fid:pls:bp_80:lv1(0.951); gc_fid:pls:bp_35:lv1(0.951); gc_fid:pls:bp_65:lv1(0.951); gc_fid:pls:bp_20:lv1(0.949); gc_fid:pca:pc1(0.923),petroleum_fraction_db_061,BP_50,analysis_only,correlation_weighted
1,petroleum_fraction_db_032,0.997103,309.2,80,bulk_property:bp_20; bulk_property:bp_35; bulk_property:bp_65; bulk_property:bp_80; bulk_property:density_20c; bulk_property:saturates; gc_fid:pca:pc1; gc_fid:pca:pc2; gc_fid:pca:pc3; gc_fid:pca:pc4; gc_fid:pca:pc5; gc_fid:pls:bp_20:lv1,bulk_property:bp_20(1.000); bulk_property:bp_35(1.000); bulk_property:bp_65(1.000); bulk_property:bp_80(1.000); bulk_property:density_20c(1.000); bulk_property:saturates(1.000); gc_fid:pca:pc1(1.000); gc_fid:pca:pc2(1.000),petroleum_fraction_db_061,BP_50,analysis_plus_non_target_bulk,equal_weight
2,petroleum_fraction_db_036,1.070346,299.6,80,bulk_property:bp_20; bulk_property:bp_35; bulk_property:bp_65; bulk_property:bp_80; bulk_property:density_20c; bulk_property:saturates; gc_fid:pca:pc1; gc_fid:pca:pc2; gc_fid:pca:pc3; gc_fid:pca:pc4; gc_fid:pca:pc5; gc_fid:pls:bp_20:lv1,bulk_property:bp_20(1.000); bulk_property:bp_35(1.000); bulk_property:bp_65(1.000); bulk_property:bp_80(1.000); bulk_property:density_20c(1.000); bulk_property:saturates(1.000); gc_fid:pca:pc1(1.000); gc_fid:pca:pc2(1.000),petroleum_fraction_db_061,BP_50,analysis_plus_non_target_bulk,equal_weight
1,petroleum_fraction_db_032,0.817234,309.2,80,bulk_property:bp_20; bulk_property:bp_35; bulk_property:bp_65; bulk_property:bp_80; bulk_property:density_20c; bulk_property:saturates; gc_fid:pca:pc1; gc_fid:pca:pc2; gc_fid:pca:pc3; gc_fid:pca:pc4; gc_fid:pca:pc5; gc_fid:pls:bp_20:lv1,bulk_property:bp_65(1.042); bulk_property:bp_35(1.040); bulk_property:bp_80(1.018); bulk_property:bp_20(1.015); gc_fid:pls:density_20c:lv1(0.977); gc_fid:pls:saturates:lv1(0.960); gc_fid:pls:bp_50:lv1(0.951); gc_fid:pls:bp_80:lv1(0.951),petroleum_fraction_db_061,BP_50,analysis_plus_non_target_bulk,correlation_weighted
2,petroleum_fraction_db_036,0.937851,299.6,80,bulk_property:bp_20; bulk_property:bp_35; bulk_property:bp_65; bulk_property:bp_80; bulk_property:density_20c; bulk_property:saturates; gc_fid:pca:pc1; gc_fid:pca:pc2; gc_fid:pca:pc3; gc_fid:pca:pc4; gc_fid:pca:pc5; gc_fid:pls:bp_20:lv1,bulk_property:bp_65(1.042); bulk_property:bp_35(1.040); bulk_property:bp_80(1.018); bulk_property:bp_20(1.015); gc_fid:pls:density_20c:lv1(0.977); gc_fid:pls:saturates:lv1(0.960); gc_fid:pls:bp_50:lv1(0.951); gc_fid:pls:bp_80:lv1(0.951),petroleum_fraction_db_061,BP_50,analysis_plus_non_target_bulk,correlation_weighted
1,petroleum_fraction_db_032,1.025043,332.2,74,gc_fid:pca:pc1; gc_fid:pca:pc2; gc_fid:pca:pc3; gc_fid:pca:pc4; gc_fid:pca:pc5; gc_fid:pls:bp_20:lv1; gc_fid:pls:bp_20:lv2; gc_fid:pls:bp_20:lv3; gc_fid:pls:bp_20:lv4; gc_fid:pls:bp_35:lv1; gc_fid:pls:bp_35:lv2; gc_fid:pls:bp_35:lv3,gc_fid:pca:pc1(1.000); gc_fid:pca:pc2(1.000); gc_fid:pca:pc3(1.000); gc_fid:pca:pc4(1.000); gc_fid:pca:pc5(1.000); gc_fid:pls:bp_20:lv1(1.000); gc_fid:pls:bp_20:lv2(1.000); gc_fid:pls:bp_20:lv3(1.000),petroleum_fraction_db_061,BP_65,analysis_only,equal_weight
2,petroleum_fraction_db_036,1.094549,319.4,74,gc_fid:pca:pc1; gc_fid:pca:pc2; gc_fid:pca:pc3; gc_fid:pca:pc4; gc_fid:pca:pc5; gc_fid:pls:bp_20:lv1; gc_fid:pls:bp_20:lv2; gc_fid:pls:bp_20:lv3; gc_fid:pls:bp_20:lv4; gc_fid:pls:bp_35:lv1; gc_fid:pls:bp_35:lv2; gc_fid:pls:bp_35:lv3,gc_fid:pca:pc1(1.000); gc_fid:pca:pc2(1.000); gc_fid:pca:pc3(1.000); gc_fid:pca:pc4(1.000); gc_fid:pca:pc5(1.000); gc_fid:pls:bp_20:lv1(1.000); gc_fid:pls:bp_20:lv2(1.000); gc_fid:pls:bp_20:lv3(1.000),petroleum_fraction_db_061,BP_65,analysis_only,equal_weight
1,petroleum_fraction_db_032,0.787316,332.2,74,gc_fid:pca:pc1; gc_fid:pca:pc2; gc_fid:pca:pc3; gc_fid:pca:pc4; gc_fid:pca:pc5; gc_fid:pls:bp_20:lv1; gc_fid:pls:bp_20:lv2; gc_fid:pls:bp_20:lv3; gc_fid:pls:bp_20:lv4; gc_fid:pls:bp_35:lv1; gc_fid:pls:bp_35:lv2; gc_fid:pls:bp_35:lv3,gc_fid:pls:density_20c:lv1(0.980); gc_fid:pls:saturates:lv1(0.965); gc_fid:pls:bp_80:lv1(0.952); gc_fid:pls:bp_65:lv1(0.951); gc_fid:pls:bp_50:lv1(0.951); gc_fid:pls:bp_35:lv1(0.950); gc_fid:pls:bp_20:lv1(0.947); gc_fid:pca:pc1(0.922),petroleum_fraction_db_061,BP_65,analysis_only,correlation_weighted
2,petroleum_fraction_db_036,0.911331,319.4,74,gc_fid:pca:pc1; gc_fid:pca:pc2; gc_fid:pca:pc3; gc_fid:pca:pc4; gc_fid:pca:pc5; gc_fid:pls:bp_20:lv1; gc_fid:pls:bp_20:lv2; gc_fid:pls:bp_20:lv3; gc_fid:pls:bp_20:lv4; gc_fid:pls:bp_35:lv1; gc_fid:pls:bp_35:lv2; gc_fid:pls:bp_35:lv3,gc_fid:pls:density_20c:lv1(0.980); gc_fid:pls:saturates:lv1(0.965); gc_fid:pls:bp_80:lv1(0.952); gc_fid:pls:bp_65:lv1(0.951); gc_fid:pls:bp_50:lv1(0.951); gc_fid:pls:bp_35:lv1(0.950); gc_fid:pls:bp_20:lv1(0.947); gc_fid:pca:pc1(0.922),petroleum_fraction_db_061,BP_65,analysis_only,correlation_weighted
1,petroleum_fraction_db_032,0.994875,332.2,80,bulk_property:bp_20; bulk_property:bp_35; bulk_property:bp_50; bulk_property:bp_80; bulk_property:density_20c; bulk_property:saturates; gc_fid:pca:pc1; gc_fid:pca:pc2; gc_fid:pca:pc3; gc_fid:pca:pc4; gc_fid:pca:pc5; gc_fid:pls:bp_20:lv1,bulk_property:bp_20(1.000); bulk_property:bp_35(1.000); bulk_property:bp_50(1.000); bulk_property:bp_80(1.000); bulk_property:density_20c(1.000); bulk_property:saturates(1.000); gc_fid:pca:pc1(1.000); gc_fid:pca:pc2(1.000),petroleum_fraction_db_061,BP_65,analysis_plus_non_target_bulk,equal_weight
2,petroleum_fraction_db_036,1.067201,319.4,80,bulk_property:bp_20; bulk_property:bp_35; bulk_property:bp_50; bulk_property:bp_80; bulk_property:density_20c; bulk_property:saturates; gc_fid:pca:pc1; gc_fid:pca:pc2; gc_fid:pca:pc3; gc_fid:pca:pc4; gc_fid:pca:pc5; gc_fid:pls:bp_20:lv1,bulk_property:bp_20(1.000); bulk_property:bp_35(1.000); bulk_property:bp_50(1.000); bulk_property:bp_80(1.000); bulk_property:density_20c(1.000); bulk_property:saturates(1.000); gc_fid:pca:pc1(1.000); gc_fid:pca:pc2(1.000),petroleum_fraction_db_061,BP_65,analysis_plus_non_target_bulk,equal_weight
1,petroleum_fraction_db_032,0.753056,332.2,80,bulk_property:bp_20; bulk_property:bp_35; bulk_property:bp_50; bulk_property:bp_80; bulk_property:density_20c; bulk_property:saturates; gc_fid:pca:pc1; gc_fid:pca:pc2; gc_fid:pca:pc3; gc_fid:pca:pc4; gc_fid:pca:pc5; gc_fid:pls:bp_20:lv1,bulk_property:bp_50(1.042); bulk_property:bp_80(1.039); bulk_property:bp_35(1.020); bulk_property:bp_20(0.986); gc_fid:pls:density_20c:lv1(0.980); gc_fid:pls:saturates:lv1(0.965); gc_fid:pls:bp_80:lv1(0.952); gc_fid:pls:bp_65:lv1(0.951),petroleum_fraction_db_061,BP_65,analysis_plus_non_target_bulk,correlation_weighted
2,petroleum_fraction_db_036,0.880917,319.4,80,bulk_property:bp_20; bulk_property:bp_35; bulk_property:bp_50; bulk_property:bp_80; bulk_property:density_20c; bulk_property:saturates; gc_fid:pca:pc1; gc_fid:pca:pc2; gc_fid:pca:pc3; gc_fid:pca:pc4; gc_fid:pca:pc5; gc_fid:pls:bp_20:lv1,bulk_property:bp_50(1.042); bulk_property:bp_80(1.039); bulk_property:bp_35(1.020); bulk_property:bp_20(0.986); gc_fid:pls:density_20c:lv1(0.980); gc_fid:pls:saturates:lv1(0.965); gc_fid:pls:bp_80:lv1(0.952); gc_fid:pls:bp_65:lv1(0.951),petroleum_fraction_db_061,BP_65,analysis_plus_non_target_bulk,correlation_weighted
1,petroleum_fraction_db_032,1.025043,357.2,74,gc_fid:pca:pc1; gc_fid:pca:pc2; gc_fid:pca:pc3; gc_fid:pca:pc4; gc_fid:pca:pc5; gc_fid:pls:bp_20:lv1; gc_fid:pls:bp_20:lv2; gc_fid:pls:bp_20:lv3; gc_fid:pls:bp_20:lv4; gc_fid:pls:bp_35:lv1; gc_fid:pls:bp_35:lv2; gc_fid:pls:bp_35:lv3,gc_fid:pca:pc1(1.000); gc_fid:pca:pc2(1.000); gc_fid:pca:pc3(1.000); gc_fid:pca:pc4(1.000); gc_fid:pca:pc5(1.000); gc_fid:pls:bp_20:lv1(1.000); gc_fid:pls:bp_20:lv2(1.000); gc_fid:pls:bp_20:lv3(1.000),petroleum_fraction_db_061,BP_80,analysis_only,equal_weight
2,petroleum_fraction_db_036,1.094549,337.8,74,gc_fid:pca:pc1; gc_fid:pca:pc2; gc_fid:pca:pc3; gc_fid:pca:pc4; gc_fid:pca:pc5; gc_fid:pls:bp_20:lv1; gc_fid:pls:bp_20:lv2; gc_fid:pls:bp_20:lv3; gc_fid:pls:bp_20:lv4; gc_fid:pls:bp_35:lv1; gc_fid:pls:bp_35:lv2; gc_fid:pls:bp_35:lv3,gc_fid:pca:pc1(1.000); gc_fid:pca:pc2(1.000); gc_fid:pca:pc3(1.000); gc_fid:pca:pc4(1.000); gc_fid:pca:pc5(1.000); gc_fid:pls:bp_20:lv1(1.000); gc_fid:pls:bp_20:lv2(1.000); gc_fid:pls:bp_20:lv3(1.000),petroleum_fraction_db_061,BP_80,analysis_only,equal_weight
1,petroleum_fraction_db_032,0.736135,357.2,74,gc_fid:pca:pc1; gc_fid:pca:pc2; gc_fid:pca:pc3; gc_fid:pca:pc4; gc_fid:pca:pc5; gc_fid:pls:bp_20:lv1; gc_fid:pls:bp_20:lv2; gc_fid:pls:bp_20:lv3; gc_fid:pls:bp_20:lv4; gc_fid:pls:bp_35:lv1; gc_fid:pls:bp_35:lv2; gc_fid:pls:bp_35:lv3,gc_fid:pls:density_20c:lv1(0.973); gc_fid:pls:saturates:lv1(0.962); gc_fid:pls:bp_80:lv1(0.945); gc_fid:pls:bp_65:lv1(0.942); gc_fid:pls:bp_50:lv1(0.941); gc_fid:pls:bp_35:lv1(0.939); gc_fid:pls:bp_20:lv1(0.935); gc_fid:pca:pc1(0.913),petroleum_fraction_db_061,BP_80,analysis_only,correlation_weighted
2,petroleum_fraction_db_036,0.864897,337.8,74,gc_fid:pca:pc1; gc_fid:pca:pc2; gc_fid:pca:pc3; gc_fid:pca:pc4; gc_fid:pca:pc5; gc_fid:pls:bp_20:lv1; gc_fid:pls:bp_20:lv2; gc_fid:pls:bp_20:lv3; gc_fid:pls:bp_20:lv4; gc_fid:pls:bp_35:lv1; gc_fid:pls:bp_35:lv2; gc_fid:pls:bp_35:lv3,gc_fid:pls:density_20c:lv1(0.973); gc_fid:pls:saturates:lv1(0.962); gc_fid:pls:bp_80:lv1(0.945); gc_fid:pls:bp_65:lv1(0.942); gc_fid:pls:bp_50:lv1(0.941); gc_fid:pls:bp_35:lv1(0.939); gc_fid:pls:bp_20:lv1(0.935); gc_fid:pca:pc1(0.913),petroleum_fraction_db_061,BP_80,analysis_only,correlation_weighted
1,petroleum_fraction_db_032,0.99276,357.2,80,bulk_property:bp_20; bulk_property:bp_35; bulk_property:bp_50; bulk_property:bp_65; bulk_property:density_20c; bulk_property:saturates; gc_fid:pca:pc1; gc_fid:pca:pc2; gc_fid:pca:pc3; gc_fid:pca:pc4; gc_fid:pca:pc5; gc_fid:pls:bp_20:lv1,bulk_property:bp_20(1.000); bulk_property:bp_35(1.000); bulk_property:bp_50(1.000); bulk_property:bp_65(1.000); bulk_property:density_20c(1.000); bulk_property:saturates(1.000); gc_fid:pca:pc1(1.000); gc_fid:pca:pc2(1.000),petroleum_fraction_db_061,BP_80,analysis_plus_non_target_bulk,equal_weight
2,petroleum_fraction_db_036,1.063529,337.8,80,bulk_property:bp_20; bulk_property:bp_35; bulk_property:bp_50; bulk_property:bp_65; bulk_property:density_20c; bulk_property:saturates; gc_fid:pca:pc1; gc_fid:pca:pc2; gc_fid:pca:pc3; gc_fid:pca:pc4; gc_fid:pca:pc5; gc_fid:pls:bp_20:lv1,bulk_property:bp_20(1.000); bulk_property:bp_35(1.000); bulk_property:bp_50(1.000); bulk_property:bp_65(1.000); bulk_property:density_20c(1.000); bulk_property:saturates(1.000); gc_fid:pca:pc1(1.000); gc_fid:pca:pc2(1.000),petroleum_fraction_db_061,BP_80,analysis_plus_non_target_bulk,equal_weight
1,petroleum_fraction_db_032,0.700686,357.2,80,bulk_property:bp_20; bulk_property:bp_35; bulk_property:bp_50; bulk_property:bp_65; bulk_property:density_20c; bulk_property:saturates; gc_fid:pca:pc1; gc_fid:pca:pc2; gc_fid:pca:pc3; gc_fid:pca:pc4; gc_fid:pca:pc5; gc_fid:pls:bp_20:lv1,bulk_property:bp_65(1.039); bulk_property:bp_50(1.018); bulk_property:bp_35(0.982); gc_fid:pls:density_20c:lv1(0.973); gc_fid:pls:saturates:lv1(0.962); gc_fid:pls:bp_80:lv1(0.945); gc_fid:pls:bp_65:lv1(0.942); gc_fid:pls:bp_50:lv1(0.941),petroleum_fraction_db_061,BP_80,analysis_plus_non_target_bulk,correlation_weighted
2,petroleum_fraction_db_036,0.828621,337.8,80,bulk_property:bp_20; bulk_property:bp_35; bulk_property:bp_50; bulk_property:bp_65; bulk_property:density_20c; bulk_property:saturates; gc_fid:pca:pc1; gc_fid:pca:pc2; gc_fid:pca:pc3; gc_fid:pca:pc4; gc_fid:pca:pc5; gc_fid:pls:bp_20:lv1,bulk_property:bp_65(1.039); bulk_property:bp_50(1.018); bulk_property:bp_35(0.982); gc_fid:pls:density_20c:lv1(0.973); gc_fid:pls:saturates:lv1(0.962); gc_fid:pls:bp_80:lv1(0.945); gc_fid:pls:bp_65:lv1(0.942); gc_fid:pls:bp_50:lv1(0.941),petroleum_fraction_db_061,BP_80,analysis_plus_non_target_bulk,correlation_weighted
1,petroleum_fraction_db_010,0.402949,0.8619,74,gc_fid:pca:pc1; gc_fid:pca:pc2; gc_fid:pca:pc3; gc_fid:pca:pc4; gc_fid:pca:pc5; gc_fid:pls:bp_20:lv1; gc_fid:pls:bp_20:lv2; gc_fid:pls:bp_20:lv3; gc_fid:pls:bp_20:lv4; gc_fid:pls:bp_35:lv1; gc_fid:pls:bp_35:lv2; gc_fid:pls:bp_35:lv3,gc_fid:pca:pc1(1.000); gc_fid:pca:pc2(1.000); gc_fid:pca:pc3(1.000); gc_fid:pca:pc4(1.000); gc_fid:pca:pc5(1.000); gc_fid:pls:bp_20:lv1(1.000); gc_fid:pls:bp_20:lv2(1.000); gc_fid:pls:bp_20:lv3(1.000),petroleum_fraction_db_065,density_20c,analysis_only,equal_weight
2,petroleum_fraction_db_009,0.471488,0.8498,74,gc_fid:pca:pc1; gc_fid:pca:pc2; gc_fid:pca:pc3; gc_fid:pca:pc4; gc_fid:pca:pc5; gc_fid:pls:bp_20:lv1; gc_fid:pls:bp_20:lv2; gc_fid:pls:bp_20:lv3; gc_fid:pls:bp_20:lv4; gc_fid:pls:bp_35:lv1; gc_fid:pls:bp_35:lv2; gc_fid:pls:bp_35:lv3,gc_fid:pca:pc1(1.000); gc_fid:pca:pc2(1.000); gc_fid:pca:pc3(1.000); gc_fid:pca:pc4(1.000); gc_fid:pca:pc5(1.000); gc_fid:pls:bp_20:lv1(1.000); gc_fid:pls:bp_20:lv2(1.000); gc_fid:pls:bp_20:lv3(1.000),petroleum_fraction_db_065,density_20c,analysis_only,equal_weight
1,petroleum_fraction_db_010,0.368913,0.8619,74,gc_fid:pca:pc1; gc_fid:pca:pc2; gc_fid:pca:pc3; gc_fid:pca:pc4; gc_fid:pca:pc5; gc_fid:pls:bp_20:lv1; gc_fid:pls:bp_20:lv2; gc_fid:pls:bp_20:lv3; gc_fid:pls:bp_20:lv4; gc_fid:pls:bp_35:lv1; gc_fid:pls:bp_35:lv2; gc_fid:pls:bp_35:lv3,ir:weighted_x_q90(0.728); ir_spectrum:pls:density_20c:lv2(0.727); ir_spectrum:pls:saturates:lv2(0.716); ir_spectrum:pls:density_20c:lv1(0.649); ir_spectrum:pls:saturates:lv1(0.629); ir_spectrum:pls:bp_35:lv1(0.628); ir_spectrum:pca:pc1(0.615); ir_spectrum:pls:bp_65:lv1(0.615),petroleum_fraction_db_065,density_20c,analysis_only,correlation_weighted
2,petroleum_fraction_db_009,0.446502,0.8498,74,gc_fid:pca:pc1; gc_fid:pca:pc2; gc_fid:pca:pc3; gc_fid:pca:pc4; gc_fid:pca:pc5; gc_fid:pls:bp_20:lv1; gc_fid:pls:bp_20:lv2; gc_fid:pls:bp_20:lv3; gc_fid:pls:bp_20:lv4; gc_fid:pls:bp_35:lv1; gc_fid:pls:bp_35:lv2; gc_fid:pls:bp_35:lv3,ir:weighted_x_q90(0.728); ir_spectrum:pls:density_20c:lv2(0.727); ir_spectrum:pls:saturates:lv2(0.716); ir_spectrum:pls:density_20c:lv1(0.649); ir_spectrum:pls:saturates:lv1(0.629); ir_spectrum:pls:bp_35:lv1(0.628); ir_spectrum:pca:pc1(0.615); ir_spectrum:pls:bp_65:lv1(0.615),petroleum_fraction_db_065,density_20c,analysis_only,correlation_weighted
1,petroleum_fraction_db_010,0.403022,0.8619,80,bulk_property:bp_20; bulk_property:bp_35; bulk_property:bp_50; bulk_property:bp_65; bulk_property:bp_80; bulk_property:saturates; gc_fid:pca:pc1; gc_fid:pca:pc2; gc_fid:pca:pc3; gc_fid:pca:pc4; gc_fid:pca:pc5; gc_fid:pls:bp_20:lv1,bulk_property:bp_20(1.000); bulk_property:bp_35(1.000); bulk_property:bp_50(1.000); bulk_property:bp_65(1.000); bulk_property:bp_80(1.000); bulk_property:saturates(1.000); gc_fid:pca:pc1(1.000); gc_fid:pca:pc2(1.000),petroleum_fraction_db_065,density_20c,analysis_plus_non_target_bulk,equal_weight
2,petroleum_fraction_db_009,0.454847,0.8498,80,bulk_property:bp_20; bulk_property:bp_35; bulk_property:bp_50; bulk_property:bp_65; bulk_property:bp_80; bulk_property:saturates; gc_fid:pca:pc1; gc_fid:pca:pc2; gc_fid:pca:pc3; gc_fid:pca:pc4; gc_fid:pca:pc5; gc_fid:pls:bp_20:lv1,bulk_property:bp_20(1.000); bulk_property:bp_35(1.000); bulk_property:bp_50(1.000); bulk_property:bp_65(1.000); bulk_property:bp_80(1.000); bulk_property:saturates(1.000); gc_fid:pca:pc1(1.000); gc_fid:pca:pc2(1.000),petroleum_fraction_db_065,density_20c,analysis_plus_non_target_bulk,equal_weight
1,petroleum_fraction_db_010,0.37056,0.8619,80,bulk_property:bp_20; bulk_property:bp_35; bulk_property:bp_50; bulk_property:bp_65; bulk_property:bp_80; bulk_property:saturates; gc_fid:pca:pc1; gc_fid:pca:pc2; gc_fid:pca:pc3; gc_fid:pca:pc4; gc_fid:pca:pc5; gc_fid:pls:bp_20:lv1,bulk_property:saturates(0.895); ir:weighted_x_q90(0.728); ir_spectrum:pls:density_20c:lv2(0.727); ir_spectrum:pls:saturates:lv2(0.716); ir_spectrum:pls:density_20c:lv1(0.649); ir_spectrum:pls:saturates:lv1(0.629); ir_spectrum:pls:bp_35:lv1(0.628); ir_spectrum:pca:pc1(0.615),petroleum_fraction_db_065,density_20c,analysis_plus_non_target_bulk,correlation_weighted
2,petroleum_fraction_db_009,0.424043,0.8498,80,bulk_property:bp_20; bulk_property:bp_35; bulk_property:bp_50; bulk_property:bp_65; bulk_property:bp_80; bulk_property:saturates; gc_fid:pca:pc1; gc_fid:pca:pc2; gc_fid:pca:pc3; gc_fid:pca:pc4; gc_fid:pca:pc5; gc_fid:pls:bp_20:lv1,bulk_property:saturates(0.895); ir:weighted_x_q90(0.728); ir_spectrum:pls:density_20c:lv2(0.727); ir_spectrum:pls:saturates:lv2(0.716); ir_spectrum:pls:density_20c:lv1(0.649); ir_spectrum:pls:saturates:lv1(0.629); ir_spectrum:pls:bp_35:lv1(0.628); ir_spectrum:pca:pc1(0.615),petroleum_fraction_db_065,density_20c,analysis_plus_non_target_bulk,correlation_weighted
1,petroleum_fraction_db_010,0.402949,88.04270462633271,74,gc_fid:pca:pc1; gc_fid:pca:pc2; gc_fid:pca:pc3; gc_fid:pca:pc4; gc_fid:pca:pc5; gc_fid:pls:bp_20:lv1; gc_fid:pls:bp_20:lv2; gc_fid:pls:bp_20:lv3; gc_fid:pls:bp_20:lv4; gc_fid:pls:bp_35:lv1; gc_fid:pls:bp_35:lv2; gc_fid:pls:bp_35:lv3,gc_fid:pca:pc1(1.000); gc_fid:pca:pc2(1.000); gc_fid:pca:pc3(1.000); gc_fid:pca:pc4(1.000); gc_fid:pca:pc5(1.000); gc_fid:pls:bp_20:lv1(1.000); gc_fid:pls:bp_20:lv2(1.000); gc_fid:pls:bp_20:lv3(1.000),petroleum_fraction_db_065,saturates,analysis_only,equal_weight
2,petroleum_fraction_db_009,0.471488,88.64878937776648,74,gc_fid:pca:pc1; gc_fid:pca:pc2; gc_fid:pca:pc3; gc_fid:pca:pc4; gc_fid:pca:pc5; gc_fid:pls:bp_20:lv1; gc_fid:pls:bp_20:lv2; gc_fid:pls:bp_20:lv3; gc_fid:pls:bp_20:lv4; gc_fid:pls:bp_35:lv1; gc_fid:pls:bp_35:lv2; gc_fid:pls:bp_35:lv3,gc_fid:pca:pc1(1.000); gc_fid:pca:pc2(1.000); gc_fid:pca:pc3(1.000); gc_fid:pca:pc4(1.000); gc_fid:pca:pc5(1.000); gc_fid:pls:bp_20:lv1(1.000); gc_fid:pls:bp_20:lv2(1.000); gc_fid:pls:bp_20:lv3(1.000),petroleum_fraction_db_065,saturates,analysis_only,equal_weight
1,petroleum_fraction_db_010,0.377439,88.04270462633271,74,gc_fid:pca:pc1; gc_fid:pca:pc2; gc_fid:pca:pc3; gc_fid:pca:pc4; gc_fid:pca:pc5; gc_fid:pls:bp_20:lv1; gc_fid:pls:bp_20:lv2; gc_fid:pls:bp_20:lv3; gc_fid:pls:bp_20:lv4; gc_fid:pls:bp_35:lv1; gc_fid:pls:bp_35:lv2; gc_fid:pls:bp_35:lv3,ir:weighted_x_q90(0.703); ir_spectrum:pls:density_20c:lv1(0.668); ir_spectrum:pls:saturates:lv1(0.668); ir_spectrum:pca:pc1(0.656); ir:weighted_x_mean(0.613); ir_spectrum:pls:bp_80:lv1(0.577); ir_spectrum:pls:saturates:lv2(0.568); ir:weighted_x_q50(0.567),petroleum_fraction_db_065,saturates,analysis_only,correlation_weighted
2,petroleum_fraction_db_009,0.439298,88.64878937776648,74,gc_fid:pca:pc1; gc_fid:pca:pc2; gc_fid:pca:pc3; gc_fid:pca:pc4; gc_fid:pca:pc5; gc_fid:pls:bp_20:lv1; gc_fid:pls:bp_20:lv2; gc_fid:pls:bp_20:lv3; gc_fid:pls:bp_20:lv4; gc_fid:pls:bp_35:lv1; gc_fid:pls:bp_35:lv2; gc_fid:pls:bp_35:lv3,ir:weighted_x_q90(0.703); ir_spectrum:pls:density_20c:lv1(0.668); ir_spectrum:pls:saturates:lv1(0.668); ir_spectrum:pca:pc1(0.656); ir:weighted_x_mean(0.613); ir_spectrum:pls:bp_80:lv1(0.577); ir_spectrum:pls:saturates:lv2(0.568); ir:weighted_x_q50(0.567),petroleum_fraction_db_065,saturates,analysis_only,correlation_weighted
1,petroleum_fraction_db_010,0.402499,88.04270462633271,80,bulk_property:bp_20; bulk_property:bp_35; bulk_property:bp_50; bulk_property:bp_65; bulk_property:bp_80; bulk_property:density_20c; gc_fid:pca:pc1; gc_fid:pca:pc2; gc_fid:pca:pc3; gc_fid:pca:pc4; gc_fid:pca:pc5; gc_fid:pls:bp_20:lv1,bulk_property:bp_20(1.000); bulk_property:bp_35(1.000); bulk_property:bp_50(1.000); bulk_property:bp_65(1.000); bulk_property:bp_80(1.000); bulk_property:density_20c(1.000); gc_fid:pca:pc1(1.000); gc_fid:pca:pc2(1.000),petroleum_fraction_db_065,saturates,analysis_plus_non_target_bulk,equal_weight
2,petroleum_fraction_db_009,0.45471,88.64878937776648,80,bulk_property:bp_20; bulk_property:bp_35; bulk_property:bp_50; bulk_property:bp_65; bulk_property:bp_80; bulk_property:density_20c; gc_fid:pca:pc1; gc_fid:pca:pc2; gc_fid:pca:pc3; gc_fid:pca:pc4; gc_fid:pca:pc5; gc_fid:pls:bp_20:lv1,bulk_property:bp_20(1.000); bulk_property:bp_35(1.000); bulk_property:bp_50(1.000); bulk_property:bp_65(1.000); bulk_property:bp_80(1.000); bulk_property:density_20c(1.000); gc_fid:pca:pc1(1.000); gc_fid:pca:pc2(1.000),petroleum_fraction_db_065,saturates,analysis_plus_non_target_bulk,equal_weight
1,petroleum_fraction_db_010,0.375738,88.04270462633271,80,bulk_property:bp_20; bulk_property:bp_35; bulk_property:bp_50; bulk_property:bp_65; bulk_property:bp_80; bulk_property:density_20c; gc_fid:pca:pc1; gc_fid:pca:pc2; gc_fid:pca:pc3; gc_fid:pca:pc4; gc_fid:pca:pc5; gc_fid:pls:bp_20:lv1,bulk_property:density_20c(0.895); ir:weighted_x_q90(0.703); ir_spectrum:pls:density_20c:lv1(0.668); ir_spectrum:pls:saturates:lv1(0.668); ir_spectrum:pca:pc1(0.656); ir:weighted_x_mean(0.613); ir_spectrum:pls:bp_80:lv1(0.577); ir_spectrum:pls:saturates:lv2(0.568),petroleum_fraction_db_065,saturates,analysis_plus_non_target_bulk,correlation_weighted
2,petroleum_fraction_db_009,0.418591,88.64878937776648,80,bulk_property:bp_20; bulk_property:bp_35; bulk_property:bp_50; bulk_property:bp_65; bulk_property:bp_80; bulk_property:density_20c; gc_fid:pca:pc1; gc_fid:pca:pc2; gc_fid:pca:pc3; gc_fid:pca:pc4; gc_fid:pca:pc5; gc_fid:pls:bp_20:lv1,bulk_property:density_20c(0.895); ir:weighted_x_q90(0.703); ir_spectrum:pls:density_20c:lv1(0.668); ir_spectrum:pls:saturates:lv1(0.668); ir_spectrum:pca:pc1(0.656); ir:weighted_x_mean(0.613); ir_spectrum:pls:bp_80:lv1(0.577); ir_spectrum:pls:saturates:lv2(0.568),petroleum_fraction_db_065,saturates,analysis_plus_non_target_bulk,correlation_weighted
1,petroleum_fraction_db_010,0.402949,336.4,74,gc_fid:pca:pc1; gc_fid:pca:pc2; gc_fid:pca:pc3; gc_fid:pca:pc4; gc_fid:pca:pc5; gc_fid:pls:bp_20:lv1; gc_fid:pls:bp_20:lv2; gc_fid:pls:bp_20:lv3; gc_fid:pls:bp_20:lv4; gc_fid:pls:bp_35:lv1; gc_fid:pls:bp_35:lv2; gc_fid:pls:bp_35:lv3,gc_fid:pca:pc1(1.000); gc_fid:pca:pc2(1.000); gc_fid:pca:pc3(1.000); gc_fid:pca:pc4(1.000); gc_fid:pca:pc5(1.000); gc_fid:pls:bp_20:lv1(1.000); gc_fid:pls:bp_20:lv2(1.000); gc_fid:pls:bp_20:lv3(1.000),petroleum_fraction_db_065,BP_20,analysis_only,equal_weight
2,petroleum_fraction_db_009,0.471488,358.4,74,gc_fid:pca:pc1; gc_fid:pca:pc2; gc_fid:pca:pc3; gc_fid:pca:pc4; gc_fid:pca:pc5; gc_fid:pls:bp_20:lv1; gc_fid:pls:bp_20:lv2; gc_fid:pls:bp_20:lv3; gc_fid:pls:bp_20:lv4; gc_fid:pls:bp_35:lv1; gc_fid:pls:bp_35:lv2; gc_fid:pls:bp_35:lv3,gc_fid:pca:pc1(1.000); gc_fid:pca:pc2(1.000); gc_fid:pca:pc3(1.000); gc_fid:pca:pc4(1.000); gc_fid:pca:pc5(1.000); gc_fid:pls:bp_20:lv1(1.000); gc_fid:pls:bp_20:lv2(1.000); gc_fid:pls:bp_20:lv3(1.000),petroleum_fraction_db_065,BP_20,analysis_only,equal_weight
1,petroleum_fraction_db_010,0.397522,336.4,74,gc_fid:pca:pc1; gc_fid:pca:pc2; gc_fid:pca:pc3; gc_fid:pca:pc4; gc_fid:pca:pc5; gc_fid:pls:bp_20:lv1; gc_fid:pls:bp_20:lv2; gc_fid:pls:bp_20:lv3; gc_fid:pls:bp_20:lv4; gc_fid:pls:bp_35:lv1; gc_fid:pls:bp_35:lv2; gc_fid:pls:bp_35:lv3,gc_fid:pls:density_20c:lv1(0.948); gc_fid:pls:bp_20:lv1(0.940); gc_fid:pls:bp_35:lv1(0.939); gc_fid:pls:bp_50:lv1(0.938); gc_fid:pls:bp_65:lv1(0.936); gc_fid:pls:bp_80:lv1(0.934); gc_fid:pls:saturates:lv1(0.928); gc_fid:pca:pc1(0.914),petroleum_fraction_db_065,BP_20,analysis_only,correlation_weighted
2,petroleum_fraction_db_009,0.410967,358.4,74,gc_fid:pca:pc1; gc_fid:pca:pc2; gc_fid:pca:pc3; gc_fid:pca:pc4; gc_fid:pca:pc5; gc_fid:pls:bp_20:lv1; gc_fid:pls:bp_20:lv2; gc_fid:pls:bp_20:lv3; gc_fid:pls:bp_20:lv4; gc_fid:pls:bp_35:lv1; gc_fid:pls:bp_35:lv2; gc_fid:pls:bp_35:lv3,gc_fid:pls:density_20c:lv1(0.948); gc_fid:pls:bp_20:lv1(0.940); gc_fid:pls:bp_35:lv1(0.939); gc_fid:pls:bp_50:lv1(0.938); gc_fid:pls:bp_65:lv1(0.936); gc_fid:pls:bp_80:lv1(0.934); gc_fid:pls:saturates:lv1(0.928); gc_fid:pca:pc1(0.914),petroleum_fraction_db_065,BP_20,analysis_only,correlation_weighted
1,petroleum_fraction_db_010,0.39901,336.4,80,bulk_property:bp_35; bulk_property:bp_50; bulk_property:bp_65; bulk_property:bp_80; bulk_property:density_20c; bulk_property:saturates; gc_fid:pca:pc1; gc_fid:pca:pc2; gc_fid:pca:pc3; gc_fid:pca:pc4; gc_fid:pca:pc5; gc_fid:pls:bp_20:lv1,bulk_property:bp_35(1.000); bulk_property:bp_50(1.000); bulk_property:bp_65(1.000); bulk_property:bp_80(1.000); bulk_property:density_20c(1.000); bulk_property:saturates(1.000); gc_fid:pca:pc1(1.000); gc_fid:pca:pc2(1.000),petroleum_fraction_db_065,BP_20,analysis_plus_non_target_bulk,equal_weight
2,petroleum_fraction_db_009,0.45492,358.4,80,bulk_property:bp_35; bulk_property:bp_50; bulk_property:bp_65; bulk_property:bp_80; bulk_property:density_20c; bulk_property:saturates; gc_fid:pca:pc1; gc_fid:pca:pc2; gc_fid:pca:pc3; gc_fid:pca:pc4; gc_fid:pca:pc5; gc_fid:pls:bp_20:lv1,bulk_property:bp_35(1.000); bulk_property:bp_50(1.000); bulk_property:bp_65(1.000); bulk_property:bp_80(1.000); bulk_property:density_20c(1.000); bulk_property:saturates(1.000); gc_fid:pca:pc1(1.000); gc_fid:pca:pc2(1.000),petroleum_fraction_db_065,BP_20,analysis_plus_non_target_bulk,equal_weight
1,petroleum_fraction_db_009,0.382282,358.4,80,bulk_property:bp_35; bulk_property:bp_50; bulk_property:bp_65; bulk_property:bp_80; bulk_property:density_20c; bulk_property:saturates; gc_fid:pca:pc1; gc_fid:pca:pc2; gc_fid:pca:pc3; gc_fid:pca:pc4; gc_fid:pca:pc5; gc_fid:pls:bp_20:lv1,bulk_property:bp_35(1.040); bulk_property:bp_50(1.015); bulk_property:bp_65(0.986); gc_fid:pls:density_20c:lv1(0.948); gc_fid:pls:bp_20:lv1(0.940); gc_fid:pls:bp_35:lv1(0.939); bulk_property:bp_80(0.939); gc_fid:pls:bp_50:lv1(0.938),petroleum_fraction_db_065,BP_20,analysis_plus_non_target_bulk,correlation_weighted
2,petroleum_fraction_db_010,0.39638,336.4,80,bulk_property:bp_35; bulk_property:bp_50; bulk_property:bp_65; bulk_property:bp_80; bulk_property:density_20c; bulk_property:saturates; gc_fid:pca:pc1; gc_fid:pca:pc2; gc_fid:pca:pc3; gc_fid:pca:pc4; gc_fid:pca:pc5; gc_fid:pls:bp_20:lv1,bulk_property:bp_35(1.040); bulk_property:bp_50(1.015); bulk_property:bp_65(0.986); gc_fid:pls:density_20c:lv1(0.948); gc_fid:pls:bp_20:lv1(0.940); gc_fid:pls:bp_35:lv1(0.939); bulk_property:bp_80(0.939); gc_fid:pls:bp_50:lv1(0.938),petroleum_fraction_db_065,BP_20,analysis_plus_non_target_bulk,correlation_weighted
1,petroleum_fraction_db_010,0.402949,352.0,74,gc_fid:pca:pc1; gc_fid:pca:pc2; gc_fid:pca:pc3; gc_fid:pca:pc4; gc_fid:pca:pc5; gc_fid:pls:bp_20:lv1; gc_fid:pls:bp_20:lv2; gc_fid:pls:bp_20:lv3; gc_fid:pls:bp_20:lv4; gc_fid:pls:bp_35:lv1; gc_fid:pls:bp_35:lv2; gc_fid:pls:bp_35:lv3,gc_fid:pca:pc1(1.000); gc_fid:pca:pc2(1.000); gc_fid:pca:pc3(1.000); gc_fid:pca:pc4(1.000); gc_fid:pca:pc5(1.000); gc_fid:pls:bp_20:lv1(1.000); gc_fid:pls:bp_20:lv2(1.000); gc_fid:pls:bp_20:lv3(1.000),petroleum_fraction_db_065,BP_35,analysis_only,equal_weight
2,petroleum_fraction_db_009,0.471488,378.0,74,gc_fid:pca:pc1; gc_fid:pca:pc2; gc_fid:pca:pc3; gc_fid:pca:pc4; gc_fid:pca:pc5; gc_fid:pls:bp_20:lv1; gc_fid:pls:bp_20:lv2; gc_fid:pls:bp_20:lv3; gc_fid:pls:bp_20:lv4; gc_fid:pls:bp_35:lv1; gc_fid:pls:bp_35:lv2; gc_fid:pls:bp_35:lv3,gc_fid:pca:pc1(1.000); gc_fid:pca:pc2(1.000); gc_fid:pca:pc3(1.000); gc_fid:pca:pc4(1.000); gc_fid:pca:pc5(1.000); gc_fid:pls:bp_20:lv1(1.000); gc_fid:pls:bp_20:lv2(1.000); gc_fid:pls:bp_20:lv3(1.000),petroleum_fraction_db_065,BP_35,analysis_only,equal_weight
1,petroleum_fraction_db_010,0.394826,352.0,74,gc_fid:pca:pc1; gc_fid:pca:pc2; gc_fid:pca:pc3; gc_fid:pca:pc4; gc_fid:pca:pc5; gc_fid:pls:bp_20:lv1; gc_fid:pls:bp_20:lv2; gc_fid:pls:bp_20:lv3; gc_fid:pls:bp_20:lv4; gc_fid:pls:bp_35:lv1; gc_fid:pls:bp_35:lv2; gc_fid:pls:bp_35:lv3,gc_fid:pls:density_20c:lv1(0.967); gc_fid:pls:bp_35:lv1(0.949); gc_fid:pls:saturates:lv1(0.948); gc_fid:pls:bp_20:lv1(0.948); gc_fid:pls:bp_50:lv1(0.948); gc_fid:pls:bp_65:lv1(0.947); gc_fid:pls:bp_80:lv1(0.946); gc_fid:pca:pc1(0.921),petroleum_fraction_db_065,BP_35,analysis_only,correlation_weighted
2,petroleum_fraction_db_009,0.406616,378.0,74,gc_fid:pca:pc1; gc_fid:pca:pc2; gc_fid:pca:pc3; gc_fid:pca:pc4; gc_fid:pca:pc5; gc_fid:pls:bp_20:lv1; gc_fid:pls:bp_20:lv2; gc_fid:pls:bp_20:lv3; gc_fid:pls:bp_20:lv4; gc_fid:pls:bp_35:lv1; gc_fid:pls:bp_35:lv2; gc_fid:pls:bp_35:lv3,gc_fid:pls:density_20c:lv1(0.967); gc_fid:pls:bp_35:lv1(0.949); gc_fid:pls:saturates:lv1(0.948); gc_fid:pls:bp_20:lv1(0.948); gc_fid:pls:bp_50:lv1(0.948); gc_fid:pls:bp_65:lv1(0.947); gc_fid:pls:bp_80:lv1(0.946); gc_fid:pca:pc1(0.921),petroleum_fraction_db_065,BP_35,analysis_only,correlation_weighted
1,petroleum_fraction_db_010,0.399787,352.0,80,bulk_property:bp_20; bulk_property:bp_50; bulk_property:bp_65; bulk_property:bp_80; bulk_property:density_20c; bulk_property:saturates; gc_fid:pca:pc1; gc_fid:pca:pc2; gc_fid:pca:pc3; gc_fid:pca:pc4; gc_fid:pca:pc5; gc_fid:pls:bp_20:lv1,bulk_property:bp_20(1.000); bulk_property:bp_50(1.000); bulk_property:bp_65(1.000); bulk_property:bp_80(1.000); bulk_property:density_20c(1.000); bulk_property:saturates(1.000); gc_fid:pca:pc1(1.000); gc_fid:pca:pc2(1.000),petroleum_fraction_db_065,BP_35,analysis_plus_non_target_bulk,equal_weight
2,petroleum_fraction_db_009,0.455144,378.0,80,bulk_property:bp_20; bulk_property:bp_50; bulk_property:bp_65; bulk_property:bp_80; bulk_property:density_20c; bulk_property:saturates; gc_fid:pca:pc1; gc_fid:pca:pc2; gc_fid:pca:pc3; gc_fid:pca:pc4; gc_fid:pca:pc5; gc_fid:pls:bp_20:lv1,bulk_property:bp_20(1.000); bulk_property:bp_50(1.000); bulk_property:bp_65(1.000); bulk_property:bp_80(1.000); bulk_property:density_20c(1.000); bulk_property:saturates(1.000); gc_fid:pca:pc1(1.000); gc_fid:pca:pc2(1.000),petroleum_fraction_db_065,BP_35,analysis_plus_non_target_bulk,equal_weight
1,petroleum_fraction_db_009,0.378604,378.0,80,bulk_property:bp_20; bulk_property:bp_50; bulk_property:bp_65; bulk_property:bp_80; bulk_property:density_20c; bulk_property:saturates; gc_fid:pca:pc1; gc_fid:pca:pc2; gc_fid:pca:pc3; gc_fid:pca:pc4; gc_fid:pca:pc5; gc_fid:pls:bp_20:lv1,bulk_property:bp_20(1.040); bulk_property:bp_50(1.040); bulk_property:bp_65(1.020); bulk_property:bp_80(0.982); gc_fid:pls:density_20c:lv1(0.967); gc_fid:pls:bp_35:lv1(0.949); gc_fid:pls:saturates:lv1(0.948); gc_fid:pls:bp_20:lv1(0.948),petroleum_fraction_db_065,BP_35,analysis_plus_non_target_bulk,correlation_weighted
2,petroleum_fraction_db_010,0.395993,352.0,80,bulk_property:bp_20; bulk_property:bp_50; bulk_property:bp_65; bulk_property:bp_80; bulk_property:density_20c; bulk_property:saturates; gc_fid:pca:pc1; gc_fid:pca:pc2; gc_fid:pca:pc3; gc_fid:pca:pc4; gc_fid:pca:pc5; gc_fid:pls:bp_20:lv1,bulk_property:bp_20(1.040); bulk_property:bp_50(1.040); bulk_property:bp_65(1.020); bulk_property:bp_80(0.982); gc_fid:pls:density_20c:lv1(0.967); gc_fid:pls:bp_35:lv1(0.949); gc_fid:pls:saturates:lv1(0.948); gc_fid:pls:bp_20:lv1(0.948),petroleum_fraction_db_065,BP_35,analysis_plus_non_target_bulk,correlation_weighted
1,petroleum_fraction_db_010,0.402949,365.8,74,gc_fid:pca:pc1; gc_fid:pca:pc2; gc_fid:pca:pc3; gc_fid:pca:pc4; gc_fid:pca:pc5; gc_fid:pls:bp_20:lv1; gc_fid:pls:bp_20:lv2; gc_fid:pls:bp_20:lv3; gc_fid:pls:bp_20:lv4; gc_fid:pls:bp_35:lv1; gc_fid:pls:bp_35:lv2; gc_fid:pls:bp_35:lv3,gc_fid:pca:pc1(1.000); gc_fid:pca:pc2(1.000); gc_fid:pca:pc3(1.000); gc_fid:pca:pc4(1.000); gc_fid:pca:pc5(1.000); gc_fid:pls:bp_20:lv1(1.000); gc_fid:pls:bp_20:lv2(1.000); gc_fid:pls:bp_20:lv3(1.000),petroleum_fraction_db_065,BP_50,analysis_only,equal_weight
2,petroleum_fraction_db_009,0.471488,395.6,74,gc_fid:pca:pc1; gc_fid:pca:pc2; gc_fid:pca:pc3; gc_fid:pca:pc4; gc_fid:pca:pc5; gc_fid:pls:bp_20:lv1; gc_fid:pls:bp_20:lv2; gc_fid:pls:bp_20:lv3; gc_fid:pls:bp_20:lv4; gc_fid:pls:bp_35:lv1; gc_fid:pls:bp_35:lv2; gc_fid:pls:bp_35:lv3,gc_fid:pca:pc1(1.000); gc_fid:pca:pc2(1.000); gc_fid:pca:pc3(1.000); gc_fid:pca:pc4(1.000); gc_fid:pca:pc5(1.000); gc_fid:pls:bp_20:lv1(1.000); gc_fid:pls:bp_20:lv2(1.000); gc_fid:pls:bp_20:lv3(1.000),petroleum_fraction_db_065,BP_50,analysis_only,equal_weight
1,petroleum_fraction_db_010,0.392991,365.8,74,gc_fid:pca:pc1; gc_fid:pca:pc2; gc_fid:pca:pc3; gc_fid:pca:pc4; gc_fid:pca:pc5; gc_fid:pls:bp_20:lv1; gc_fid:pls:bp_20:lv2; gc_fid:pls:bp_20:lv3; gc_fid:pls:bp_20:lv4; gc_fid:pls:bp_35:lv1; gc_fid:pls:bp_35:lv2; gc_fid:pls:bp_35:lv3,gc_fid:pls:density_20c:lv1(0.977); gc_fid:pls:saturates:lv1(0.960); gc_fid:pls:bp_50:lv1(0.951); gc_fid:pls:bp_80:lv1(0.951); gc_fid:pls:bp_35:lv1(0.951); gc_fid:pls:bp_65:lv1(0.951); gc_fid:pls:bp_20:lv1(0.949); gc_fid:pca:pc1(0.923),petroleum_fraction_db_065,BP_50,analysis_only,correlation_weighted
2,petroleum_fraction_db_009,0.398719,395.6,74,gc_fid:pca:pc1; gc_fid:pca:pc2; gc_fid:pca:pc3; gc_fid:pca:pc4; gc_fid:pca:pc5; gc_fid:pls:bp_20:lv1; gc_fid:pls:bp_20:lv2; gc_fid:pls:bp_20:lv3; gc_fid:pls:bp_20:lv4; gc_fid:pls:bp_35:lv1; gc_fid:pls:bp_35:lv2; gc_fid:pls:bp_35:lv3,gc_fid:pls:density_20c:lv1(0.977); gc_fid:pls:saturates:lv1(0.960); gc_fid:pls:bp_50:lv1(0.951); gc_fid:pls:bp_80:lv1(0.951); gc_fid:pls:bp_35:lv1(0.951); gc_fid:pls:bp_65:lv1(0.951); gc_fid:pls:bp_20:lv1(0.949); gc_fid:pca:pc1(0.923),petroleum_fraction_db_065,BP_50,analysis_only,correlation_weighted
1,petroleum_fraction_db_010,0.400462,365.8,80,bulk_property:bp_20; bulk_property:bp_35; bulk_property:bp_65; bulk_property:bp_80; bulk_property:density_20c; bulk_property:saturates; gc_fid:pca:pc1; gc_fid:pca:pc2; gc_fid:pca:pc3; gc_fid:pca:pc4; gc_fid:pca:pc5; gc_fid:pls:bp_20:lv1,bulk_property:bp_20(1.000); bulk_property:bp_35(1.000); bulk_property:bp_65(1.000); bulk_property:bp_80(1.000); bulk_property:density_20c(1.000); bulk_property:saturates(1.000); gc_fid:pca:pc1(1.000); gc_fid:pca:pc2(1.000),petroleum_fraction_db_065,BP_50,analysis_plus_non_target_bulk,equal_weight
2,petroleum_fraction_db_009,0.455026,395.6,80,bulk_property:bp_20; bulk_property:bp_35; bulk_property:bp_65; bulk_property:bp_80; bulk_property:density_20c; bulk_property:saturates; gc_fid:pca:pc1; gc_fid:pca:pc2; gc_fid:pca:pc3; gc_fid:pca:pc4; gc_fid:pca:pc5; gc_fid:pls:bp_20:lv1,bulk_property:bp_20(1.000); bulk_property:bp_35(1.000); bulk_property:bp_65(1.000); bulk_property:bp_80(1.000); bulk_property:density_20c(1.000); bulk_property:saturates(1.000); gc_fid:pca:pc1(1.000); gc_fid:pca:pc2(1.000),petroleum_fraction_db_065,BP_50,analysis_plus_non_target_bulk,equal_weight
1,petroleum_fraction_db_009,0.370784,395.6,80,bulk_property:bp_20; bulk_property:bp_35; bulk_property:bp_65; bulk_property:bp_80; bulk_property:density_20c; bulk_property:saturates; gc_fid:pca:pc1; gc_fid:pca:pc2; gc_fid:pca:pc3; gc_fid:pca:pc4; gc_fid:pca:pc5; gc_fid:pls:bp_20:lv1,bulk_property:bp_65(1.042); bulk_property:bp_35(1.040); bulk_property:bp_80(1.018); bulk_property:bp_20(1.015); gc_fid:pls:density_20c:lv1(0.977); gc_fid:pls:saturates:lv1(0.960); gc_fid:pls:bp_50:lv1(0.951); gc_fid:pls:bp_80:lv1(0.951),petroleum_fraction_db_065,BP_50,analysis_plus_non_target_bulk,correlation_weighted
2,petroleum_fraction_db_010,0.39599,365.8,80,bulk_property:bp_20; bulk_property:bp_35; bulk_property:bp_65; bulk_property:bp_80; bulk_property:density_20c; bulk_property:saturates; gc_fid:pca:pc1; gc_fid:pca:pc2; gc_fid:pca:pc3; gc_fid:pca:pc4; gc_fid:pca:pc5; gc_fid:pls:bp_20:lv1,bulk_property:bp_65(1.042); bulk_property:bp_35(1.040); bulk_property:bp_80(1.018); bulk_property:bp_20(1.015); gc_fid:pls:density_20c:lv1(0.977); gc_fid:pls:saturates:lv1(0.960); gc_fid:pls:bp_50:lv1(0.951); gc_fid:pls:bp_80:lv1(0.951),petroleum_fraction_db_065,BP_50,analysis_plus_non_target_bulk,correlation_weighted
1,petroleum_fraction_db_010,0.402949,379.2,74,gc_fid:pca:pc1; gc_fid:pca:pc2; gc_fid:pca:pc3; gc_fid:pca:pc4; gc_fid:pca:pc5; gc_fid:pls:bp_20:lv1; gc_fid:pls:bp_20:lv2; gc_fid:pls:bp_20:lv3; gc_fid:pls:bp_20:lv4; gc_fid:pls:bp_35:lv1; gc_fid:pls:bp_35:lv2; gc_fid:pls:bp_35:lv3,gc_fid:pca:pc1(1.000); gc_fid:pca:pc2(1.000); gc_fid:pca:pc3(1.000); gc_fid:pca:pc4(1.000); gc_fid:pca:pc5(1.000); gc_fid:pls:bp_20:lv1(1.000); gc_fid:pls:bp_20:lv2(1.000); gc_fid:pls:bp_20:lv3(1.000),petroleum_fraction_db_065,BP_65,analysis_only,equal_weight
2,petroleum_fraction_db_009,0.471488,412.8,74,gc_fid:pca:pc1; gc_fid:pca:pc2; gc_fid:pca:pc3; gc_fid:pca:pc4; gc_fid:pca:pc5; gc_fid:pls:bp_20:lv1; gc_fid:pls:bp_20:lv2; gc_fid:pls:bp_20:lv3; gc_fid:pls:bp_20:lv4; gc_fid:pls:bp_35:lv1; gc_fid:pls:bp_35:lv2; gc_fid:pls:bp_35:lv3,gc_fid:pca:pc1(1.000); gc_fid:pca:pc2(1.000); gc_fid:pca:pc3(1.000); gc_fid:pca:pc4(1.000); gc_fid:pca:pc5(1.000); gc_fid:pls:bp_20:lv1(1.000); gc_fid:pls:bp_20:lv2(1.000); gc_fid:pls:bp_20:lv3(1.000),petroleum_fraction_db_065,BP_65,analysis_only,equal_weight
1,petroleum_fraction_db_010,0.392742,379.2,74,gc_fid:pca:pc1; gc_fid:pca:pc2; gc_fid:pca:pc3; gc_fid:pca:pc4; gc_fid:pca:pc5; gc_fid:pls:bp_20:lv1; gc_fid:pls:bp_20:lv2; gc_fid:pls:bp_20:lv3; gc_fid:pls:bp_20:lv4; gc_fid:pls:bp_35:lv1; gc_fid:pls:bp_35:lv2; gc_fid:pls:bp_35:lv3,gc_fid:pls:density_20c:lv1(0.980); gc_fid:pls:saturates:lv1(0.965); gc_fid:pls:bp_80:lv1(0.952); gc_fid:pls:bp_65:lv1(0.951); gc_fid:pls:bp_50:lv1(0.951); gc_fid:pls:bp_35:lv1(0.950); gc_fid:pls:bp_20:lv1(0.947); gc_fid:pca:pc1(0.922),petroleum_fraction_db_065,BP_65,analysis_only,correlation_weighted
2,petroleum_fraction_db_009,0.393078,412.8,74,gc_fid:pca:pc1; gc_fid:pca:pc2; gc_fid:pca:pc3; gc_fid:pca:pc4; gc_fid:pca:pc5; gc_fid:pls:bp_20:lv1; gc_fid:pls:bp_20:lv2; gc_fid:pls:bp_20:lv3; gc_fid:pls:bp_20:lv4; gc_fid:pls:bp_35:lv1; gc_fid:pls:bp_35:lv2; gc_fid:pls:bp_35:lv3,gc_fid:pls:density_20c:lv1(0.980); gc_fid:pls:saturates:lv1(0.965); gc_fid:pls:bp_80:lv1(0.952); gc_fid:pls:bp_65:lv1(0.951); gc_fid:pls:bp_50:lv1(0.951); gc_fid:pls:bp_35:lv1(0.950); gc_fid:pls:bp_20:lv1(0.947); gc_fid:pca:pc1(0.922),petroleum_fraction_db_065,BP_65,analysis_only,correlation_weighted
1,petroleum_fraction_db_010,0.400929,379.2,80,bulk_property:bp_20; bulk_property:bp_35; bulk_property:bp_50; bulk_property:bp_80; bulk_property:density_20c; bulk_property:saturates; gc_fid:pca:pc1; gc_fid:pca:pc2; gc_fid:pca:pc3; gc_fid:pca:pc4; gc_fid:pca:pc5; gc_fid:pls:bp_20:lv1,bulk_property:bp_20(1.000); bulk_property:bp_35(1.000); bulk_property:bp_50(1.000); bulk_property:bp_80(1.000); bulk_property:density_20c(1.000); bulk_property:saturates(1.000); gc_fid:pca:pc1(1.000); gc_fid:pca:pc2(1.000),petroleum_fraction_db_065,BP_65,analysis_plus_non_target_bulk,equal_weight
2,petroleum_fraction_db_009,0.454713,412.8,80,bulk_property:bp_20; bulk_property:bp_35; bulk_property:bp_50; bulk_property:bp_80; bulk_property:density_20c; bulk_property:saturates; gc_fid:pca:pc1; gc_fid:pca:pc2; gc_fid:pca:pc3; gc_fid:pca:pc4; gc_fid:pca:pc5; gc_fid:pls:bp_20:lv1,bulk_property:bp_20(1.000); bulk_property:bp_35(1.000); bulk_property:bp_50(1.000); bulk_property:bp_80(1.000); bulk_property:density_20c(1.000); bulk_property:saturates(1.000); gc_fid:pca:pc1(1.000); gc_fid:pca:pc2(1.000),petroleum_fraction_db_065,BP_65,analysis_plus_non_target_bulk,equal_weight
1,petroleum_fraction_db_009,0.364494,412.8,80,bulk_property:bp_20; bulk_property:bp_35; bulk_property:bp_50; bulk_property:bp_80; bulk_property:density_20c; bulk_property:saturates; gc_fid:pca:pc1; gc_fid:pca:pc2; gc_fid:pca:pc3; gc_fid:pca:pc4; gc_fid:pca:pc5; gc_fid:pls:bp_20:lv1,bulk_property:bp_50(1.042); bulk_property:bp_80(1.039); bulk_property:bp_35(1.020); bulk_property:bp_20(0.986); gc_fid:pls:density_20c:lv1(0.980); gc_fid:pls:saturates:lv1(0.965); gc_fid:pls:bp_80:lv1(0.952); gc_fid:pls:bp_65:lv1(0.951),petroleum_fraction_db_065,BP_65,analysis_plus_non_target_bulk,correlation_weighted
2,petroleum_fraction_db_010,0.396644,379.2,80,bulk_property:bp_20; bulk_property:bp_35; bulk_property:bp_50; bulk_property:bp_80; bulk_property:density_20c; bulk_property:saturates; gc_fid:pca:pc1; gc_fid:pca:pc2; gc_fid:pca:pc3; gc_fid:pca:pc4; gc_fid:pca:pc5; gc_fid:pls:bp_20:lv1,bulk_property:bp_50(1.042); bulk_property:bp_80(1.039); bulk_property:bp_35(1.020); bulk_property:bp_20(0.986); gc_fid:pls:density_20c:lv1(0.980); gc_fid:pls:saturates:lv1(0.965); gc_fid:pls:bp_80:lv1(0.952); gc_fid:pls:bp_65:lv1(0.951),petroleum_fraction_db_065,BP_65,analysis_plus_non_target_bulk,correlation_weighted
1,petroleum_fraction_db_010,0.402949,395.6,74,gc_fid:pca:pc1; gc_fid:pca:pc2; gc_fid:pca:pc3; gc_fid:pca:pc4; gc_fid:pca:pc5; gc_fid:pls:bp_20:lv1; gc_fid:pls:bp_20:lv2; gc_fid:pls:bp_20:lv3; gc_fid:pls:bp_20:lv4; gc_fid:pls:bp_35:lv1; gc_fid:pls:bp_35:lv2; gc_fid:pls:bp_35:lv3,gc_fid:pca:pc1(1.000); gc_fid:pca:pc2(1.000); gc_fid:pca:pc3(1.000); gc_fid:pca:pc4(1.000); gc_fid:pca:pc5(1.000); gc_fid:pls:bp_20:lv1(1.000); gc_fid:pls:bp_20:lv2(1.000); gc_fid:pls:bp_20:lv3(1.000),petroleum_fraction_db_065,BP_80,analysis_only,equal_weight
2,petroleum_fraction_db_009,0.471488,434.0,74,gc_fid:pca:pc1; gc_fid:pca:pc2; gc_fid:pca:pc3; gc_fid:pca:pc4; gc_fid:pca:pc5; gc_fid:pls:bp_20:lv1; gc_fid:pls:bp_20:lv2; gc_fid:pls:bp_20:lv3; gc_fid:pls:bp_20:lv4; gc_fid:pls:bp_35:lv1; gc_fid:pls:bp_35:lv2; gc_fid:pls:bp_35:lv3,gc_fid:pca:pc1(1.000); gc_fid:pca:pc2(1.000); gc_fid:pca:pc3(1.000); gc_fid:pca:pc4(1.000); gc_fid:pca:pc5(1.000); gc_fid:pls:bp_20:lv1(1.000); gc_fid:pls:bp_20:lv2(1.000); gc_fid:pls:bp_20:lv3(1.000),petroleum_fraction_db_065,BP_80,analysis_only,equal_weight
1,petroleum_fraction_db_010,0.392214,395.6,74,gc_fid:pca:pc1; gc_fid:pca:pc2; gc_fid:pca:pc3; gc_fid:pca:pc4; gc_fid:pca:pc5; gc_fid:pls:bp_20:lv1; gc_fid:pls:bp_20:lv2; gc_fid:pls:bp_20:lv3; gc_fid:pls:bp_20:lv4; gc_fid:pls:bp_35:lv1; gc_fid:pls:bp_35:lv2; gc_fid:pls:bp_35:lv3,gc_fid:pls:density_20c:lv1(0.973); gc_fid:pls:saturates:lv1(0.962); gc_fid:pls:bp_80:lv1(0.945); gc_fid:pls:bp_65:lv1(0.942); gc_fid:pls:bp_50:lv1(0.941); gc_fid:pls:bp_35:lv1(0.939); gc_fid:pls:bp_20:lv1(0.935); gc_fid:pca:pc1(0.913),petroleum_fraction_db_065,BP_80,analysis_only,correlation_weighted
2,petroleum_fraction_db_009,0.392362,434.0,74,gc_fid:pca:pc1; gc_fid:pca:pc2; gc_fid:pca:pc3; gc_fid:pca:pc4; gc_fid:pca:pc5; gc_fid:pls:bp_20:lv1; gc_fid:pls:bp_20:lv2; gc_fid:pls:bp_20:lv3; gc_fid:pls:bp_20:lv4; gc_fid:pls:bp_35:lv1; gc_fid:pls:bp_35:lv2; gc_fid:pls:bp_35:lv3,gc_fid:pls:density_20c:lv1(0.973); gc_fid:pls:saturates:lv1(0.962); gc_fid:pls:bp_80:lv1(0.945); gc_fid:pls:bp_65:lv1(0.942); gc_fid:pls:bp_50:lv1(0.941); gc_fid:pls:bp_35:lv1(0.939); gc_fid:pls:bp_20:lv1(0.935); gc_fid:pca:pc1(0.913),petroleum_fraction_db_065,BP_80,analysis_only,correlation_weighted
1,petroleum_fraction_db_010,0.401062,395.6,80,bulk_property:bp_20; bulk_property:bp_35; bulk_property:bp_50; bulk_property:bp_65; bulk_property:density_20c; bulk_property:saturates; gc_fid:pca:pc1; gc_fid:pca:pc2; gc_fid:pca:pc3; gc_fid:pca:pc4; gc_fid:pca:pc5; gc_fid:pls:bp_20:lv1,bulk_property:bp_20(1.000); bulk_property:bp_35(1.000); bulk_property:bp_50(1.000); bulk_property:bp_65(1.000); bulk_property:density_20c(1.000); bulk_property:saturates(1.000); gc_fid:pca:pc1(1.000); gc_fid:pca:pc2(1.000),petroleum_fraction_db_065,BP_80,analysis_plus_non_target_bulk,equal_weight
2,petroleum_fraction_db_009,0.454485,434.0,80,bulk_property:bp_20; bulk_property:bp_35; bulk_property:bp_50; bulk_property:bp_65; bulk_property:density_20c; bulk_property:saturates; gc_fid:pca:pc1; gc_fid:pca:pc2; gc_fid:pca:pc3; gc_fid:pca:pc4; gc_fid:pca:pc5; gc_fid:pls:bp_20:lv1,bulk_property:bp_20(1.000); bulk_property:bp_35(1.000); bulk_property:bp_50(1.000); bulk_property:bp_65(1.000); bulk_property:density_20c(1.000); bulk_property:saturates(1.000); gc_fid:pca:pc1(1.000); gc_fid:pca:pc2(1.000),petroleum_fraction_db_065,BP_80,analysis_plus_non_target_bulk,equal_weight
1,petroleum_fraction_db_009,0.363342,434.0,80,bulk_property:bp_20; bulk_property:bp_35; bulk_property:bp_50; bulk_property:bp_65; bulk_property:density_20c; bulk_property:saturates; gc_fid:pca:pc1; gc_fid:pca:pc2; gc_fid:pca:pc3; gc_fid:pca:pc4; gc_fid:pca:pc5; gc_fid:pls:bp_20:lv1,bulk_property:bp_65(1.039); bulk_property:bp_50(1.018); bulk_property:bp_35(0.982); gc_fid:pls:density_20c:lv1(0.973); gc_fid:pls:saturates:lv1(0.962); gc_fid:pls:bp_80:lv1(0.945); gc_fid:pls:bp_65:lv1(0.942); gc_fid:pls:bp_50:lv1(0.941),petroleum_fraction_db_065,BP_80,analysis_plus_non_target_bulk,correlation_weighted
2,petroleum_fraction_db_010,0.396031,395.6,80,bulk_property:bp_20; bulk_property:bp_35; bulk_property:bp_50; bulk_property:bp_65; bulk_property:density_20c; bulk_property:saturates; gc_fid:pca:pc1; gc_fid:pca:pc2; gc_fid:pca:pc3; gc_fid:pca:pc4; gc_fid:pca:pc5; gc_fid:pls:bp_20:lv1,bulk_property:bp_65(1.039); bulk_property:bp_50(1.018); bulk_property:bp_35(0.982); gc_fid:pls:density_20c:lv1(0.973); gc_fid:pls:saturates:lv1(0.962); gc_fid:pls:bp_80:lv1(0.945); gc_fid:pls:bp_65:lv1(0.942); gc_fid:pls:bp_50:lv1(0.941),petroleum_fraction_db_065,BP_80,analysis_plus_non_target_bulk,correlation_weighted
1,petroleum_fraction_db_063,0.299854,0.8783,74,gc_fid:pca:pc1; gc_fid:pca:pc2; gc_fid:pca:pc3; gc_fid:pca:pc4; gc_fid:pca:pc5; gc_fid:pls:bp_20:lv1; gc_fid:pls:bp_20:lv2; gc_fid:pls:bp_20:lv3; gc_fid:pls:bp_20:lv4; gc_fid:pls:bp_35:lv1; gc_fid:pls:bp_35:lv2; gc_fid:pls:bp_35:lv3,gc_fid:pca:pc1(1.000); gc_fid:pca:pc2(1.000); gc_fid:pca:pc3(1.000); gc_fid:pca:pc4(1.000); gc_fid:pca:pc5(1.000); gc_fid:pls:bp_20:lv1(1.000); gc_fid:pls:bp_20:lv2(1.000); gc_fid:pls:bp_20:lv3(1.000),petroleum_fraction_db_067,density_20c,analysis_only,equal_weight
2,petroleum_fraction_db_033,0.412804,0.9002,74,gc_fid:pca:pc1; gc_fid:pca:pc2; gc_fid:pca:pc3; gc_fid:pca:pc4; gc_fid:pca:pc5; gc_fid:pls:bp_20:lv1; gc_fid:pls:bp_20:lv2; gc_fid:pls:bp_20:lv3; gc_fid:pls:bp_20:lv4; gc_fid:pls:bp_35:lv1; gc_fid:pls:bp_35:lv2; gc_fid:pls:bp_35:lv3,gc_fid:pca:pc1(1.000); gc_fid:pca:pc2(1.000); gc_fid:pca:pc3(1.000); gc_fid:pca:pc4(1.000); gc_fid:pca:pc5(1.000); gc_fid:pls:bp_20:lv1(1.000); gc_fid:pls:bp_20:lv2(1.000); gc_fid:pls:bp_20:lv3(1.000),petroleum_fraction_db_067,density_20c,analysis_only,equal_weight
1,petroleum_fraction_db_063,0.271663,0.8783,74,gc_fid:pca:pc1; gc_fid:pca:pc2; gc_fid:pca:pc3; gc_fid:pca:pc4; gc_fid:pca:pc5; gc_fid:pls:bp_20:lv1; gc_fid:pls:bp_20:lv2; gc_fid:pls:bp_20:lv3; gc_fid:pls:bp_20:lv4; gc_fid:pls:bp_35:lv1; gc_fid:pls:bp_35:lv2; gc_fid:pls:bp_35:lv3,ir:weighted_x_q90(0.728); ir_spectrum:pls:density_20c:lv2(0.727); ir_spectrum:pls:saturates:lv2(0.716); ir_spectrum:pls:density_20c:lv1(0.649); ir_spectrum:pls:saturates:lv1(0.629); ir_spectrum:pls:bp_35:lv1(0.628); ir_spectrum:pca:pc1(0.615); ir_spectrum:pls:bp_65:lv1(0.615),petroleum_fraction_db_067,density_20c,analysis_only,correlation_weighted
2,petroleum_fraction_db_010,0.455528,0.8619,74,gc_fid:pca:pc1; gc_fid:pca:pc2; gc_fid:pca:pc3; gc_fid:pca:pc4; gc_fid:pca:pc5; gc_fid:pls:bp_20:lv1; gc_fid:pls:bp_20:lv2; gc_fid:pls:bp_20:lv3; gc_fid:pls:bp_20:lv4; gc_fid:pls:bp_35:lv1; gc_fid:pls:bp_35:lv2; gc_fid:pls:bp_35:lv3,ir:weighted_x_q90(0.728); ir_spectrum:pls:density_20c:lv2(0.727); ir_spectrum:pls:saturates:lv2(0.716); ir_spectrum:pls:density_20c:lv1(0.649); ir_spectrum:pls:saturates:lv1(0.629); ir_spectrum:pls:bp_35:lv1(0.628); ir_spectrum:pca:pc1(0.615); ir_spectrum:pls:bp_65:lv1(0.615),petroleum_fraction_db_067,density_20c,analysis_only,correlation_weighted
1,petroleum_fraction_db_063,0.289064,0.8783,80,bulk_property:bp_20; bulk_property:bp_35; bulk_property:bp_50; bulk_property:bp_65; bulk_property:bp_80; bulk_property:saturates; gc_fid:pca:pc1; gc_fid:pca:pc2; gc_fid:pca:pc3; gc_fid:pca:pc4; gc_fid:pca:pc5; gc_fid:pls:bp_20:lv1,bulk_property:bp_20(1.000); bulk_property:bp_35(1.000); bulk_property:bp_50(1.000); bulk_property:bp_65(1.000); bulk_property:bp_80(1.000); bulk_property:saturates(1.000); gc_fid:pca:pc1(1.000); gc_fid:pca:pc2(1.000),petroleum_fraction_db_067,density_20c,analysis_plus_non_target_bulk,equal_weight
2,petroleum_fraction_db_033,0.413408,0.9002,80,bulk_property:bp_20; bulk_property:bp_35; bulk_property:bp_50; bulk_property:bp_65; bulk_property:bp_80; bulk_property:saturates; gc_fid:pca:pc1; gc_fid:pca:pc2; gc_fid:pca:pc3; gc_fid:pca:pc4; gc_fid:pca:pc5; gc_fid:pls:bp_20:lv1,bulk_property:bp_20(1.000); bulk_property:bp_35(1.000); bulk_property:bp_50(1.000); bulk_property:bp_65(1.000); bulk_property:bp_80(1.000); bulk_property:saturates(1.000); gc_fid:pca:pc1(1.000); gc_fid:pca:pc2(1.000),petroleum_fraction_db_067,density_20c,analysis_plus_non_target_bulk,equal_weight
1,petroleum_fraction_db_063,0.257568,0.8783,80,bulk_property:bp_20; bulk_property:bp_35; bulk_property:bp_50; bulk_property:bp_65; bulk_property:bp_80; bulk_property:saturates; gc_fid:pca:pc1; gc_fid:pca:pc2; gc_fid:pca:pc3; gc_fid:pca:pc4; gc_fid:pca:pc5; gc_fid:pls:bp_20:lv1,bulk_property:saturates(0.895); ir:weighted_x_q90(0.728); ir_spectrum:pls:density_20c:lv2(0.727); ir_spectrum:pls:saturates:lv2(0.716); ir_spectrum:pls:density_20c:lv1(0.649); ir_spectrum:pls:saturates:lv1(0.629); ir_spectrum:pls:bp_35:lv1(0.628); ir_spectrum:pca:pc1(0.615),petroleum_fraction_db_067,density_20c,analysis_plus_non_target_bulk,correlation_weighted
2,petroleum_fraction_db_033,0.45432,0.9002,80,bulk_property:bp_20; bulk_property:bp_35; bulk_property:bp_50; bulk_property:bp_65; bulk_property:bp_80; bulk_property:saturates; gc_fid:pca:pc1; gc_fid:pca:pc2; gc_fid:pca:pc3; gc_fid:pca:pc4; gc_fid:pca:pc5; gc_fid:pls:bp_20:lv1,bulk_property:saturates(0.895); ir:weighted_x_q90(0.728); ir_spectrum:pls:density_20c:lv2(0.727); ir_spectrum:pls:saturates:lv2(0.716); ir_spectrum:pls:density_20c:lv1(0.649); ir_spectrum:pls:saturates:lv1(0.629); ir_spectrum:pls:bp_35:lv1(0.628); ir_spectrum:pca:pc1(0.615),petroleum_fraction_db_067,density_20c,analysis_plus_non_target_bulk,correlation_weighted
1,petroleum_fraction_db_063,0.299854,86.55688622754492,74,gc_fid:pca:pc1; gc_fid:pca:pc2; gc_fid:pca:pc3; gc_fid:pca:pc4; gc_fid:pca:pc5; gc_fid:pls:bp_20:lv1; gc_fid:pls:bp_20:lv2; gc_fid:pls:bp_20:lv3; gc_fid:pls:bp_20:lv4; gc_fid:pls:bp_35:lv1; gc_fid:pls:bp_35:lv2; gc_fid:pls:bp_35:lv3,gc_fid:pca:pc1(1.000); gc_fid:pca:pc2(1.000); gc_fid:pca:pc3(1.000); gc_fid:pca:pc4(1.000); gc_fid:pca:pc5(1.000); gc_fid:pls:bp_20:lv1(1.000); gc_fid:pls:bp_20:lv2(1.000); gc_fid:pls:bp_20:lv3(1.000),petroleum_fraction_db_067,saturates,analysis_only,equal_weight
2,petroleum_fraction_db_033,0.412804,78.72959279414542,74,gc_fid:pca:pc1; gc_fid:pca:pc2; gc_fid:pca:pc3; gc_fid:pca:pc4; gc_fid:pca:pc5; gc_fid:pls:bp_20:lv1; gc_fid:pls:bp_20:lv2; gc_fid:pls:bp_20:lv3; gc_fid:pls:bp_20:lv4; gc_fid:pls:bp_35:lv1; gc_fid:pls:bp_35:lv2; gc_fid:pls:bp_35:lv3,gc_fid:pca:pc1(1.000); gc_fid:pca:pc2(1.000); gc_fid:pca:pc3(1.000); gc_fid:pca:pc4(1.000); gc_fid:pca:pc5(1.000); gc_fid:pls:bp_20:lv1(1.000); gc_fid:pls:bp_20:lv2(1.000); gc_fid:pls:bp_20:lv3(1.000),petroleum_fraction_db_067,saturates,analysis_only,equal_weight
1,petroleum_fraction_db_063,0.268379,86.55688622754492,74,gc_fid:pca:pc1; gc_fid:pca:pc2; gc_fid:pca:pc3; gc_fid:pca:pc4; gc_fid:pca:pc5; gc_fid:pls:bp_20:lv1; gc_fid:pls:bp_20:lv2; gc_fid:pls:bp_20:lv3; gc_fid:pls:bp_20:lv4; gc_fid:pls:bp_35:lv1; gc_fid:pls:bp_35:lv2; gc_fid:pls:bp_35:lv3,ir:weighted_x_q90(0.703); ir_spectrum:pls:density_20c:lv1(0.668); ir_spectrum:pls:saturates:lv1(0.668); ir_spectrum:pca:pc1(0.656); ir:weighted_x_mean(0.613); ir_spectrum:pls:bp_80:lv1(0.577); ir_spectrum:pls:saturates:lv2(0.568); ir:weighted_x_q50(0.567),petroleum_fraction_db_067,saturates,analysis_only,correlation_weighted
2,petroleum_fraction_db_010,0.452506,88.04270462633271,74,gc_fid:pca:pc1; gc_fid:pca:pc2; gc_fid:pca:pc3; gc_fid:pca:pc4; gc_fid:pca:pc5; gc_fid:pls:bp_20:lv1; gc_fid:pls:bp_20:lv2; gc_fid:pls:bp_20:lv3; gc_fid:pls:bp_20:lv4; gc_fid:pls:bp_35:lv1; gc_fid:pls:bp_35:lv2; gc_fid:pls:bp_35:lv3,ir:weighted_x_q90(0.703); ir_spectrum:pls:density_20c:lv1(0.668); ir_spectrum:pls:saturates:lv1(0.668); ir_spectrum:pca:pc1(0.656); ir:weighted_x_mean(0.613); ir_spectrum:pls:bp_80:lv1(0.577); ir_spectrum:pls:saturates:lv2(0.568); ir:weighted_x_q50(0.567),petroleum_fraction_db_067,saturates,analysis_only,correlation_weighted
1,petroleum_fraction_db_063,0.289343,86.55688622754492,80,bulk_property:bp_20; bulk_property:bp_35; bulk_property:bp_50; bulk_property:bp_65; bulk_property:bp_80; bulk_property:density_20c; gc_fid:pca:pc1; gc_fid:pca:pc2; gc_fid:pca:pc3; gc_fid:pca:pc4; gc_fid:pca:pc5; gc_fid:pls:bp_20:lv1,bulk_property:bp_20(1.000); bulk_property:bp_35(1.000); bulk_property:bp_50(1.000); bulk_property:bp_65(1.000); bulk_property:bp_80(1.000); bulk_property:density_20c(1.000); gc_fid:pca:pc1(1.000); gc_fid:pca:pc2(1.000),petroleum_fraction_db_067,saturates,analysis_plus_non_target_bulk,equal_weight
2,petroleum_fraction_db_033,0.414408,78.72959279414542,80,bulk_property:bp_20; bulk_property:bp_35; bulk_property:bp_50; bulk_property:bp_65; bulk_property:bp_80; bulk_property:density_20c; gc_fid:pca:pc1; gc_fid:pca:pc2; gc_fid:pca:pc3; gc_fid:pca:pc4; gc_fid:pca:pc5; gc_fid:pls:bp_20:lv1,bulk_property:bp_20(1.000); bulk_property:bp_35(1.000); bulk_property:bp_50(1.000); bulk_property:bp_65(1.000); bulk_property:bp_80(1.000); bulk_property:density_20c(1.000); gc_fid:pca:pc1(1.000); gc_fid:pca:pc2(1.000),petroleum_fraction_db_067,saturates,analysis_plus_non_target_bulk,equal_weight
1,petroleum_fraction_db_063,0.25618,86.55688622754492,80,bulk_property:bp_20; bulk_property:bp_35; bulk_property:bp_50; bulk_property:bp_65; bulk_property:bp_80; bulk_property:density_20c; gc_fid:pca:pc1; gc_fid:pca:pc2; gc_fid:pca:pc3; gc_fid:pca:pc4; gc_fid:pca:pc5; gc_fid:pls:bp_20:lv1,bulk_property:density_20c(0.895); ir:weighted_x_q90(0.703); ir_spectrum:pls:density_20c:lv1(0.668); ir_spectrum:pls:saturates:lv1(0.668); ir_spectrum:pca:pc1(0.656); ir:weighted_x_mean(0.613); ir_spectrum:pls:bp_80:lv1(0.577); ir_spectrum:pls:saturates:lv2(0.568),petroleum_fraction_db_067,saturates,analysis_plus_non_target_bulk,correlation_weighted
2,petroleum_fraction_db_033,0.460217,78.72959279414542,80,bulk_property:bp_20; bulk_property:bp_35; bulk_property:bp_50; bulk_property:bp_65; bulk_property:bp_80; bulk_property:density_20c; gc_fid:pca:pc1; gc_fid:pca:pc2; gc_fid:pca:pc3; gc_fid:pca:pc4; gc_fid:pca:pc5; gc_fid:pls:bp_20:lv1,bulk_property:density_20c(0.895); ir:weighted_x_q90(0.703); ir_spectrum:pls:density_20c:lv1(0.668); ir_spectrum:pls:saturates:lv1(0.668); ir_spectrum:pca:pc1(0.656); ir:weighted_x_mean(0.613); ir_spectrum:pls:bp_80:lv1(0.577); ir_spectrum:pls:saturates:lv2(0.568),petroleum_fraction_db_067,saturates,analysis_plus_non_target_bulk,correlation_weighted
1,petroleum_fraction_db_063,0.299854,343.0,74,gc_fid:pca:pc1; gc_fid:pca:pc2; gc_fid:pca:pc3; gc_fid:pca:pc4; gc_fid:pca:pc5; gc_fid:pls:bp_20:lv1; gc_fid:pls:bp_20:lv2; gc_fid:pls:bp_20:lv3; gc_fid:pls:bp_20:lv4; gc_fid:pls:bp_35:lv1; gc_fid:pls:bp_35:lv2; gc_fid:pls:bp_35:lv3,gc_fid:pca:pc1(1.000); gc_fid:pca:pc2(1.000); gc_fid:pca:pc3(1.000); gc_fid:pca:pc4(1.000); gc_fid:pca:pc5(1.000); gc_fid:pls:bp_20:lv1(1.000); gc_fid:pls:bp_20:lv2(1.000); gc_fid:pls:bp_20:lv3(1.000),petroleum_fraction_db_067,BP_20,analysis_only,equal_weight
2,petroleum_fraction_db_033,0.412804,368.0,74,gc_fid:pca:pc1; gc_fid:pca:pc2; gc_fid:pca:pc3; gc_fid:pca:pc4; gc_fid:pca:pc5; gc_fid:pls:bp_20:lv1; gc_fid:pls:bp_20:lv2; gc_fid:pls:bp_20:lv3; gc_fid:pls:bp_20:lv4; gc_fid:pls:bp_35:lv1; gc_fid:pls:bp_35:lv2; gc_fid:pls:bp_35:lv3,gc_fid:pca:pc1(1.000); gc_fid:pca:pc2(1.000); gc_fid:pca:pc3(1.000); gc_fid:pca:pc4(1.000); gc_fid:pca:pc5(1.000); gc_fid:pls:bp_20:lv1(1.000); gc_fid:pls:bp_20:lv2(1.000); gc_fid:pls:bp_20:lv3(1.000),petroleum_fraction_db_067,BP_20,analysis_only,equal_weight
1,petroleum_fraction_db_063,0.315968,343.0,74,gc_fid:pca:pc1; gc_fid:pca:pc2; gc_fid:pca:pc3; gc_fid:pca:pc4; gc_fid:pca:pc5; gc_fid:pls:bp_20:lv1; gc_fid:pls:bp_20:lv2; gc_fid:pls:bp_20:lv3; gc_fid:pls:bp_20:lv4; gc_fid:pls:bp_35:lv1; gc_fid:pls:bp_35:lv2; gc_fid:pls:bp_35:lv3,gc_fid:pls:density_20c:lv1(0.948); gc_fid:pls:bp_20:lv1(0.940); gc_fid:pls:bp_35:lv1(0.939); gc_fid:pls:bp_50:lv1(0.938); gc_fid:pls:bp_65:lv1(0.936); gc_fid:pls:bp_80:lv1(0.934); gc_fid:pls:saturates:lv1(0.928); gc_fid:pca:pc1(0.914),petroleum_fraction_db_067,BP_20,analysis_only,correlation_weighted
2,petroleum_fraction_db_033,0.452044,368.0,74,gc_fid:pca:pc1; gc_fid:pca:pc2; gc_fid:pca:pc3; gc_fid:pca:pc4; gc_fid:pca:pc5; gc_fid:pls:bp_20:lv1; gc_fid:pls:bp_20:lv2; gc_fid:pls:bp_20:lv3; gc_fid:pls:bp_20:lv4; gc_fid:pls:bp_35:lv1; gc_fid:pls:bp_35:lv2; gc_fid:pls:bp_35:lv3,gc_fid:pls:density_20c:lv1(0.948); gc_fid:pls:bp_20:lv1(0.940); gc_fid:pls:bp_35:lv1(0.939); gc_fid:pls:bp_50:lv1(0.938); gc_fid:pls:bp_65:lv1(0.936); gc_fid:pls:bp_80:lv1(0.934); gc_fid:pls:saturates:lv1(0.928); gc_fid:pca:pc1(0.914),petroleum_fraction_db_067,BP_20,analysis_only,correlation_weighted
1,petroleum_fraction_db_063,0.288761,343.0,80,bulk_property:bp_35; bulk_property:bp_50; bulk_property:bp_65; bulk_property:bp_80; bulk_property:density_20c; bulk_property:saturates; gc_fid:pca:pc1; gc_fid:pca:pc2; gc_fid:pca:pc3; gc_fid:pca:pc4; gc_fid:pca:pc5; gc_fid:pls:bp_20:lv1,bulk_property:bp_35(1.000); bulk_property:bp_50(1.000); bulk_property:bp_65(1.000); bulk_property:bp_80(1.000); bulk_property:density_20c(1.000); bulk_property:saturates(1.000); gc_fid:pca:pc1(1.000); gc_fid:pca:pc2(1.000),petroleum_fraction_db_067,BP_20,analysis_plus_non_target_bulk,equal_weight
2,petroleum_fraction_db_033,0.413169,368.0,80,bulk_property:bp_35; bulk_property:bp_50; bulk_property:bp_65; bulk_property:bp_80; bulk_property:density_20c; bulk_property:saturates; gc_fid:pca:pc1; gc_fid:pca:pc2; gc_fid:pca:pc3; gc_fid:pca:pc4; gc_fid:pca:pc5; gc_fid:pls:bp_20:lv1,bulk_property:bp_35(1.000); bulk_property:bp_50(1.000); bulk_property:bp_65(1.000); bulk_property:bp_80(1.000); bulk_property:density_20c(1.000); bulk_property:saturates(1.000); gc_fid:pca:pc1(1.000); gc_fid:pca:pc2(1.000),petroleum_fraction_db_067,BP_20,analysis_plus_non_target_bulk,equal_weight
1,petroleum_fraction_db_063,0.29221,343.0,80,bulk_property:bp_35; bulk_property:bp_50; bulk_property:bp_65; bulk_property:bp_80; bulk_property:density_20c; bulk_property:saturates; gc_fid:pca:pc1; gc_fid:pca:pc2; gc_fid:pca:pc3; gc_fid:pca:pc4; gc_fid:pca:pc5; gc_fid:pls:bp_20:lv1,bulk_property:bp_35(1.040); bulk_property:bp_50(1.015); bulk_property:bp_65(0.986); gc_fid:pls:density_20c:lv1(0.948); gc_fid:pls:bp_20:lv1(0.940); gc_fid:pls:bp_35:lv1(0.939); bulk_property:bp_80(0.939); gc_fid:pls:bp_50:lv1(0.938),petroleum_fraction_db_067,BP_20,analysis_plus_non_target_bulk,correlation_weighted
2,petroleum_fraction_db_033,0.441554,368.0,80,bulk_property:bp_35; bulk_property:bp_50; bulk_property:bp_65; bulk_property:bp_80; bulk_property:density_20c; bulk_property:saturates; gc_fid:pca:pc1; gc_fid:pca:pc2; gc_fid:pca:pc3; gc_fid:pca:pc4; gc_fid:pca:pc5; gc_fid:pls:bp_20:lv1,bulk_property:bp_35(1.040); bulk_property:bp_50(1.015); bulk_property:bp_65(0.986); gc_fid:pls:density_20c:lv1(0.948); gc_fid:pls:bp_20:lv1(0.940); gc_fid:pls:bp_35:lv1(0.939); bulk_property:bp_80(0.939); gc_fid:pls:bp_50:lv1(0.938),petroleum_fraction_db_067,BP_20,analysis_plus_non_target_bulk,correlation_weighted
1,petroleum_fraction_db_063,0.299854,375.6,74,gc_fid:pca:pc1; gc_fid:pca:pc2; gc_fid:pca:pc3; gc_fid:pca:pc4; gc_fid:pca:pc5; gc_fid:pls:bp_20:lv1; gc_fid:pls:bp_20:lv2; gc_fid:pls:bp_20:lv3; gc_fid:pls:bp_20:lv4; gc_fid:pls:bp_35:lv1; gc_fid:pls:bp_35:lv2; gc_fid:pls:bp_35:lv3,gc_fid:pca:pc1(1.000); gc_fid:pca:pc2(1.000); gc_fid:pca:pc3(1.000); gc_fid:pca:pc4(1.000); gc_fid:pca:pc5(1.000); gc_fid:pls:bp_20:lv1(1.000); gc_fid:pls:bp_20:lv2(1.000); gc_fid:pls:bp_20:lv3(1.000),petroleum_fraction_db_067,BP_35,analysis_only,equal_weight
2,petroleum_fraction_db_033,0.412804,398.6,74,gc_fid:pca:pc1; gc_fid:pca:pc2; gc_fid:pca:pc3; gc_fid:pca:pc4; gc_fid:pca:pc5; gc_fid:pls:bp_20:lv1; gc_fid:pls:bp_20:lv2; gc_fid:pls:bp_20:lv3; gc_fid:pls:bp_20:lv4; gc_fid:pls:bp_35:lv1; gc_fid:pls:bp_35:lv2; gc_fid:pls:bp_35:lv3,gc_fid:pca:pc1(1.000); gc_fid:pca:pc2(1.000); gc_fid:pca:pc3(1.000); gc_fid:pca:pc4(1.000); gc_fid:pca:pc5(1.000); gc_fid:pls:bp_20:lv1(1.000); gc_fid:pls:bp_20:lv2(1.000); gc_fid:pls:bp_20:lv3(1.000),petroleum_fraction_db_067,BP_35,analysis_only,equal_weight
1,petroleum_fraction_db_063,0.309738,375.6,74,gc_fid:pca:pc1; gc_fid:pca:pc2; gc_fid:pca:pc3; gc_fid:pca:pc4; gc_fid:pca:pc5; gc_fid:pls:bp_20:lv1; gc_fid:pls:bp_20:lv2; gc_fid:pls:bp_20:lv3; gc_fid:pls:bp_20:lv4; gc_fid:pls:bp_35:lv1; gc_fid:pls:bp_35:lv2; gc_fid:pls:bp_35:lv3,gc_fid:pls:density_20c:lv1(0.967); gc_fid:pls:bp_35:lv1(0.949); gc_fid:pls:saturates:lv1(0.948); gc_fid:pls:bp_20:lv1(0.948); gc_fid:pls:bp_50:lv1(0.948); gc_fid:pls:bp_65:lv1(0.947); gc_fid:pls:bp_80:lv1(0.946); gc_fid:pca:pc1(0.921),petroleum_fraction_db_067,BP_35,analysis_only,correlation_weighted
2,petroleum_fraction_db_033,0.455977,398.6,74,gc_fid:pca:pc1; gc_fid:pca:pc2; gc_fid:pca:pc3; gc_fid:pca:pc4; gc_fid:pca:pc5; gc_fid:pls:bp_20:lv1; gc_fid:pls:bp_20:lv2; gc_fid:pls:bp_20:lv3; gc_fid:pls:bp_20:lv4; gc_fid:pls:bp_35:lv1; gc_fid:pls:bp_35:lv2; gc_fid:pls:bp_35:lv3,gc_fid:pls:density_20c:lv1(0.967); gc_fid:pls:bp_35:lv1(0.949); gc_fid:pls:saturates:lv1(0.948); gc_fid:pls:bp_20:lv1(0.948); gc_fid:pls:bp_50:lv1(0.948); gc_fid:pls:bp_65:lv1(0.947); gc_fid:pls:bp_80:lv1(0.946); gc_fid:pca:pc1(0.921),petroleum_fraction_db_067,BP_35,analysis_only,correlation_weighted
1,petroleum_fraction_db_063,0.289136,375.6,80,bulk_property:bp_20; bulk_property:bp_50; bulk_property:bp_65; bulk_property:bp_80; bulk_property:density_20c; bulk_property:saturates; gc_fid:pca:pc1; gc_fid:pca:pc2; gc_fid:pca:pc3; gc_fid:pca:pc4; gc_fid:pca:pc5; gc_fid:pls:bp_20:lv1,bulk_property:bp_20(1.000); bulk_property:bp_50(1.000); bulk_property:bp_65(1.000); bulk_property:bp_80(1.000); bulk_property:density_20c(1.000); bulk_property:saturates(1.000); gc_fid:pca:pc1(1.000); gc_fid:pca:pc2(1.000),petroleum_fraction_db_067,BP_35,analysis_plus_non_target_bulk,equal_weight
2,petroleum_fraction_db_033,0.414918,398.6,80,bulk_property:bp_20; bulk_property:bp_50; bulk_property:bp_65; bulk_property:bp_80; bulk_property:density_20c; bulk_property:saturates; gc_fid:pca:pc1; gc_fid:pca:pc2; gc_fid:pca:pc3; gc_fid:pca:pc4; gc_fid:pca:pc5; gc_fid:pls:bp_20:lv1,bulk_property:bp_20(1.000); bulk_property:bp_50(1.000); bulk_property:bp_65(1.000); bulk_property:bp_80(1.000); bulk_property:density_20c(1.000); bulk_property:saturates(1.000); gc_fid:pca:pc1(1.000); gc_fid:pca:pc2(1.000),petroleum_fraction_db_067,BP_35,analysis_plus_non_target_bulk,equal_weight
1,petroleum_fraction_db_063,0.287109,375.6,80,bulk_property:bp_20; bulk_property:bp_50; bulk_property:bp_65; bulk_property:bp_80; bulk_property:density_20c; bulk_property:saturates; gc_fid:pca:pc1; gc_fid:pca:pc2; gc_fid:pca:pc3; gc_fid:pca:pc4; gc_fid:pca:pc5; gc_fid:pls:bp_20:lv1,bulk_property:bp_20(1.040); bulk_property:bp_50(1.040); bulk_property:bp_65(1.020); bulk_property:bp_80(0.982); gc_fid:pls:density_20c:lv1(0.967); gc_fid:pls:bp_35:lv1(0.949); gc_fid:pls:saturates:lv1(0.948); gc_fid:pls:bp_20:lv1(0.948),petroleum_fraction_db_067,BP_35,analysis_plus_non_target_bulk,correlation_weighted
2,petroleum_fraction_db_033,0.44913,398.6,80,bulk_property:bp_20; bulk_property:bp_50; bulk_property:bp_65; bulk_property:bp_80; bulk_property:density_20c; bulk_property:saturates; gc_fid:pca:pc1; gc_fid:pca:pc2; gc_fid:pca:pc3; gc_fid:pca:pc4; gc_fid:pca:pc5; gc_fid:pls:bp_20:lv1,bulk_property:bp_20(1.040); bulk_property:bp_50(1.040); bulk_property:bp_65(1.020); bulk_property:bp_80(0.982); gc_fid:pls:density_20c:lv1(0.967); gc_fid:pls:bp_35:lv1(0.949); gc_fid:pls:saturates:lv1(0.948); gc_fid:pls:bp_20:lv1(0.948),petroleum_fraction_db_067,BP_35,analysis_plus_non_target_bulk,correlation_weighted
1,petroleum_fraction_db_063,0.299854,404.0,74,gc_fid:pca:pc1; gc_fid:pca:pc2; gc_fid:pca:pc3; gc_fid:pca:pc4; gc_fid:pca:pc5; gc_fid:pls:bp_20:lv1; gc_fid:pls:bp_20:lv2; gc_fid:pls:bp_20:lv3; gc_fid:pls:bp_20:lv4; gc_fid:pls:bp_35:lv1; gc_fid:pls:bp_35:lv2; gc_fid:pls:bp_35:lv3,gc_fid:pca:pc1(1.000); gc_fid:pca:pc2(1.000); gc_fid:pca:pc3(1.000); gc_fid:pca:pc4(1.000); gc_fid:pca:pc5(1.000); gc_fid:pls:bp_20:lv1(1.000); gc_fid:pls:bp_20:lv2(1.000); gc_fid:pls:bp_20:lv3(1.000),petroleum_fraction_db_067,BP_50,analysis_only,equal_weight
2,petroleum_fraction_db_033,0.412804,421.8,74,gc_fid:pca:pc1; gc_fid:pca:pc2; gc_fid:pca:pc3; gc_fid:pca:pc4; gc_fid:pca:pc5; gc_fid:pls:bp_20:lv1; gc_fid:pls:bp_20:lv2; gc_fid:pls:bp_20:lv3; gc_fid:pls:bp_20:lv4; gc_fid:pls:bp_35:lv1; gc_fid:pls:bp_35:lv2; gc_fid:pls:bp_35:lv3,gc_fid:pca:pc1(1.000); gc_fid:pca:pc2(1.000); gc_fid:pca:pc3(1.000); gc_fid:pca:pc4(1.000); gc_fid:pca:pc5(1.000); gc_fid:pls:bp_20:lv1(1.000); gc_fid:pls:bp_20:lv2(1.000); gc_fid:pls:bp_20:lv3(1.000),petroleum_fraction_db_067,BP_50,analysis_only,equal_weight
1,petroleum_fraction_db_063,0.302732,404.0,74,gc_fid:pca:pc1; gc_fid:pca:pc2; gc_fid:pca:pc3; gc_fid:pca:pc4; gc_fid:pca:pc5; gc_fid:pls:bp_20:lv1; gc_fid:pls:bp_20:lv2; gc_fid:pls:bp_20:lv3; gc_fid:pls:bp_20:lv4; gc_fid:pls:bp_35:lv1; gc_fid:pls:bp_35:lv2; gc_fid:pls:bp_35:lv3,gc_fid:pls:density_20c:lv1(0.977); gc_fid:pls:saturates:lv1(0.960); gc_fid:pls:bp_50:lv1(0.951); gc_fid:pls:bp_80:lv1(0.951); gc_fid:pls:bp_35:lv1(0.951); gc_fid:pls:bp_65:lv1(0.951); gc_fid:pls:bp_20:lv1(0.949); gc_fid:pca:pc1(0.923),petroleum_fraction_db_067,BP_50,analysis_only,correlation_weighted
2,petroleum_fraction_db_033,0.459743,421.8,74,gc_fid:pca:pc1; gc_fid:pca:pc2; gc_fid:pca:pc3; gc_fid:pca:pc4; gc_fid:pca:pc5; gc_fid:pls:bp_20:lv1; gc_fid:pls:bp_20:lv2; gc_fid:pls:bp_20:lv3; gc_fid:pls:bp_20:lv4; gc_fid:pls:bp_35:lv1; gc_fid:pls:bp_35:lv2; gc_fid:pls:bp_35:lv3,gc_fid:pls:density_20c:lv1(0.977); gc_fid:pls:saturates:lv1(0.960); gc_fid:pls:bp_50:lv1(0.951); gc_fid:pls:bp_80:lv1(0.951); gc_fid:pls:bp_35:lv1(0.951); gc_fid:pls:bp_65:lv1(0.951); gc_fid:pls:bp_20:lv1(0.949); gc_fid:pca:pc1(0.923),petroleum_fraction_db_067,BP_50,analysis_only,correlation_weighted
1,petroleum_fraction_db_063,0.28933,404.0,80,bulk_property:bp_20; bulk_property:bp_35; bulk_property:bp_65; bulk_property:bp_80; bulk_property:density_20c; bulk_property:saturates; gc_fid:pca:pc1; gc_fid:pca:pc2; gc_fid:pca:pc3; gc_fid:pca:pc4; gc_fid:pca:pc5; gc_fid:pls:bp_20:lv1,bulk_property:bp_20(1.000); bulk_property:bp_35(1.000); bulk_property:bp_65(1.000); bulk_property:bp_80(1.000); bulk_property:density_20c(1.000); bulk_property:saturates(1.000); gc_fid:pca:pc1(1.000); gc_fid:pca:pc2(1.000),petroleum_fraction_db_067,BP_50,analysis_plus_non_target_bulk,equal_weight
2,petroleum_fraction_db_033,0.417038,421.8,80,bulk_property:bp_20; bulk_property:bp_35; bulk_property:bp_65; bulk_property:bp_80; bulk_property:density_20c; bulk_property:saturates; gc_fid:pca:pc1; gc_fid:pca:pc2; gc_fid:pca:pc3; gc_fid:pca:pc4; gc_fid:pca:pc5; gc_fid:pls:bp_20:lv1,bulk_property:bp_20(1.000); bulk_property:bp_35(1.000); bulk_property:bp_65(1.000); bulk_property:bp_80(1.000); bulk_property:density_20c(1.000); bulk_property:saturates(1.000); gc_fid:pca:pc1(1.000); gc_fid:pca:pc2(1.000),petroleum_fraction_db_067,BP_50,analysis_plus_non_target_bulk,equal_weight
1,petroleum_fraction_db_063,0.280971,404.0,80,bulk_property:bp_20; bulk_property:bp_35; bulk_property:bp_65; bulk_property:bp_80; bulk_property:density_20c; bulk_property:saturates; gc_fid:pca:pc1; gc_fid:pca:pc2; gc_fid:pca:pc3; gc_fid:pca:pc4; gc_fid:pca:pc5; gc_fid:pls:bp_20:lv1,bulk_property:bp_65(1.042); bulk_property:bp_35(1.040); bulk_property:bp_80(1.018); bulk_property:bp_20(1.015); gc_fid:pls:density_20c:lv1(0.977); gc_fid:pls:saturates:lv1(0.960); gc_fid:pls:bp_50:lv1(0.951); gc_fid:pls:bp_80:lv1(0.951),petroleum_fraction_db_067,BP_50,analysis_plus_non_target_bulk,correlation_weighted
2,petroleum_fraction_db_033,0.457227,421.8,80,bulk_property:bp_20; bulk_property:bp_35; bulk_property:bp_65; bulk_property:bp_80; bulk_property:density_20c; bulk_property:saturates; gc_fid:pca:pc1; gc_fid:pca:pc2; gc_fid:pca:pc3; gc_fid:pca:pc4; gc_fid:pca:pc5; gc_fid:pls:bp_20:lv1,bulk_property:bp_65(1.042); bulk_property:bp_35(1.040); bulk_property:bp_80(1.018); bulk_property:bp_20(1.015); gc_fid:pls:density_20c:lv1(0.977); gc_fid:pls:saturates:lv1(0.960); gc_fid:pls:bp_50:lv1(0.951); gc_fid:pls:bp_80:lv1(0.951),petroleum_fraction_db_067,BP_50,analysis_plus_non_target_bulk,correlation_weighted
1,petroleum_fraction_db_063,0.299854,429.0,74,gc_fid:pca:pc1; gc_fid:pca:pc2; gc_fid:pca:pc3; gc_fid:pca:pc4; gc_fid:pca:pc5; gc_fid:pls:bp_20:lv1; gc_fid:pls:bp_20:lv2; gc_fid:pls:bp_20:lv3; gc_fid:pls:bp_20:lv4; gc_fid:pls:bp_35:lv1; gc_fid:pls:bp_35:lv2; gc_fid:pls:bp_35:lv3,gc_fid:pca:pc1(1.000); gc_fid:pca:pc2(1.000); gc_fid:pca:pc3(1.000); gc_fid:pca:pc4(1.000); gc_fid:pca:pc5(1.000); gc_fid:pls:bp_20:lv1(1.000); gc_fid:pls:bp_20:lv2(1.000); gc_fid:pls:bp_20:lv3(1.000),petroleum_fraction_db_067,BP_65,analysis_only,equal_weight
2,petroleum_fraction_db_033,0.412804,444.2,74,gc_fid:pca:pc1; gc_fid:pca:pc2; gc_fid:pca:pc3; gc_fid:pca:pc4; gc_fid:pca:pc5; gc_fid:pls:bp_20:lv1; gc_fid:pls:bp_20:lv2; gc_fid:pls:bp_20:lv3; gc_fid:pls:bp_20:lv4; gc_fid:pls:bp_35:lv1; gc_fid:pls:bp_35:lv2; gc_fid:pls:bp_35:lv3,gc_fid:pca:pc1(1.000); gc_fid:pca:pc2(1.000); gc_fid:pca:pc3(1.000); gc_fid:pca:pc4(1.000); gc_fid:pca:pc5(1.000); gc_fid:pls:bp_20:lv1(1.000); gc_fid:pls:bp_20:lv2(1.000); gc_fid:pls:bp_20:lv3(1.000),petroleum_fraction_db_067,BP_65,analysis_only,equal_weight
1,petroleum_fraction_db_063,0.297322,429.0,74,gc_fid:pca:pc1; gc_fid:pca:pc2; gc_fid:pca:pc3; gc_fid:pca:pc4; gc_fid:pca:pc5; gc_fid:pls:bp_20:lv1; gc_fid:pls:bp_20:lv2; gc_fid:pls:bp_20:lv3; gc_fid:pls:bp_20:lv4; gc_fid:pls:bp_35:lv1; gc_fid:pls:bp_35:lv2; gc_fid:pls:bp_35:lv3,gc_fid:pls:density_20c:lv1(0.980); gc_fid:pls:saturates:lv1(0.965); gc_fid:pls:bp_80:lv1(0.952); gc_fid:pls:bp_65:lv1(0.951); gc_fid:pls:bp_50:lv1(0.951); gc_fid:pls:bp_35:lv1(0.950); gc_fid:pls:bp_20:lv1(0.947); gc_fid:pca:pc1(0.922),petroleum_fraction_db_067,BP_65,analysis_only,correlation_weighted
2,petroleum_fraction_db_033,0.461681,444.2,74,gc_fid:pca:pc1; gc_fid:pca:pc2; gc_fid:pca:pc3; gc_fid:pca:pc4; gc_fid:pca:pc5; gc_fid:pls:bp_20:lv1; gc_fid:pls:bp_20:lv2; gc_fid:pls:bp_20:lv3; gc_fid:pls:bp_20:lv4; gc_fid:pls:bp_35:lv1; gc_fid:pls:bp_35:lv2; gc_fid:pls:bp_35:lv3,gc_fid:pls:density_20c:lv1(0.980); gc_fid:pls:saturates:lv1(0.965); gc_fid:pls:bp_80:lv1(0.952); gc_fid:pls:bp_65:lv1(0.951); gc_fid:pls:bp_50:lv1(0.951); gc_fid:pls:bp_35:lv1(0.950); gc_fid:pls:bp_20:lv1(0.947); gc_fid:pca:pc1(0.922),petroleum_fraction_db_067,BP_65,analysis_only,correlation_weighted
1,petroleum_fraction_db_063,0.289322,429.0,80,bulk_property:bp_20; bulk_property:bp_35; bulk_property:bp_50; bulk_property:bp_80; bulk_property:density_20c; bulk_property:saturates; gc_fid:pca:pc1; gc_fid:pca:pc2; gc_fid:pca:pc3; gc_fid:pca:pc4; gc_fid:pca:pc5; gc_fid:pls:bp_20:lv1,bulk_property:bp_20(1.000); bulk_property:bp_35(1.000); bulk_property:bp_50(1.000); bulk_property:bp_80(1.000); bulk_property:density_20c(1.000); bulk_property:saturates(1.000); gc_fid:pca:pc1(1.000); gc_fid:pca:pc2(1.000),petroleum_fraction_db_067,BP_65,analysis_plus_non_target_bulk,equal_weight
2,petroleum_fraction_db_033,0.418051,444.2,80,bulk_property:bp_20; bulk_property:bp_35; bulk_property:bp_50; bulk_property:bp_80; bulk_property:density_20c; bulk_property:saturates; gc_fid:pca:pc1; gc_fid:pca:pc2; gc_fid:pca:pc3; gc_fid:pca:pc4; gc_fid:pca:pc5; gc_fid:pls:bp_20:lv1,bulk_property:bp_20(1.000); bulk_property:bp_35(1.000); bulk_property:bp_50(1.000); bulk_property:bp_80(1.000); bulk_property:density_20c(1.000); bulk_property:saturates(1.000); gc_fid:pca:pc1(1.000); gc_fid:pca:pc2(1.000),petroleum_fraction_db_067,BP_65,analysis_plus_non_target_bulk,equal_weight
1,petroleum_fraction_db_063,0.275861,429.0,80,bulk_property:bp_20; bulk_property:bp_35; bulk_property:bp_50; bulk_property:bp_80; bulk_property:density_20c; bulk_property:saturates; gc_fid:pca:pc1; gc_fid:pca:pc2; gc_fid:pca:pc3; gc_fid:pca:pc4; gc_fid:pca:pc5; gc_fid:pls:bp_20:lv1,bulk_property:bp_50(1.042); bulk_property:bp_80(1.039); bulk_property:bp_35(1.020); bulk_property:bp_20(0.986); gc_fid:pls:density_20c:lv1(0.980); gc_fid:pls:saturates:lv1(0.965); gc_fid:pls:bp_80:lv1(0.952); gc_fid:pls:bp_65:lv1(0.951),petroleum_fraction_db_067,BP_65,analysis_plus_non_target_bulk,correlation_weighted
2,petroleum_fraction_db_040,0.460916,414.6,80,bulk_property:bp_20; bulk_property:bp_35; bulk_property:bp_50; bulk_property:bp_80; bulk_property:density_20c; bulk_property:saturates; gc_fid:pca:pc1; gc_fid:pca:pc2; gc_fid:pca:pc3; gc_fid:pca:pc4; gc_fid:pca:pc5; gc_fid:pls:bp_20:lv1,bulk_property:bp_50(1.042); bulk_property:bp_80(1.039); bulk_property:bp_35(1.020); bulk_property:bp_20(0.986); gc_fid:pls:density_20c:lv1(0.980); gc_fid:pls:saturates:lv1(0.965); gc_fid:pls:bp_80:lv1(0.952); gc_fid:pls:bp_65:lv1(0.951),petroleum_fraction_db_067,BP_65,analysis_plus_non_target_bulk,correlation_weighted
1,petroleum_fraction_db_063,0.299854,456.4,74,gc_fid:pca:pc1; gc_fid:pca:pc2; gc_fid:pca:pc3; gc_fid:pca:pc4; gc_fid:pca:pc5; gc_fid:pls:bp_20:lv1; gc_fid:pls:bp_20:lv2; gc_fid:pls:bp_20:lv3; gc_fid:pls:bp_20:lv4; gc_fid:pls:bp_35:lv1; gc_fid:pls:bp_35:lv2; gc_fid:pls:bp_35:lv3,gc_fid:pca:pc1(1.000); gc_fid:pca:pc2(1.000); gc_fid:pca:pc3(1.000); gc_fid:pca:pc4(1.000); gc_fid:pca:pc5(1.000); gc_fid:pls:bp_20:lv1(1.000); gc_fid:pls:bp_20:lv2(1.000); gc_fid:pls:bp_20:lv3(1.000),petroleum_fraction_db_067,BP_80,analysis_only,equal_weight
2,petroleum_fraction_db_033,0.412804,471.0,74,gc_fid:pca:pc1; gc_fid:pca:pc2; gc_fid:pca:pc3; gc_fid:pca:pc4; gc_fid:pca:pc5; gc_fid:pls:bp_20:lv1; gc_fid:pls:bp_20:lv2; gc_fid:pls:bp_20:lv3; gc_fid:pls:bp_20:lv4; gc_fid:pls:bp_35:lv1; gc_fid:pls:bp_35:lv2; gc_fid:pls:bp_35:lv3,gc_fid:pca:pc1(1.000); gc_fid:pca:pc2(1.000); gc_fid:pca:pc3(1.000); gc_fid:pca:pc4(1.000); gc_fid:pca:pc5(1.000); gc_fid:pls:bp_20:lv1(1.000); gc_fid:pls:bp_20:lv2(1.000); gc_fid:pls:bp_20:lv3(1.000),petroleum_fraction_db_067,BP_80,analysis_only,equal_weight
1,petroleum_fraction_db_063,0.292821,456.4,74,gc_fid:pca:pc1; gc_fid:pca:pc2; gc_fid:pca:pc3; gc_fid:pca:pc4; gc_fid:pca:pc5; gc_fid:pls:bp_20:lv1; gc_fid:pls:bp_20:lv2; gc_fid:pls:bp_20:lv3; gc_fid:pls:bp_20:lv4; gc_fid:pls:bp_35:lv1; gc_fid:pls:bp_35:lv2; gc_fid:pls:bp_35:lv3,gc_fid:pls:density_20c:lv1(0.973); gc_fid:pls:saturates:lv1(0.962); gc_fid:pls:bp_80:lv1(0.945); gc_fid:pls:bp_65:lv1(0.942); gc_fid:pls:bp_50:lv1(0.941); gc_fid:pls:bp_35:lv1(0.939); gc_fid:pls:bp_20:lv1(0.935); gc_fid:pca:pc1(0.913),petroleum_fraction_db_067,BP_80,analysis_only,correlation_weighted
2,petroleum_fraction_db_033,0.463848,471.0,74,gc_fid:pca:pc1; gc_fid:pca:pc2; gc_fid:pca:pc3; gc_fid:pca:pc4; gc_fid:pca:pc5; gc_fid:pls:bp_20:lv1; gc_fid:pls:bp_20:lv2; gc_fid:pls:bp_20:lv3; gc_fid:pls:bp_20:lv4; gc_fid:pls:bp_35:lv1; gc_fid:pls:bp_35:lv2; gc_fid:pls:bp_35:lv3,gc_fid:pls:density_20c:lv1(0.973); gc_fid:pls:saturates:lv1(0.962); gc_fid:pls:bp_80:lv1(0.945); gc_fid:pls:bp_65:lv1(0.942); gc_fid:pls:bp_50:lv1(0.941); gc_fid:pls:bp_35:lv1(0.939); gc_fid:pls:bp_20:lv1(0.935); gc_fid:pca:pc1(0.913),petroleum_fraction_db_067,BP_80,analysis_only,correlation_weighted
1,petroleum_fraction_db_063,0.289049,456.4,80,bulk_property:bp_20; bulk_property:bp_35; bulk_property:bp_50; bulk_property:bp_65; bulk_property:density_20c; bulk_property:saturates; gc_fid:pca:pc1; gc_fid:pca:pc2; gc_fid:pca:pc3; gc_fid:pca:pc4; gc_fid:pca:pc5; gc_fid:pls:bp_20:lv1,bulk_property:bp_20(1.000); bulk_property:bp_35(1.000); bulk_property:bp_50(1.000); bulk_property:bp_65(1.000); bulk_property:density_20c(1.000); bulk_property:saturates(1.000); gc_fid:pca:pc1(1.000); gc_fid:pca:pc2(1.000),petroleum_fraction_db_067,BP_80,analysis_plus_non_target_bulk,equal_weight
2,petroleum_fraction_db_033,0.418586,471.0,80,bulk_property:bp_20; bulk_property:bp_35; bulk_property:bp_50; bulk_property:bp_65; bulk_property:density_20c; bulk_property:saturates; gc_fid:pca:pc1; gc_fid:pca:pc2; gc_fid:pca:pc3; gc_fid:pca:pc4; gc_fid:pca:pc5; gc_fid:pls:bp_20:lv1,bulk_property:bp_20(1.000); bulk_property:bp_35(1.000); bulk_property:bp_50(1.000); bulk_property:bp_65(1.000); bulk_property:density_20c(1.000); bulk_property:saturates(1.000); gc_fid:pca:pc1(1.000); gc_fid:pca:pc2(1.000),petroleum_fraction_db_067,BP_80,analysis_plus_non_target_bulk,equal_weight
1,petroleum_fraction_db_063,0.271105,456.4,80,bulk_property:bp_20; bulk_property:bp_35; bulk_property:bp_50; bulk_property:bp_65; bulk_property:density_20c; bulk_property:saturates; gc_fid:pca:pc1; gc_fid:pca:pc2; gc_fid:pca:pc3; gc_fid:pca:pc4; gc_fid:pca:pc5; gc_fid:pls:bp_20:lv1,bulk_property:bp_65(1.039); bulk_property:bp_50(1.018); bulk_property:bp_35(0.982); gc_fid:pls:density_20c:lv1(0.973); gc_fid:pls:saturates:lv1(0.962); gc_fid:pls:bp_80:lv1(0.945); gc_fid:pls:bp_65:lv1(0.942); gc_fid:pls:bp_50:lv1(0.941),petroleum_fraction_db_067,BP_80,analysis_plus_non_target_bulk,correlation_weighted
2,petroleum_fraction_db_040,0.454758,432.8,80,bulk_property:bp_20; bulk_property:bp_35; bulk_property:bp_50; bulk_property:bp_65; bulk_property:density_20c; bulk_property:saturates; gc_fid:pca:pc1; gc_fid:pca:pc2; gc_fid:pca:pc3; gc_fid:pca:pc4; gc_fid:pca:pc5; gc_fid:pls:bp_20:lv1,bulk_property:bp_65(1.039); bulk_property:bp_50(1.018); bulk_property:bp_35(0.982); gc_fid:pls:density_20c:lv1(0.973); gc_fid:pls:saturates:lv1(0.962); gc_fid:pls:bp_80:lv1(0.945); gc_fid:pls:bp_65:lv1(0.942); gc_fid:pls:bp_50:lv1(0.941),petroleum_fraction_db_067,BP_80,analysis_plus_non_target_bulk,correlation_weighted
